{
  "fio version" : "fio-3.27",
  "timestamp" : 1627025848,
  "timestamp_ms" : 1627025848897,
  "time" : "Fri Jul 23 09:37:28 2021",
  "jobs" : [
    {
      "jobname" : "randrw",
      "groupid" : 0,
      "error" : 0,
      "eta" : 0,
      "elapsed" : 301,
      "job options" : {
        "bs" : "4K",
        "iodepth" : "256",
        "direct" : "0",
        "ioengine" : "libaio",
        "time_based" : "1",
        "runtime" : "300",
        "numjobs" : "4",
        "size" : "1g",
        "name" : "randrw",
        "rw" : "randrw",
        "directory" : "/scratch/snx2000/ccocha/randrw/128_node",
        "filename_format" : "$jobname.48.$jobnum.$filenum"
      },
      "read" : {
        "io_bytes" : 90599424,
        "io_kbytes" : 88476,
        "bw_bytes" : 301505,
        "bw" : 294,
        "iops" : 73.609771,
        "runtime" : 300490,
        "total_ios" : 22119,
        "short_ios" : 0,
        "drop_ios" : 0,
        "slat_ns" : {
          "min" : 499744,
          "max" : 32603276147,
          "mean" : 54132079.333152,
          "stddev" : 318144585.994218,
          "N" : 22119
        },
        "clat_ns" : {
          "min" : 17200,
          "max" : 47658215871,
          "mean" : 6839535067.491173,
          "stddev" : 6272546178.787211,
          "N" : 22119,
          "percentile" : {
            "1.000000" : 910163968,
            "5.000000" : 994050048,
            "10.000000" : 1061158912,
            "20.000000" : 3238002688,
            "30.000000" : 5268045824,
            "40.000000" : 6274678784,
            "50.000000" : 6945767424,
            "60.000000" : 7415529472,
            "70.000000" : 7885291520,
            "80.000000" : 8422162432,
            "90.000000" : 9059696640,
            "95.000000" : 9730785280,
            "99.000000" : 17112760320,
            "99.500000" : 17112760320,
            "99.900000" : 17112760320,
            "99.950000" : 17112760320,
            "99.990000" : 17112760320
          }
        },
        "lat_ns" : {
          "min" : 81795583,
          "max" : 47668593566,
          "mean" : 6893670130.901718,
          "stddev" : 6295459995.983780,
          "N" : 22119
        },
        "bw_min" : 32,
        "bw_max" : 2448,
        "bw_agg" : 100.000000,
        "bw_mean" : 367.036211,
        "bw_dev" : 97.170173,
        "bw_samples" : 1883,
        "iops_min" : 8,
        "iops_max" : 612,
        "iops_mean" : 91.759053,
        "iops_stddev" : 24.292543,
        "iops_samples" : 1883
      },
      "write" : {
        "io_bytes" : 92311552,
        "io_kbytes" : 90148,
        "bw_bytes" : 307203,
        "bw" : 300,
        "iops" : 75.000832,
        "runtime" : 300490,
        "total_ios" : 22537,
        "short_ios" : 0,
        "drop_ios" : 0,
        "slat_ns" : {
          "min" : 75360,
          "max" : 2337211,
          "mean" : 113231.346098,
          "stddev" : 44913.341429,
          "N" : 22537
        },
        "clat_ns" : {
          "min" : 81808593,
          "max" : 47668395794,
          "mean" : 6849868080.028234,
          "stddev" : 6341253344.941817,
          "N" : 22537,
          "percentile" : {
            "1.000000" : 918552576,
            "5.000000" : 994050048,
            "10.000000" : 1061158912,
            "20.000000" : 2902458368,
            "30.000000" : 5335154688,
            "40.000000" : 6274678784,
            "50.000000" : 6945767424,
            "60.000000" : 7482638336,
            "70.000000" : 7952400384,
            "80.000000" : 8422162432,
            "90.000000" : 9059696640,
            "95.000000" : 9730785280,
            "99.000000" : 17112760320,
            "99.500000" : 17112760320,
            "99.900000" : 17112760320,
            "99.950000" : 17112760320,
            "99.990000" : 17112760320
          }
        },
        "lat_ns" : {
          "min" : 81926444,
          "max" : 47668475835,
          "mean" : 6849982468.051250,
          "stddev" : 6341254004.148051,
          "N" : 22537
        },
        "bw_min" : 32,
        "bw_max" : 2336,
        "bw_agg" : 100.000000,
        "bw_mean" : 364.564831,
        "bw_dev" : 100.107680,
        "bw_samples" : 1930,
        "iops_min" : 8,
        "iops_max" : 584,
        "iops_mean" : 91.141208,
        "iops_stddev" : 25.026920,
        "iops_samples" : 1930
      },
      "trim" : {
        "io_bytes" : 0,
        "io_kbytes" : 0,
        "bw_bytes" : 0,
        "bw" : 0,
        "iops" : 0.000000,
        "runtime" : 0,
        "total_ios" : 0,
        "short_ios" : 0,
        "drop_ios" : 0,
        "slat_ns" : {
          "min" : 0,
          "max" : 0,
          "mean" : 0.000000,
          "stddev" : 0.000000,
          "N" : 0
        },
        "clat_ns" : {
          "min" : 0,
          "max" : 0,
          "mean" : 0.000000,
          "stddev" : 0.000000,
          "N" : 0
        },
        "lat_ns" : {
          "min" : 0,
          "max" : 0,
          "mean" : 0.000000,
          "stddev" : 0.000000,
          "N" : 0
        },
        "bw_min" : 0,
        "bw_max" : 0,
        "bw_agg" : 0.000000,
        "bw_mean" : 0.000000,
        "bw_dev" : 0.000000,
        "bw_samples" : 0,
        "iops_min" : 0,
        "iops_max" : 0,
        "iops_mean" : 0.000000,
        "iops_stddev" : 0.000000,
        "iops_samples" : 0
      },
      "sync" : {
        "total_ios" : 0,
        "lat_ns" : {
          "min" : 0,
          "max" : 0,
          "mean" : 0.000000,
          "stddev" : 0.000000,
          "N" : 0
        }
      },
      "job_runtime" : 1200698,
      "usr_cpu" : 0.062214,
      "sys_cpu" : 0.514201,
      "ctx" : 22148,
      "majf" : 0,
      "minf" : 170,
      "iodepth_level" : {
        "1" : 0.100000,
        "2" : 0.100000,
        "4" : 0.100000,
        "8" : 0.100000,
        "16" : 0.143318,
        "32" : 0.286636,
        ">=64" : 99.435686
      },
      "iodepth_submit" : {
        "0" : 0.000000,
        "4" : 100.000000,
        "8" : 0.000000,
        "16" : 0.000000,
        "32" : 0.000000,
        "64" : 0.000000,
        ">=64" : 0.000000
      },
      "iodepth_complete" : {
        "0" : 0.000000,
        "4" : 99.990834,
        "8" : 0.000000,
        "16" : 0.000000,
        "32" : 0.000000,
        "64" : 0.000000,
        ">=64" : 0.100000
      },
      "latency_ns" : {
        "2" : 0.000000,
        "4" : 0.000000,
        "10" : 0.000000,
        "20" : 0.000000,
        "50" : 0.000000,
        "100" : 0.000000,
        "250" : 0.000000,
        "500" : 0.000000,
        "750" : 0.000000,
        "1000" : 0.000000
      },
      "latency_us" : {
        "2" : 0.000000,
        "4" : 0.000000,
        "10" : 0.000000,
        "20" : 0.010000,
        "50" : 0.010000,
        "100" : 0.000000,
        "250" : 0.000000,
        "500" : 0.000000,
        "750" : 0.000000,
        "1000" : 0.000000
      },
      "latency_ms" : {
        "2" : 0.000000,
        "4" : 0.000000,
        "10" : 0.000000,
        "20" : 0.000000,
        "50" : 0.000000,
        "100" : 0.010000,
        "250" : 0.051505,
        "500" : 0.058223,
        "750" : 0.109728,
        "1000" : 5.296041,
        "2000" : 13.380061,
        ">=2000" : 81.086528
      },
      "latency_depth" : 256,
      "latency_target" : 0,
      "latency_percentile" : 100.000000,
      "latency_window" : 0
    }
  ]
}
