{
  "fio version" : "fio-3.27",
  "timestamp" : 1627017926,
  "timestamp_ms" : 1627017926237,
  "time" : "Fri Jul 23 07:25:26 2021",
  "jobs" : [
    {
      "jobname" : "randrw",
      "groupid" : 0,
      "error" : 0,
      "eta" : 0,
      "elapsed" : 301,
      "job options" : {
        "bs" : "4K",
        "iodepth" : "256",
        "direct" : "0",
        "ioengine" : "libaio",
        "time_based" : "1",
        "runtime" : "300",
        "numjobs" : "1",
        "size" : "1g",
        "name" : "randrw",
        "rw" : "randrw",
        "directory" : "/scratch/snx2000/ccocha/randrw/64_node",
        "filename_format" : "$jobname.21.$jobnum.$filenum"
      },
      "read" : {
        "io_bytes" : 127860736,
        "io_kbytes" : 124864,
        "bw_bytes" : 426198,
        "bw" : 416,
        "iops" : 104.052293,
        "runtime" : 300003,
        "total_ios" : 31216,
        "short_ios" : 0,
        "drop_ios" : 0,
        "slat_ns" : {
          "min" : 471275,
          "max" : 817331501,
          "mean" : 9478191.022360,
          "stddev" : 22672819.495386,
          "N" : 31216
        },
        "clat_ns" : {
          "min" : 11720,
          "max" : 7333332919,
          "mean" : 1221079361.544938,
          "stddev" : 614264326.281653,
          "N" : 31216,
          "percentile" : {
            "1.000000" : 557842432,
            "5.000000" : 616562688,
            "10.000000" : 658505728,
            "20.000000" : 734003200,
            "30.000000" : 817889280,
            "40.000000" : 985661440,
            "50.000000" : 1132462080,
            "60.000000" : 1283457024,
            "70.000000" : 1434451968,
            "80.000000" : 1568669696,
            "90.000000" : 1803550720,
            "95.000000" : 2122317824,
            "99.000000" : 3137339392,
            "99.500000" : 3707764736,
            "99.900000" : 7281311744,
            "99.950000" : 7281311744,
            "99.990000" : 7348420608
          }
        },
        "lat_ns" : {
          "min" : 6387092,
          "max" : 7339745671,
          "mean" : 1230559888.119875,
          "stddev" : 616844857.966817,
          "N" : 31216
        },
        "bw_min" : 8,
        "bw_max" : 1112,
        "bw_agg" : 100.000000,
        "bw_mean" : 421.984720,
        "bw_dev" : 232.943560,
        "bw_samples" : 589,
        "iops_min" : 2,
        "iops_max" : 278,
        "iops_mean" : 105.483871,
        "iops_stddev" : 58.223284,
        "iops_samples" : 589
      },
      "write" : {
        "io_bytes" : 127901696,
        "io_kbytes" : 124904,
        "bw_bytes" : 426334,
        "bw" : 416,
        "iops" : 104.085626,
        "runtime" : 300003,
        "total_ios" : 31226,
        "short_ios" : 0,
        "drop_ios" : 0,
        "slat_ns" : {
          "min" : 75331,
          "max" : 1000870,
          "mean" : 101563.173189,
          "stddev" : 37675.563471,
          "N" : 31226
        },
        "clat_ns" : {
          "min" : 42336731,
          "max" : 7326690395,
          "mean" : 1225763993.525300,
          "stddev" : 624113554.307817,
          "N" : 31226,
          "percentile" : {
            "1.000000" : 557842432,
            "5.000000" : 616562688,
            "10.000000" : 658505728,
            "20.000000" : 734003200,
            "30.000000" : 817889280,
            "40.000000" : 985661440,
            "50.000000" : 1149239296,
            "60.000000" : 1283457024,
            "70.000000" : 1434451968,
            "80.000000" : 1568669696,
            "90.000000" : 1803550720,
            "95.000000" : 2164260864,
            "99.000000" : 3204448256,
            "99.500000" : 3707764736,
            "99.900000" : 7281311744,
            "99.950000" : 7281311744,
            "99.990000" : 7348420608
          }
        },
        "lat_ns" : {
          "min" : 42420202,
          "max" : 7326778526,
          "mean" : 1225866682.389863,
          "stddev" : 624113505.647448,
          "N" : 31226
        },
        "bw_min" : 8,
        "bw_max" : 1058,
        "bw_agg" : 100.000000,
        "bw_mean" : 420.722504,
        "bw_dev" : 231.358158,
        "bw_samples" : 591,
        "iops_min" : 2,
        "iops_max" : 264,
        "iops_mean" : 105.167513,
        "iops_stddev" : 57.824375,
        "iops_samples" : 591
      },
      "trim" : {
        "io_bytes" : 0,
        "io_kbytes" : 0,
        "bw_bytes" : 0,
        "bw" : 0,
        "iops" : 0.000000,
        "runtime" : 0,
        "total_ios" : 0,
        "short_ios" : 0,
        "drop_ios" : 0,
        "slat_ns" : {
          "min" : 0,
          "max" : 0,
          "mean" : 0.000000,
          "stddev" : 0.000000,
          "N" : 0
        },
        "clat_ns" : {
          "min" : 0,
          "max" : 0,
          "mean" : 0.000000,
          "stddev" : 0.000000,
          "N" : 0
        },
        "lat_ns" : {
          "min" : 0,
          "max" : 0,
          "mean" : 0.000000,
          "stddev" : 0.000000,
          "N" : 0
        },
        "bw_min" : 0,
        "bw_max" : 0,
        "bw_agg" : 0.000000,
        "bw_mean" : 0.000000,
        "bw_dev" : 0.000000,
        "bw_samples" : 0,
        "iops_min" : 0,
        "iops_max" : 0,
        "iops_mean" : 0.000000,
        "iops_stddev" : 0.000000,
        "iops_samples" : 0
      },
      "sync" : {
        "total_ios" : 0,
        "lat_ns" : {
          "min" : 0,
          "max" : 0,
          "mean" : 0.000000,
          "stddev" : 0.000000,
          "N" : 0
        }
      },
      "job_runtime" : 300002,
      "usr_cpu" : 0.377997,
      "sys_cpu" : 2.451650,
      "ctx" : 31239,
      "majf" : 0,
      "minf" : 43,
      "iodepth_level" : {
        "1" : 0.100000,
        "2" : 0.100000,
        "4" : 0.100000,
        "8" : 0.100000,
        "16" : 0.100000,
        "32" : 0.100000,
        ">=64" : 99.899106
      },
      "iodepth_submit" : {
        "0" : 0.000000,
        "4" : 100.000000,
        "8" : 0.000000,
        "16" : 0.000000,
        "32" : 0.000000,
        "64" : 0.000000,
        ">=64" : 0.000000
      },
      "iodepth_complete" : {
        "0" : 0.000000,
        "4" : 99.998392,
        "8" : 0.000000,
        "16" : 0.000000,
        "32" : 0.000000,
        "64" : 0.000000,
        ">=64" : 0.100000
      },
      "latency_ns" : {
        "2" : 0.000000,
        "4" : 0.000000,
        "10" : 0.000000,
        "20" : 0.000000,
        "50" : 0.000000,
        "100" : 0.000000,
        "250" : 0.000000,
        "500" : 0.000000,
        "750" : 0.000000,
        "1000" : 0.000000
      },
      "latency_us" : {
        "2" : 0.000000,
        "4" : 0.000000,
        "10" : 0.000000,
        "20" : 0.010000,
        "50" : 0.000000,
        "100" : 0.000000,
        "250" : 0.000000,
        "500" : 0.000000,
        "750" : 0.000000,
        "1000" : 0.000000
      },
      "latency_ms" : {
        "2" : 0.000000,
        "4" : 0.000000,
        "10" : 0.010000,
        "20" : 0.010000,
        "50" : 0.010000,
        "100" : 0.016015,
        "250" : 0.032030,
        "500" : 0.153743,
        "750" : 22.162967,
        "1000" : 18.340220,
        "2000" : 52.897088,
        ">=2000" : 6.385125
      },
      "latency_depth" : 256,
      "latency_target" : 0,
      "latency_percentile" : 100.000000,
      "latency_window" : 0
    }
  ]
}
