{
  "fio version" : "fio-3.27",
  "timestamp" : 1627439288,
  "timestamp_ms" : 1627439288556,
  "time" : "Wed Jul 28 04:28:08 2021",
  "jobs" : [
    {
      "jobname" : "seq-read",
      "groupid" : 0,
      "error" : 0,
      "eta" : 0,
      "elapsed" : 302,
      "job options" : {
        "bs" : "4K",
        "iodepth" : "256",
        "direct" : "1",
        "ioengine" : "libaio",
        "time_based" : "1",
        "runtime" : "300",
        "numjobs" : "32",
        "size" : "1g",
        "name" : "seq-read",
        "rw" : "read",
        "directory" : "/scratch/snx2000/ccocha/seqread/150_node/",
        "filename_format" : "$jobname.129.$jobnum.$filenum"
      },
      "read" : {
        "io_bytes" : 2606305280,
        "io_kbytes" : 2545220,
        "bw_bytes" : 8668930,
        "bw" : 8465,
        "iops" : 2116.438106,
        "runtime" : 300649,
        "total_ios" : 636305,
        "short_ios" : 0,
        "drop_ios" : 0,
        "slat_ns" : {
          "min" : 865107,
          "max" : 1507991306,
          "mean" : 15072308.720687,
          "stddev" : 51055497.940601,
          "N" : 636305
        },
        "clat_ns" : {
          "min" : 12870,
          "max" : 44596923507,
          "mean" : 3836170430.123686,
          "stddev" : 4996294561.778898,
          "N" : 636305,
          "percentile" : {
            "1.000000" : 1061158912,
            "5.000000" : 1585446912,
            "10.000000" : 1753219072,
            "20.000000" : 1988100096,
            "30.000000" : 2105540608,
            "40.000000" : 2197815296,
            "50.000000" : 2264924160,
            "60.000000" : 2399141888,
            "70.000000" : 2734686208,
            "80.000000" : 3439329280,
            "90.000000" : 7952400384,
            "95.000000" : 11207180288,
            "99.000000" : 17112760320,
            "99.500000" : 17112760320,
            "99.900000" : 17112760320,
            "99.950000" : 17112760320,
            "99.990000" : 17112760320
          }
        },
        "lat_ns" : {
          "min" : 1972706,
          "max" : 45871827472,
          "mean" : 3851245862.307219,
          "stddev" : 5014262274.249451,
          "N" : 636305
        },
        "bw_min" : 536,
        "bw_max" : 25433,
        "bw_agg" : 100.000000,
        "bw_mean" : 8949.058828,
        "bw_dev" : 176.097676,
        "bw_samples" : 17558,
        "iops_min" : 134,
        "iops_max" : 6358,
        "iops_mean" : 2237.223297,
        "iops_stddev" : 44.022353,
        "iops_samples" : 17558
      },
      "write" : {
        "io_bytes" : 0,
        "io_kbytes" : 0,
        "bw_bytes" : 0,
        "bw" : 0,
        "iops" : 0.000000,
        "runtime" : 0,
        "total_ios" : 0,
        "short_ios" : 0,
        "drop_ios" : 0,
        "slat_ns" : {
          "min" : 0,
          "max" : 0,
          "mean" : 0.000000,
          "stddev" : 0.000000,
          "N" : 0
        },
        "clat_ns" : {
          "min" : 0,
          "max" : 0,
          "mean" : 0.000000,
          "stddev" : 0.000000,
          "N" : 0
        },
        "lat_ns" : {
          "min" : 0,
          "max" : 0,
          "mean" : 0.000000,
          "stddev" : 0.000000,
          "N" : 0
        },
        "bw_min" : 0,
        "bw_max" : 0,
        "bw_agg" : 0.000000,
        "bw_mean" : 0.000000,
        "bw_dev" : 0.000000,
        "bw_samples" : 0,
        "iops_min" : 0,
        "iops_max" : 0,
        "iops_mean" : 0.000000,
        "iops_stddev" : 0.000000,
        "iops_samples" : 0
      },
      "trim" : {
        "io_bytes" : 0,
        "io_kbytes" : 0,
        "bw_bytes" : 0,
        "bw" : 0,
        "iops" : 0.000000,
        "runtime" : 0,
        "total_ios" : 0,
        "short_ios" : 0,
        "drop_ios" : 0,
        "slat_ns" : {
          "min" : 0,
          "max" : 0,
          "mean" : 0.000000,
          "stddev" : 0.000000,
          "N" : 0
        },
        "clat_ns" : {
          "min" : 0,
          "max" : 0,
          "mean" : 0.000000,
          "stddev" : 0.000000,
          "N" : 0
        },
        "lat_ns" : {
          "min" : 0,
          "max" : 0,
          "mean" : 0.000000,
          "stddev" : 0.000000,
          "N" : 0
        },
        "bw_min" : 0,
        "bw_max" : 0,
        "bw_agg" : 0.000000,
        "bw_mean" : 0.000000,
        "bw_dev" : 0.000000,
        "bw_samples" : 0,
        "iops_min" : 0,
        "iops_max" : 0,
        "iops_mean" : 0.000000,
        "iops_stddev" : 0.000000,
        "iops_samples" : 0
      },
      "sync" : {
        "total_ios" : 0,
        "lat_ns" : {
          "min" : 0,
          "max" : 0,
          "mean" : 0.000000,
          "stddev" : 0.000000,
          "N" : 0
        }
      },
      "job_runtime" : 9605075,
      "usr_cpu" : 0.169202,
      "sys_cpu" : 1.092849,
      "ctx" : 636542,
      "majf" : 0,
      "minf" : 9482,
      "iodepth_level" : {
        "1" : 0.100000,
        "2" : 0.100000,
        "4" : 0.100000,
        "8" : 0.100000,
        "16" : 0.100000,
        "32" : 0.160929,
        ">=64" : 99.683171
      },
      "iodepth_submit" : {
        "0" : 0.000000,
        "4" : 100.000000,
        "8" : 0.000000,
        "16" : 0.000000,
        "32" : 0.000000,
        "64" : 0.000000,
        ">=64" : 0.000000
      },
      "iodepth_complete" : {
        "0" : 0.000000,
        "4" : 99.994906,
        "8" : 0.000000,
        "16" : 0.000000,
        "32" : 0.000000,
        "64" : 0.000000,
        ">=64" : 0.100000
      },
      "latency_ns" : {
        "2" : 0.000000,
        "4" : 0.000000,
        "10" : 0.000000,
        "20" : 0.000000,
        "50" : 0.000000,
        "100" : 0.000000,
        "250" : 0.000000,
        "500" : 0.000000,
        "750" : 0.000000,
        "1000" : 0.000000
      },
      "latency_us" : {
        "2" : 0.000000,
        "4" : 0.000000,
        "10" : 0.000000,
        "20" : 0.010000,
        "50" : 0.010000,
        "100" : 0.000000,
        "250" : 0.000000,
        "500" : 0.000000,
        "750" : 0.000000,
        "1000" : 0.000000
      },
      "latency_ms" : {
        "2" : 0.010000,
        "4" : 0.010000,
        "10" : 0.010000,
        "20" : 0.011944,
        "50" : 0.027503,
        "100" : 0.040547,
        "250" : 0.104824,
        "500" : 0.110639,
        "750" : 0.092094,
        "1000" : 0.458899,
        "2000" : 20.298599,
        ">=2000" : 78.840493
      },
      "latency_depth" : 256,
      "latency_target" : 0,
      "latency_percentile" : 100.000000,
      "latency_window" : 0
    }
  ]
}
