{
  "fio version" : "fio-3.27",
  "timestamp" : 1627023802,
  "timestamp_ms" : 1627023802579,
  "time" : "Fri Jul 23 09:03:22 2021",
  "jobs" : [
    {
      "jobname" : "randrw",
      "groupid" : 0,
      "error" : 0,
      "eta" : 0,
      "elapsed" : 304,
      "job options" : {
        "bs" : "4K",
        "iodepth" : "256",
        "direct" : "0",
        "ioengine" : "libaio",
        "time_based" : "1",
        "runtime" : "300",
        "numjobs" : "32",
        "size" : "1g",
        "name" : "randrw",
        "rw" : "randrw",
        "directory" : "/scratch/snx2000/ccocha/randrw/96_node",
        "filename_format" : "$jobname.72.$jobnum.$filenum"
      },
      "read" : {
        "io_bytes" : 80719872,
        "io_kbytes" : 78828,
        "bw_bytes" : 266590,
        "bw" : 260,
        "iops" : 65.085572,
        "runtime" : 302786,
        "total_ios" : 19707,
        "short_ios" : 0,
        "drop_ios" : 0,
        "slat_ns" : {
          "min" : 12708004,
          "max" : 73782115250,
          "mean" : 488431723.131933,
          "stddev" : 2328599389.893457,
          "N" : 19707
        },
        "clat_ns" : {
          "min" : 17890,
          "max" : 221546031310,
          "mean" : 61487086847.940887,
          "stddev" : 43948380300.789978,
          "N" : 19707,
          "percentile" : {
            "1.000000" : 3405774848,
            "5.000000" : 4110417920,
            "10.000000" : 4596957184,
            "20.000000" : 15770583040,
            "30.000000" : 17112760320,
            "40.000000" : 17112760320,
            "50.000000" : 17112760320,
            "60.000000" : 17112760320,
            "70.000000" : 17112760320,
            "80.000000" : 17112760320,
            "90.000000" : 17112760320,
            "95.000000" : 17112760320,
            "99.000000" : 17112760320,
            "99.500000" : 17112760320,
            "99.900000" : 17112760320,
            "99.950000" : 17112760320,
            "99.990000" : 17112760320
          }
        },
        "lat_ns" : {
          "min" : 324526906,
          "max" : 224622701071,
          "mean" : 61975522462.559685,
          "stddev" : 44132787295.650177,
          "N" : 19707
        },
        "bw_min" : 256,
        "bw_max" : 4344,
        "bw_agg" : 100.000000,
        "bw_mean" : 573.979085,
        "bw_dev" : 20.231600,
        "bw_samples" : 6698,
        "iops_min" : 64,
        "iops_max" : 1086,
        "iops_mean" : 143.494771,
        "iops_stddev" : 5.057900,
        "iops_samples" : 6698
      },
      "write" : {
        "io_bytes" : 81281024,
        "io_kbytes" : 79376,
        "bw_bytes" : 268443,
        "bw" : 262,
        "iops" : 65.538037,
        "runtime" : 302786,
        "total_ios" : 19844,
        "short_ios" : 0,
        "drop_ios" : 0,
        "slat_ns" : {
          "min" : 75481,
          "max" : 2627386,
          "mean" : 131736.905362,
          "stddev" : 65214.569257,
          "N" : 19844
        },
        "clat_ns" : {
          "min" : 337566046,
          "max" : 224239974685,
          "mean" : 61512521268.473831,
          "stddev" : 43296057334.537575,
          "N" : 19844,
          "percentile" : {
            "1.000000" : 3607101440,
            "5.000000" : 4211081216,
            "10.000000" : 4664066048,
            "20.000000" : 17112760320,
            "30.000000" : 17112760320,
            "40.000000" : 17112760320,
            "50.000000" : 17112760320,
            "60.000000" : 17112760320,
            "70.000000" : 17112760320,
            "80.000000" : 17112760320,
            "90.000000" : 17112760320,
            "95.000000" : 17112760320,
            "99.000000" : 17112760320,
            "99.500000" : 17112760320,
            "99.900000" : 17112760320,
            "99.950000" : 17112760320,
            "99.990000" : 17112760320
          }
        },
        "lat_ns" : {
          "min" : 337765599,
          "max" : 224240064796,
          "mean" : 61512654259.746773,
          "stddev" : 43296054580.753349,
          "N" : 19844
        },
        "bw_min" : 256,
        "bw_max" : 4312,
        "bw_agg" : 100.000000,
        "bw_mean" : 578.518020,
        "bw_dev" : 20.110831,
        "bw_samples" : 6668,
        "iops_min" : 64,
        "iops_max" : 1078,
        "iops_mean" : 144.629505,
        "iops_stddev" : 5.027708,
        "iops_samples" : 6668
      },
      "trim" : {
        "io_bytes" : 0,
        "io_kbytes" : 0,
        "bw_bytes" : 0,
        "bw" : 0,
        "iops" : 0.000000,
        "runtime" : 0,
        "total_ios" : 0,
        "short_ios" : 0,
        "drop_ios" : 0,
        "slat_ns" : {
          "min" : 0,
          "max" : 0,
          "mean" : 0.000000,
          "stddev" : 0.000000,
          "N" : 0
        },
        "clat_ns" : {
          "min" : 0,
          "max" : 0,
          "mean" : 0.000000,
          "stddev" : 0.000000,
          "N" : 0
        },
        "lat_ns" : {
          "min" : 0,
          "max" : 0,
          "mean" : 0.000000,
          "stddev" : 0.000000,
          "N" : 0
        },
        "bw_min" : 0,
        "bw_max" : 0,
        "bw_agg" : 0.000000,
        "bw_mean" : 0.000000,
        "bw_dev" : 0.000000,
        "bw_samples" : 0,
        "iops_min" : 0,
        "iops_max" : 0,
        "iops_mean" : 0.000000,
        "iops_stddev" : 0.000000,
        "iops_samples" : 0
      },
      "sync" : {
        "total_ios" : 0,
        "lat_ns" : {
          "min" : 0,
          "max" : 0,
          "mean" : 0.000000,
          "stddev" : 0.000000,
          "N" : 0
        }
      },
      "job_runtime" : 9628988,
      "usr_cpu" : 0.010011,
      "sys_cpu" : 0.064534,
      "ctx" : 20000,
      "majf" : 0,
      "minf" : 1307,
      "iodepth_level" : {
        "1" : 0.100000,
        "2" : 0.161816,
        "4" : 0.323633,
        "8" : 0.647266,
        "16" : 1.294531,
        "32" : 2.589062,
        ">=64" : 94.902784
      },
      "iodepth_submit" : {
        "0" : 0.000000,
        "4" : 100.000000,
        "8" : 0.000000,
        "16" : 0.000000,
        "32" : 0.000000,
        "64" : 0.000000,
        ">=64" : 0.000000
      },
      "iodepth_complete" : {
        "0" : 0.000000,
        "4" : 99.898164,
        "8" : 0.000000,
        "16" : 0.000000,
        "32" : 0.000000,
        "64" : 0.000000,
        ">=64" : 0.101836
      },
      "latency_ns" : {
        "2" : 0.000000,
        "4" : 0.000000,
        "10" : 0.000000,
        "20" : 0.000000,
        "50" : 0.000000,
        "100" : 0.000000,
        "250" : 0.000000,
        "500" : 0.000000,
        "750" : 0.000000,
        "1000" : 0.000000
      },
      "latency_us" : {
        "2" : 0.000000,
        "4" : 0.000000,
        "10" : 0.000000,
        "20" : 0.010000,
        "50" : 0.075851,
        "100" : 0.000000,
        "250" : 0.000000,
        "500" : 0.000000,
        "750" : 0.000000,
        "1000" : 0.000000
      },
      "latency_ms" : {
        "2" : 0.000000,
        "4" : 0.000000,
        "10" : 0.000000,
        "20" : 0.000000,
        "50" : 0.000000,
        "100" : 0.000000,
        "250" : 0.000000,
        "500" : 0.010114,
        "750" : 0.027812,
        "1000" : 0.030341,
        "2000" : 0.174458,
        ">=2000" : 99.676367
      },
      "latency_depth" : 256,
      "latency_target" : 0,
      "latency_percentile" : 100.000000,
      "latency_window" : 0
    }
  ]
}
