{
  "fio version" : "fio-3.27",
  "timestamp" : 1627438108,
  "timestamp_ms" : 1627438108469,
  "time" : "Wed Jul 28 04:08:28 2021",
  "jobs" : [
    {
      "jobname" : "seq-read",
      "groupid" : 0,
      "error" : 0,
      "eta" : 0,
      "elapsed" : 301,
      "job options" : {
        "bs" : "4K",
        "iodepth" : "256",
        "direct" : "1",
        "ioengine" : "libaio",
        "time_based" : "1",
        "runtime" : "300",
        "numjobs" : "8",
        "size" : "1g",
        "name" : "seq-read",
        "rw" : "read",
        "directory" : "/scratch/snx2000/ccocha/seqread/150_node/",
        "filename_format" : "$jobname.147.$jobnum.$filenum"
      },
      "read" : {
        "io_bytes" : 4426178560,
        "io_kbytes" : 4322440,
        "bw_bytes" : 14753830,
        "bw" : 14408,
        "iops" : 3602.009320,
        "runtime" : 300002,
        "total_ios" : 1080610,
        "short_ios" : 0,
        "drop_ios" : 0,
        "slat_ns" : {
          "min" : 432594,
          "max" : 105527385,
          "mean" : 2199607.133506,
          "stddev" : 921799.356039,
          "N" : 1080610
        },
        "clat_ns" : {
          "min" : 14151,
          "max" : 808379840,
          "mean" : 565958334.006762,
          "stddev" : 36414666.651952,
          "N" : 1080610,
          "percentile" : {
            "1.000000" : 480247808,
            "5.000000" : 505413632,
            "10.000000" : 526385152,
            "20.000000" : 541065216,
            "30.000000" : 549453824,
            "40.000000" : 557842432,
            "50.000000" : 566231040,
            "60.000000" : 574619648,
            "70.000000" : 583008256,
            "80.000000" : 591396864,
            "90.000000" : 608174080,
            "95.000000" : 624951296,
            "99.000000" : 650117120,
            "99.500000" : 658505728,
            "99.900000" : 692060160,
            "99.950000" : 700448768,
            "99.990000" : 742391808
          }
        },
        "lat_ns" : {
          "min" : 1043648,
          "max" : 810801328,
          "mean" : 568160777.935149,
          "stddev" : 36513950.868187,
          "N" : 1080610
        },
        "bw_min" : 4608,
        "bw_max" : 16472,
        "bw_agg" : 99.888693,
        "bw_mean" : 14392.424702,
        "bw_dev" : 104.844901,
        "bw_samples" : 4790,
        "iops_min" : 1152,
        "iops_max" : 4118,
        "iops_mean" : 3597.372988,
        "iops_stddev" : 26.227959,
        "iops_samples" : 4790
      },
      "write" : {
        "io_bytes" : 0,
        "io_kbytes" : 0,
        "bw_bytes" : 0,
        "bw" : 0,
        "iops" : 0.000000,
        "runtime" : 0,
        "total_ios" : 0,
        "short_ios" : 0,
        "drop_ios" : 0,
        "slat_ns" : {
          "min" : 0,
          "max" : 0,
          "mean" : 0.000000,
          "stddev" : 0.000000,
          "N" : 0
        },
        "clat_ns" : {
          "min" : 0,
          "max" : 0,
          "mean" : 0.000000,
          "stddev" : 0.000000,
          "N" : 0
        },
        "lat_ns" : {
          "min" : 0,
          "max" : 0,
          "mean" : 0.000000,
          "stddev" : 0.000000,
          "N" : 0
        },
        "bw_min" : 0,
        "bw_max" : 0,
        "bw_agg" : 0.000000,
        "bw_mean" : 0.000000,
        "bw_dev" : 0.000000,
        "bw_samples" : 0,
        "iops_min" : 0,
        "iops_max" : 0,
        "iops_mean" : 0.000000,
        "iops_stddev" : 0.000000,
        "iops_samples" : 0
      },
      "trim" : {
        "io_bytes" : 0,
        "io_kbytes" : 0,
        "bw_bytes" : 0,
        "bw" : 0,
        "iops" : 0.000000,
        "runtime" : 0,
        "total_ios" : 0,
        "short_ios" : 0,
        "drop_ios" : 0,
        "slat_ns" : {
          "min" : 0,
          "max" : 0,
          "mean" : 0.000000,
          "stddev" : 0.000000,
          "N" : 0
        },
        "clat_ns" : {
          "min" : 0,
          "max" : 0,
          "mean" : 0.000000,
          "stddev" : 0.000000,
          "N" : 0
        },
        "lat_ns" : {
          "min" : 0,
          "max" : 0,
          "mean" : 0.000000,
          "stddev" : 0.000000,
          "N" : 0
        },
        "bw_min" : 0,
        "bw_max" : 0,
        "bw_agg" : 0.000000,
        "bw_mean" : 0.000000,
        "bw_dev" : 0.000000,
        "bw_samples" : 0,
        "iops_min" : 0,
        "iops_max" : 0,
        "iops_mean" : 0.000000,
        "iops_stddev" : 0.000000,
        "iops_samples" : 0
      },
      "sync" : {
        "total_ios" : 0,
        "lat_ns" : {
          "min" : 0,
          "max" : 0,
          "mean" : 0.000000,
          "stddev" : 0.000000,
          "N" : 0
        }
      },
      "job_runtime" : 2400005,
      "usr_cpu" : 1.103414,
      "sys_cpu" : 7.081277,
      "ctx" : 1080732,
      "majf" : 0,
      "minf" : 2368,
      "iodepth_level" : {
        "1" : 0.100000,
        "2" : 0.100000,
        "4" : 0.100000,
        "8" : 0.100000,
        "16" : 0.100000,
        "32" : 0.100000,
        ">=64" : 99.953360
      },
      "iodepth_submit" : {
        "0" : 0.000000,
        "4" : 100.000000,
        "8" : 0.000000,
        "16" : 0.000000,
        "32" : 0.000000,
        "64" : 0.000000,
        ">=64" : 0.000000
      },
      "iodepth_complete" : {
        "0" : 0.000000,
        "4" : 99.999258,
        "8" : 0.000000,
        "16" : 0.000000,
        "32" : 0.000000,
        "64" : 0.000000,
        ">=64" : 0.100000
      },
      "latency_ns" : {
        "2" : 0.000000,
        "4" : 0.000000,
        "10" : 0.000000,
        "20" : 0.000000,
        "50" : 0.000000,
        "100" : 0.000000,
        "250" : 0.000000,
        "500" : 0.000000,
        "750" : 0.000000,
        "1000" : 0.000000
      },
      "latency_us" : {
        "2" : 0.000000,
        "4" : 0.000000,
        "10" : 0.000000,
        "20" : 0.010000,
        "50" : 0.010000,
        "100" : 0.000000,
        "250" : 0.000000,
        "500" : 0.000000,
        "750" : 0.000000,
        "1000" : 0.000000
      },
      "latency_ms" : {
        "2" : 0.010000,
        "4" : 0.010000,
        "10" : 0.010000,
        "20" : 0.010000,
        "50" : 0.012678,
        "100" : 0.020081,
        "250" : 0.051915,
        "500" : 3.863003,
        "750" : 96.037146,
        "1000" : 0.010000,
        "2000" : 0.000000,
        ">=2000" : 0.000000
      },
      "latency_depth" : 256,
      "latency_target" : 0,
      "latency_percentile" : 100.000000,
      "latency_window" : 0
    }
  ]
}
