{
  "fio version" : "fio-3.27",
  "timestamp" : 1627018648,
  "timestamp_ms" : 1627018648742,
  "time" : "Fri Jul 23 07:37:28 2021",
  "jobs" : [
    {
      "jobname" : "randrw",
      "groupid" : 0,
      "error" : 0,
      "eta" : 0,
      "elapsed" : 301,
      "job options" : {
        "bs" : "4K",
        "iodepth" : "256",
        "direct" : "0",
        "ioengine" : "libaio",
        "time_based" : "1",
        "runtime" : "300",
        "numjobs" : "4",
        "size" : "1g",
        "name" : "randrw",
        "rw" : "randrw",
        "directory" : "/scratch/snx2000/ccocha/randrw/64_node",
        "filename_format" : "$jobname.6.$jobnum.$filenum"
      },
      "read" : {
        "io_bytes" : 184229888,
        "io_kbytes" : 179912,
        "bw_bytes" : 613845,
        "bw" : 599,
        "iops" : 149.864723,
        "runtime" : 300124,
        "total_ios" : 44978,
        "short_ios" : 0,
        "drop_ios" : 0,
        "slat_ns" : {
          "min" : 464851,
          "max" : 17694195765,
          "mean" : 26540843.210436,
          "stddev" : 132650917.565487,
          "N" : 44978
        },
        "clat_ns" : {
          "min" : 12070,
          "max" : 27418285187,
          "mean" : 3381881652.875477,
          "stddev" : 2690461824.412573,
          "N" : 44978,
          "percentile" : {
            "1.000000" : 742391808,
            "5.000000" : 809500672,
            "10.000000" : 884998144,
            "20.000000" : 1904214016,
            "30.000000" : 2365587456,
            "40.000000" : 2768240640,
            "50.000000" : 3103784960,
            "60.000000" : 3539992576,
            "70.000000" : 4009754624,
            "80.000000" : 4462739456,
            "90.000000" : 5133828096,
            "95.000000" : 5603590144,
            "99.000000" : 17112760320,
            "99.500000" : 17112760320,
            "99.900000" : 17112760320,
            "99.950000" : 17112760320,
            "99.990000" : 17112760320
          }
        },
        "lat_ns" : {
          "min" : 9391737,
          "max" : 27438645536,
          "mean" : 3408425249.217235,
          "stddev" : 2699501040.761499,
          "N" : 44978
        },
        "bw_min" : 32,
        "bw_max" : 3104,
        "bw_agg" : 100.000000,
        "bw_mean" : 655.938876,
        "bw_dev" : 146.396837,
        "bw_samples" : 2169,
        "iops_min" : 8,
        "iops_max" : 776,
        "iops_mean" : 163.984719,
        "iops_stddev" : 36.599209,
        "iops_samples" : 2169
      },
      "write" : {
        "io_bytes" : 185622528,
        "io_kbytes" : 181272,
        "bw_bytes" : 618486,
        "bw" : 603,
        "iops" : 150.997588,
        "runtime" : 300124,
        "total_ios" : 45318,
        "short_ios" : 0,
        "drop_ios" : 0,
        "slat_ns" : {
          "min" : 74991,
          "max" : 2142616,
          "mean" : 109641.967805,
          "stddev" : 41416.693610,
          "N" : 45318
        },
        "clat_ns" : {
          "min" : 16122407,
          "max" : 27430445733,
          "mean" : 3388313520.580454,
          "stddev" : 2760613575.755323,
          "N" : 45318,
          "percentile" : {
            "1.000000" : 750780416,
            "5.000000" : 809500672,
            "10.000000" : 884998144,
            "20.000000" : 1870659584,
            "30.000000" : 2365587456,
            "40.000000" : 2734686208,
            "50.000000" : 3103784960,
            "60.000000" : 3539992576,
            "70.000000" : 4009754624,
            "80.000000" : 4462739456,
            "90.000000" : 5133828096,
            "95.000000" : 5670699008,
            "99.000000" : 17112760320,
            "99.500000" : 17112760320,
            "99.900000" : 17112760320,
            "99.950000" : 17112760320,
            "99.990000" : 17112760320
          }
        },
        "lat_ns" : {
          "min" : 16291607,
          "max" : 27430529663,
          "mean" : 3388424328.861358,
          "stddev" : 2760613883.529147,
          "N" : 45318
        },
        "bw_min" : 32,
        "bw_max" : 3032,
        "bw_agg" : 100.000000,
        "bw_mean" : 659.013082,
        "bw_dev" : 148.987547,
        "bw_samples" : 2177,
        "iops_min" : 8,
        "iops_max" : 758,
        "iops_mean" : 164.753270,
        "iops_stddev" : 37.246887,
        "iops_samples" : 2177
      },
      "trim" : {
        "io_bytes" : 0,
        "io_kbytes" : 0,
        "bw_bytes" : 0,
        "bw" : 0,
        "iops" : 0.000000,
        "runtime" : 0,
        "total_ios" : 0,
        "short_ios" : 0,
        "drop_ios" : 0,
        "slat_ns" : {
          "min" : 0,
          "max" : 0,
          "mean" : 0.000000,
          "stddev" : 0.000000,
          "N" : 0
        },
        "clat_ns" : {
          "min" : 0,
          "max" : 0,
          "mean" : 0.000000,
          "stddev" : 0.000000,
          "N" : 0
        },
        "lat_ns" : {
          "min" : 0,
          "max" : 0,
          "mean" : 0.000000,
          "stddev" : 0.000000,
          "N" : 0
        },
        "bw_min" : 0,
        "bw_max" : 0,
        "bw_agg" : 0.000000,
        "bw_mean" : 0.000000,
        "bw_dev" : 0.000000,
        "bw_samples" : 0,
        "iops_min" : 0,
        "iops_max" : 0,
        "iops_mean" : 0.000000,
        "iops_stddev" : 0.000000,
        "iops_samples" : 0
      },
      "sync" : {
        "total_ios" : 0,
        "lat_ns" : {
          "min" : 0,
          "max" : 0,
          "mean" : 0.000000,
          "stddev" : 0.000000,
          "N" : 0
        }
      },
      "job_runtime" : 1200274,
      "usr_cpu" : 0.143800,
      "sys_cpu" : 0.968196,
      "ctx" : 45013,
      "majf" : 0,
      "minf" : 171,
      "iodepth_level" : {
        "1" : 0.100000,
        "2" : 0.100000,
        "4" : 0.100000,
        "8" : 0.100000,
        "16" : 0.100000,
        "32" : 0.141756,
        ">=64" : 99.720918
      },
      "iodepth_submit" : {
        "0" : 0.000000,
        "4" : 100.000000,
        "8" : 0.000000,
        "16" : 0.000000,
        "32" : 0.000000,
        "64" : 0.000000,
        ">=64" : 0.000000
      },
      "iodepth_complete" : {
        "0" : 0.000000,
        "4" : 99.995520,
        "8" : 0.000000,
        "16" : 0.000000,
        "32" : 0.000000,
        "64" : 0.000000,
        ">=64" : 0.100000
      },
      "latency_ns" : {
        "2" : 0.000000,
        "4" : 0.000000,
        "10" : 0.000000,
        "20" : 0.000000,
        "50" : 0.000000,
        "100" : 0.000000,
        "250" : 0.000000,
        "500" : 0.000000,
        "750" : 0.000000,
        "1000" : 0.000000
      },
      "latency_us" : {
        "2" : 0.000000,
        "4" : 0.000000,
        "10" : 0.000000,
        "20" : 0.010000,
        "50" : 0.010000,
        "100" : 0.000000,
        "250" : 0.000000,
        "500" : 0.000000,
        "750" : 0.000000,
        "1000" : 0.000000
      },
      "latency_ms" : {
        "2" : 0.000000,
        "4" : 0.000000,
        "10" : 0.010000,
        "20" : 0.010000,
        "50" : 0.010000,
        "100" : 0.010000,
        "250" : 0.021042,
        "500" : 0.044299,
        "750" : 1.083104,
        "1000" : 10.836582,
        "2000" : 9.837645,
        ">=2000" : 78.155179
      },
      "latency_depth" : 256,
      "latency_target" : 0,
      "latency_percentile" : 100.000000,
      "latency_window" : 0
    }
  ]
}
