{
  "fio version" : "fio-3.27",
  "timestamp" : 1627440311,
  "timestamp_ms" : 1627440311738,
  "time" : "Wed Jul 28 04:45:11 2021",
  "jobs" : [
    {
      "jobname" : "seq-read",
      "groupid" : 0,
      "error" : 0,
      "eta" : 0,
      "elapsed" : 302,
      "job options" : {
        "bs" : "4K",
        "iodepth" : "256",
        "direct" : "1",
        "ioengine" : "libaio",
        "time_based" : "1",
        "runtime" : "300",
        "numjobs" : "64",
        "size" : "1g",
        "name" : "seq-read",
        "rw" : "read",
        "directory" : "/scratch/snx2000/ccocha/seqread/150_node/",
        "filename_format" : "$jobname.2.$jobnum.$filenum"
      },
      "read" : {
        "io_bytes" : 3096109056,
        "io_kbytes" : 3023544,
        "bw_bytes" : 10280304,
        "bw" : 10039,
        "iops" : 2509.839990,
        "runtime" : 301169,
        "total_ios" : 755886,
        "short_ios" : 0,
        "drop_ios" : 0,
        "slat_ns" : {
          "min" : 601345,
          "max" : 1899440364,
          "mean" : 25385154.456855,
          "stddev" : 52849392.738949,
          "N" : 755886
        },
        "clat_ns" : {
          "min" : 14260,
          "max" : 63275195660,
          "mean" : 6441287893.123575,
          "stddev" : 5610247698.074592,
          "N" : 755886,
          "percentile" : {
            "1.000000" : 3271557120,
            "5.000000" : 4043309056,
            "10.000000" : 4110417920,
            "20.000000" : 4244635648,
            "30.000000" : 4395630592,
            "40.000000" : 4596957184,
            "50.000000" : 4731174912,
            "60.000000" : 4932501504,
            "70.000000" : 5804916736,
            "80.000000" : 6140461056,
            "90.000000" : 9462349824,
            "95.000000" : 15502147584,
            "99.000000" : 17112760320,
            "99.500000" : 17112760320,
            "99.900000" : 17112760320,
            "99.950000" : 17112760320,
            "99.990000" : 17112760320
          }
        },
        "lat_ns" : {
          "min" : 8261815,
          "max" : 63340335712,
          "mean" : 6466676450.635661,
          "stddev" : 5629760087.021368,
          "N" : 755886
        },
        "bw_min" : 2624,
        "bw_max" : 17384,
        "bw_agg" : 100.000000,
        "bw_mean" : 10293.202240,
        "bw_dev" : 53.649635,
        "bw_samples" : 36091,
        "iops_min" : 656,
        "iops_max" : 4346,
        "iops_mean" : 2573.300560,
        "iops_stddev" : 13.412409,
        "iops_samples" : 36091
      },
      "write" : {
        "io_bytes" : 0,
        "io_kbytes" : 0,
        "bw_bytes" : 0,
        "bw" : 0,
        "iops" : 0.000000,
        "runtime" : 0,
        "total_ios" : 0,
        "short_ios" : 0,
        "drop_ios" : 0,
        "slat_ns" : {
          "min" : 0,
          "max" : 0,
          "mean" : 0.000000,
          "stddev" : 0.000000,
          "N" : 0
        },
        "clat_ns" : {
          "min" : 0,
          "max" : 0,
          "mean" : 0.000000,
          "stddev" : 0.000000,
          "N" : 0
        },
        "lat_ns" : {
          "min" : 0,
          "max" : 0,
          "mean" : 0.000000,
          "stddev" : 0.000000,
          "N" : 0
        },
        "bw_min" : 0,
        "bw_max" : 0,
        "bw_agg" : 0.000000,
        "bw_mean" : 0.000000,
        "bw_dev" : 0.000000,
        "bw_samples" : 0,
        "iops_min" : 0,
        "iops_max" : 0,
        "iops_mean" : 0.000000,
        "iops_stddev" : 0.000000,
        "iops_samples" : 0
      },
      "trim" : {
        "io_bytes" : 0,
        "io_kbytes" : 0,
        "bw_bytes" : 0,
        "bw" : 0,
        "iops" : 0.000000,
        "runtime" : 0,
        "total_ios" : 0,
        "short_ios" : 0,
        "drop_ios" : 0,
        "slat_ns" : {
          "min" : 0,
          "max" : 0,
          "mean" : 0.000000,
          "stddev" : 0.000000,
          "N" : 0
        },
        "clat_ns" : {
          "min" : 0,
          "max" : 0,
          "mean" : 0.000000,
          "stddev" : 0.000000,
          "N" : 0
        },
        "lat_ns" : {
          "min" : 0,
          "max" : 0,
          "mean" : 0.000000,
          "stddev" : 0.000000,
          "N" : 0
        },
        "bw_min" : 0,
        "bw_max" : 0,
        "bw_agg" : 0.000000,
        "bw_mean" : 0.000000,
        "bw_dev" : 0.000000,
        "bw_samples" : 0,
        "iops_min" : 0,
        "iops_max" : 0,
        "iops_mean" : 0.000000,
        "iops_stddev" : 0.000000,
        "iops_samples" : 0
      },
      "sync" : {
        "total_ios" : 0,
        "lat_ns" : {
          "min" : 0,
          "max" : 0,
          "mean" : 0.000000,
          "stddev" : 0.000000,
          "N" : 0
        }
      },
      "job_runtime" : 19206401,
      "usr_cpu" : 0.110666,
      "sys_cpu" : 0.670860,
      "ctx" : 756337,
      "majf" : 0,
      "minf" : 18955,
      "iodepth_level" : {
        "1" : 0.100000,
        "2" : 0.100000,
        "4" : 0.100000,
        "8" : 0.100000,
        "16" : 0.135470,
        "32" : 0.270940,
        ">=64" : 99.466586
      },
      "iodepth_submit" : {
        "0" : 0.000000,
        "4" : 100.000000,
        "8" : 0.000000,
        "16" : 0.000000,
        "32" : 0.000000,
        "64" : 0.000000,
        ">=64" : 0.000000
      },
      "iodepth_complete" : {
        "0" : 0.000000,
        "4" : 99.991347,
        "8" : 0.000000,
        "16" : 0.000000,
        "32" : 0.000000,
        "64" : 0.000000,
        ">=64" : 0.100000
      },
      "latency_ns" : {
        "2" : 0.000000,
        "4" : 0.000000,
        "10" : 0.000000,
        "20" : 0.000000,
        "50" : 0.000000,
        "100" : 0.000000,
        "250" : 0.000000,
        "500" : 0.000000,
        "750" : 0.000000,
        "1000" : 0.000000
      },
      "latency_us" : {
        "2" : 0.000000,
        "4" : 0.000000,
        "10" : 0.000000,
        "20" : 0.010000,
        "50" : 0.010000,
        "100" : 0.000000,
        "250" : 0.000000,
        "500" : 0.000000,
        "750" : 0.000000,
        "1000" : 0.000000
      },
      "latency_ms" : {
        "2" : 0.000000,
        "4" : 0.000000,
        "10" : 0.010000,
        "20" : 0.010000,
        "50" : 0.019183,
        "100" : 0.026591,
        "250" : 0.071307,
        "500" : 0.085198,
        "750" : 0.068793,
        "1000" : 0.064428,
        "2000" : 0.270147,
        ">=2000" : 99.379007
      },
      "latency_depth" : 256,
      "latency_target" : 0,
      "latency_percentile" : 100.000000,
      "latency_window" : 0
    }
  ]
}
