{
  "fio version" : "fio-3.27",
  "timestamp" : 1627428343,
  "timestamp_ms" : 1627428343060,
  "time" : "Wed Jul 28 01:25:43 2021",
  "jobs" : [
    {
      "jobname" : "seq-read",
      "groupid" : 0,
      "error" : 0,
      "eta" : 0,
      "elapsed" : 301,
      "job options" : {
        "bs" : "4K",
        "iodepth" : "256",
        "direct" : "1",
        "ioengine" : "libaio",
        "time_based" : "1",
        "runtime" : "300",
        "numjobs" : "32",
        "size" : "1g",
        "name" : "seq-read",
        "rw" : "read",
        "directory" : "/scratch/snx2000/ccocha/seqread/64_node/",
        "filename_format" : "$jobname.57.$jobnum.$filenum"
      },
      "read" : {
        "io_bytes" : 10463383552,
        "io_kbytes" : 10218148,
        "bw_bytes" : 34877480,
        "bw" : 34060,
        "iops" : 8515.009800,
        "runtime" : 300004,
        "total_ios" : 2554537,
        "short_ios" : 0,
        "drop_ios" : 0,
        "slat_ns" : {
          "min" : 541484,
          "max" : 200737602,
          "mean" : 3734977.917713,
          "stddev" : 1333804.475735,
          "N" : 2554537
        },
        "clat_ns" : {
          "min" : 14530,
          "max" : 1419452574,
          "mean" : 957476581.485089,
          "stddev" : 58738727.538002,
          "N" : 2554537,
          "percentile" : {
            "1.000000" : 851443712,
            "5.000000" : 901775360,
            "10.000000" : 918552576,
            "20.000000" : 926941184,
            "30.000000" : 935329792,
            "40.000000" : 943718400,
            "50.000000" : 952107008,
            "60.000000" : 960495616,
            "70.000000" : 968884224,
            "80.000000" : 985661440,
            "90.000000" : 1002438656,
            "95.000000" : 1027604480,
            "99.000000" : 1115684864,
            "99.500000" : 1166016512,
            "99.900000" : 1266679808,
            "99.950000" : 1300234240,
            "99.990000" : 1333788672
          }
        },
        "lat_ns" : {
          "min" : 1420691,
          "max" : 1437332619,
          "mean" : 961214764.766791,
          "stddev" : 58882898.307447,
          "N" : 2554537
        },
        "bw_min" : 19224,
        "bw_max" : 39816,
        "bw_agg" : 99.891254,
        "bw_mean" : 34023.090301,
        "bw_dev" : 60.121332,
        "bw_samples" : 19136,
        "iops_min" : 4806,
        "iops_max" : 9954,
        "iops_mean" : 8505.769231,
        "iops_stddev" : 15.030218,
        "iops_samples" : 19136
      },
      "write" : {
        "io_bytes" : 0,
        "io_kbytes" : 0,
        "bw_bytes" : 0,
        "bw" : 0,
        "iops" : 0.000000,
        "runtime" : 0,
        "total_ios" : 0,
        "short_ios" : 0,
        "drop_ios" : 0,
        "slat_ns" : {
          "min" : 0,
          "max" : 0,
          "mean" : 0.000000,
          "stddev" : 0.000000,
          "N" : 0
        },
        "clat_ns" : {
          "min" : 0,
          "max" : 0,
          "mean" : 0.000000,
          "stddev" : 0.000000,
          "N" : 0
        },
        "lat_ns" : {
          "min" : 0,
          "max" : 0,
          "mean" : 0.000000,
          "stddev" : 0.000000,
          "N" : 0
        },
        "bw_min" : 0,
        "bw_max" : 0,
        "bw_agg" : 0.000000,
        "bw_mean" : 0.000000,
        "bw_dev" : 0.000000,
        "bw_samples" : 0,
        "iops_min" : 0,
        "iops_max" : 0,
        "iops_mean" : 0.000000,
        "iops_stddev" : 0.000000,
        "iops_samples" : 0
      },
      "trim" : {
        "io_bytes" : 0,
        "io_kbytes" : 0,
        "bw_bytes" : 0,
        "bw" : 0,
        "iops" : 0.000000,
        "runtime" : 0,
        "total_ios" : 0,
        "short_ios" : 0,
        "drop_ios" : 0,
        "slat_ns" : {
          "min" : 0,
          "max" : 0,
          "mean" : 0.000000,
          "stddev" : 0.000000,
          "N" : 0
        },
        "clat_ns" : {
          "min" : 0,
          "max" : 0,
          "mean" : 0.000000,
          "stddev" : 0.000000,
          "N" : 0
        },
        "lat_ns" : {
          "min" : 0,
          "max" : 0,
          "mean" : 0.000000,
          "stddev" : 0.000000,
          "N" : 0
        },
        "bw_min" : 0,
        "bw_max" : 0,
        "bw_agg" : 0.000000,
        "bw_mean" : 0.000000,
        "bw_dev" : 0.000000,
        "bw_samples" : 0,
        "iops_min" : 0,
        "iops_max" : 0,
        "iops_mean" : 0.000000,
        "iops_stddev" : 0.000000,
        "iops_samples" : 0
      },
      "sync" : {
        "total_ios" : 0,
        "lat_ns" : {
          "min" : 0,
          "max" : 0,
          "mean" : 0.000000,
          "stddev" : 0.000000,
          "N" : 0
        }
      },
      "job_runtime" : 9600033,
      "usr_cpu" : 0.706550,
      "sys_cpu" : 4.424454,
      "ctx" : 2554968,
      "majf" : 0,
      "minf" : 9474,
      "iodepth_level" : {
        "1" : 0.100000,
        "2" : 0.100000,
        "4" : 0.100000,
        "8" : 0.100000,
        "16" : 0.100000,
        "32" : 0.100000,
        ">=64" : 99.921082
      },
      "iodepth_submit" : {
        "0" : 0.000000,
        "4" : 100.000000,
        "8" : 0.000000,
        "16" : 0.000000,
        "32" : 0.000000,
        "64" : 0.000000,
        ">=64" : 0.000000
      },
      "iodepth_complete" : {
        "0" : 0.000000,
        "4" : 99.998743,
        "8" : 0.000000,
        "16" : 0.000000,
        "32" : 0.000000,
        "64" : 0.000000,
        ">=64" : 0.100000
      },
      "latency_ns" : {
        "2" : 0.000000,
        "4" : 0.000000,
        "10" : 0.000000,
        "20" : 0.000000,
        "50" : 0.000000,
        "100" : 0.000000,
        "250" : 0.000000,
        "500" : 0.000000,
        "750" : 0.000000,
        "1000" : 0.000000
      },
      "latency_us" : {
        "2" : 0.000000,
        "4" : 0.000000,
        "10" : 0.000000,
        "20" : 0.010000,
        "50" : 0.010000,
        "100" : 0.000000,
        "250" : 0.000000,
        "500" : 0.000000,
        "750" : 0.000000,
        "1000" : 0.000000
      },
      "latency_ms" : {
        "2" : 0.010000,
        "4" : 0.010000,
        "10" : 0.010000,
        "20" : 0.010000,
        "50" : 0.016363,
        "100" : 0.025876,
        "250" : 0.067644,
        "500" : 0.102680,
        "750" : 0.257424,
        "1000" : 87.821120,
        "2000" : 11.696836,
        ">=2000" : 0.000000
      },
      "latency_depth" : 256,
      "latency_target" : 0,
      "latency_percentile" : 100.000000,
      "latency_window" : 0
    }
  ]
}
