{
  "fio version" : "fio-3.27-57-gfaff8",
  "timestamp" : 1628751865,
  "timestamp_ms" : 1628751865945,
  "time" : "Thu Aug 12 07:04:25 2021",
  "global options" : {
    "iodepth" : "32",
    "numjobs" : "16"
  },
  "jobs" : [
    {
      "jobname" : "seq-read",
      "groupid" : 0,
      "error" : 0,
      "eta" : 0,
      "elapsed" : 301,
      "job options" : {
        "bs" : "4K",
        "direct" : "1",
        "ioengine" : "libaio",
        "time_based" : "1",
        "runtime" : "300",
        "size" : "1g",
        "name" : "seq-read",
        "rw" : "read",
        "filename_format" : "$jobname.$jobnum.$filenum"
      },
      "read" : {
        "io_bytes" : 21550166016,
        "io_kbytes" : 21045084,
        "bw_bytes" : 71833407,
        "bw" : 70149,
        "iops" : 17537.453084,
        "runtime" : 300002,
        "total_ios" : 5261271,
        "short_ios" : 0,
        "drop_ios" : 0,
        "slat_ns" : {
          "min" : 408724,
          "max" : 784407957,
          "mean" : 894145.391555,
          "stddev" : 587376.802392,
          "N" : 5261271
        },
        "clat_ns" : {
          "min" : 10570,
          "max" : 198546814,
          "mean" : 28282070.782675,
          "stddev" : 3377474.345971,
          "N" : 5261271,
          "percentile" : {
            "1.000000" : 23986176,
            "5.000000" : 25034752,
            "10.000000" : 25559040,
            "20.000000" : 26083328,
            "30.000000" : 26607616,
            "40.000000" : 27131904,
            "50.000000" : 27656192,
            "60.000000" : 28180480,
            "70.000000" : 28966912,
            "80.000000" : 29753344,
            "90.000000" : 31326208,
            "95.000000" : 33161216,
            "99.000000" : 41156608,
            "99.500000" : 45350912,
            "99.900000" : 56360960,
            "99.950000" : 64749568,
            "99.990000" : 100139008
          }
        },
        "lat_ns" : {
          "min" : 698878,
          "max" : 810569782,
          "mean" : 29178338.728345,
          "stddev" : 3457121.515429,
          "N" : 5261271
        },
        "bw_min" : 52173,
        "bw_max" : 80177,
        "bw_agg" : 100.000000,
        "bw_mean" : 70192.910517,
        "bw_dev" : 233.445896,
        "bw_samples" : 9583,
        "iops_min" : 13042,
        "iops_max" : 20044,
        "iops_mean" : 17548.112836,
        "iops_stddev" : 58.357986,
        "iops_samples" : 9583
      },
      "write" : {
        "io_bytes" : 0,
        "io_kbytes" : 0,
        "bw_bytes" : 0,
        "bw" : 0,
        "iops" : 0.000000,
        "runtime" : 0,
        "total_ios" : 0,
        "short_ios" : 0,
        "drop_ios" : 0,
        "slat_ns" : {
          "min" : 0,
          "max" : 0,
          "mean" : 0.000000,
          "stddev" : 0.000000,
          "N" : 0
        },
        "clat_ns" : {
          "min" : 0,
          "max" : 0,
          "mean" : 0.000000,
          "stddev" : 0.000000,
          "N" : 0
        },
        "lat_ns" : {
          "min" : 0,
          "max" : 0,
          "mean" : 0.000000,
          "stddev" : 0.000000,
          "N" : 0
        },
        "bw_min" : 0,
        "bw_max" : 0,
        "bw_agg" : 0.000000,
        "bw_mean" : 0.000000,
        "bw_dev" : 0.000000,
        "bw_samples" : 0,
        "iops_min" : 0,
        "iops_max" : 0,
        "iops_mean" : 0.000000,
        "iops_stddev" : 0.000000,
        "iops_samples" : 0
      },
      "trim" : {
        "io_bytes" : 0,
        "io_kbytes" : 0,
        "bw_bytes" : 0,
        "bw" : 0,
        "iops" : 0.000000,
        "runtime" : 0,
        "total_ios" : 0,
        "short_ios" : 0,
        "drop_ios" : 0,
        "slat_ns" : {
          "min" : 0,
          "max" : 0,
          "mean" : 0.000000,
          "stddev" : 0.000000,
          "N" : 0
        },
        "clat_ns" : {
          "min" : 0,
          "max" : 0,
          "mean" : 0.000000,
          "stddev" : 0.000000,
          "N" : 0
        },
        "lat_ns" : {
          "min" : 0,
          "max" : 0,
          "mean" : 0.000000,
          "stddev" : 0.000000,
          "N" : 0
        },
        "bw_min" : 0,
        "bw_max" : 0,
        "bw_agg" : 0.000000,
        "bw_mean" : 0.000000,
        "bw_dev" : 0.000000,
        "bw_samples" : 0,
        "iops_min" : 0,
        "iops_max" : 0,
        "iops_mean" : 0.000000,
        "iops_stddev" : 0.000000,
        "iops_samples" : 0
      },
      "sync" : {
        "total_ios" : 0,
        "lat_ns" : {
          "min" : 0,
          "max" : 0,
          "mean" : 0.000000,
          "stddev" : 0.000000,
          "N" : 0
        }
      },
      "job_runtime" : 4800001,
      "usr_cpu" : 2.467270,
      "sys_cpu" : 14.548164,
      "ctx" : 5261887,
      "majf" : 0,
      "minf" : 746,
      "iodepth_level" : {
        "1" : 0.100000,
        "2" : 0.100000,
        "4" : 0.100000,
        "8" : 0.100000,
        "16" : 0.100000,
        "32" : 99.990573,
        ">=64" : 0.000000
      },
      "iodepth_submit" : {
        "0" : 0.000000,
        "4" : 100.000000,
        "8" : 0.000000,
        "16" : 0.000000,
        "32" : 0.000000,
        "64" : 0.000000,
        ">=64" : 0.000000
      },
      "iodepth_complete" : {
        "0" : 0.000000,
        "4" : 99.999696,
        "8" : 0.000000,
        "16" : 0.000000,
        "32" : 0.100000,
        "64" : 0.000000,
        ">=64" : 0.000000
      },
      "latency_ns" : {
        "2" : 0.000000,
        "4" : 0.000000,
        "10" : 0.000000,
        "20" : 0.000000,
        "50" : 0.000000,
        "100" : 0.000000,
        "250" : 0.000000,
        "500" : 0.000000,
        "750" : 0.000000,
        "1000" : 0.000000
      },
      "latency_us" : {
        "2" : 0.000000,
        "4" : 0.000000,
        "10" : 0.000000,
        "20" : 0.010000,
        "50" : 0.010000,
        "100" : 0.000000,
        "250" : 0.000000,
        "500" : 0.000000,
        "750" : 0.010000,
        "1000" : 0.010000
      },
      "latency_ms" : {
        "2" : 0.010000,
        "4" : 0.010000,
        "10" : 0.010000,
        "20" : 0.010000,
        "50" : 99.771842,
        "100" : 0.208486,
        "250" : 0.010000,
        "500" : 0.000000,
        "750" : 0.000000,
        "1000" : 0.000000,
        "2000" : 0.000000,
        ">=2000" : 0.000000
      },
      "latency_depth" : 32,
      "latency_target" : 0,
      "latency_percentile" : 100.000000,
      "latency_window" : 0
    }
  ]
}
