{
  "fio version" : "fio-3.27",
  "timestamp" : 1627025125,
  "timestamp_ms" : 1627025125994,
  "time" : "Fri Jul 23 09:25:25 2021",
  "jobs" : [
    {
      "jobname" : "randrw",
      "groupid" : 0,
      "error" : 0,
      "eta" : 0,
      "elapsed" : 301,
      "job options" : {
        "bs" : "4K",
        "iodepth" : "256",
        "direct" : "0",
        "ioengine" : "libaio",
        "time_based" : "1",
        "runtime" : "300",
        "numjobs" : "1",
        "size" : "1g",
        "name" : "randrw",
        "rw" : "randrw",
        "directory" : "/scratch/snx2000/ccocha/randrw/128_node",
        "filename_format" : "$jobname.73.$jobnum.$filenum"
      },
      "read" : {
        "io_bytes" : 79441920,
        "io_kbytes" : 77580,
        "bw_bytes" : 264795,
        "bw" : 258,
        "iops" : 64.647414,
        "runtime" : 300012,
        "total_ios" : 19395,
        "short_ios" : 0,
        "drop_ios" : 0,
        "slat_ns" : {
          "min" : 470153,
          "max" : 1079984813,
          "mean" : 15336261.213509,
          "stddev" : 37278040.220831,
          "N" : 19395
        },
        "clat_ns" : {
          "min" : 26530,
          "max" : 13029985125,
          "mean" : 1969948729.341265,
          "stddev" : 1253120852.393693,
          "N" : 19395,
          "percentile" : {
            "1.000000" : 658505728,
            "5.000000" : 717225984,
            "10.000000" : 784334848,
            "20.000000" : 1132462080,
            "30.000000" : 1434451968,
            "40.000000" : 1619001344,
            "50.000000" : 1786773504,
            "60.000000" : 1988100096,
            "70.000000" : 2231369728,
            "80.000000" : 2533359616,
            "90.000000" : 2969567232,
            "95.000000" : 3506438144,
            "99.000000" : 6408896512,
            "99.500000" : 12817793024,
            "99.900000" : 12952010752,
            "99.950000" : 12952010752,
            "99.990000" : 13086228480
          }
        },
        "lat_ns" : {
          "min" : 39193755,
          "max" : 13035616768,
          "mean" : 1985287243.639294,
          "stddev" : 1257526567.858536,
          "N" : 19395
        },
        "bw_min" : 8,
        "bw_max" : 840,
        "bw_agg" : 100.000000,
        "bw_mean" : 266.532872,
        "bw_dev" : 177.248779,
        "bw_samples" : 578,
        "iops_min" : 2,
        "iops_max" : 210,
        "iops_mean" : 66.633218,
        "iops_stddev" : 44.312195,
        "iops_samples" : 578
      },
      "write" : {
        "io_bytes" : 79527936,
        "io_kbytes" : 77664,
        "bw_bytes" : 265082,
        "bw" : 258,
        "iops" : 64.717411,
        "runtime" : 300012,
        "total_ios" : 19416,
        "short_ios" : 0,
        "drop_ios" : 0,
        "slat_ns" : {
          "min" : 75850,
          "max" : 905236,
          "mean" : 101475.336218,
          "stddev" : 36729.314822,
          "N" : 19416
        },
        "clat_ns" : {
          "min" : 39203645,
          "max" : 13029854664,
          "mean" : 1967604640.143129,
          "stddev" : 1226907141.429665,
          "N" : 19416,
          "percentile" : {
            "1.000000" : 658505728,
            "5.000000" : 717225984,
            "10.000000" : 784334848,
            "20.000000" : 1132462080,
            "30.000000" : 1434451968,
            "40.000000" : 1619001344,
            "50.000000" : 1786773504,
            "60.000000" : 1988100096,
            "70.000000" : 2231369728,
            "80.000000" : 2533359616,
            "90.000000" : 2969567232,
            "95.000000" : 3506438144,
            "99.000000" : 6408896512,
            "99.500000" : 8556380160,
            "99.900000" : 12952010752,
            "99.950000" : 12952010752,
            "99.990000" : 13086228480
          }
        },
        "lat_ns" : {
          "min" : 39283955,
          "max" : 13030111505,
          "mean" : 1967707228.874692,
          "stddev" : 1226908235.997372,
          "N" : 19416
        },
        "bw_min" : 8,
        "bw_max" : 840,
        "bw_agg" : 100.000000,
        "bw_mean" : 268.034783,
        "bw_dev" : 178.032527,
        "bw_samples" : 575,
        "iops_min" : 2,
        "iops_max" : 210,
        "iops_mean" : 67.008696,
        "iops_stddev" : 44.508132,
        "iops_samples" : 575
      },
      "trim" : {
        "io_bytes" : 0,
        "io_kbytes" : 0,
        "bw_bytes" : 0,
        "bw" : 0,
        "iops" : 0.000000,
        "runtime" : 0,
        "total_ios" : 0,
        "short_ios" : 0,
        "drop_ios" : 0,
        "slat_ns" : {
          "min" : 0,
          "max" : 0,
          "mean" : 0.000000,
          "stddev" : 0.000000,
          "N" : 0
        },
        "clat_ns" : {
          "min" : 0,
          "max" : 0,
          "mean" : 0.000000,
          "stddev" : 0.000000,
          "N" : 0
        },
        "lat_ns" : {
          "min" : 0,
          "max" : 0,
          "mean" : 0.000000,
          "stddev" : 0.000000,
          "N" : 0
        },
        "bw_min" : 0,
        "bw_max" : 0,
        "bw_agg" : 0.000000,
        "bw_mean" : 0.000000,
        "bw_dev" : 0.000000,
        "bw_samples" : 0,
        "iops_min" : 0,
        "iops_max" : 0,
        "iops_mean" : 0.000000,
        "iops_stddev" : 0.000000,
        "iops_samples" : 0
      },
      "sync" : {
        "total_ios" : 0,
        "lat_ns" : {
          "min" : 0,
          "max" : 0,
          "mean" : 0.000000,
          "stddev" : 0.000000,
          "N" : 0
        }
      },
      "job_runtime" : 300011,
      "usr_cpu" : 0.226658,
      "sys_cpu" : 1.517944,
      "ctx" : 19408,
      "majf" : 0,
      "minf" : 43,
      "iodepth_level" : {
        "1" : 0.100000,
        "2" : 0.100000,
        "4" : 0.100000,
        "8" : 0.100000,
        "16" : 0.100000,
        "32" : 0.100000,
        ">=64" : 99.837675
      },
      "iodepth_submit" : {
        "0" : 0.000000,
        "4" : 100.000000,
        "8" : 0.000000,
        "16" : 0.000000,
        "32" : 0.000000,
        "64" : 0.000000,
        ">=64" : 0.000000
      },
      "iodepth_complete" : {
        "0" : 0.000000,
        "4" : 99.997406,
        "8" : 0.000000,
        "16" : 0.000000,
        "32" : 0.000000,
        "64" : 0.000000,
        ">=64" : 0.100000
      },
      "latency_ns" : {
        "2" : 0.000000,
        "4" : 0.000000,
        "10" : 0.000000,
        "20" : 0.000000,
        "50" : 0.000000,
        "100" : 0.000000,
        "250" : 0.000000,
        "500" : 0.000000,
        "750" : 0.000000,
        "1000" : 0.000000
      },
      "latency_us" : {
        "2" : 0.000000,
        "4" : 0.000000,
        "10" : 0.000000,
        "20" : 0.000000,
        "50" : 0.010000,
        "100" : 0.000000,
        "250" : 0.000000,
        "500" : 0.000000,
        "750" : 0.000000,
        "1000" : 0.000000
      },
      "latency_ms" : {
        "2" : 0.000000,
        "4" : 0.000000,
        "10" : 0.000000,
        "20" : 0.000000,
        "50" : 0.015460,
        "100" : 0.028342,
        "250" : 0.010306,
        "500" : 0.087604,
        "750" : 7.652470,
        "1000" : 8.698565,
        "2000" : 43.982376,
        ">=2000" : 39.522300
      },
      "latency_depth" : 256,
      "latency_target" : 0,
      "latency_percentile" : 100.000000,
      "latency_window" : 0
    }
  ]
}
