{
  "fio version" : "fio-3.27",
  "timestamp" : 1627438611,
  "timestamp_ms" : 1627438611512,
  "time" : "Wed Jul 28 04:16:51 2021",
  "jobs" : [
    {
      "jobname" : "seq-read",
      "groupid" : 0,
      "error" : 0,
      "eta" : 0,
      "elapsed" : 301,
      "job options" : {
        "bs" : "4K",
        "iodepth" : "256",
        "direct" : "1",
        "ioengine" : "libaio",
        "time_based" : "1",
        "runtime" : "300",
        "numjobs" : "16",
        "size" : "1g",
        "name" : "seq-read",
        "rw" : "read",
        "directory" : "/scratch/snx2000/ccocha/seqread/150_node/",
        "filename_format" : "$jobname.25.$jobnum.$filenum"
      },
      "read" : {
        "io_bytes" : 4392759296,
        "io_kbytes" : 4289804,
        "bw_bytes" : 14642286,
        "bw" : 14299,
        "iops" : 3574.777087,
        "runtime" : 300005,
        "total_ios" : 1072451,
        "short_ios" : 0,
        "drop_ios" : 0,
        "slat_ns" : {
          "min" : 579778,
          "max" : 230104732,
          "mean" : 4453920.914929,
          "stddev" : 2304967.456924,
          "N" : 1072451
        },
        "clat_ns" : {
          "min" : 12930,
          "max" : 2029119303,
          "mean" : 1139508485.332798,
          "stddev" : 98764143.322800,
          "N" : 1072451,
          "percentile" : {
            "1.000000" : 994050048,
            "5.000000" : 1035993088,
            "10.000000" : 1061158912,
            "20.000000" : 1082130432,
            "30.000000" : 1098907648,
            "40.000000" : 1115684864,
            "50.000000" : 1132462080,
            "60.000000" : 1149239296,
            "70.000000" : 1166016512,
            "80.000000" : 1182793728,
            "90.000000" : 1233125376,
            "95.000000" : 1300234240,
            "99.000000" : 1468006400,
            "99.500000" : 1551892480,
            "99.900000" : 1686110208,
            "99.950000" : 1719664640,
            "99.990000" : 2021654528
          }
        },
        "lat_ns" : {
          "min" : 1773116,
          "max" : 2033588718,
          "mean" : 1143965368.646556,
          "stddev" : 99012058.595516,
          "N" : 1072451
        },
        "bw_min" : 2928,
        "bw_max" : 17928,
        "bw_agg" : 99.859380,
        "bw_mean" : 14279.345560,
        "bw_dev" : 91.133677,
        "bw_samples" : 9560,
        "iops_min" : 732,
        "iops_max" : 4480,
        "iops_mean" : 3568.894568,
        "iops_stddev" : 22.778298,
        "iops_samples" : 9560
      },
      "write" : {
        "io_bytes" : 0,
        "io_kbytes" : 0,
        "bw_bytes" : 0,
        "bw" : 0,
        "iops" : 0.000000,
        "runtime" : 0,
        "total_ios" : 0,
        "short_ios" : 0,
        "drop_ios" : 0,
        "slat_ns" : {
          "min" : 0,
          "max" : 0,
          "mean" : 0.000000,
          "stddev" : 0.000000,
          "N" : 0
        },
        "clat_ns" : {
          "min" : 0,
          "max" : 0,
          "mean" : 0.000000,
          "stddev" : 0.000000,
          "N" : 0
        },
        "lat_ns" : {
          "min" : 0,
          "max" : 0,
          "mean" : 0.000000,
          "stddev" : 0.000000,
          "N" : 0
        },
        "bw_min" : 0,
        "bw_max" : 0,
        "bw_agg" : 0.000000,
        "bw_mean" : 0.000000,
        "bw_dev" : 0.000000,
        "bw_samples" : 0,
        "iops_min" : 0,
        "iops_max" : 0,
        "iops_mean" : 0.000000,
        "iops_stddev" : 0.000000,
        "iops_samples" : 0
      },
      "trim" : {
        "io_bytes" : 0,
        "io_kbytes" : 0,
        "bw_bytes" : 0,
        "bw" : 0,
        "iops" : 0.000000,
        "runtime" : 0,
        "total_ios" : 0,
        "short_ios" : 0,
        "drop_ios" : 0,
        "slat_ns" : {
          "min" : 0,
          "max" : 0,
          "mean" : 0.000000,
          "stddev" : 0.000000,
          "N" : 0
        },
        "clat_ns" : {
          "min" : 0,
          "max" : 0,
          "mean" : 0.000000,
          "stddev" : 0.000000,
          "N" : 0
        },
        "lat_ns" : {
          "min" : 0,
          "max" : 0,
          "mean" : 0.000000,
          "stddev" : 0.000000,
          "N" : 0
        },
        "bw_min" : 0,
        "bw_max" : 0,
        "bw_agg" : 0.000000,
        "bw_mean" : 0.000000,
        "bw_dev" : 0.000000,
        "bw_samples" : 0,
        "iops_min" : 0,
        "iops_max" : 0,
        "iops_mean" : 0.000000,
        "iops_stddev" : 0.000000,
        "iops_samples" : 0
      },
      "sync" : {
        "total_ios" : 0,
        "lat_ns" : {
          "min" : 0,
          "max" : 0,
          "mean" : 0.000000,
          "stddev" : 0.000000,
          "N" : 0
        }
      },
      "job_runtime" : 4800015,
      "usr_cpu" : 0.551686,
      "sys_cpu" : 3.580218,
      "ctx" : 1072634,
      "majf" : 0,
      "minf" : 4735,
      "iodepth_level" : {
        "1" : 0.100000,
        "2" : 0.100000,
        "4" : 0.100000,
        "8" : 0.100000,
        "16" : 0.100000,
        "32" : 0.100000,
        ">=64" : 99.906010
      },
      "iodepth_submit" : {
        "0" : 0.000000,
        "4" : 100.000000,
        "8" : 0.000000,
        "16" : 0.000000,
        "32" : 0.000000,
        "64" : 0.000000,
        ">=64" : 0.000000
      },
      "iodepth_complete" : {
        "0" : 0.000000,
        "4" : 99.998502,
        "8" : 0.000000,
        "16" : 0.000000,
        "32" : 0.000000,
        "64" : 0.000000,
        ">=64" : 0.100000
      },
      "latency_ns" : {
        "2" : 0.000000,
        "4" : 0.000000,
        "10" : 0.000000,
        "20" : 0.000000,
        "50" : 0.000000,
        "100" : 0.000000,
        "250" : 0.000000,
        "500" : 0.000000,
        "750" : 0.000000,
        "1000" : 0.000000
      },
      "latency_us" : {
        "2" : 0.000000,
        "4" : 0.000000,
        "10" : 0.000000,
        "20" : 0.010000,
        "50" : 0.010000,
        "100" : 0.000000,
        "250" : 0.000000,
        "500" : 0.000000,
        "750" : 0.000000,
        "1000" : 0.000000
      },
      "latency_ms" : {
        "2" : 0.010000,
        "4" : 0.010000,
        "10" : 0.010000,
        "20" : 0.010000,
        "50" : 0.016877,
        "100" : 0.025362,
        "250" : 0.063126,
        "500" : 0.089048,
        "750" : 0.085785,
        "1000" : 1.012913,
        "2000" : 98.679007,
        ">=2000" : 0.014919
      },
      "latency_depth" : 256,
      "latency_target" : 0,
      "latency_percentile" : 100.000000,
      "latency_window" : 0
    }
  ]
}
