{
  "fio version" : "fio-3.27",
  "timestamp" : 1627433305,
  "timestamp_ms" : 1627433305847,
  "time" : "Wed Jul 28 02:48:25 2021",
  "jobs" : [
    {
      "jobname" : "seq-read",
      "groupid" : 0,
      "error" : 0,
      "eta" : 0,
      "elapsed" : 301,
      "job options" : {
        "bs" : "4K",
        "iodepth" : "256",
        "direct" : "1",
        "ioengine" : "libaio",
        "time_based" : "1",
        "runtime" : "300",
        "numjobs" : "1",
        "size" : "1g",
        "name" : "seq-read",
        "rw" : "read",
        "directory" : "/scratch/snx2000/ccocha/seqread/128_node/",
        "filename_format" : "$jobname.58.$jobnum.$filenum"
      },
      "read" : {
        "io_bytes" : 1947365376,
        "io_kbytes" : 1901724,
        "bw_bytes" : 6491196,
        "bw" : 6339,
        "iops" : 1584.764717,
        "runtime" : 300001,
        "total_ios" : 475431,
        "short_ios" : 0,
        "drop_ios" : 0,
        "slat_ns" : {
          "min" : 364090,
          "max" : 412074706,
          "mean" : 618095.459676,
          "stddev" : 1177306.001149,
          "N" : 475431
        },
        "clat_ns" : {
          "min" : 11820,
          "max" : 607366803,
          "mean" : 160851214.005906,
          "stddev" : 30936563.809750,
          "N" : 475431,
          "percentile" : {
            "1.000000" : 127401984,
            "5.000000" : 132644864,
            "10.000000" : 135266304,
            "20.000000" : 139460608,
            "30.000000" : 143654912,
            "40.000000" : 147849216,
            "50.000000" : 152043520,
            "60.000000" : 158334976,
            "70.000000" : 164626432,
            "80.000000" : 175112192,
            "90.000000" : 198180864,
            "95.000000" : 219152384,
            "99.000000" : 270532608,
            "99.500000" : 295698432,
            "99.900000" : 375390208,
            "99.950000" : 574619648,
            "99.990000" : 608174080
          }
        },
        "lat_ns" : {
          "min" : 472340,
          "max" : 607986613,
          "mean" : 161470941.731475,
          "stddev" : 31007344.234168,
          "N" : 475431
        },
        "bw_min" : 1536,
        "bw_max" : 7896,
        "bw_agg" : 99.999076,
        "bw_mean" : 6339.427379,
        "bw_dev" : 710.740864,
        "bw_samples" : 599,
        "iops_min" : 384,
        "iops_max" : 1974,
        "iops_mean" : 1584.819699,
        "iops_stddev" : 177.693728,
        "iops_samples" : 599
      },
      "write" : {
        "io_bytes" : 0,
        "io_kbytes" : 0,
        "bw_bytes" : 0,
        "bw" : 0,
        "iops" : 0.000000,
        "runtime" : 0,
        "total_ios" : 0,
        "short_ios" : 0,
        "drop_ios" : 0,
        "slat_ns" : {
          "min" : 0,
          "max" : 0,
          "mean" : 0.000000,
          "stddev" : 0.000000,
          "N" : 0
        },
        "clat_ns" : {
          "min" : 0,
          "max" : 0,
          "mean" : 0.000000,
          "stddev" : 0.000000,
          "N" : 0
        },
        "lat_ns" : {
          "min" : 0,
          "max" : 0,
          "mean" : 0.000000,
          "stddev" : 0.000000,
          "N" : 0
        },
        "bw_min" : 0,
        "bw_max" : 0,
        "bw_agg" : 0.000000,
        "bw_mean" : 0.000000,
        "bw_dev" : 0.000000,
        "bw_samples" : 0,
        "iops_min" : 0,
        "iops_max" : 0,
        "iops_mean" : 0.000000,
        "iops_stddev" : 0.000000,
        "iops_samples" : 0
      },
      "trim" : {
        "io_bytes" : 0,
        "io_kbytes" : 0,
        "bw_bytes" : 0,
        "bw" : 0,
        "iops" : 0.000000,
        "runtime" : 0,
        "total_ios" : 0,
        "short_ios" : 0,
        "drop_ios" : 0,
        "slat_ns" : {
          "min" : 0,
          "max" : 0,
          "mean" : 0.000000,
          "stddev" : 0.000000,
          "N" : 0
        },
        "clat_ns" : {
          "min" : 0,
          "max" : 0,
          "mean" : 0.000000,
          "stddev" : 0.000000,
          "N" : 0
        },
        "lat_ns" : {
          "min" : 0,
          "max" : 0,
          "mean" : 0.000000,
          "stddev" : 0.000000,
          "N" : 0
        },
        "bw_min" : 0,
        "bw_max" : 0,
        "bw_agg" : 0.000000,
        "bw_mean" : 0.000000,
        "bw_dev" : 0.000000,
        "bw_samples" : 0,
        "iops_min" : 0,
        "iops_max" : 0,
        "iops_mean" : 0.000000,
        "iops_stddev" : 0.000000,
        "iops_samples" : 0
      },
      "sync" : {
        "total_ios" : 0,
        "lat_ns" : {
          "min" : 0,
          "max" : 0,
          "mean" : 0.000000,
          "stddev" : 0.000000,
          "N" : 0
        }
      },
      "job_runtime" : 300000,
      "usr_cpu" : 2.113000,
      "sys_cpu" : 16.560667,
      "ctx" : 475466,
      "majf" : 0,
      "minf" : 295,
      "iodepth_level" : {
        "1" : 0.100000,
        "2" : 0.100000,
        "4" : 0.100000,
        "8" : 0.100000,
        "16" : 0.100000,
        "32" : 0.100000,
        ">=64" : 99.986749
      },
      "iodepth_submit" : {
        "0" : 0.000000,
        "4" : 100.000000,
        "8" : 0.000000,
        "16" : 0.000000,
        "32" : 0.000000,
        "64" : 0.000000,
        ">=64" : 0.000000
      },
      "iodepth_complete" : {
        "0" : 0.000000,
        "4" : 99.999790,
        "8" : 0.000000,
        "16" : 0.000000,
        "32" : 0.000000,
        "64" : 0.000000,
        ">=64" : 0.100000
      },
      "latency_ns" : {
        "2" : 0.000000,
        "4" : 0.000000,
        "10" : 0.000000,
        "20" : 0.000000,
        "50" : 0.000000,
        "100" : 0.000000,
        "250" : 0.000000,
        "500" : 0.000000,
        "750" : 0.000000,
        "1000" : 0.000000
      },
      "latency_us" : {
        "2" : 0.000000,
        "4" : 0.000000,
        "10" : 0.000000,
        "20" : 0.010000,
        "50" : 0.000000,
        "100" : 0.000000,
        "250" : 0.000000,
        "500" : 0.010000,
        "750" : 0.000000,
        "1000" : 0.000000
      },
      "latency_ms" : {
        "2" : 0.010000,
        "4" : 0.010000,
        "10" : 0.000000,
        "20" : 0.010000,
        "50" : 0.000000,
        "100" : 0.010000,
        "250" : 97.931561,
        "500" : 2.003866,
        "750" : 0.053636,
        "1000" : 0.000000,
        "2000" : 0.000000,
        ">=2000" : 0.000000
      },
      "latency_depth" : 256,
      "latency_target" : 0,
      "latency_percentile" : 100.000000,
      "latency_window" : 0
    }
  ]
}
