{
  "fio version" : "fio-3.27",
  "timestamp" : 1627430356,
  "timestamp_ms" : 1627430356375,
  "time" : "Wed Jul 28 01:59:16 2021",
  "jobs" : [
    {
      "jobname" : "seq-read",
      "groupid" : 0,
      "error" : 0,
      "eta" : 0,
      "elapsed" : 301,
      "job options" : {
        "bs" : "4K",
        "iodepth" : "256",
        "direct" : "1",
        "ioengine" : "libaio",
        "time_based" : "1",
        "runtime" : "300",
        "numjobs" : "4",
        "size" : "1g",
        "name" : "seq-read",
        "rw" : "read",
        "directory" : "/scratch/snx2000/ccocha/seqread/96_node/",
        "filename_format" : "$jobname.3.$jobnum.$filenum"
      },
      "read" : {
        "io_bytes" : 6258585600,
        "io_kbytes" : 6111900,
        "bw_bytes" : 20861465,
        "bw" : 20372,
        "iops" : 5093.131160,
        "runtime" : 300007,
        "total_ios" : 1527975,
        "short_ios" : 0,
        "drop_ios" : 0,
        "slat_ns" : {
          "min" : 372615,
          "max" : 171348658,
          "mean" : 770424.480810,
          "stddev" : 1073013.350985,
          "N" : 1527975
        },
        "clat_ns" : {
          "min" : 11720,
          "max" : 451510870,
          "mean" : 200175217.726941,
          "stddev" : 28459705.795997,
          "N" : 1527975,
          "percentile" : {
            "1.000000" : 164626432,
            "5.000000" : 168820736,
            "10.000000" : 173015040,
            "20.000000" : 179306496,
            "30.000000" : 183500800,
            "40.000000" : 187695104,
            "50.000000" : 193986560,
            "60.000000" : 198180864,
            "70.000000" : 206569472,
            "80.000000" : 217055232,
            "90.000000" : 238026752,
            "95.000000" : 254803968,
            "99.000000" : 299892736,
            "99.500000" : 316669952,
            "99.900000" : 371195904,
            "99.950000" : 383778816,
            "99.990000" : 429916160
          }
        },
        "lat_ns" : {
          "min" : 475565,
          "max" : 452307099,
          "mean" : 200947430.258232,
          "stddev" : 28526007.200118,
          "N" : 1527975
        },
        "bw_min" : 8136,
        "bw_max" : 24504,
        "bw_agg" : 99.967974,
        "bw_mean" : 20366.921536,
        "bw_dev" : 487.955139,
        "bw_samples" : 2396,
        "iops_min" : 2034,
        "iops_max" : 6126,
        "iops_mean" : 5091.512521,
        "iops_stddev" : 121.971386,
        "iops_samples" : 2396
      },
      "write" : {
        "io_bytes" : 0,
        "io_kbytes" : 0,
        "bw_bytes" : 0,
        "bw" : 0,
        "iops" : 0.000000,
        "runtime" : 0,
        "total_ios" : 0,
        "short_ios" : 0,
        "drop_ios" : 0,
        "slat_ns" : {
          "min" : 0,
          "max" : 0,
          "mean" : 0.000000,
          "stddev" : 0.000000,
          "N" : 0
        },
        "clat_ns" : {
          "min" : 0,
          "max" : 0,
          "mean" : 0.000000,
          "stddev" : 0.000000,
          "N" : 0
        },
        "lat_ns" : {
          "min" : 0,
          "max" : 0,
          "mean" : 0.000000,
          "stddev" : 0.000000,
          "N" : 0
        },
        "bw_min" : 0,
        "bw_max" : 0,
        "bw_agg" : 0.000000,
        "bw_mean" : 0.000000,
        "bw_dev" : 0.000000,
        "bw_samples" : 0,
        "iops_min" : 0,
        "iops_max" : 0,
        "iops_mean" : 0.000000,
        "iops_stddev" : 0.000000,
        "iops_samples" : 0
      },
      "trim" : {
        "io_bytes" : 0,
        "io_kbytes" : 0,
        "bw_bytes" : 0,
        "bw" : 0,
        "iops" : 0.000000,
        "runtime" : 0,
        "total_ios" : 0,
        "short_ios" : 0,
        "drop_ios" : 0,
        "slat_ns" : {
          "min" : 0,
          "max" : 0,
          "mean" : 0.000000,
          "stddev" : 0.000000,
          "N" : 0
        },
        "clat_ns" : {
          "min" : 0,
          "max" : 0,
          "mean" : 0.000000,
          "stddev" : 0.000000,
          "N" : 0
        },
        "lat_ns" : {
          "min" : 0,
          "max" : 0,
          "mean" : 0.000000,
          "stddev" : 0.000000,
          "N" : 0
        },
        "bw_min" : 0,
        "bw_max" : 0,
        "bw_agg" : 0.000000,
        "bw_mean" : 0.000000,
        "bw_dev" : 0.000000,
        "bw_samples" : 0,
        "iops_min" : 0,
        "iops_max" : 0,
        "iops_mean" : 0.000000,
        "iops_stddev" : 0.000000,
        "iops_samples" : 0
      },
      "sync" : {
        "total_ios" : 0,
        "lat_ns" : {
          "min" : 0,
          "max" : 0,
          "mean" : 0.000000,
          "stddev" : 0.000000,
          "N" : 0
        }
      },
      "job_runtime" : 1200011,
      "usr_cpu" : 2.101647,
      "sys_cpu" : 14.472117,
      "ctx" : 1528089,
      "majf" : 0,
      "minf" : 1182,
      "iodepth_level" : {
        "1" : 0.100000,
        "2" : 0.100000,
        "4" : 0.100000,
        "8" : 0.100000,
        "16" : 0.100000,
        "32" : 0.100000,
        ">=64" : 99.983508
      },
      "iodepth_submit" : {
        "0" : 0.000000,
        "4" : 100.000000,
        "8" : 0.000000,
        "16" : 0.000000,
        "32" : 0.000000,
        "64" : 0.000000,
        ">=64" : 0.000000
      },
      "iodepth_complete" : {
        "0" : 0.000000,
        "4" : 99.999738,
        "8" : 0.000000,
        "16" : 0.000000,
        "32" : 0.000000,
        "64" : 0.000000,
        ">=64" : 0.100000
      },
      "latency_ns" : {
        "2" : 0.000000,
        "4" : 0.000000,
        "10" : 0.000000,
        "20" : 0.000000,
        "50" : 0.000000,
        "100" : 0.000000,
        "250" : 0.000000,
        "500" : 0.000000,
        "750" : 0.000000,
        "1000" : 0.000000
      },
      "latency_us" : {
        "2" : 0.000000,
        "4" : 0.000000,
        "10" : 0.000000,
        "20" : 0.010000,
        "50" : 0.010000,
        "100" : 0.000000,
        "250" : 0.000000,
        "500" : 0.010000,
        "750" : 0.000000,
        "1000" : 0.000000
      },
      "latency_ms" : {
        "2" : 0.010000,
        "4" : 0.010000,
        "10" : 0.010000,
        "20" : 0.010000,
        "50" : 0.011388,
        "100" : 0.018390,
        "250" : 93.792503,
        "500" : 6.171698,
        "750" : 0.000000,
        "1000" : 0.000000,
        "2000" : 0.000000,
        ">=2000" : 0.000000
      },
      "latency_depth" : 256,
      "latency_target" : 0,
      "latency_percentile" : 100.000000,
      "latency_window" : 0
    }
  ]
}
