{
  "fio version" : "fio-3.27",
  "timestamp" : 1627031993,
  "timestamp_ms" : 1627031993728,
  "time" : "Fri Jul 23 11:19:53 2021",
  "jobs" : [
    {
      "jobname" : "randrw",
      "groupid" : 0,
      "error" : 0,
      "eta" : 0,
      "elapsed" : 303,
      "job options" : {
        "bs" : "4K",
        "iodepth" : "256",
        "direct" : "0",
        "ioengine" : "libaio",
        "time_based" : "1",
        "runtime" : "300",
        "numjobs" : "64",
        "size" : "1g",
        "name" : "randrw",
        "rw" : "randrw",
        "directory" : "/scratch/snx2000/ccocha/randrw/150_node",
        "filename_format" : "$jobname.116.$jobnum.$filenum"
      },
      "read" : {
        "io_bytes" : 64614400,
        "io_kbytes" : 63100,
        "bw_bytes" : 214138,
        "bw" : 209,
        "iops" : 52.279935,
        "runtime" : 301741,
        "total_ios" : 15775,
        "short_ios" : 0,
        "drop_ios" : 0,
        "slat_ns" : {
          "min" : 36047482,
          "max" : 89868813317,
          "mean" : 1220119417.975911,
          "stddev" : 3694919285.393273,
          "N" : 15775
        },
        "clat_ns" : {
          "min" : 20630,
          "max" : 298475388094,
          "mean" : 131380896841.076065,
          "stddev" : 64642036228.439812,
          "N" : 15775,
          "percentile" : {
            "1.000000" : 3305111552,
            "5.000000" : 17112760320,
            "10.000000" : 17112760320,
            "20.000000" : 17112760320,
            "30.000000" : 17112760320,
            "40.000000" : 17112760320,
            "50.000000" : 17112760320,
            "60.000000" : 17112760320,
            "70.000000" : 17112760320,
            "80.000000" : 17112760320,
            "90.000000" : 17112760320,
            "95.000000" : 17112760320,
            "99.000000" : 17112760320,
            "99.500000" : 17112760320,
            "99.900000" : 17112760320,
            "99.950000" : 17112760320,
            "99.990000" : 17112760320
          }
        },
        "lat_ns" : {
          "min" : 1021250291,
          "max" : 298620556573,
          "mean" : 132601020492.599472,
          "stddev" : 64574248650.529541,
          "N" : 15775
        },
        "bw_min" : 512,
        "bw_max" : 2408,
        "bw_agg" : 100.000000,
        "bw_mean" : 773.404018,
        "bw_dev" : 6.772834,
        "bw_samples" : 5016,
        "iops_min" : 128,
        "iops_max" : 602,
        "iops_mean" : 193.351004,
        "iops_stddev" : 1.693208,
        "iops_samples" : 5016
      },
      "write" : {
        "io_bytes" : 64294912,
        "io_kbytes" : 62788,
        "bw_bytes" : 213079,
        "bw" : 208,
        "iops" : 52.021436,
        "runtime" : 301741,
        "total_ios" : 15697,
        "short_ios" : 0,
        "drop_ios" : 0,
        "slat_ns" : {
          "min" : 75640,
          "max" : 2125120,
          "mean" : 133377.026374,
          "stddev" : 85547.795830,
          "N" : 15697
        },
        "clat_ns" : {
          "min" : 1038230397,
          "max" : 298620547493,
          "mean" : 131347953515.606171,
          "stddev" : 63903369562.196648,
          "N" : 15697,
          "percentile" : {
            "1.000000" : 4596957184,
            "5.000000" : 17112760320,
            "10.000000" : 17112760320,
            "20.000000" : 17112760320,
            "30.000000" : 17112760320,
            "40.000000" : 17112760320,
            "50.000000" : 17112760320,
            "60.000000" : 17112760320,
            "70.000000" : 17112760320,
            "80.000000" : 17112760320,
            "90.000000" : 17112760320,
            "95.000000" : 17112760320,
            "99.000000" : 17112760320,
            "99.500000" : 17112760320,
            "99.900000" : 17112760320,
            "99.950000" : 17112760320,
            "99.990000" : 17112760320
          }
        },
        "lat_ns" : {
          "min" : 1038328547,
          "max" : 298620729923,
          "mean" : 131348088188.017715,
          "stddev" : 63903368898.091713,
          "N" : 15697
        },
        "bw_min" : 512,
        "bw_max" : 2520,
        "bw_agg" : 100.000000,
        "bw_mean" : 766.664787,
        "bw_dev" : 7.023372,
        "bw_samples" : 5011,
        "iops_min" : 128,
        "iops_max" : 630,
        "iops_mean" : 191.666197,
        "iops_stddev" : 1.755843,
        "iops_samples" : 5011
      },
      "trim" : {
        "io_bytes" : 0,
        "io_kbytes" : 0,
        "bw_bytes" : 0,
        "bw" : 0,
        "iops" : 0.000000,
        "runtime" : 0,
        "total_ios" : 0,
        "short_ios" : 0,
        "drop_ios" : 0,
        "slat_ns" : {
          "min" : 0,
          "max" : 0,
          "mean" : 0.000000,
          "stddev" : 0.000000,
          "N" : 0
        },
        "clat_ns" : {
          "min" : 0,
          "max" : 0,
          "mean" : 0.000000,
          "stddev" : 0.000000,
          "N" : 0
        },
        "lat_ns" : {
          "min" : 0,
          "max" : 0,
          "mean" : 0.000000,
          "stddev" : 0.000000,
          "N" : 0
        },
        "bw_min" : 0,
        "bw_max" : 0,
        "bw_agg" : 0.000000,
        "bw_mean" : 0.000000,
        "bw_dev" : 0.000000,
        "bw_samples" : 0,
        "iops_min" : 0,
        "iops_max" : 0,
        "iops_mean" : 0.000000,
        "iops_stddev" : 0.000000,
        "iops_samples" : 0
      },
      "sync" : {
        "total_ios" : 0,
        "lat_ns" : {
          "min" : 0,
          "max" : 0,
          "mean" : 0.000000,
          "stddev" : 0.000000,
          "N" : 0
        }
      },
      "job_runtime" : 19250622,
      "usr_cpu" : 0.003314,
      "sys_cpu" : 0.027277,
      "ctx" : 16389,
      "majf" : 0,
      "minf" : 2600,
      "iodepth_level" : {
        "1" : 0.203355,
        "2" : 0.406711,
        "4" : 0.813421,
        "8" : 1.626843,
        "16" : 3.253686,
        "32" : 6.507372,
        ">=64" : 87.188612
      },
      "iodepth_submit" : {
        "0" : 0.000000,
        "4" : 100.000000,
        "8" : 0.000000,
        "16" : 0.000000,
        "32" : 0.000000,
        "64" : 0.000000,
        ">=64" : 0.000000
      },
      "iodepth_complete" : {
        "0" : 0.000000,
        "4" : 99.579390,
        "8" : 0.000000,
        "16" : 0.000000,
        "32" : 0.000000,
        "64" : 0.000000,
        ">=64" : 0.420610
      },
      "latency_ns" : {
        "2" : 0.000000,
        "4" : 0.000000,
        "10" : 0.000000,
        "20" : 0.000000,
        "50" : 0.000000,
        "100" : 0.000000,
        "250" : 0.000000,
        "500" : 0.000000,
        "750" : 0.000000,
        "1000" : 0.000000
      },
      "latency_us" : {
        "2" : 0.000000,
        "4" : 0.000000,
        "10" : 0.000000,
        "20" : 0.000000,
        "50" : 0.203355,
        "100" : 0.000000,
        "250" : 0.000000,
        "500" : 0.000000,
        "750" : 0.000000,
        "1000" : 0.000000
      },
      "latency_ms" : {
        "2" : 0.000000,
        "4" : 0.000000,
        "10" : 0.000000,
        "20" : 0.000000,
        "50" : 0.000000,
        "100" : 0.000000,
        "250" : 0.000000,
        "500" : 0.000000,
        "750" : 0.000000,
        "1000" : 0.000000,
        "2000" : 0.225597,
        ">=2000" : 99.571047
      },
      "latency_depth" : 256,
      "latency_target" : 0,
      "latency_percentile" : 100.000000,
      "latency_window" : 0
    }
  ]
}
