{
  "fio version" : "fio-3.27",
  "timestamp" : 1627029449,
  "timestamp_ms" : 1627029449109,
  "time" : "Fri Jul 23 10:37:29 2021",
  "jobs" : [
    {
      "jobname" : "randrw",
      "groupid" : 0,
      "error" : 0,
      "eta" : 0,
      "elapsed" : 301,
      "job options" : {
        "bs" : "4K",
        "iodepth" : "256",
        "direct" : "0",
        "ioengine" : "libaio",
        "time_based" : "1",
        "runtime" : "300",
        "numjobs" : "4",
        "size" : "1g",
        "name" : "randrw",
        "rw" : "randrw",
        "directory" : "/scratch/snx2000/ccocha/randrw/150_node",
        "filename_format" : "$jobname.58.$jobnum.$filenum"
      },
      "read" : {
        "io_bytes" : 78131200,
        "io_kbytes" : 76300,
        "bw_bytes" : 260386,
        "bw" : 254,
        "iops" : 63.571043,
        "runtime" : 300058,
        "total_ios" : 19075,
        "short_ios" : 0,
        "drop_ios" : 0,
        "slat_ns" : {
          "min" : 471461,
          "max" : 41332202047,
          "mean" : 62757673.268571,
          "stddev" : 481703840.140141,
          "N" : 19075
        },
        "clat_ns" : {
          "min" : 18580,
          "max" : 53446273654,
          "mean" : 7904431289.524774,
          "stddev" : 7216670629.923513,
          "N" : 19075,
          "percentile" : {
            "1.000000" : 994050048,
            "5.000000" : 1082130432,
            "10.000000" : 1132462080,
            "20.000000" : 5066719232,
            "30.000000" : 6945767424,
            "40.000000" : 7549747200,
            "50.000000" : 7885291520,
            "60.000000" : 8287944704,
            "70.000000" : 8657043456,
            "80.000000" : 9059696640,
            "90.000000" : 9730785280,
            "95.000000" : 10401873920,
            "99.000000" : 17112760320,
            "99.500000" : 17112760320,
            "99.900000" : 17112760320,
            "99.950000" : 17112760320,
            "99.990000" : 17112760320
          }
        },
        "lat_ns" : {
          "min" : 96490858,
          "max" : 53886538591,
          "mean" : 7967192282.265373,
          "stddev" : 7245735441.586793,
          "N" : 19075
        },
        "bw_min" : 32,
        "bw_max" : 2320,
        "bw_agg" : 100.000000,
        "bw_mean" : 315.280859,
        "bw_dev" : 84.748744,
        "bw_samples" : 1882,
        "iops_min" : 8,
        "iops_max" : 580,
        "iops_mean" : 78.820215,
        "iops_stddev" : 21.187186,
        "iops_samples" : 1882
      },
      "write" : {
        "io_bytes" : 80039936,
        "io_kbytes" : 78164,
        "bw_bytes" : 266748,
        "bw" : 260,
        "iops" : 65.124076,
        "runtime" : 300058,
        "total_ios" : 19541,
        "short_ios" : 0,
        "drop_ios" : 0,
        "slat_ns" : {
          "min" : 75590,
          "max" : 1921924,
          "mean" : 117245.902410,
          "stddev" : 47421.005540,
          "N" : 19541
        },
        "clat_ns" : {
          "min" : 96500708,
          "max" : 53880094537,
          "mean" : 7914781972.267797,
          "stddev" : 7293178001.024858,
          "N" : 19541,
          "percentile" : {
            "1.000000" : 994050048,
            "5.000000" : 1082130432,
            "10.000000" : 1149239296,
            "20.000000" : 4865392640,
            "30.000000" : 6945767424,
            "40.000000" : 7549747200,
            "50.000000" : 7885291520,
            "60.000000" : 8287944704,
            "70.000000" : 8657043456,
            "80.000000" : 9059696640,
            "90.000000" : 9730785280,
            "95.000000" : 10401873920,
            "99.000000" : 17112760320,
            "99.500000" : 17112760320,
            "99.900000" : 17112760320,
            "99.950000" : 17112760320,
            "99.990000" : 17112760320
          }
        },
        "lat_ns" : {
          "min" : 96582478,
          "max" : 53880176937,
          "mean" : 7914900405.689522,
          "stddev" : 7293178802.126892,
          "N" : 19541
        },
        "bw_min" : 32,
        "bw_max" : 2144,
        "bw_agg" : 100.000000,
        "bw_mean" : 321.845347,
        "bw_dev" : 87.145599,
        "bw_samples" : 1893,
        "iops_min" : 8,
        "iops_max" : 536,
        "iops_mean" : 80.461337,
        "iops_stddev" : 21.786400,
        "iops_samples" : 1893
      },
      "trim" : {
        "io_bytes" : 0,
        "io_kbytes" : 0,
        "bw_bytes" : 0,
        "bw" : 0,
        "iops" : 0.000000,
        "runtime" : 0,
        "total_ios" : 0,
        "short_ios" : 0,
        "drop_ios" : 0,
        "slat_ns" : {
          "min" : 0,
          "max" : 0,
          "mean" : 0.000000,
          "stddev" : 0.000000,
          "N" : 0
        },
        "clat_ns" : {
          "min" : 0,
          "max" : 0,
          "mean" : 0.000000,
          "stddev" : 0.000000,
          "N" : 0
        },
        "lat_ns" : {
          "min" : 0,
          "max" : 0,
          "mean" : 0.000000,
          "stddev" : 0.000000,
          "N" : 0
        },
        "bw_min" : 0,
        "bw_max" : 0,
        "bw_agg" : 0.000000,
        "bw_mean" : 0.000000,
        "bw_dev" : 0.000000,
        "bw_samples" : 0,
        "iops_min" : 0,
        "iops_max" : 0,
        "iops_mean" : 0.000000,
        "iops_stddev" : 0.000000,
        "iops_samples" : 0
      },
      "sync" : {
        "total_ios" : 0,
        "lat_ns" : {
          "min" : 0,
          "max" : 0,
          "mean" : 0.000000,
          "stddev" : 0.000000,
          "N" : 0
        }
      },
      "job_runtime" : 1200125,
      "usr_cpu" : 0.065826,
      "sys_cpu" : 0.457786,
      "ctx" : 19104,
      "majf" : 0,
      "minf" : 171,
      "iodepth_level" : {
        "1" : 0.100000,
        "2" : 0.100000,
        "4" : 0.100000,
        "8" : 0.100000,
        "16" : 0.165734,
        "32" : 0.331469,
        ">=64" : 99.347421
      },
      "iodepth_submit" : {
        "0" : 0.000000,
        "4" : 100.000000,
        "8" : 0.000000,
        "16" : 0.000000,
        "32" : 0.000000,
        "64" : 0.000000,
        ">=64" : 0.000000
      },
      "iodepth_complete" : {
        "0" : 0.000000,
        "4" : 99.989362,
        "8" : 0.000000,
        "16" : 0.000000,
        "32" : 0.000000,
        "64" : 0.000000,
        ">=64" : 0.100000
      },
      "latency_ns" : {
        "2" : 0.000000,
        "4" : 0.000000,
        "10" : 0.000000,
        "20" : 0.000000,
        "50" : 0.000000,
        "100" : 0.000000,
        "250" : 0.000000,
        "500" : 0.000000,
        "750" : 0.000000,
        "1000" : 0.000000
      },
      "latency_us" : {
        "2" : 0.000000,
        "4" : 0.000000,
        "10" : 0.000000,
        "20" : 0.010000,
        "50" : 0.010000,
        "100" : 0.000000,
        "250" : 0.000000,
        "500" : 0.000000,
        "750" : 0.000000,
        "1000" : 0.000000
      },
      "latency_ms" : {
        "2" : 0.000000,
        "4" : 0.000000,
        "10" : 0.000000,
        "20" : 0.000000,
        "50" : 0.000000,
        "100" : 0.010000,
        "250" : 0.015538,
        "500" : 0.010000,
        "750" : 0.038844,
        "1000" : 1.116118,
        "2000" : 17.101719,
        ">=2000" : 81.701885
      },
      "latency_depth" : 256,
      "latency_target" : 0,
      "latency_percentile" : 100.000000,
      "latency_window" : 0
    }
  ]
}
