{
  "fio version" : "fio-3.27",
  "timestamp" : 1627025467,
  "timestamp_ms" : 1627025467686,
  "time" : "Fri Jul 23 09:31:07 2021",
  "jobs" : [
    {
      "jobname" : "randrw",
      "groupid" : 0,
      "error" : 0,
      "eta" : 0,
      "elapsed" : 301,
      "job options" : {
        "bs" : "4K",
        "iodepth" : "256",
        "direct" : "0",
        "ioengine" : "libaio",
        "time_based" : "1",
        "runtime" : "300",
        "numjobs" : "2",
        "size" : "1g",
        "name" : "randrw",
        "rw" : "randrw",
        "directory" : "/scratch/snx2000/ccocha/randrw/128_node",
        "filename_format" : "$jobname.62.$jobnum.$filenum"
      },
      "read" : {
        "io_bytes" : 87842816,
        "io_kbytes" : 85784,
        "bw_bytes" : 292755,
        "bw" : 285,
        "iops" : 71.473563,
        "runtime" : 300055,
        "total_ios" : 21446,
        "short_ios" : 0,
        "drop_ios" : 0,
        "slat_ns" : {
          "min" : 479572,
          "max" : 4914885866,
          "mean" : 27837460.520890,
          "stddev" : 81449817.417980,
          "N" : 21446
        },
        "clat_ns" : {
          "min" : 26620,
          "max" : 25824062849,
          "mean" : 3542333714.441618,
          "stddev" : 2419104123.166933,
          "N" : 21446,
          "percentile" : {
            "1.000000" : 750780416,
            "5.000000" : 817889280,
            "10.000000" : 910163968,
            "20.000000" : 2466250752,
            "30.000000" : 2868903936,
            "40.000000" : 3170893824,
            "50.000000" : 3405774848,
            "60.000000" : 3640655872,
            "70.000000" : 3976200192,
            "80.000000" : 4328521728,
            "90.000000" : 4932501504,
            "95.000000" : 5536481280,
            "99.000000" : 16441671680,
            "99.500000" : 17112760320,
            "99.900000" : 17112760320,
            "99.950000" : 17112760320,
            "99.990000" : 17112760320
          }
        },
        "lat_ns" : {
          "min" : 109837647,
          "max" : 25888623115,
          "mean" : 3570173918.104780,
          "stddev" : 2429663590.350139,
          "N" : 21446
        },
        "bw_min" : 16,
        "bw_max" : 1432,
        "bw_agg" : 100.000000,
        "bw_mean" : 304.248710,
        "bw_dev" : 119.026922,
        "bw_samples" : 1113,
        "iops_min" : 4,
        "iops_max" : 358,
        "iops_mean" : 76.062177,
        "iops_stddev" : 29.756731,
        "iops_samples" : 1113
      },
      "write" : {
        "io_bytes" : 88494080,
        "io_kbytes" : 86420,
        "bw_bytes" : 294926,
        "bw" : 288,
        "iops" : 72.003466,
        "runtime" : 300055,
        "total_ios" : 21605,
        "short_ios" : 0,
        "drop_ios" : 0,
        "slat_ns" : {
          "min" : 75470,
          "max" : 2242349,
          "mean" : 108135.118584,
          "stddev" : 42822.225678,
          "N" : 21605
        },
        "clat_ns" : {
          "min" : 114194226,
          "max" : 25830208556,
          "mean" : 3554059365.488549,
          "stddev" : 2444154466.236421,
          "N" : 21605,
          "percentile" : {
            "1.000000" : 742391808,
            "5.000000" : 817889280,
            "10.000000" : 901775360,
            "20.000000" : 2432696320,
            "30.000000" : 2868903936,
            "40.000000" : 3170893824,
            "50.000000" : 3405774848,
            "60.000000" : 3674210304,
            "70.000000" : 3976200192,
            "80.000000" : 4328521728,
            "90.000000" : 4999610368,
            "95.000000" : 5603590144,
            "99.000000" : 17112760320,
            "99.500000" : 17112760320,
            "99.900000" : 17112760320,
            "99.950000" : 17112760320,
            "99.990000" : 17112760320
          }
        },
        "lat_ns" : {
          "min" : 114276777,
          "max" : 25830301677,
          "mean" : 3554168646.576488,
          "stddev" : 2444153817.624048,
          "N" : 21605
        },
        "bw_min" : 16,
        "bw_max" : 1520,
        "bw_agg" : 100.000000,
        "bw_mean" : 306.478367,
        "bw_dev" : 123.009647,
        "bw_samples" : 1113,
        "iops_min" : 4,
        "iops_max" : 380,
        "iops_mean" : 76.619592,
        "iops_stddev" : 30.752412,
        "iops_samples" : 1113
      },
      "trim" : {
        "io_bytes" : 0,
        "io_kbytes" : 0,
        "bw_bytes" : 0,
        "bw" : 0,
        "iops" : 0.000000,
        "runtime" : 0,
        "total_ios" : 0,
        "short_ios" : 0,
        "drop_ios" : 0,
        "slat_ns" : {
          "min" : 0,
          "max" : 0,
          "mean" : 0.000000,
          "stddev" : 0.000000,
          "N" : 0
        },
        "clat_ns" : {
          "min" : 0,
          "max" : 0,
          "mean" : 0.000000,
          "stddev" : 0.000000,
          "N" : 0
        },
        "lat_ns" : {
          "min" : 0,
          "max" : 0,
          "mean" : 0.000000,
          "stddev" : 0.000000,
          "N" : 0
        },
        "bw_min" : 0,
        "bw_max" : 0,
        "bw_agg" : 0.000000,
        "bw_mean" : 0.000000,
        "bw_dev" : 0.000000,
        "bw_samples" : 0,
        "iops_min" : 0,
        "iops_max" : 0,
        "iops_mean" : 0.000000,
        "iops_stddev" : 0.000000,
        "iops_samples" : 0
      },
      "sync" : {
        "total_ios" : 0,
        "lat_ns" : {
          "min" : 0,
          "max" : 0,
          "mean" : 0.000000,
          "stddev" : 0.000000,
          "N" : 0
        }
      },
      "job_runtime" : 600074,
      "usr_cpu" : 0.148648,
      "sys_cpu" : 0.912887,
      "ctx" : 21462,
      "majf" : 0,
      "minf" : 86,
      "iodepth_level" : {
        "1" : 0.100000,
        "2" : 0.100000,
        "4" : 0.100000,
        "8" : 0.100000,
        "16" : 0.100000,
        "32" : 0.148661,
        ">=64" : 99.707324
      },
      "iodepth_submit" : {
        "0" : 0.000000,
        "4" : 100.000000,
        "8" : 0.000000,
        "16" : 0.000000,
        "32" : 0.000000,
        "64" : 0.000000,
        ">=64" : 0.000000
      },
      "iodepth_complete" : {
        "0" : 0.000000,
        "4" : 99.995299,
        "8" : 0.000000,
        "16" : 0.000000,
        "32" : 0.000000,
        "64" : 0.000000,
        ">=64" : 0.100000
      },
      "latency_ns" : {
        "2" : 0.000000,
        "4" : 0.000000,
        "10" : 0.000000,
        "20" : 0.000000,
        "50" : 0.000000,
        "100" : 0.000000,
        "250" : 0.000000,
        "500" : 0.000000,
        "750" : 0.000000,
        "1000" : 0.000000
      },
      "latency_us" : {
        "2" : 0.000000,
        "4" : 0.000000,
        "10" : 0.000000,
        "20" : 0.000000,
        "50" : 0.010000,
        "100" : 0.000000,
        "250" : 0.000000,
        "500" : 0.000000,
        "750" : 0.000000,
        "1000" : 0.000000
      },
      "latency_ms" : {
        "2" : 0.000000,
        "4" : 0.000000,
        "10" : 0.000000,
        "20" : 0.000000,
        "50" : 0.000000,
        "100" : 0.000000,
        "250" : 0.072008,
        "500" : 0.109173,
        "750" : 0.940745,
        "1000" : 11.335393,
        "2000" : 2.682865,
        ">=2000" : 84.855172
      },
      "latency_depth" : 256,
      "latency_target" : 0,
      "latency_percentile" : 100.000000,
      "latency_window" : 0
    }
  ]
}
