{
  "fio version" : "fio-3.27",
  "timestamp" : 1627031000,
  "timestamp_ms" : 1627031000676,
  "time" : "Fri Jul 23 11:03:20 2021",
  "jobs" : [
    {
      "jobname" : "randrw",
      "groupid" : 0,
      "error" : 0,
      "eta" : 0,
      "elapsed" : 302,
      "job options" : {
        "bs" : "4K",
        "iodepth" : "256",
        "direct" : "0",
        "ioengine" : "libaio",
        "time_based" : "1",
        "runtime" : "300",
        "numjobs" : "32",
        "size" : "1g",
        "name" : "randrw",
        "rw" : "randrw",
        "directory" : "/scratch/snx2000/ccocha/randrw/150_node",
        "filename_format" : "$jobname.114.$jobnum.$filenum"
      },
      "read" : {
        "io_bytes" : 67182592,
        "io_kbytes" : 65608,
        "bw_bytes" : 222909,
        "bw" : 217,
        "iops" : 54.421182,
        "runtime" : 301390,
        "total_ios" : 16402,
        "short_ios" : 0,
        "drop_ios" : 0,
        "slat_ns" : {
          "min" : 573455,
          "max" : 68753427442,
          "mean" : 586463721.489818,
          "stddev" : 2492811234.934550,
          "N" : 16402
        },
        "clat_ns" : {
          "min" : 21120,
          "max" : 162007272615,
          "mean" : 74138511705.275284,
          "stddev" : 37871152706.184990,
          "N" : 16402,
          "percentile" : {
            "1.000000" : 5804916736,
            "5.000000" : 7348420608,
            "10.000000" : 8220835840,
            "20.000000" : 17112760320,
            "30.000000" : 17112760320,
            "40.000000" : 17112760320,
            "50.000000" : 17112760320,
            "60.000000" : 17112760320,
            "70.000000" : 17112760320,
            "80.000000" : 17112760320,
            "90.000000" : 17112760320,
            "95.000000" : 17112760320,
            "99.000000" : 17112760320,
            "99.500000" : 17112760320,
            "99.900000" : 17112760320,
            "99.950000" : 17112760320,
            "99.990000" : 17112760320
          }
        },
        "lat_ns" : {
          "min" : 780759236,
          "max" : 162066052875,
          "mean" : 74724979401.080048,
          "stddev" : 37973652757.007614,
          "N" : 16402
        },
        "bw_min" : 256,
        "bw_max" : 2912,
        "bw_agg" : 100.000000,
        "bw_mean" : 517.299843,
        "bw_dev" : 13.130934,
        "bw_samples" : 6104,
        "iops_min" : 64,
        "iops_max" : 728,
        "iops_mean" : 129.324961,
        "iops_stddev" : 3.282734,
        "iops_samples" : 6104
      },
      "write" : {
        "io_bytes" : 67395584,
        "io_kbytes" : 65816,
        "bw_bytes" : 223615,
        "bw" : 218,
        "iops" : 54.593716,
        "runtime" : 301390,
        "total_ios" : 16454,
        "short_ios" : 0,
        "drop_ios" : 0,
        "slat_ns" : {
          "min" : 75591,
          "max" : 2700706,
          "mean" : 130679.185791,
          "stddev" : 72607.684724,
          "N" : 16454
        },
        "clat_ns" : {
          "min" : 780769066,
          "max" : 162007301114,
          "mean" : 73958796349.541733,
          "stddev" : 37266269901.389053,
          "N" : 16454,
          "percentile" : {
            "1.000000" : 5872025600,
            "5.000000" : 7348420608,
            "10.000000" : 8220835840,
            "20.000000" : 17112760320,
            "30.000000" : 17112760320,
            "40.000000" : 17112760320,
            "50.000000" : 17112760320,
            "60.000000" : 17112760320,
            "70.000000" : 17112760320,
            "80.000000" : 17112760320,
            "90.000000" : 17112760320,
            "95.000000" : 17112760320,
            "99.000000" : 17112760320,
            "99.500000" : 17112760320,
            "99.900000" : 17112760320,
            "99.950000" : 17112760320,
            "99.990000" : 17112760320
          }
        },
        "lat_ns" : {
          "min" : 780851787,
          "max" : 162007423056,
          "mean" : 73958928274.847839,
          "stddev" : 37266265899.043839,
          "N" : 16454
        },
        "bw_min" : 256,
        "bw_max" : 2848,
        "bw_agg" : 100.000000,
        "bw_mean" : 521.795429,
        "bw_dev" : 13.201165,
        "bw_samples" : 6054,
        "iops_min" : 64,
        "iops_max" : 712,
        "iops_mean" : 130.448857,
        "iops_stddev" : 3.300291,
        "iops_samples" : 6054
      },
      "trim" : {
        "io_bytes" : 0,
        "io_kbytes" : 0,
        "bw_bytes" : 0,
        "bw" : 0,
        "iops" : 0.000000,
        "runtime" : 0,
        "total_ios" : 0,
        "short_ios" : 0,
        "drop_ios" : 0,
        "slat_ns" : {
          "min" : 0,
          "max" : 0,
          "mean" : 0.000000,
          "stddev" : 0.000000,
          "N" : 0
        },
        "clat_ns" : {
          "min" : 0,
          "max" : 0,
          "mean" : 0.000000,
          "stddev" : 0.000000,
          "N" : 0
        },
        "lat_ns" : {
          "min" : 0,
          "max" : 0,
          "mean" : 0.000000,
          "stddev" : 0.000000,
          "N" : 0
        },
        "bw_min" : 0,
        "bw_max" : 0,
        "bw_agg" : 0.000000,
        "bw_mean" : 0.000000,
        "bw_dev" : 0.000000,
        "bw_samples" : 0,
        "iops_min" : 0,
        "iops_max" : 0,
        "iops_mean" : 0.000000,
        "iops_stddev" : 0.000000,
        "iops_samples" : 0
      },
      "sync" : {
        "total_ios" : 0,
        "lat_ns" : {
          "min" : 0,
          "max" : 0,
          "mean" : 0.000000,
          "stddev" : 0.000000,
          "N" : 0
        }
      },
      "job_runtime" : 9622049,
      "usr_cpu" : 0.006963,
      "sys_cpu" : 0.055186,
      "ctx" : 16707,
      "majf" : 0,
      "minf" : 1300,
      "iodepth_level" : {
        "1" : 0.100000,
        "2" : 0.194789,
        "4" : 0.389579,
        "8" : 0.779158,
        "16" : 1.558315,
        "32" : 3.116630,
        ">=64" : 93.864134
      },
      "iodepth_submit" : {
        "0" : 0.000000,
        "4" : 100.000000,
        "8" : 0.000000,
        "16" : 0.000000,
        "32" : 0.000000,
        "64" : 0.000000,
        ">=64" : 0.000000
      },
      "iodepth_complete" : {
        "0" : 0.000000,
        "4" : 99.870592,
        "8" : 0.000000,
        "16" : 0.000000,
        "32" : 0.000000,
        "64" : 0.000000,
        ">=64" : 0.129408
      },
      "latency_ns" : {
        "2" : 0.000000,
        "4" : 0.000000,
        "10" : 0.000000,
        "20" : 0.000000,
        "50" : 0.000000,
        "100" : 0.000000,
        "250" : 0.000000,
        "500" : 0.000000,
        "750" : 0.000000,
        "1000" : 0.000000
      },
      "latency_us" : {
        "2" : 0.000000,
        "4" : 0.000000,
        "10" : 0.000000,
        "20" : 0.000000,
        "50" : 0.097395,
        "100" : 0.000000,
        "250" : 0.000000,
        "500" : 0.000000,
        "750" : 0.000000,
        "1000" : 0.000000
      },
      "latency_ms" : {
        "2" : 0.000000,
        "4" : 0.000000,
        "10" : 0.000000,
        "20" : 0.000000,
        "50" : 0.000000,
        "100" : 0.000000,
        "250" : 0.000000,
        "500" : 0.000000,
        "750" : 0.000000,
        "1000" : 0.021305,
        "2000" : 0.070002,
        ">=2000" : 99.811298
      },
      "latency_depth" : 256,
      "latency_target" : 0,
      "latency_percentile" : 100.000000,
      "latency_window" : 0
    }
  ]
}
