{
  "fio version" : "fio-3.27",
  "timestamp" : 1627021525,
  "timestamp_ms" : 1627021525976,
  "time" : "Fri Jul 23 08:25:25 2021",
  "jobs" : [
    {
      "jobname" : "randrw",
      "groupid" : 0,
      "error" : 0,
      "eta" : 0,
      "elapsed" : 301,
      "job options" : {
        "bs" : "4K",
        "iodepth" : "256",
        "direct" : "0",
        "ioengine" : "libaio",
        "time_based" : "1",
        "runtime" : "300",
        "numjobs" : "1",
        "size" : "1g",
        "name" : "randrw",
        "rw" : "randrw",
        "directory" : "/scratch/snx2000/ccocha/randrw/96_node",
        "filename_format" : "$jobname.26.$jobnum.$filenum"
      },
      "read" : {
        "io_bytes" : 106090496,
        "io_kbytes" : 103604,
        "bw_bytes" : 353623,
        "bw" : 345,
        "iops" : 86.333789,
        "runtime" : 300010,
        "total_ios" : 25901,
        "short_ios" : 0,
        "drop_ios" : 0,
        "slat_ns" : {
          "min" : 457929,
          "max" : 1146072693,
          "mean" : 11444517.525424,
          "stddev" : 28154407.978317,
          "N" : 25901
        },
        "clat_ns" : {
          "min" : 27320,
          "max" : 9654666884,
          "mean" : 1471276854.932121,
          "stddev" : 861447236.188018,
          "N" : 25901,
          "percentile" : {
            "1.000000" : 492830720,
            "5.000000" : 599785472,
            "10.000000" : 650117120,
            "20.000000" : 775946240,
            "30.000000" : 884998144,
            "40.000000" : 1149239296,
            "50.000000" : 1400897536,
            "60.000000" : 1585446912,
            "70.000000" : 1769996288,
            "80.000000" : 1971322880,
            "90.000000" : 2365587456,
            "95.000000" : 2701131776,
            "99.000000" : 4278190080,
            "99.500000" : 4664066048,
            "99.900000" : 9596567552,
            "99.950000" : 9596567552,
            "99.990000" : 9596567552
          }
        },
        "lat_ns" : {
          "min" : 63519317,
          "max" : 9661072348,
          "mean" : 1482723962.433619,
          "stddev" : 864928296.052686,
          "N" : 25901
        },
        "bw_min" : 8,
        "bw_max" : 1192,
        "bw_agg" : 100.000000,
        "bw_mean" : 348.114865,
        "bw_dev" : 239.652117,
        "bw_samples" : 592,
        "iops_min" : 2,
        "iops_max" : 298,
        "iops_mean" : 87.010135,
        "iops_stddev" : 59.884603,
        "iops_samples" : 592
      },
      "write" : {
        "io_bytes" : 105951232,
        "io_kbytes" : 103468,
        "bw_bytes" : 353159,
        "bw" : 344,
        "iops" : 86.220459,
        "runtime" : 300010,
        "total_ios" : 25867,
        "short_ios" : 0,
        "drop_ios" : 0,
        "slat_ns" : {
          "min" : 75690,
          "max" : 800229,
          "mean" : 105994.395021,
          "stddev" : 41466.816900,
          "N" : 25867
        },
        "clat_ns" : {
          "min" : 114416735,
          "max" : 9660992418,
          "mean" : 1481101337.131405,
          "stddev" : 901969295.381563,
          "N" : 25867,
          "percentile" : {
            "1.000000" : 492830720,
            "5.000000" : 599785472,
            "10.000000" : 650117120,
            "20.000000" : 775946240,
            "30.000000" : 884998144,
            "40.000000" : 1149239296,
            "50.000000" : 1400897536,
            "60.000000" : 1585446912,
            "70.000000" : 1769996288,
            "80.000000" : 1971322880,
            "90.000000" : 2399141888,
            "95.000000" : 2701131776,
            "99.000000" : 4328521728,
            "99.500000" : 6476005376,
            "99.900000" : 9596567552,
            "99.950000" : 9596567552,
            "99.990000" : 9596567552
          }
        },
        "lat_ns" : {
          "min" : 114497095,
          "max" : 9661073138,
          "mean" : 1481208458.279509,
          "stddev" : 901970159.294010,
          "N" : 25867
        },
        "bw_min" : 8,
        "bw_max" : 1120,
        "bw_agg" : 100.000000,
        "bw_mean" : 352.198630,
        "bw_dev" : 232.907453,
        "bw_samples" : 584,
        "iops_min" : 2,
        "iops_max" : 280,
        "iops_mean" : 88.030822,
        "iops_stddev" : 58.200745,
        "iops_samples" : 584
      },
      "trim" : {
        "io_bytes" : 0,
        "io_kbytes" : 0,
        "bw_bytes" : 0,
        "bw" : 0,
        "iops" : 0.000000,
        "runtime" : 0,
        "total_ios" : 0,
        "short_ios" : 0,
        "drop_ios" : 0,
        "slat_ns" : {
          "min" : 0,
          "max" : 0,
          "mean" : 0.000000,
          "stddev" : 0.000000,
          "N" : 0
        },
        "clat_ns" : {
          "min" : 0,
          "max" : 0,
          "mean" : 0.000000,
          "stddev" : 0.000000,
          "N" : 0
        },
        "lat_ns" : {
          "min" : 0,
          "max" : 0,
          "mean" : 0.000000,
          "stddev" : 0.000000,
          "N" : 0
        },
        "bw_min" : 0,
        "bw_max" : 0,
        "bw_agg" : 0.000000,
        "bw_mean" : 0.000000,
        "bw_dev" : 0.000000,
        "bw_samples" : 0,
        "iops_min" : 0,
        "iops_max" : 0,
        "iops_mean" : 0.000000,
        "iops_stddev" : 0.000000,
        "iops_samples" : 0
      },
      "sync" : {
        "total_ios" : 0,
        "lat_ns" : {
          "min" : 0,
          "max" : 0,
          "mean" : 0.000000,
          "stddev" : 0.000000,
          "N" : 0
        }
      },
      "job_runtime" : 300009,
      "usr_cpu" : 0.318324,
      "sys_cpu" : 2.170602,
      "ctx" : 25909,
      "majf" : 0,
      "minf" : 40,
      "iodepth_level" : {
        "1" : 0.100000,
        "2" : 0.100000,
        "4" : 0.100000,
        "8" : 0.100000,
        "16" : 0.100000,
        "32" : 0.100000,
        ">=64" : 99.878303
      },
      "iodepth_submit" : {
        "0" : 0.000000,
        "4" : 100.000000,
        "8" : 0.000000,
        "16" : 0.000000,
        "32" : 0.000000,
        "64" : 0.000000,
        ">=64" : 0.000000
      },
      "iodepth_complete" : {
        "0" : 0.000000,
        "4" : 99.998059,
        "8" : 0.000000,
        "16" : 0.000000,
        "32" : 0.000000,
        "64" : 0.000000,
        ">=64" : 0.100000
      },
      "latency_ns" : {
        "2" : 0.000000,
        "4" : 0.000000,
        "10" : 0.000000,
        "20" : 0.000000,
        "50" : 0.000000,
        "100" : 0.000000,
        "250" : 0.000000,
        "500" : 0.000000,
        "750" : 0.000000,
        "1000" : 0.000000
      },
      "latency_us" : {
        "2" : 0.000000,
        "4" : 0.000000,
        "10" : 0.000000,
        "20" : 0.000000,
        "50" : 0.010000,
        "100" : 0.000000,
        "250" : 0.000000,
        "500" : 0.000000,
        "750" : 0.000000,
        "1000" : 0.000000
      },
      "latency_ms" : {
        "2" : 0.000000,
        "4" : 0.000000,
        "10" : 0.000000,
        "20" : 0.000000,
        "50" : 0.000000,
        "100" : 0.010000,
        "250" : 0.086926,
        "500" : 1.019935,
        "750" : 16.653145,
        "1000" : 18.138618,
        "2000" : 45.331093,
        ">=2000" : 18.766419
      },
      "latency_depth" : 256,
      "latency_target" : 0,
      "latency_percentile" : 100.000000,
      "latency_window" : 0
    }
  ]
}
