{
  "fio version" : "fio-3.27",
  "timestamp" : 1627436591,
  "timestamp_ms" : 1627436591417,
  "time" : "Wed Jul 28 03:43:11 2021",
  "jobs" : [
    {
      "jobname" : "seq-read",
      "groupid" : 0,
      "error" : 0,
      "eta" : 0,
      "elapsed" : 302,
      "job options" : {
        "bs" : "4K",
        "iodepth" : "256",
        "direct" : "1",
        "ioengine" : "libaio",
        "time_based" : "1",
        "runtime" : "300",
        "numjobs" : "64",
        "size" : "1g",
        "name" : "seq-read",
        "rw" : "read",
        "directory" : "/scratch/snx2000/ccocha/seqread/128_node/",
        "filename_format" : "$jobname.1.$jobnum.$filenum"
      },
      "read" : {
        "io_bytes" : 4101222400,
        "io_kbytes" : 4005100,
        "bw_bytes" : 13606924,
        "bw" : 13288,
        "iops" : 3322.003139,
        "runtime" : 301407,
        "total_ios" : 1001275,
        "short_ios" : 0,
        "drop_ios" : 0,
        "slat_ns" : {
          "min" : 568875,
          "max" : 2747457042,
          "mean" : 19157656.164105,
          "stddev" : 38603400.231942,
          "N" : 1001275
        },
        "clat_ns" : {
          "min" : 15040,
          "max" : 51151475771,
          "mean" : 4877759004.806793,
          "stddev" : 3800832587.571829,
          "N" : 1001275,
          "percentile" : {
            "1.000000" : 2365587456,
            "5.000000" : 3372220416,
            "10.000000" : 3506438144,
            "20.000000" : 3573547008,
            "30.000000" : 3640655872,
            "40.000000" : 4110417920,
            "50.000000" : 4328521728,
            "60.000000" : 4462739456,
            "70.000000" : 4664066048,
            "80.000000" : 4731174912,
            "90.000000" : 5200936960,
            "95.000000" : 8791261184,
            "99.000000" : 17112760320,
            "99.500000" : 17112760320,
            "99.900000" : 17112760320,
            "99.950000" : 17112760320,
            "99.990000" : 17112760320
          }
        },
        "lat_ns" : {
          "min" : 9431837,
          "max" : 51194722434,
          "mean" : 4896920130.613044,
          "stddev" : 3814312216.658469,
          "N" : 1001275
        },
        "bw_min" : 4160,
        "bw_max" : 21512,
        "bw_agg" : 100.000000,
        "bw_mean" : 13500.312267,
        "bw_dev" : 52.594630,
        "bw_samples" : 36803,
        "iops_min" : 1040,
        "iops_max" : 5378,
        "iops_mean" : 3375.074705,
        "iops_stddev" : 13.148623,
        "iops_samples" : 36803
      },
      "write" : {
        "io_bytes" : 0,
        "io_kbytes" : 0,
        "bw_bytes" : 0,
        "bw" : 0,
        "iops" : 0.000000,
        "runtime" : 0,
        "total_ios" : 0,
        "short_ios" : 0,
        "drop_ios" : 0,
        "slat_ns" : {
          "min" : 0,
          "max" : 0,
          "mean" : 0.000000,
          "stddev" : 0.000000,
          "N" : 0
        },
        "clat_ns" : {
          "min" : 0,
          "max" : 0,
          "mean" : 0.000000,
          "stddev" : 0.000000,
          "N" : 0
        },
        "lat_ns" : {
          "min" : 0,
          "max" : 0,
          "mean" : 0.000000,
          "stddev" : 0.000000,
          "N" : 0
        },
        "bw_min" : 0,
        "bw_max" : 0,
        "bw_agg" : 0.000000,
        "bw_mean" : 0.000000,
        "bw_dev" : 0.000000,
        "bw_samples" : 0,
        "iops_min" : 0,
        "iops_max" : 0,
        "iops_mean" : 0.000000,
        "iops_stddev" : 0.000000,
        "iops_samples" : 0
      },
      "trim" : {
        "io_bytes" : 0,
        "io_kbytes" : 0,
        "bw_bytes" : 0,
        "bw" : 0,
        "iops" : 0.000000,
        "runtime" : 0,
        "total_ios" : 0,
        "short_ios" : 0,
        "drop_ios" : 0,
        "slat_ns" : {
          "min" : 0,
          "max" : 0,
          "mean" : 0.000000,
          "stddev" : 0.000000,
          "N" : 0
        },
        "clat_ns" : {
          "min" : 0,
          "max" : 0,
          "mean" : 0.000000,
          "stddev" : 0.000000,
          "N" : 0
        },
        "lat_ns" : {
          "min" : 0,
          "max" : 0,
          "mean" : 0.000000,
          "stddev" : 0.000000,
          "N" : 0
        },
        "bw_min" : 0,
        "bw_max" : 0,
        "bw_agg" : 0.000000,
        "bw_mean" : 0.000000,
        "bw_dev" : 0.000000,
        "bw_samples" : 0,
        "iops_min" : 0,
        "iops_max" : 0,
        "iops_mean" : 0.000000,
        "iops_stddev" : 0.000000,
        "iops_samples" : 0
      },
      "sync" : {
        "total_ios" : 0,
        "lat_ns" : {
          "min" : 0,
          "max" : 0,
          "mean" : 0.000000,
          "stddev" : 0.000000,
          "N" : 0
        }
      },
      "job_runtime" : 19206357,
      "usr_cpu" : 0.144535,
      "sys_cpu" : 0.889148,
      "ctx" : 1001741,
      "majf" : 0,
      "minf" : 18945,
      "iodepth_level" : {
        "1" : 0.100000,
        "2" : 0.100000,
        "4" : 0.100000,
        "8" : 0.100000,
        "16" : 0.102270,
        "32" : 0.204539,
        ">=64" : 99.597313
      },
      "iodepth_submit" : {
        "0" : 0.000000,
        "4" : 100.000000,
        "8" : 0.000000,
        "16" : 0.000000,
        "32" : 0.000000,
        "64" : 0.000000,
        ">=64" : 0.000000
      },
      "iodepth_complete" : {
        "0" : 0.000000,
        "4" : 99.993503,
        "8" : 0.000000,
        "16" : 0.000000,
        "32" : 0.000000,
        "64" : 0.000000,
        ">=64" : 0.100000
      },
      "latency_ns" : {
        "2" : 0.000000,
        "4" : 0.000000,
        "10" : 0.000000,
        "20" : 0.000000,
        "50" : 0.000000,
        "100" : 0.000000,
        "250" : 0.000000,
        "500" : 0.000000,
        "750" : 0.000000,
        "1000" : 0.000000
      },
      "latency_us" : {
        "2" : 0.000000,
        "4" : 0.000000,
        "10" : 0.000000,
        "20" : 0.010000,
        "50" : 0.010000,
        "100" : 0.000000,
        "250" : 0.000000,
        "500" : 0.000000,
        "750" : 0.000000,
        "1000" : 0.000000
      },
      "latency_ms" : {
        "2" : 0.000000,
        "4" : 0.000000,
        "10" : 0.010000,
        "20" : 0.010000,
        "50" : 0.011485,
        "100" : 0.016079,
        "250" : 0.049137,
        "500" : 0.078999,
        "750" : 0.078999,
        "1000" : 0.071908,
        "2000" : 0.334474,
        ">=2000" : 99.348231
      },
      "latency_depth" : 256,
      "latency_target" : 0,
      "latency_percentile" : 100.000000,
      "latency_window" : 0
    }
  ]
}
