{
  "fio version" : "fio-3.27",
  "timestamp" : 1627011850,
  "timestamp_ms" : 1627011850592,
  "time" : "Fri Jul 23 05:44:10 2021",
  "jobs" : [
    {
      "jobname" : "randrw",
      "groupid" : 0,
      "error" : 0,
      "eta" : 0,
      "elapsed" : 302,
      "job options" : {
        "bs" : "4K",
        "iodepth" : "256",
        "direct" : "0",
        "ioengine" : "libaio",
        "time_based" : "1",
        "runtime" : "300",
        "numjobs" : "8",
        "size" : "1g",
        "name" : "randrw",
        "rw" : "randrw",
        "directory" : "/scratch/snx2000/ccocha/randrw/16_node",
        "filename_format" : "$jobname.13.$jobnum.$filenum"
      },
      "read" : {
        "io_bytes" : 639991808,
        "io_kbytes" : 624992,
        "bw_bytes" : 2128304,
        "bw" : 2078,
        "iops" : 519.605594,
        "runtime" : 300705,
        "total_ios" : 156248,
        "short_ios" : 0,
        "drop_ios" : 0,
        "slat_ns" : {
          "min" : 455643,
          "max" : 3785501803,
          "mean" : 15218777.647336,
          "stddev" : 56778156.041038,
          "N" : 156248
        },
        "clat_ns" : {
          "min" : 16380,
          "max" : 16685444770,
          "mean" : 1959263899.057522,
          "stddev" : 1466896058.185312,
          "N" : 156248,
          "percentile" : {
            "1.000000" : 608174080,
            "5.000000" : 692060160,
            "10.000000" : 742391808,
            "20.000000" : 868220928,
            "30.000000" : 1019215872,
            "40.000000" : 1216348160,
            "50.000000" : 1518338048,
            "60.000000" : 1853882368,
            "70.000000" : 2298478592,
            "80.000000" : 2936012800,
            "90.000000" : 3774873600,
            "95.000000" : 4395630592,
            "99.000000" : 6140461056,
            "99.500000" : 10401873920,
            "99.900000" : 14159970304,
            "99.950000" : 14159970304,
            "99.990000" : 16307453952
          }
        },
        "lat_ns" : {
          "min" : 46566609,
          "max" : 16691950669,
          "mean" : 1974485513.661777,
          "stddev" : 1471793261.432925,
          "N" : 156248
        },
        "bw_min" : 64,
        "bw_max" : 8240,
        "bw_agg" : 100.000000,
        "bw_mean" : 2253.649610,
        "bw_dev" : 234.473348,
        "bw_samples" : 4407,
        "iops_min" : 16,
        "iops_max" : 2060,
        "iops_mean" : 563.405604,
        "iops_stddev" : 58.616977,
        "iops_samples" : 4407
      },
      "write" : {
        "io_bytes" : 640073728,
        "io_kbytes" : 625072,
        "bw_bytes" : 2128576,
        "bw" : 2078,
        "iops" : 519.672104,
        "runtime" : 300705,
        "total_ios" : 156268,
        "short_ios" : 0,
        "drop_ios" : 0,
        "slat_ns" : {
          "min" : 75350,
          "max" : 1649170,
          "mean" : 113504.173202,
          "stddev" : 39657.763972,
          "N" : 156268
        },
        "clat_ns" : {
          "min" : 46578979,
          "max" : 16682158020,
          "mean" : 1953969950.711925,
          "stddev" : 1457903596.069415,
          "N" : 156268,
          "percentile" : {
            "1.000000" : 608174080,
            "5.000000" : 692060160,
            "10.000000" : 742391808,
            "20.000000" : 868220928,
            "30.000000" : 1019215872,
            "40.000000" : 1216348160,
            "50.000000" : 1518338048,
            "60.000000" : 1837105152,
            "70.000000" : 2298478592,
            "80.000000" : 2936012800,
            "90.000000" : 3774873600,
            "95.000000" : 4395630592,
            "99.000000" : 6140461056,
            "99.500000" : 10133438464,
            "99.900000" : 14159970304,
            "99.950000" : 14965276672,
            "99.990000" : 16575889408
          }
        },
        "lat_ns" : {
          "min" : 46770320,
          "max" : 16682242941,
          "mean" : 1954084664.509420,
          "stddev" : 1457903638.155509,
          "N" : 156268
        },
        "bw_min" : 64,
        "bw_max" : 8136,
        "bw_agg" : 100.000000,
        "bw_mean" : 2252.664139,
        "bw_dev" : 233.979740,
        "bw_samples" : 4411,
        "iops_min" : 16,
        "iops_max" : 2034,
        "iops_mean" : 563.155111,
        "iops_stddev" : 58.493448,
        "iops_samples" : 4411
      },
      "trim" : {
        "io_bytes" : 0,
        "io_kbytes" : 0,
        "bw_bytes" : 0,
        "bw" : 0,
        "iops" : 0.000000,
        "runtime" : 0,
        "total_ios" : 0,
        "short_ios" : 0,
        "drop_ios" : 0,
        "slat_ns" : {
          "min" : 0,
          "max" : 0,
          "mean" : 0.000000,
          "stddev" : 0.000000,
          "N" : 0
        },
        "clat_ns" : {
          "min" : 0,
          "max" : 0,
          "mean" : 0.000000,
          "stddev" : 0.000000,
          "N" : 0
        },
        "lat_ns" : {
          "min" : 0,
          "max" : 0,
          "mean" : 0.000000,
          "stddev" : 0.000000,
          "N" : 0
        },
        "bw_min" : 0,
        "bw_max" : 0,
        "bw_agg" : 0.000000,
        "bw_mean" : 0.000000,
        "bw_dev" : 0.000000,
        "bw_samples" : 0,
        "iops_min" : 0,
        "iops_max" : 0,
        "iops_mean" : 0.000000,
        "iops_stddev" : 0.000000,
        "iops_samples" : 0
      },
      "sync" : {
        "total_ios" : 0,
        "lat_ns" : {
          "min" : 0,
          "max" : 0,
          "mean" : 0.000000,
          "stddev" : 0.000000,
          "N" : 0
        }
      },
      "job_runtime" : 2401196,
      "usr_cpu" : 0.256872,
      "sys_cpu" : 1.713438,
      "ctx" : 156353,
      "majf" : 0,
      "minf" : 334,
      "iodepth_level" : {
        "1" : 0.100000,
        "2" : 0.100000,
        "4" : 0.100000,
        "8" : 0.100000,
        "16" : 0.100000,
        "32" : 0.100000,
        ">=64" : 99.838728
      },
      "iodepth_submit" : {
        "0" : 0.000000,
        "4" : 100.000000,
        "8" : 0.000000,
        "16" : 0.000000,
        "32" : 0.000000,
        "64" : 0.000000,
        ">=64" : 0.000000
      },
      "iodepth_complete" : {
        "0" : 0.000000,
        "4" : 99.997423,
        "8" : 0.000000,
        "16" : 0.000000,
        "32" : 0.000000,
        "64" : 0.000000,
        ">=64" : 0.100000
      },
      "latency_ns" : {
        "2" : 0.000000,
        "4" : 0.000000,
        "10" : 0.000000,
        "20" : 0.000000,
        "50" : 0.000000,
        "100" : 0.000000,
        "250" : 0.000000,
        "500" : 0.000000,
        "750" : 0.000000,
        "1000" : 0.000000
      },
      "latency_us" : {
        "2" : 0.000000,
        "4" : 0.000000,
        "10" : 0.000000,
        "20" : 0.010000,
        "50" : 0.010000,
        "100" : 0.000000,
        "250" : 0.000000,
        "500" : 0.000000,
        "750" : 0.000000,
        "1000" : 0.000000
      },
      "latency_ms" : {
        "2" : 0.000000,
        "4" : 0.000000,
        "10" : 0.000000,
        "20" : 0.000000,
        "50" : 0.010000,
        "100" : 0.010000,
        "250" : 0.039038,
        "500" : 0.292785,
        "750" : 10.222837,
        "1000" : 18.423377,
        "2000" : 34.939011,
        ">=2000" : 36.077193
      },
      "latency_depth" : 256,
      "latency_target" : 0,
      "latency_percentile" : 100.000000,
      "latency_window" : 0
    }
  ]
}
