{
  "fio version" : "fio-3.27",
  "timestamp" : 1627031993,
  "timestamp_ms" : 1627031993908,
  "time" : "Fri Jul 23 11:19:53 2021",
  "jobs" : [
    {
      "jobname" : "randrw",
      "groupid" : 0,
      "error" : 0,
      "eta" : 0,
      "elapsed" : 303,
      "job options" : {
        "bs" : "4K",
        "iodepth" : "256",
        "direct" : "0",
        "ioengine" : "libaio",
        "time_based" : "1",
        "runtime" : "300",
        "numjobs" : "64",
        "size" : "1g",
        "name" : "randrw",
        "rw" : "randrw",
        "directory" : "/scratch/snx2000/ccocha/randrw/150_node",
        "filename_format" : "$jobname.135.$jobnum.$filenum"
      },
      "read" : {
        "io_bytes" : 54329344,
        "io_kbytes" : 53056,
        "bw_bytes" : 180077,
        "bw" : 175,
        "iops" : 43.964349,
        "runtime" : 301699,
        "total_ios" : 13264,
        "short_ios" : 0,
        "drop_ios" : 0,
        "slat_ns" : {
          "min" : 36825675,
          "max" : 88657596122,
          "mean" : 1450844286.451598,
          "stddev" : 4393641350.876294,
          "N" : 13264
        },
        "clat_ns" : {
          "min" : 21940,
          "max" : 300400287954,
          "mean" : 152590100951.345764,
          "stddev" : 81501395943.694778,
          "N" : 13264,
          "percentile" : {
            "1.000000" : 2734686208,
            "5.000000" : 16844324864,
            "10.000000" : 17112760320,
            "20.000000" : 17112760320,
            "30.000000" : 17112760320,
            "40.000000" : 17112760320,
            "50.000000" : 17112760320,
            "60.000000" : 17112760320,
            "70.000000" : 17112760320,
            "80.000000" : 17112760320,
            "90.000000" : 17112760320,
            "95.000000" : 17112760320,
            "99.000000" : 17112760320,
            "99.500000" : 17112760320,
            "99.900000" : 17112760320,
            "99.950000" : 17112760320,
            "99.990000" : 17112760320
          }
        },
        "lat_ns" : {
          "min" : 1102205655,
          "max" : 300454726908,
          "mean" : 154040949519.936707,
          "stddev" : 81335812658.700760,
          "N" : 13264
        },
        "bw_min" : 504,
        "bw_max" : 2192,
        "bw_agg" : 100.000000,
        "bw_mean" : 759.406162,
        "bw_dev" : 6.622345,
        "bw_samples" : 3351,
        "iops_min" : 126,
        "iops_max" : 548,
        "iops_mean" : 189.851540,
        "iops_stddev" : 1.655586,
        "iops_samples" : 3351
      },
      "write" : {
        "io_bytes" : 54034432,
        "io_kbytes" : 52768,
        "bw_bytes" : 179100,
        "bw" : 174,
        "iops" : 43.725700,
        "runtime" : 301699,
        "total_ios" : 13192,
        "short_ios" : 0,
        "drop_ios" : 0,
        "slat_ns" : {
          "min" : 75740,
          "max" : 2216026,
          "mean" : 141033.489312,
          "stddev" : 95229.461749,
          "N" : 13192
        },
        "clat_ns" : {
          "min" : 1145967608,
          "max" : 300454745268,
          "mean" : 152446967661.133118,
          "stddev" : 81255279526.804810,
          "N" : 13192,
          "percentile" : {
            "1.000000" : 3741319168,
            "5.000000" : 17112760320,
            "10.000000" : 17112760320,
            "20.000000" : 17112760320,
            "30.000000" : 17112760320,
            "40.000000" : 17112760320,
            "50.000000" : 17112760320,
            "60.000000" : 17112760320,
            "70.000000" : 17112760320,
            "80.000000" : 17112760320,
            "90.000000" : 17112760320,
            "95.000000" : 17112760320,
            "99.000000" : 17112760320,
            "99.500000" : 17112760320,
            "99.900000" : 17112760320,
            "99.950000" : 17112760320,
            "99.990000" : 17112760320
          }
        },
        "lat_ns" : {
          "min" : 1146063218,
          "max" : 300456625684,
          "mean" : 152447110023.315613,
          "stddev" : 81255275621.142639,
          "N" : 13192
        },
        "bw_min" : 504,
        "bw_max" : 2312,
        "bw_agg" : 100.000000,
        "bw_mean" : 756.463367,
        "bw_dev" : 6.998840,
        "bw_samples" : 3355,
        "iops_min" : 126,
        "iops_max" : 578,
        "iops_mean" : 189.115842,
        "iops_stddev" : 1.749710,
        "iops_samples" : 3355
      },
      "trim" : {
        "io_bytes" : 0,
        "io_kbytes" : 0,
        "bw_bytes" : 0,
        "bw" : 0,
        "iops" : 0.000000,
        "runtime" : 0,
        "total_ios" : 0,
        "short_ios" : 0,
        "drop_ios" : 0,
        "slat_ns" : {
          "min" : 0,
          "max" : 0,
          "mean" : 0.000000,
          "stddev" : 0.000000,
          "N" : 0
        },
        "clat_ns" : {
          "min" : 0,
          "max" : 0,
          "mean" : 0.000000,
          "stddev" : 0.000000,
          "N" : 0
        },
        "lat_ns" : {
          "min" : 0,
          "max" : 0,
          "mean" : 0.000000,
          "stddev" : 0.000000,
          "N" : 0
        },
        "bw_min" : 0,
        "bw_max" : 0,
        "bw_agg" : 0.000000,
        "bw_mean" : 0.000000,
        "bw_dev" : 0.000000,
        "bw_samples" : 0,
        "iops_min" : 0,
        "iops_max" : 0,
        "iops_mean" : 0.000000,
        "iops_stddev" : 0.000000,
        "iops_samples" : 0
      },
      "sync" : {
        "total_ios" : 0,
        "lat_ns" : {
          "min" : 0,
          "max" : 0,
          "mean" : 0.000000,
          "stddev" : 0.000000,
          "N" : 0
        }
      },
      "job_runtime" : 19246719,
      "usr_cpu" : 0.003014,
      "sys_cpu" : 0.023110,
      "ctx" : 13899,
      "majf" : 0,
      "minf" : 2604,
      "iodepth_level" : {
        "1" : 0.241911,
        "2" : 0.483822,
        "4" : 0.967644,
        "8" : 1.935289,
        "16" : 3.870578,
        "32" : 7.741155,
        ">=64" : 84.759601
      },
      "iodepth_submit" : {
        "0" : 0.000000,
        "4" : 100.000000,
        "8" : 0.000000,
        "16" : 0.000000,
        "32" : 0.000000,
        "64" : 0.000000,
        ">=64" : 0.000000
      },
      "iodepth_complete" : {
        "0" : 0.000000,
        "4" : 99.372672,
        "8" : 0.000000,
        "16" : 0.000000,
        "32" : 0.000000,
        "64" : 0.000000,
        ">=64" : 0.627328
      },
      "latency_ns" : {
        "2" : 0.000000,
        "4" : 0.000000,
        "10" : 0.000000,
        "20" : 0.000000,
        "50" : 0.000000,
        "100" : 0.000000,
        "250" : 0.000000,
        "500" : 0.000000,
        "750" : 0.000000,
        "1000" : 0.000000
      },
      "latency_us" : {
        "2" : 0.000000,
        "4" : 0.000000,
        "10" : 0.000000,
        "20" : 0.000000,
        "50" : 0.238131,
        "100" : 0.010000,
        "250" : 0.000000,
        "500" : 0.000000,
        "750" : 0.000000,
        "1000" : 0.000000
      },
      "latency_ms" : {
        "2" : 0.000000,
        "4" : 0.000000,
        "10" : 0.000000,
        "20" : 0.000000,
        "50" : 0.000000,
        "100" : 0.000000,
        "250" : 0.000000,
        "500" : 0.000000,
        "750" : 0.000000,
        "1000" : 0.000000,
        "2000" : 0.449803,
        ">=2000" : 99.308285
      },
      "latency_depth" : 256,
      "latency_target" : 0,
      "latency_percentile" : 100.000000,
      "latency_window" : 0
    }
  ]
}
