{
  "fio version" : "fio-3.27",
  "timestamp" : 1627433305,
  "timestamp_ms" : 1627433305723,
  "time" : "Wed Jul 28 02:48:25 2021",
  "jobs" : [
    {
      "jobname" : "seq-read",
      "groupid" : 0,
      "error" : 0,
      "eta" : 0,
      "elapsed" : 301,
      "job options" : {
        "bs" : "4K",
        "iodepth" : "256",
        "direct" : "1",
        "ioengine" : "libaio",
        "time_based" : "1",
        "runtime" : "300",
        "numjobs" : "1",
        "size" : "1g",
        "name" : "seq-read",
        "rw" : "read",
        "directory" : "/scratch/snx2000/ccocha/seqread/128_node/",
        "filename_format" : "$jobname.106.$jobnum.$filenum"
      },
      "read" : {
        "io_bytes" : 1959452672,
        "io_kbytes" : 1913528,
        "bw_bytes" : 6531487,
        "bw" : 6378,
        "iops" : 1594.601351,
        "runtime" : 300001,
        "total_ios" : 478382,
        "short_ios" : 0,
        "drop_ios" : 0,
        "slat_ns" : {
          "min" : 362862,
          "max" : 143991719,
          "mean" : 614276.784361,
          "stddev" : 973572.206887,
          "N" : 478382
        },
        "clat_ns" : {
          "min" : 12200,
          "max" : 446298793,
          "mean" : 159857230.539210,
          "stddev" : 29271092.989786,
          "N" : 478382,
          "percentile" : {
            "1.000000" : 127401984,
            "5.000000" : 131596288,
            "10.000000" : 135266304,
            "20.000000" : 139460608,
            "30.000000" : 143654912,
            "40.000000" : 147849216,
            "50.000000" : 152043520,
            "60.000000" : 156237824,
            "70.000000" : 164626432,
            "80.000000" : 175112192,
            "90.000000" : 193986560,
            "95.000000" : 217055232,
            "99.000000" : 274726912,
            "99.500000" : 295698432,
            "99.900000" : 337641472,
            "99.950000" : 379584512,
            "99.990000" : 438304768
          }
        },
        "lat_ns" : {
          "min" : 590823,
          "max" : 446936655,
          "mean" : 160473135.520150,
          "stddev" : 29338580.691466,
          "N" : 478382
        },
        "bw_min" : 3248,
        "bw_max" : 7744,
        "bw_agg" : 99.962290,
        "bw_mean" : 6376.966611,
        "bw_dev" : 699.135605,
        "bw_samples" : 599,
        "iops_min" : 812,
        "iops_max" : 1936,
        "iops_mean" : 1594.235392,
        "iops_stddev" : 174.791791,
        "iops_samples" : 599
      },
      "write" : {
        "io_bytes" : 0,
        "io_kbytes" : 0,
        "bw_bytes" : 0,
        "bw" : 0,
        "iops" : 0.000000,
        "runtime" : 0,
        "total_ios" : 0,
        "short_ios" : 0,
        "drop_ios" : 0,
        "slat_ns" : {
          "min" : 0,
          "max" : 0,
          "mean" : 0.000000,
          "stddev" : 0.000000,
          "N" : 0
        },
        "clat_ns" : {
          "min" : 0,
          "max" : 0,
          "mean" : 0.000000,
          "stddev" : 0.000000,
          "N" : 0
        },
        "lat_ns" : {
          "min" : 0,
          "max" : 0,
          "mean" : 0.000000,
          "stddev" : 0.000000,
          "N" : 0
        },
        "bw_min" : 0,
        "bw_max" : 0,
        "bw_agg" : 0.000000,
        "bw_mean" : 0.000000,
        "bw_dev" : 0.000000,
        "bw_samples" : 0,
        "iops_min" : 0,
        "iops_max" : 0,
        "iops_mean" : 0.000000,
        "iops_stddev" : 0.000000,
        "iops_samples" : 0
      },
      "trim" : {
        "io_bytes" : 0,
        "io_kbytes" : 0,
        "bw_bytes" : 0,
        "bw" : 0,
        "iops" : 0.000000,
        "runtime" : 0,
        "total_ios" : 0,
        "short_ios" : 0,
        "drop_ios" : 0,
        "slat_ns" : {
          "min" : 0,
          "max" : 0,
          "mean" : 0.000000,
          "stddev" : 0.000000,
          "N" : 0
        },
        "clat_ns" : {
          "min" : 0,
          "max" : 0,
          "mean" : 0.000000,
          "stddev" : 0.000000,
          "N" : 0
        },
        "lat_ns" : {
          "min" : 0,
          "max" : 0,
          "mean" : 0.000000,
          "stddev" : 0.000000,
          "N" : 0
        },
        "bw_min" : 0,
        "bw_max" : 0,
        "bw_agg" : 0.000000,
        "bw_mean" : 0.000000,
        "bw_dev" : 0.000000,
        "bw_samples" : 0,
        "iops_min" : 0,
        "iops_max" : 0,
        "iops_mean" : 0.000000,
        "iops_stddev" : 0.000000,
        "iops_samples" : 0
      },
      "sync" : {
        "total_ios" : 0,
        "lat_ns" : {
          "min" : 0,
          "max" : 0,
          "mean" : 0.000000,
          "stddev" : 0.000000,
          "N" : 0
        }
      },
      "job_runtime" : 300000,
      "usr_cpu" : 2.138000,
      "sys_cpu" : 16.582667,
      "ctx" : 478409,
      "majf" : 0,
      "minf" : 295,
      "iodepth_level" : {
        "1" : 0.100000,
        "2" : 0.100000,
        "4" : 0.100000,
        "8" : 0.100000,
        "16" : 0.100000,
        "32" : 0.100000,
        ">=64" : 99.986831
      },
      "iodepth_submit" : {
        "0" : 0.000000,
        "4" : 100.000000,
        "8" : 0.000000,
        "16" : 0.000000,
        "32" : 0.000000,
        "64" : 0.000000,
        ">=64" : 0.000000
      },
      "iodepth_complete" : {
        "0" : 0.000000,
        "4" : 99.999791,
        "8" : 0.000000,
        "16" : 0.000000,
        "32" : 0.000000,
        "64" : 0.000000,
        ">=64" : 0.100000
      },
      "latency_ns" : {
        "2" : 0.000000,
        "4" : 0.000000,
        "10" : 0.000000,
        "20" : 0.000000,
        "50" : 0.000000,
        "100" : 0.000000,
        "250" : 0.000000,
        "500" : 0.000000,
        "750" : 0.000000,
        "1000" : 0.000000
      },
      "latency_us" : {
        "2" : 0.000000,
        "4" : 0.000000,
        "10" : 0.000000,
        "20" : 0.010000,
        "50" : 0.000000,
        "100" : 0.000000,
        "250" : 0.000000,
        "500" : 0.000000,
        "750" : 0.010000,
        "1000" : 0.000000
      },
      "latency_ms" : {
        "2" : 0.010000,
        "4" : 0.010000,
        "10" : 0.010000,
        "20" : 0.010000,
        "50" : 0.010000,
        "100" : 0.017141,
        "250" : 98.033371,
        "500" : 1.932765,
        "750" : 0.000000,
        "1000" : 0.000000,
        "2000" : 0.000000,
        ">=2000" : 0.000000
      },
      "latency_depth" : 256,
      "latency_target" : 0,
      "latency_percentile" : 100.000000,
      "latency_window" : 0
    }
  ]
}
