{
  "fio version" : "fio-3.27",
  "timestamp" : 1627016615,
  "timestamp_ms" : 1627016615127,
  "time" : "Fri Jul 23 07:03:35 2021",
  "jobs" : [
    {
      "jobname" : "randrw",
      "groupid" : 0,
      "error" : 0,
      "eta" : 0,
      "elapsed" : 302,
      "job options" : {
        "bs" : "4K",
        "iodepth" : "256",
        "direct" : "0",
        "ioengine" : "libaio",
        "time_based" : "1",
        "runtime" : "300",
        "numjobs" : "32",
        "size" : "1g",
        "name" : "randrw",
        "rw" : "randrw",
        "directory" : "/scratch/snx2000/ccocha/randrw/32_node",
        "filename_format" : "$jobname.15.$jobnum.$filenum"
      },
      "read" : {
        "io_bytes" : 277413888,
        "io_kbytes" : 270912,
        "bw_bytes" : 922560,
        "bw" : 900,
        "iops" : 225.234453,
        "runtime" : 300700,
        "total_ios" : 67728,
        "short_ios" : 0,
        "drop_ios" : 0,
        "slat_ns" : {
          "min" : 524196,
          "max" : 51376520794,
          "mean" : 141613777.039142,
          "stddev" : 685415850.934861,
          "N" : 67728
        },
        "clat_ns" : {
          "min" : 20540,
          "max" : 104236167670,
          "mean" : 18065664650.199238,
          "stddev" : 17007304958.625351,
          "N" : 67728,
          "percentile" : {
            "1.000000" : 1166016512,
            "5.000000" : 1434451968,
            "10.000000" : 1551892480,
            "20.000000" : 2365587456,
            "30.000000" : 9999220736,
            "40.000000" : 12280922112,
            "50.000000" : 13891534848,
            "60.000000" : 17112760320,
            "70.000000" : 17112760320,
            "80.000000" : 17112760320,
            "90.000000" : 17112760320,
            "95.000000" : 17112760320,
            "99.000000" : 17112760320,
            "99.500000" : 17112760320,
            "99.900000" : 17112760320,
            "99.950000" : 17112760320,
            "99.990000" : 17112760320
          }
        },
        "lat_ns" : {
          "min" : 222419648,
          "max" : 104563475256,
          "mean" : 18207281888.654011,
          "stddev" : 17097635881.752302,
          "N" : 67728
        },
        "bw_min" : 256,
        "bw_max" : 13136,
        "bw_agg" : 100.000000,
        "bw_mean" : 1227.309763,
        "bw_dev" : 55.311723,
        "bw_samples" : 12939,
        "iops_min" : 64,
        "iops_max" : 3284,
        "iops_mean" : 306.827441,
        "iops_stddev" : 13.827931,
        "iops_samples" : 12939
      },
      "write" : {
        "io_bytes" : 277135360,
        "io_kbytes" : 270640,
        "bw_bytes" : 921634,
        "bw" : 900,
        "iops" : 225.008314,
        "runtime" : 300700,
        "total_ios" : 67660,
        "short_ios" : 0,
        "drop_ios" : 0,
        "slat_ns" : {
          "min" : 76071,
          "max" : 1192044807,
          "mean" : 233298.928451,
          "stddev" : 11157095.745821,
          "N" : 67660
        },
        "clat_ns" : {
          "min" : 282368120,
          "max" : 104493747600,
          "mean" : 18067871487.434132,
          "stddev" : 17158815059.016678,
          "N" : 67660,
          "percentile" : {
            "1.000000" : 1166016512,
            "5.000000" : 1434451968,
            "10.000000" : 1551892480,
            "20.000000" : 2332033024,
            "30.000000" : 9865003008,
            "40.000000" : 12280922112,
            "50.000000" : 14025752576,
            "60.000000" : 17112760320,
            "70.000000" : 17112760320,
            "80.000000" : 17112760320,
            "90.000000" : 17112760320,
            "95.000000" : 17112760320,
            "99.000000" : 17112760320,
            "99.500000" : 17112760320,
            "99.900000" : 17112760320,
            "99.950000" : 17112760320,
            "99.990000" : 17112760320
          }
        },
        "lat_ns" : {
          "min" : 282553952,
          "max" : 104493830561,
          "mean" : 18068106050.165386,
          "stddev" : 17158979280.172827,
          "N" : 67660
        },
        "bw_min" : 256,
        "bw_max" : 13280,
        "bw_agg" : 100.000000,
        "bw_mean" : 1227.254357,
        "bw_dev" : 55.610019,
        "bw_samples" : 12907,
        "iops_min" : 64,
        "iops_max" : 3320,
        "iops_mean" : 306.813589,
        "iops_stddev" : 13.902505,
        "iops_samples" : 12907
      },
      "trim" : {
        "io_bytes" : 0,
        "io_kbytes" : 0,
        "bw_bytes" : 0,
        "bw" : 0,
        "iops" : 0.000000,
        "runtime" : 0,
        "total_ios" : 0,
        "short_ios" : 0,
        "drop_ios" : 0,
        "slat_ns" : {
          "min" : 0,
          "max" : 0,
          "mean" : 0.000000,
          "stddev" : 0.000000,
          "N" : 0
        },
        "clat_ns" : {
          "min" : 0,
          "max" : 0,
          "mean" : 0.000000,
          "stddev" : 0.000000,
          "N" : 0
        },
        "lat_ns" : {
          "min" : 0,
          "max" : 0,
          "mean" : 0.000000,
          "stddev" : 0.000000,
          "N" : 0
        },
        "bw_min" : 0,
        "bw_max" : 0,
        "bw_agg" : 0.000000,
        "bw_mean" : 0.000000,
        "bw_dev" : 0.000000,
        "bw_samples" : 0,
        "iops_min" : 0,
        "iops_max" : 0,
        "iops_mean" : 0.000000,
        "iops_stddev" : 0.000000,
        "iops_samples" : 0
      },
      "sync" : {
        "total_ios" : 0,
        "lat_ns" : {
          "min" : 0,
          "max" : 0,
          "mean" : 0.000000,
          "stddev" : 0.000000,
          "N" : 0
        }
      },
      "job_runtime" : 9609798,
      "usr_cpu" : 0.030542,
      "sys_cpu" : 0.211451,
      "ctx" : 68066,
      "majf" : 0,
      "minf" : 1325,
      "iodepth_level" : {
        "1" : 0.100000,
        "2" : 0.100000,
        "4" : 0.100000,
        "8" : 0.189086,
        "16" : 0.378172,
        "32" : 0.756345,
        ">=64" : 98.510946
      },
      "iodepth_submit" : {
        "0" : 0.000000,
        "4" : 100.000000,
        "8" : 0.000000,
        "16" : 0.000000,
        "32" : 0.000000,
        "64" : 0.000000,
        ">=64" : 0.000000
      },
      "iodepth_complete" : {
        "0" : 0.000000,
        "4" : 99.974855,
        "8" : 0.000000,
        "16" : 0.000000,
        "32" : 0.000000,
        "64" : 0.000000,
        ">=64" : 0.100000
      },
      "latency_ns" : {
        "2" : 0.000000,
        "4" : 0.000000,
        "10" : 0.000000,
        "20" : 0.000000,
        "50" : 0.000000,
        "100" : 0.000000,
        "250" : 0.000000,
        "500" : 0.000000,
        "750" : 0.000000,
        "1000" : 0.000000
      },
      "latency_us" : {
        "2" : 0.000000,
        "4" : 0.000000,
        "10" : 0.000000,
        "20" : 0.000000,
        "50" : 0.023636,
        "100" : 0.000000,
        "250" : 0.000000,
        "500" : 0.000000,
        "750" : 0.000000,
        "1000" : 0.000000
      },
      "latency_ms" : {
        "2" : 0.000000,
        "4" : 0.000000,
        "10" : 0.000000,
        "20" : 0.000000,
        "50" : 0.000000,
        "100" : 0.000000,
        "250" : 0.010000,
        "500" : 0.010000,
        "750" : 0.017727,
        "1000" : 0.264425,
        "2000" : 16.920997,
        ">=2000" : 82.762874
      },
      "latency_depth" : 256,
      "latency_target" : 0,
      "latency_percentile" : 100.000000,
      "latency_window" : 0
    }
  ]
}
