{
  "fio version" : "fio-3.27",
  "timestamp" : 1627019553,
  "timestamp_ms" : 1627019553862,
  "time" : "Fri Jul 23 07:52:33 2021",
  "jobs" : [
    {
      "jobname" : "randrw",
      "groupid" : 0,
      "error" : 0,
      "eta" : 0,
      "elapsed" : 301,
      "job options" : {
        "bs" : "4K",
        "iodepth" : "256",
        "direct" : "0",
        "ioengine" : "libaio",
        "time_based" : "1",
        "runtime" : "300",
        "numjobs" : "16",
        "size" : "1g",
        "name" : "randrw",
        "rw" : "randrw",
        "directory" : "/scratch/snx2000/ccocha/randrw/64_node",
        "filename_format" : "$jobname.0.$jobnum.$filenum"
      },
      "read" : {
        "io_bytes" : 205115392,
        "io_kbytes" : 200308,
        "bw_bytes" : 682809,
        "bw" : 666,
        "iops" : 166.701620,
        "runtime" : 300399,
        "total_ios" : 50077,
        "short_ios" : 0,
        "drop_ios" : 0,
        "slat_ns" : {
          "min" : 518416,
          "max" : 65520877784,
          "mean" : 95741764.698724,
          "stddev" : 850784437.212803,
          "N" : 50077
        },
        "clat_ns" : {
          "min" : 16740,
          "max" : 92495787459,
          "mean" : 12179244614.469530,
          "stddev" : 15374207413.684689,
          "N" : 50077,
          "percentile" : {
            "1.000000" : 1216348160,
            "5.000000" : 1417674752,
            "10.000000" : 1518338048,
            "20.000000" : 1686110208,
            "30.000000" : 8791261184,
            "40.000000" : 9999220736,
            "50.000000" : 10670309376,
            "60.000000" : 11341398016,
            "70.000000" : 12280922112,
            "80.000000" : 13891534848,
            "90.000000" : 16441671680,
            "95.000000" : 17112760320,
            "99.000000" : 17112760320,
            "99.500000" : 17112760320,
            "99.900000" : 17112760320,
            "99.950000" : 17112760320,
            "99.990000" : 17112760320
          }
        },
        "lat_ns" : {
          "min" : 8713966,
          "max" : 93141296244,
          "mean" : 12274989406.692087,
          "stddev" : 15433858358.100220,
          "N" : 50077
        },
        "bw_min" : 128,
        "bw_max" : 7152,
        "bw_agg" : 100.000000,
        "bw_mean" : 1043.300204,
        "bw_dev" : 76.779554,
        "bw_samples" : 5880,
        "iops_min" : 32,
        "iops_max" : 1788,
        "iops_mean" : 260.825051,
        "iops_stddev" : 19.194889,
        "iops_samples" : 5880
      },
      "write" : {
        "io_bytes" : 206655488,
        "io_kbytes" : 201812,
        "bw_bytes" : 687936,
        "bw" : 671,
        "iops" : 167.953289,
        "runtime" : 300399,
        "total_ios" : 50453,
        "short_ios" : 0,
        "drop_ios" : 0,
        "slat_ns" : {
          "min" : 75080,
          "max" : 2249158,
          "mean" : 116621.300438,
          "stddev" : 44630.109461,
          "N" : 50453
        },
        "clat_ns" : {
          "min" : 23901311,
          "max" : 93141118842,
          "mean" : 12118665614.848059,
          "stddev" : 15285015047.299145,
          "N" : 50453,
          "percentile" : {
            "1.000000" : 1199570944,
            "5.000000" : 1417674752,
            "10.000000" : 1518338048,
            "20.000000" : 1669332992,
            "30.000000" : 8657043456,
            "40.000000" : 9999220736,
            "50.000000" : 10670309376,
            "60.000000" : 11341398016,
            "70.000000" : 12280922112,
            "80.000000" : 13891534848,
            "90.000000" : 16441671680,
            "95.000000" : 17112760320,
            "99.000000" : 17112760320,
            "99.500000" : 17112760320,
            "99.900000" : 17112760320,
            "99.950000" : 17112760320,
            "99.990000" : 17112760320
          }
        },
        "lat_ns" : {
          "min" : 23982052,
          "max" : 93141219213,
          "mean" : 12118783443.939592,
          "stddev" : 15285015586.705507,
          "N" : 50453
        },
        "bw_min" : 128,
        "bw_max" : 7272,
        "bw_agg" : 100.000000,
        "bw_mean" : 1050.474667,
        "bw_dev" : 77.816276,
        "bw_samples" : 5875,
        "iops_min" : 32,
        "iops_max" : 1818,
        "iops_mean" : 262.618667,
        "iops_stddev" : 19.454069,
        "iops_samples" : 5875
      },
      "trim" : {
        "io_bytes" : 0,
        "io_kbytes" : 0,
        "bw_bytes" : 0,
        "bw" : 0,
        "iops" : 0.000000,
        "runtime" : 0,
        "total_ios" : 0,
        "short_ios" : 0,
        "drop_ios" : 0,
        "slat_ns" : {
          "min" : 0,
          "max" : 0,
          "mean" : 0.000000,
          "stddev" : 0.000000,
          "N" : 0
        },
        "clat_ns" : {
          "min" : 0,
          "max" : 0,
          "mean" : 0.000000,
          "stddev" : 0.000000,
          "N" : 0
        },
        "lat_ns" : {
          "min" : 0,
          "max" : 0,
          "mean" : 0.000000,
          "stddev" : 0.000000,
          "N" : 0
        },
        "bw_min" : 0,
        "bw_max" : 0,
        "bw_agg" : 0.000000,
        "bw_mean" : 0.000000,
        "bw_dev" : 0.000000,
        "bw_samples" : 0,
        "iops_min" : 0,
        "iops_max" : 0,
        "iops_mean" : 0.000000,
        "iops_stddev" : 0.000000,
        "iops_samples" : 0
      },
      "sync" : {
        "total_ios" : 0,
        "lat_ns" : {
          "min" : 0,
          "max" : 0,
          "mean" : 0.000000,
          "stddev" : 0.000000,
          "N" : 0
        }
      },
      "job_runtime" : 4802225,
      "usr_cpu" : 0.044625,
      "sys_cpu" : 0.287138,
      "ctx" : 50214,
      "majf" : 0,
      "minf" : 675,
      "iodepth_level" : {
        "1" : 0.100000,
        "2" : 0.100000,
        "4" : 0.100000,
        "8" : 0.127325,
        "16" : 0.254650,
        "32" : 0.509301,
        ">=64" : 98.997314
      },
      "iodepth_submit" : {
        "0" : 0.000000,
        "4" : 100.000000,
        "8" : 0.000000,
        "16" : 0.000000,
        "32" : 0.000000,
        "64" : 0.000000,
        ">=64" : 0.000000
      },
      "iodepth_complete" : {
        "0" : 0.000000,
        "4" : 99.983414,
        "8" : 0.000000,
        "16" : 0.000000,
        "32" : 0.000000,
        "64" : 0.000000,
        ">=64" : 0.100000
      },
      "latency_ns" : {
        "2" : 0.000000,
        "4" : 0.000000,
        "10" : 0.000000,
        "20" : 0.000000,
        "50" : 0.000000,
        "100" : 0.000000,
        "250" : 0.000000,
        "500" : 0.000000,
        "750" : 0.000000,
        "1000" : 0.000000
      },
      "latency_us" : {
        "2" : 0.000000,
        "4" : 0.000000,
        "10" : 0.000000,
        "20" : 0.010000,
        "50" : 0.011937,
        "100" : 0.000000,
        "250" : 0.000000,
        "500" : 0.000000,
        "750" : 0.000000,
        "1000" : 0.000000
      },
      "latency_ms" : {
        "2" : 0.000000,
        "4" : 0.000000,
        "10" : 0.010000,
        "20" : 0.010000,
        "50" : 0.010000,
        "100" : 0.015916,
        "250" : 0.125336,
        "500" : 0.195961,
        "750" : 0.358102,
        "1000" : 0.135283,
        "2000" : 23.894360,
        ">=2000" : 75.250174
      },
      "latency_depth" : 256,
      "latency_target" : 0,
      "latency_percentile" : 100.000000,
      "latency_window" : 0
    }
  ]
}
