{
  "fio version" : "fio-3.27",
  "timestamp" : 1627433665,
  "timestamp_ms" : 1627433665819,
  "time" : "Wed Jul 28 02:54:25 2021",
  "jobs" : [
    {
      "jobname" : "seq-read",
      "groupid" : 0,
      "error" : 0,
      "eta" : 0,
      "elapsed" : 301,
      "job options" : {
        "bs" : "4K",
        "iodepth" : "256",
        "direct" : "1",
        "ioengine" : "libaio",
        "time_based" : "1",
        "runtime" : "300",
        "numjobs" : "2",
        "size" : "1g",
        "name" : "seq-read",
        "rw" : "read",
        "directory" : "/scratch/snx2000/ccocha/seqread/128_node/",
        "filename_format" : "$jobname.84.$jobnum.$filenum"
      },
      "read" : {
        "io_bytes" : 3619192832,
        "io_kbytes" : 3534368,
        "bw_bytes" : 12063935,
        "bw" : 11781,
        "iops" : 2945.296849,
        "runtime" : 300001,
        "total_ios" : 883592,
        "short_ios" : 0,
        "drop_ios" : 0,
        "slat_ns" : {
          "min" : 370592,
          "max" : 158950299,
          "mean" : 666464.049747,
          "stddev" : 1134104.361431,
          "N" : 883592
        },
        "clat_ns" : {
          "min" : 12070,
          "max" : 444954646,
          "mean" : 173093439.584366,
          "stddev" : 30328772.179387,
          "N" : 883592,
          "percentile" : {
            "1.000000" : 139460608,
            "5.000000" : 145752064,
            "10.000000" : 147849216,
            "20.000000" : 152043520,
            "30.000000" : 154140672,
            "40.000000" : 158334976,
            "50.000000" : 162529280,
            "60.000000" : 168820736,
            "70.000000" : 177209344,
            "80.000000" : 189792256,
            "90.000000" : 212860928,
            "95.000000" : 233832448,
            "99.000000" : 283115520,
            "99.500000" : 304087040,
            "99.900000" : 350224384,
            "99.950000" : 379584512,
            "99.990000" : 404750336
          }
        },
        "lat_ns" : {
          "min" : 449593,
          "max" : 445625941,
          "mean" : 173761321.774724,
          "stddev" : 30399252.749389,
          "N" : 883592
        },
        "bw_min" : 5528,
        "bw_max" : 14176,
        "bw_agg" : 99.981441,
        "bw_mean" : 11779.928214,
        "bw_dev" : 629.540994,
        "bw_samples" : 1198,
        "iops_min" : 1382,
        "iops_max" : 3544,
        "iops_mean" : 2944.911519,
        "iops_stddev" : 157.398139,
        "iops_samples" : 1198
      },
      "write" : {
        "io_bytes" : 0,
        "io_kbytes" : 0,
        "bw_bytes" : 0,
        "bw" : 0,
        "iops" : 0.000000,
        "runtime" : 0,
        "total_ios" : 0,
        "short_ios" : 0,
        "drop_ios" : 0,
        "slat_ns" : {
          "min" : 0,
          "max" : 0,
          "mean" : 0.000000,
          "stddev" : 0.000000,
          "N" : 0
        },
        "clat_ns" : {
          "min" : 0,
          "max" : 0,
          "mean" : 0.000000,
          "stddev" : 0.000000,
          "N" : 0
        },
        "lat_ns" : {
          "min" : 0,
          "max" : 0,
          "mean" : 0.000000,
          "stddev" : 0.000000,
          "N" : 0
        },
        "bw_min" : 0,
        "bw_max" : 0,
        "bw_agg" : 0.000000,
        "bw_mean" : 0.000000,
        "bw_dev" : 0.000000,
        "bw_samples" : 0,
        "iops_min" : 0,
        "iops_max" : 0,
        "iops_mean" : 0.000000,
        "iops_stddev" : 0.000000,
        "iops_samples" : 0
      },
      "trim" : {
        "io_bytes" : 0,
        "io_kbytes" : 0,
        "bw_bytes" : 0,
        "bw" : 0,
        "iops" : 0.000000,
        "runtime" : 0,
        "total_ios" : 0,
        "short_ios" : 0,
        "drop_ios" : 0,
        "slat_ns" : {
          "min" : 0,
          "max" : 0,
          "mean" : 0.000000,
          "stddev" : 0.000000,
          "N" : 0
        },
        "clat_ns" : {
          "min" : 0,
          "max" : 0,
          "mean" : 0.000000,
          "stddev" : 0.000000,
          "N" : 0
        },
        "lat_ns" : {
          "min" : 0,
          "max" : 0,
          "mean" : 0.000000,
          "stddev" : 0.000000,
          "N" : 0
        },
        "bw_min" : 0,
        "bw_max" : 0,
        "bw_agg" : 0.000000,
        "bw_mean" : 0.000000,
        "bw_dev" : 0.000000,
        "bw_samples" : 0,
        "iops_min" : 0,
        "iops_max" : 0,
        "iops_mean" : 0.000000,
        "iops_stddev" : 0.000000,
        "iops_samples" : 0
      },
      "sync" : {
        "total_ios" : 0,
        "lat_ns" : {
          "min" : 0,
          "max" : 0,
          "mean" : 0.000000,
          "stddev" : 0.000000,
          "N" : 0
        }
      },
      "job_runtime" : 600000,
      "usr_cpu" : 1.965333,
      "sys_cpu" : 14.735167,
      "ctx" : 883632,
      "majf" : 0,
      "minf" : 591,
      "iodepth_level" : {
        "1" : 0.100000,
        "2" : 0.100000,
        "4" : 0.100000,
        "8" : 0.100000,
        "16" : 0.100000,
        "32" : 0.100000,
        ">=64" : 99.985740
      },
      "iodepth_submit" : {
        "0" : 0.000000,
        "4" : 100.000000,
        "8" : 0.000000,
        "16" : 0.000000,
        "32" : 0.000000,
        "64" : 0.000000,
        ">=64" : 0.000000
      },
      "iodepth_complete" : {
        "0" : 0.000000,
        "4" : 99.999774,
        "8" : 0.000000,
        "16" : 0.000000,
        "32" : 0.000000,
        "64" : 0.000000,
        ">=64" : 0.100000
      },
      "latency_ns" : {
        "2" : 0.000000,
        "4" : 0.000000,
        "10" : 0.000000,
        "20" : 0.000000,
        "50" : 0.000000,
        "100" : 0.000000,
        "250" : 0.000000,
        "500" : 0.000000,
        "750" : 0.000000,
        "1000" : 0.000000
      },
      "latency_us" : {
        "2" : 0.000000,
        "4" : 0.000000,
        "10" : 0.000000,
        "20" : 0.010000,
        "50" : 0.000000,
        "100" : 0.000000,
        "250" : 0.000000,
        "500" : 0.010000,
        "750" : 0.000000,
        "1000" : 0.010000
      },
      "latency_ms" : {
        "2" : 0.010000,
        "4" : 0.010000,
        "10" : 0.010000,
        "20" : 0.010000,
        "50" : 0.012336,
        "100" : 0.017316,
        "250" : 96.832814,
        "500" : 3.128367,
        "750" : 0.000000,
        "1000" : 0.000000,
        "2000" : 0.000000,
        ">=2000" : 0.000000
      },
      "latency_depth" : 256,
      "latency_target" : 0,
      "latency_percentile" : 100.000000,
      "latency_window" : 0
    }
  ]
}
