{
  "fio version" : "fio-3.27",
  "timestamp" : 1627015953,
  "timestamp_ms" : 1627015953934,
  "time" : "Fri Jul 23 06:52:33 2021",
  "jobs" : [
    {
      "jobname" : "randrw",
      "groupid" : 0,
      "error" : 0,
      "eta" : 0,
      "elapsed" : 302,
      "job options" : {
        "bs" : "4K",
        "iodepth" : "256",
        "direct" : "0",
        "ioengine" : "libaio",
        "time_based" : "1",
        "runtime" : "300",
        "numjobs" : "16",
        "size" : "1g",
        "name" : "randrw",
        "rw" : "randrw",
        "directory" : "/scratch/snx2000/ccocha/randrw/32_node",
        "filename_format" : "$jobname.0.$jobnum.$filenum"
      },
      "read" : {
        "io_bytes" : 414572544,
        "io_kbytes" : 404856,
        "bw_bytes" : 1378833,
        "bw" : 1346,
        "iops" : 336.629317,
        "runtime" : 300669,
        "total_ios" : 101214,
        "short_ios" : 0,
        "drop_ios" : 0,
        "slat_ns" : {
          "min" : 474206,
          "max" : 17340231637,
          "mean" : 47289591.974727,
          "stddev" : 258366857.086112,
          "N" : 101214
        },
        "clat_ns" : {
          "min" : 15110,
          "max" : 49003207418,
          "mean" : 6012862459.879642,
          "stddev" : 5889364858.756639,
          "N" : 101214,
          "percentile" : {
            "1.000000" : 926941184,
            "5.000000" : 1027604480,
            "10.000000" : 1149239296,
            "20.000000" : 2365587456,
            "30.000000" : 3271557120,
            "40.000000" : 4395630592,
            "50.000000" : 5603590144,
            "60.000000" : 6610223104,
            "70.000000" : 7415529472,
            "80.000000" : 8086618112,
            "90.000000" : 8925478912,
            "95.000000" : 9596567552,
            "99.000000" : 17112760320,
            "99.500000" : 17112760320,
            "99.900000" : 17112760320,
            "99.950000" : 17112760320,
            "99.990000" : 17112760320
          }
        },
        "lat_ns" : {
          "min" : 49001697,
          "max" : 49144117045,
          "mean" : 6060155051.237023,
          "stddev" : 5910243978.846505,
          "N" : 101214
        },
        "bw_min" : 128,
        "bw_max" : 10296,
        "bw_agg" : 100.000000,
        "bw_mean" : 1706.826173,
        "bw_dev" : 113.300828,
        "bw_samples" : 7429,
        "iops_min" : 32,
        "iops_max" : 2574,
        "iops_mean" : 426.705446,
        "iops_stddev" : 28.324870,
        "iops_samples" : 7429
      },
      "write" : {
        "io_bytes" : 416677888,
        "io_kbytes" : 406912,
        "bw_bytes" : 1385835,
        "bw" : 1353,
        "iops" : 338.338838,
        "runtime" : 300669,
        "total_ios" : 101728,
        "short_ios" : 0,
        "drop_ios" : 0,
        "slat_ns" : {
          "min" : 75261,
          "max" : 663702256,
          "mean" : 135271.961830,
          "stddev" : 3571499.770086,
          "N" : 101728
        },
        "clat_ns" : {
          "min" : 49011577,
          "max" : 49109496303,
          "mean" : 6038516956.095147,
          "stddev" : 5925810838.779910,
          "N" : 101728,
          "percentile" : {
            "1.000000" : 926941184,
            "5.000000" : 1027604480,
            "10.000000" : 1149239296,
            "20.000000" : 2365587456,
            "30.000000" : 3271557120,
            "40.000000" : 4395630592,
            "50.000000" : 5603590144,
            "60.000000" : 6677331968,
            "70.000000" : 7482638336,
            "80.000000" : 8153726976,
            "90.000000" : 8925478912,
            "95.000000" : 9596567552,
            "99.000000" : 17112760320,
            "99.500000" : 17112760320,
            "99.900000" : 17112760320,
            "99.950000" : 17112760320,
            "99.990000" : 17112760320
          }
        },
        "lat_ns" : {
          "min" : 49092488,
          "max" : 49109685805,
          "mean" : 6038653432.067832,
          "stddev" : 5925882104.651172,
          "N" : 101728
        },
        "bw_min" : 128,
        "bw_max" : 9968,
        "bw_agg" : 100.000000,
        "bw_mean" : 1722.851436,
        "bw_dev" : 114.280233,
        "bw_samples" : 7401,
        "iops_min" : 32,
        "iops_max" : 2492,
        "iops_mean" : 430.716475,
        "iops_stddev" : 28.570574,
        "iops_samples" : 7401
      },
      "trim" : {
        "io_bytes" : 0,
        "io_kbytes" : 0,
        "bw_bytes" : 0,
        "bw" : 0,
        "iops" : 0.000000,
        "runtime" : 0,
        "total_ios" : 0,
        "short_ios" : 0,
        "drop_ios" : 0,
        "slat_ns" : {
          "min" : 0,
          "max" : 0,
          "mean" : 0.000000,
          "stddev" : 0.000000,
          "N" : 0
        },
        "clat_ns" : {
          "min" : 0,
          "max" : 0,
          "mean" : 0.000000,
          "stddev" : 0.000000,
          "N" : 0
        },
        "lat_ns" : {
          "min" : 0,
          "max" : 0,
          "mean" : 0.000000,
          "stddev" : 0.000000,
          "N" : 0
        },
        "bw_min" : 0,
        "bw_max" : 0,
        "bw_agg" : 0.000000,
        "bw_mean" : 0.000000,
        "bw_dev" : 0.000000,
        "bw_samples" : 0,
        "iops_min" : 0,
        "iops_max" : 0,
        "iops_mean" : 0.000000,
        "iops_stddev" : 0.000000,
        "iops_samples" : 0
      },
      "sync" : {
        "total_ios" : 0,
        "lat_ns" : {
          "min" : 0,
          "max" : 0,
          "mean" : 0.000000,
          "stddev" : 0.000000,
          "N" : 0
        }
      },
      "job_runtime" : 4803863,
      "usr_cpu" : 0.084078,
      "sys_cpu" : 0.577577,
      "ctx" : 101365,
      "majf" : 0,
      "minf" : 670,
      "iodepth_level" : {
        "1" : 0.100000,
        "2" : 0.100000,
        "4" : 0.100000,
        "8" : 0.100000,
        "16" : 0.126144,
        "32" : 0.252289,
        ">=64" : 99.503306
      },
      "iodepth_submit" : {
        "0" : 0.000000,
        "4" : 100.000000,
        "8" : 0.000000,
        "16" : 0.000000,
        "32" : 0.000000,
        "64" : 0.000000,
        ">=64" : 0.000000
      },
      "iodepth_complete" : {
        "0" : 0.000000,
        "4" : 99.991955,
        "8" : 0.000000,
        "16" : 0.000000,
        "32" : 0.000000,
        "64" : 0.000000,
        ">=64" : 0.100000
      },
      "latency_ns" : {
        "2" : 0.000000,
        "4" : 0.000000,
        "10" : 0.000000,
        "20" : 0.000000,
        "50" : 0.000000,
        "100" : 0.000000,
        "250" : 0.000000,
        "500" : 0.000000,
        "750" : 0.000000,
        "1000" : 0.000000
      },
      "latency_us" : {
        "2" : 0.000000,
        "4" : 0.000000,
        "10" : 0.000000,
        "20" : 0.010000,
        "50" : 0.010000,
        "100" : 0.000000,
        "250" : 0.000000,
        "500" : 0.000000,
        "750" : 0.000000,
        "1000" : 0.000000
      },
      "latency_ms" : {
        "2" : 0.000000,
        "4" : 0.000000,
        "10" : 0.000000,
        "20" : 0.000000,
        "50" : 0.010000,
        "100" : 0.010000,
        "250" : 0.038927,
        "500" : 0.076869,
        "750" : 0.074405,
        "1000" : 3.651782,
        "2000" : 11.128303,
        ">=2000" : 85.018380
      },
      "latency_depth" : 256,
      "latency_target" : 0,
      "latency_percentile" : 100.000000,
      "latency_window" : 0
    }
  ]
}
