{
  "fio version" : "fio-3.27",
  "timestamp" : 1627440311,
  "timestamp_ms" : 1627440311920,
  "time" : "Wed Jul 28 04:45:11 2021",
  "jobs" : [
    {
      "jobname" : "seq-read",
      "groupid" : 0,
      "error" : 0,
      "eta" : 0,
      "elapsed" : 302,
      "job options" : {
        "bs" : "4K",
        "iodepth" : "256",
        "direct" : "1",
        "ioengine" : "libaio",
        "time_based" : "1",
        "runtime" : "300",
        "numjobs" : "64",
        "size" : "1g",
        "name" : "seq-read",
        "rw" : "read",
        "directory" : "/scratch/snx2000/ccocha/seqread/150_node/",
        "filename_format" : "$jobname.69.$jobnum.$filenum"
      },
      "read" : {
        "io_bytes" : 3011186688,
        "io_kbytes" : 2940612,
        "bw_bytes" : 10010094,
        "bw" : 9775,
        "iops" : 2443.870818,
        "runtime" : 300815,
        "total_ios" : 735153,
        "short_ios" : 0,
        "drop_ios" : 0,
        "slat_ns" : {
          "min" : 581814,
          "max" : 16355413413,
          "mean" : 26096216.568755,
          "stddev" : 76074996.420451,
          "N" : 735153
        },
        "clat_ns" : {
          "min" : 13960,
          "max" : 75880082492,
          "mean" : 6609882949.279580,
          "stddev" : 6553764651.667119,
          "N" : 735153,
          "percentile" : {
            "1.000000" : 2835349504,
            "5.000000" : 3942645760,
            "10.000000" : 4076863488,
            "20.000000" : 4211081216,
            "30.000000" : 4328521728,
            "40.000000" : 4731174912,
            "50.000000" : 5066719232,
            "60.000000" : 5402263552,
            "70.000000" : 5670699008,
            "80.000000" : 5872025600,
            "90.000000" : 9059696640,
            "95.000000" : 16844324864,
            "99.000000" : 17112760320,
            "99.500000" : 17112760320,
            "99.900000" : 17112760320,
            "99.950000" : 17112760320,
            "99.990000" : 17112760320
          }
        },
        "lat_ns" : {
          "min" : 3543914,
          "max" : 75942250002,
          "mean" : 6635982626.296850,
          "stddev" : 6576934518.904191,
          "N" : 735153
        },
        "bw_min" : 2112,
        "bw_max" : 19688,
        "bw_agg" : 100.000000,
        "bw_mean" : 10083.426199,
        "bw_dev" : 56.963207,
        "bw_samples" : 35319,
        "iops_min" : 528,
        "iops_max" : 4922,
        "iops_mean" : 2520.856550,
        "iops_stddev" : 14.240786,
        "iops_samples" : 35319
      },
      "write" : {
        "io_bytes" : 0,
        "io_kbytes" : 0,
        "bw_bytes" : 0,
        "bw" : 0,
        "iops" : 0.000000,
        "runtime" : 0,
        "total_ios" : 0,
        "short_ios" : 0,
        "drop_ios" : 0,
        "slat_ns" : {
          "min" : 0,
          "max" : 0,
          "mean" : 0.000000,
          "stddev" : 0.000000,
          "N" : 0
        },
        "clat_ns" : {
          "min" : 0,
          "max" : 0,
          "mean" : 0.000000,
          "stddev" : 0.000000,
          "N" : 0
        },
        "lat_ns" : {
          "min" : 0,
          "max" : 0,
          "mean" : 0.000000,
          "stddev" : 0.000000,
          "N" : 0
        },
        "bw_min" : 0,
        "bw_max" : 0,
        "bw_agg" : 0.000000,
        "bw_mean" : 0.000000,
        "bw_dev" : 0.000000,
        "bw_samples" : 0,
        "iops_min" : 0,
        "iops_max" : 0,
        "iops_mean" : 0.000000,
        "iops_stddev" : 0.000000,
        "iops_samples" : 0
      },
      "trim" : {
        "io_bytes" : 0,
        "io_kbytes" : 0,
        "bw_bytes" : 0,
        "bw" : 0,
        "iops" : 0.000000,
        "runtime" : 0,
        "total_ios" : 0,
        "short_ios" : 0,
        "drop_ios" : 0,
        "slat_ns" : {
          "min" : 0,
          "max" : 0,
          "mean" : 0.000000,
          "stddev" : 0.000000,
          "N" : 0
        },
        "clat_ns" : {
          "min" : 0,
          "max" : 0,
          "mean" : 0.000000,
          "stddev" : 0.000000,
          "N" : 0
        },
        "lat_ns" : {
          "min" : 0,
          "max" : 0,
          "mean" : 0.000000,
          "stddev" : 0.000000,
          "N" : 0
        },
        "bw_min" : 0,
        "bw_max" : 0,
        "bw_agg" : 0.000000,
        "bw_mean" : 0.000000,
        "bw_dev" : 0.000000,
        "bw_samples" : 0,
        "iops_min" : 0,
        "iops_max" : 0,
        "iops_mean" : 0.000000,
        "iops_stddev" : 0.000000,
        "iops_samples" : 0
      },
      "sync" : {
        "total_ios" : 0,
        "lat_ns" : {
          "min" : 0,
          "max" : 0,
          "mean" : 0.000000,
          "stddev" : 0.000000,
          "N" : 0
        }
      },
      "job_runtime" : 19202697,
      "usr_cpu" : 0.107813,
      "sys_cpu" : 0.667224,
      "ctx" : 735621,
      "majf" : 0,
      "minf" : 18975,
      "iodepth_level" : {
        "1" : 0.100000,
        "2" : 0.100000,
        "4" : 0.100000,
        "8" : 0.100000,
        "16" : 0.139291,
        "32" : 0.278581,
        ">=64" : 99.451543
      },
      "iodepth_submit" : {
        "0" : 0.000000,
        "4" : 100.000000,
        "8" : 0.000000,
        "16" : 0.000000,
        "32" : 0.000000,
        "64" : 0.000000,
        ">=64" : 0.000000
      },
      "iodepth_complete" : {
        "0" : 0.000000,
        "4" : 99.991097,
        "8" : 0.000000,
        "16" : 0.000000,
        "32" : 0.000000,
        "64" : 0.000000,
        ">=64" : 0.100000
      },
      "latency_ns" : {
        "2" : 0.000000,
        "4" : 0.000000,
        "10" : 0.000000,
        "20" : 0.000000,
        "50" : 0.000000,
        "100" : 0.000000,
        "250" : 0.000000,
        "500" : 0.000000,
        "750" : 0.000000,
        "1000" : 0.000000
      },
      "latency_us" : {
        "2" : 0.000000,
        "4" : 0.000000,
        "10" : 0.000000,
        "20" : 0.010000,
        "50" : 0.010000,
        "100" : 0.000000,
        "250" : 0.000000,
        "500" : 0.000000,
        "750" : 0.000000,
        "1000" : 0.000000
      },
      "latency_ms" : {
        "2" : 0.000000,
        "4" : 0.010000,
        "10" : 0.010000,
        "20" : 0.010000,
        "50" : 0.027613,
        "100" : 0.045025,
        "250" : 0.124192,
        "500" : 0.133714,
        "750" : 0.096170,
        "1000" : 0.083112,
        "2000" : 0.255729,
        ">=2000" : 99.209688
      },
      "latency_depth" : 256,
      "latency_target" : 0,
      "latency_percentile" : 100.000000,
      "latency_window" : 0
    }
  ]
}
