{
  "fio version" : "fio-3.27",
  "timestamp" : 1627429675,
  "timestamp_ms" : 1627429675858,
  "time" : "Wed Jul 28 01:47:55 2021",
  "jobs" : [
    {
      "jobname" : "seq-read",
      "groupid" : 0,
      "error" : 0,
      "eta" : 0,
      "elapsed" : 301,
      "job options" : {
        "bs" : "4K",
        "iodepth" : "256",
        "direct" : "1",
        "ioengine" : "libaio",
        "time_based" : "1",
        "runtime" : "300",
        "numjobs" : "1",
        "size" : "1g",
        "name" : "seq-read",
        "rw" : "read",
        "directory" : "/scratch/snx2000/ccocha/seqread/96_node/",
        "filename_format" : "$jobname.70.$jobnum.$filenum"
      },
      "read" : {
        "io_bytes" : 2089635840,
        "io_kbytes" : 2040660,
        "bw_bytes" : 6965429,
        "bw" : 6802,
        "iops" : 1700.544332,
        "runtime" : 300001,
        "total_ios" : 510165,
        "short_ios" : 0,
        "drop_ios" : 0,
        "slat_ns" : {
          "min" : 365122,
          "max" : 91061325,
          "mean" : 576328.892839,
          "stddev" : 782056.041316,
          "N" : 510165
        },
        "clat_ns" : {
          "min" : 11920,
          "max" : 482390177,
          "mean" : 149858302.758511,
          "stddev" : 23106845.771102,
          "N" : 510165,
          "percentile" : {
            "1.000000" : 126353408,
            "5.000000" : 128450560,
            "10.000000" : 130547712,
            "20.000000" : 133693440,
            "30.000000" : 137363456,
            "40.000000" : 139460608,
            "50.000000" : 143654912,
            "60.000000" : 147849216,
            "70.000000" : 154140672,
            "80.000000" : 162529280,
            "90.000000" : 175112192,
            "95.000000" : 191889408,
            "99.000000" : 231735296,
            "99.500000" : 256901120,
            "99.900000" : 337641472,
            "99.950000" : 362807296,
            "99.990000" : 471859200
          }
        },
        "lat_ns" : {
          "min" : 449322,
          "max" : 483117061,
          "mean" : 150436014.566392,
          "stddev" : 23163033.710764,
          "N" : 510165
        },
        "bw_min" : 2048,
        "bw_max" : 7976,
        "bw_agg" : 99.982700,
        "bw_mean" : 6801.106845,
        "bw_dev" : 635.795535,
        "bw_samples" : 599,
        "iops_min" : 512,
        "iops_max" : 1994,
        "iops_mean" : 1700.247078,
        "iops_stddev" : 158.941121,
        "iops_samples" : 599
      },
      "write" : {
        "io_bytes" : 0,
        "io_kbytes" : 0,
        "bw_bytes" : 0,
        "bw" : 0,
        "iops" : 0.000000,
        "runtime" : 0,
        "total_ios" : 0,
        "short_ios" : 0,
        "drop_ios" : 0,
        "slat_ns" : {
          "min" : 0,
          "max" : 0,
          "mean" : 0.000000,
          "stddev" : 0.000000,
          "N" : 0
        },
        "clat_ns" : {
          "min" : 0,
          "max" : 0,
          "mean" : 0.000000,
          "stddev" : 0.000000,
          "N" : 0
        },
        "lat_ns" : {
          "min" : 0,
          "max" : 0,
          "mean" : 0.000000,
          "stddev" : 0.000000,
          "N" : 0
        },
        "bw_min" : 0,
        "bw_max" : 0,
        "bw_agg" : 0.000000,
        "bw_mean" : 0.000000,
        "bw_dev" : 0.000000,
        "bw_samples" : 0,
        "iops_min" : 0,
        "iops_max" : 0,
        "iops_mean" : 0.000000,
        "iops_stddev" : 0.000000,
        "iops_samples" : 0
      },
      "trim" : {
        "io_bytes" : 0,
        "io_kbytes" : 0,
        "bw_bytes" : 0,
        "bw" : 0,
        "iops" : 0.000000,
        "runtime" : 0,
        "total_ios" : 0,
        "short_ios" : 0,
        "drop_ios" : 0,
        "slat_ns" : {
          "min" : 0,
          "max" : 0,
          "mean" : 0.000000,
          "stddev" : 0.000000,
          "N" : 0
        },
        "clat_ns" : {
          "min" : 0,
          "max" : 0,
          "mean" : 0.000000,
          "stddev" : 0.000000,
          "N" : 0
        },
        "lat_ns" : {
          "min" : 0,
          "max" : 0,
          "mean" : 0.000000,
          "stddev" : 0.000000,
          "N" : 0
        },
        "bw_min" : 0,
        "bw_max" : 0,
        "bw_agg" : 0.000000,
        "bw_mean" : 0.000000,
        "bw_dev" : 0.000000,
        "bw_samples" : 0,
        "iops_min" : 0,
        "iops_max" : 0,
        "iops_mean" : 0.000000,
        "iops_stddev" : 0.000000,
        "iops_samples" : 0
      },
      "sync" : {
        "total_ios" : 0,
        "lat_ns" : {
          "min" : 0,
          "max" : 0,
          "mean" : 0.000000,
          "stddev" : 0.000000,
          "N" : 0
        }
      },
      "job_runtime" : 300000,
      "usr_cpu" : 2.100333,
      "sys_cpu" : 16.532333,
      "ctx" : 510185,
      "majf" : 0,
      "minf" : 295,
      "iodepth_level" : {
        "1" : 0.100000,
        "2" : 0.100000,
        "4" : 0.100000,
        "8" : 0.100000,
        "16" : 0.100000,
        "32" : 0.100000,
        ">=64" : 99.987651
      },
      "iodepth_submit" : {
        "0" : 0.000000,
        "4" : 100.000000,
        "8" : 0.000000,
        "16" : 0.000000,
        "32" : 0.000000,
        "64" : 0.000000,
        ">=64" : 0.000000
      },
      "iodepth_complete" : {
        "0" : 0.000000,
        "4" : 99.999804,
        "8" : 0.000000,
        "16" : 0.000000,
        "32" : 0.000000,
        "64" : 0.000000,
        ">=64" : 0.100000
      },
      "latency_ns" : {
        "2" : 0.000000,
        "4" : 0.000000,
        "10" : 0.000000,
        "20" : 0.000000,
        "50" : 0.000000,
        "100" : 0.000000,
        "250" : 0.000000,
        "500" : 0.000000,
        "750" : 0.000000,
        "1000" : 0.000000
      },
      "latency_us" : {
        "2" : 0.000000,
        "4" : 0.000000,
        "10" : 0.000000,
        "20" : 0.010000,
        "50" : 0.000000,
        "100" : 0.000000,
        "250" : 0.000000,
        "500" : 0.010000,
        "750" : 0.000000,
        "1000" : 0.010000
      },
      "latency_ms" : {
        "2" : 0.010000,
        "4" : 0.010000,
        "10" : 0.010000,
        "20" : 0.010000,
        "50" : 0.012349,
        "100" : 0.019994,
        "250" : 99.314339,
        "500" : 0.645477,
        "750" : 0.000000,
        "1000" : 0.000000,
        "2000" : 0.000000,
        ">=2000" : 0.000000
      },
      "latency_depth" : 256,
      "latency_target" : 0,
      "latency_percentile" : 100.000000,
      "latency_window" : 0
    }
  ]
}
