{
  "fio version" : "fio-3.27",
  "timestamp" : 1627031000,
  "timestamp_ms" : 1627031000407,
  "time" : "Fri Jul 23 11:03:20 2021",
  "jobs" : [
    {
      "jobname" : "randrw",
      "groupid" : 0,
      "error" : 0,
      "eta" : 0,
      "elapsed" : 301,
      "job options" : {
        "bs" : "4K",
        "iodepth" : "256",
        "direct" : "0",
        "ioengine" : "libaio",
        "time_based" : "1",
        "runtime" : "300",
        "numjobs" : "32",
        "size" : "1g",
        "name" : "randrw",
        "rw" : "randrw",
        "directory" : "/scratch/snx2000/ccocha/randrw/150_node",
        "filename_format" : "$jobname.90.$jobnum.$filenum"
      },
      "read" : {
        "io_bytes" : 63569920,
        "io_kbytes" : 62080,
        "bw_bytes" : 211645,
        "bw" : 206,
        "iops" : 51.671156,
        "runtime" : 300361,
        "total_ios" : 15520,
        "short_ios" : 0,
        "drop_ios" : 0,
        "slat_ns" : {
          "min" : 27882109,
          "max" : 65786756102,
          "mean" : 618743177.198196,
          "stddev" : 2272294757.856034,
          "N" : 15520
        },
        "clat_ns" : {
          "min" : 21220,
          "max" : 173416392779,
          "mean" : 77971081514.987564,
          "stddev" : 36249359943.068275,
          "N" : 15520,
          "percentile" : {
            "1.000000" : 6341787648,
            "5.000000" : 8086618112,
            "10.000000" : 17112760320,
            "20.000000" : 17112760320,
            "30.000000" : 17112760320,
            "40.000000" : 17112760320,
            "50.000000" : 17112760320,
            "60.000000" : 17112760320,
            "70.000000" : 17112760320,
            "80.000000" : 17112760320,
            "90.000000" : 17112760320,
            "95.000000" : 17112760320,
            "99.000000" : 17112760320,
            "99.500000" : 17112760320,
            "99.900000" : 17112760320,
            "99.950000" : 17112760320,
            "99.990000" : 17112760320
          }
        },
        "lat_ns" : {
          "min" : 191539514,
          "max" : 173588049550,
          "mean" : 78589828776.234543,
          "stddev" : 36310651775.930107,
          "N" : 15520
        },
        "bw_min" : 256,
        "bw_max" : 2400,
        "bw_agg" : 100.000000,
        "bw_mean" : 473.870815,
        "bw_dev" : 10.585587,
        "bw_samples" : 6171,
        "iops_min" : 64,
        "iops_max" : 600,
        "iops_mean" : 118.467704,
        "iops_stddev" : 2.646397,
        "iops_samples" : 6171
      },
      "write" : {
        "io_bytes" : 63807488,
        "io_kbytes" : 62312,
        "bw_bytes" : 212435,
        "bw" : 207,
        "iops" : 51.864257,
        "runtime" : 300361,
        "total_ios" : 15578,
        "short_ios" : 0,
        "drop_ios" : 0,
        "slat_ns" : {
          "min" : 75100,
          "max" : 2693833,
          "mean" : 131917.701053,
          "stddev" : 66007.246351,
          "N" : 15578
        },
        "clat_ns" : {
          "min" : 246137009,
          "max" : 173234019437,
          "mean" : 77533467609.038361,
          "stddev" : 35402771080.362793,
          "N" : 15578,
          "percentile" : {
            "1.000000" : 6677331968,
            "5.000000" : 8153726976,
            "10.000000" : 17112760320,
            "20.000000" : 17112760320,
            "30.000000" : 17112760320,
            "40.000000" : 17112760320,
            "50.000000" : 17112760320,
            "60.000000" : 17112760320,
            "70.000000" : 17112760320,
            "80.000000" : 17112760320,
            "90.000000" : 17112760320,
            "95.000000" : 17112760320,
            "99.000000" : 17112760320,
            "99.500000" : 17112760320,
            "99.900000" : 17112760320,
            "99.950000" : 17112760320,
            "99.990000" : 17112760320
          }
        },
        "lat_ns" : {
          "min" : 246214960,
          "max" : 173234098788,
          "mean" : 77533600783.826569,
          "stddev" : 35402766804.744659,
          "N" : 15578
        },
        "bw_min" : 256,
        "bw_max" : 2456,
        "bw_agg" : 100.000000,
        "bw_mean" : 479.553604,
        "bw_dev" : 10.743992,
        "bw_samples" : 6101,
        "iops_min" : 64,
        "iops_max" : 614,
        "iops_mean" : 119.888401,
        "iops_stddev" : 2.685998,
        "iops_samples" : 6101
      },
      "trim" : {
        "io_bytes" : 0,
        "io_kbytes" : 0,
        "bw_bytes" : 0,
        "bw" : 0,
        "iops" : 0.000000,
        "runtime" : 0,
        "total_ios" : 0,
        "short_ios" : 0,
        "drop_ios" : 0,
        "slat_ns" : {
          "min" : 0,
          "max" : 0,
          "mean" : 0.000000,
          "stddev" : 0.000000,
          "N" : 0
        },
        "clat_ns" : {
          "min" : 0,
          "max" : 0,
          "mean" : 0.000000,
          "stddev" : 0.000000,
          "N" : 0
        },
        "lat_ns" : {
          "min" : 0,
          "max" : 0,
          "mean" : 0.000000,
          "stddev" : 0.000000,
          "N" : 0
        },
        "bw_min" : 0,
        "bw_max" : 0,
        "bw_agg" : 0.000000,
        "bw_mean" : 0.000000,
        "bw_dev" : 0.000000,
        "bw_samples" : 0,
        "iops_min" : 0,
        "iops_max" : 0,
        "iops_mean" : 0.000000,
        "iops_stddev" : 0.000000,
        "iops_samples" : 0
      },
      "sync" : {
        "total_ios" : 0,
        "lat_ns" : {
          "min" : 0,
          "max" : 0,
          "mean" : 0.000000,
          "stddev" : 0.000000,
          "N" : 0
        }
      },
      "job_runtime" : 9605659,
      "usr_cpu" : 0.006621,
      "sys_cpu" : 0.053323,
      "ctx" : 15848,
      "majf" : 0,
      "minf" : 1316,
      "iodepth_level" : {
        "1" : 0.102901,
        "2" : 0.205801,
        "4" : 0.411602,
        "8" : 0.823204,
        "16" : 1.646408,
        "32" : 3.292816,
        ">=64" : 93.517268
      },
      "iodepth_submit" : {
        "0" : 0.000000,
        "4" : 100.000000,
        "8" : 0.000000,
        "16" : 0.000000,
        "32" : 0.000000,
        "64" : 0.000000,
        ">=64" : 0.000000
      },
      "iodepth_complete" : {
        "0" : 0.000000,
        "4" : 99.860688,
        "8" : 0.000000,
        "16" : 0.000000,
        "32" : 0.000000,
        "64" : 0.000000,
        ">=64" : 0.139312
      },
      "latency_ns" : {
        "2" : 0.000000,
        "4" : 0.000000,
        "10" : 0.000000,
        "20" : 0.000000,
        "50" : 0.000000,
        "100" : 0.000000,
        "250" : 0.000000,
        "500" : 0.000000,
        "750" : 0.000000,
        "1000" : 0.000000
      },
      "latency_us" : {
        "2" : 0.000000,
        "4" : 0.000000,
        "10" : 0.000000,
        "20" : 0.000000,
        "50" : 0.102901,
        "100" : 0.000000,
        "250" : 0.000000,
        "500" : 0.000000,
        "750" : 0.000000,
        "1000" : 0.000000
      },
      "latency_ms" : {
        "2" : 0.000000,
        "4" : 0.000000,
        "10" : 0.000000,
        "20" : 0.000000,
        "50" : 0.000000,
        "100" : 0.000000,
        "250" : 0.041803,
        "500" : 0.057882,
        "750" : 0.057882,
        "1000" : 0.038588,
        "2000" : 0.086822,
        ">=2000" : 99.614123
      },
      "latency_depth" : 256,
      "latency_target" : 0,
      "latency_percentile" : 100.000000,
      "latency_window" : 0
    }
  ]
}
