{
  "fio version" : "fio-3.27",
  "timestamp" : 1627029449,
  "timestamp_ms" : 1627029449080,
  "time" : "Fri Jul 23 10:37:29 2021",
  "jobs" : [
    {
      "jobname" : "randrw",
      "groupid" : 0,
      "error" : 0,
      "eta" : 0,
      "elapsed" : 301,
      "job options" : {
        "bs" : "4K",
        "iodepth" : "256",
        "direct" : "0",
        "ioengine" : "libaio",
        "time_based" : "1",
        "runtime" : "300",
        "numjobs" : "4",
        "size" : "1g",
        "name" : "randrw",
        "rw" : "randrw",
        "directory" : "/scratch/snx2000/ccocha/randrw/150_node",
        "filename_format" : "$jobname.13.$jobnum.$filenum"
      },
      "read" : {
        "io_bytes" : 79241216,
        "io_kbytes" : 77384,
        "bw_bytes" : 264026,
        "bw" : 257,
        "iops" : 64.459594,
        "runtime" : 300126,
        "total_ios" : 19346,
        "short_ios" : 0,
        "drop_ios" : 0,
        "slat_ns" : {
          "min" : 503769,
          "max" : 35386772137,
          "mean" : 61885342.229815,
          "stddev" : 436608529.943659,
          "N" : 19346
        },
        "clat_ns" : {
          "min" : 13880,
          "max" : 52890536615,
          "mean" : 7768177310.771427,
          "stddev" : 7248362946.451177,
          "N" : 19346,
          "percentile" : {
            "1.000000" : 985661440,
            "5.000000" : 1052770304,
            "10.000000" : 1098907648,
            "20.000000" : 3372220416,
            "30.000000" : 6543114240,
            "40.000000" : 7281311744,
            "50.000000" : 7818182656,
            "60.000000" : 8220835840,
            "70.000000" : 8657043456,
            "80.000000" : 9193914368,
            "90.000000" : 9865003008,
            "95.000000" : 10536091648,
            "99.000000" : 17112760320,
            "99.500000" : 17112760320,
            "99.900000" : 17112760320,
            "99.950000" : 17112760320,
            "99.990000" : 17112760320
          }
        },
        "lat_ns" : {
          "min" : 16885030,
          "max" : 53127000778,
          "mean" : 7830065823.932085,
          "stddev" : 7277301222.206601,
          "N" : 19346
        },
        "bw_min" : 32,
        "bw_max" : 2296,
        "bw_agg" : 100.000000,
        "bw_mean" : 323.649793,
        "bw_dev" : 88.389672,
        "bw_samples" : 1863,
        "iops_min" : 8,
        "iops_max" : 574,
        "iops_mean" : 80.912448,
        "iops_stddev" : 22.097418,
        "iops_samples" : 1863
      },
      "write" : {
        "io_bytes" : 81178624,
        "io_kbytes" : 79276,
        "bw_bytes" : 270481,
        "bw" : 264,
        "iops" : 66.035598,
        "runtime" : 300126,
        "total_ios" : 19819,
        "short_ios" : 0,
        "drop_ios" : 0,
        "slat_ns" : {
          "min" : 75410,
          "max" : 1634407,
          "mean" : 114491.258035,
          "stddev" : 44228.292330,
          "N" : 19819
        },
        "clat_ns" : {
          "min" : 25120335,
          "max" : 53069507780,
          "mean" : 7832265708.271466,
          "stddev" : 7523839127.840793,
          "N" : 19819,
          "percentile" : {
            "1.000000" : 985661440,
            "5.000000" : 1061158912,
            "10.000000" : 1115684864,
            "20.000000" : 2399141888,
            "30.000000" : 6543114240,
            "40.000000" : 7281311744,
            "50.000000" : 7818182656,
            "60.000000" : 8220835840,
            "70.000000" : 8657043456,
            "80.000000" : 9193914368,
            "90.000000" : 9865003008,
            "95.000000" : 10670309376,
            "99.000000" : 17112760320,
            "99.500000" : 17112760320,
            "99.900000" : 17112760320,
            "99.950000" : 17112760320,
            "99.990000" : 17112760320
          }
        },
        "lat_ns" : {
          "min" : 25205115,
          "max" : 53069591980,
          "mean" : 7832381413.847763,
          "stddev" : 7523837312.351247,
          "N" : 19819
        },
        "bw_min" : 32,
        "bw_max" : 2376,
        "bw_agg" : 100.000000,
        "bw_mean" : 330.807783,
        "bw_dev" : 91.909573,
        "bw_samples" : 1867,
        "iops_min" : 8,
        "iops_max" : 594,
        "iops_mean" : 82.701946,
        "iops_stddev" : 22.977393,
        "iops_samples" : 1867
      },
      "trim" : {
        "io_bytes" : 0,
        "io_kbytes" : 0,
        "bw_bytes" : 0,
        "bw" : 0,
        "iops" : 0.000000,
        "runtime" : 0,
        "total_ios" : 0,
        "short_ios" : 0,
        "drop_ios" : 0,
        "slat_ns" : {
          "min" : 0,
          "max" : 0,
          "mean" : 0.000000,
          "stddev" : 0.000000,
          "N" : 0
        },
        "clat_ns" : {
          "min" : 0,
          "max" : 0,
          "mean" : 0.000000,
          "stddev" : 0.000000,
          "N" : 0
        },
        "lat_ns" : {
          "min" : 0,
          "max" : 0,
          "mean" : 0.000000,
          "stddev" : 0.000000,
          "N" : 0
        },
        "bw_min" : 0,
        "bw_max" : 0,
        "bw_agg" : 0.000000,
        "bw_mean" : 0.000000,
        "bw_dev" : 0.000000,
        "bw_samples" : 0,
        "iops_min" : 0,
        "iops_max" : 0,
        "iops_mean" : 0.000000,
        "iops_stddev" : 0.000000,
        "iops_samples" : 0
      },
      "sync" : {
        "total_ios" : 0,
        "lat_ns" : {
          "min" : 0,
          "max" : 0,
          "mean" : 0.000000,
          "stddev" : 0.000000,
          "N" : 0
        }
      },
      "job_runtime" : 1200221,
      "usr_cpu" : 0.065821,
      "sys_cpu" : 0.451417,
      "ctx" : 19375,
      "majf" : 0,
      "minf" : 171,
      "iodepth_level" : {
        "1" : 0.100000,
        "2" : 0.100000,
        "4" : 0.100000,
        "8" : 0.100000,
        "16" : 0.163411,
        "32" : 0.326822,
        ">=64" : 99.356568
      },
      "iodepth_submit" : {
        "0" : 0.000000,
        "4" : 100.000000,
        "8" : 0.000000,
        "16" : 0.000000,
        "32" : 0.000000,
        "64" : 0.000000,
        ">=64" : 0.000000
      },
      "iodepth_complete" : {
        "0" : 0.000000,
        "4" : 99.989515,
        "8" : 0.000000,
        "16" : 0.000000,
        "32" : 0.000000,
        "64" : 0.000000,
        ">=64" : 0.100000
      },
      "latency_ns" : {
        "2" : 0.000000,
        "4" : 0.000000,
        "10" : 0.000000,
        "20" : 0.000000,
        "50" : 0.000000,
        "100" : 0.000000,
        "250" : 0.000000,
        "500" : 0.000000,
        "750" : 0.000000,
        "1000" : 0.000000
      },
      "latency_us" : {
        "2" : 0.000000,
        "4" : 0.000000,
        "10" : 0.000000,
        "20" : 0.010000,
        "50" : 0.010000,
        "100" : 0.000000,
        "250" : 0.000000,
        "500" : 0.000000,
        "750" : 0.000000,
        "1000" : 0.000000
      },
      "latency_ms" : {
        "2" : 0.000000,
        "4" : 0.000000,
        "10" : 0.000000,
        "20" : 0.010000,
        "50" : 0.010000,
        "100" : 0.000000,
        "250" : 0.033193,
        "500" : 0.056173,
        "750" : 0.097025,
        "1000" : 1.437508,
        "2000" : 17.747989,
        ">=2000" : 80.607685
      },
      "latency_depth" : 256,
      "latency_target" : 0,
      "latency_percentile" : 100.000000,
      "latency_window" : 0
    }
  ]
}
