{
  "fio version" : "fio-3.27",
  "timestamp" : 1627029850,
  "timestamp_ms" : 1627029850872,
  "time" : "Fri Jul 23 10:44:10 2021",
  "jobs" : [
    {
      "jobname" : "randrw",
      "groupid" : 0,
      "error" : 0,
      "eta" : 0,
      "elapsed" : 301,
      "job options" : {
        "bs" : "4K",
        "iodepth" : "256",
        "direct" : "0",
        "ioengine" : "libaio",
        "time_based" : "1",
        "runtime" : "300",
        "numjobs" : "8",
        "size" : "1g",
        "name" : "randrw",
        "rw" : "randrw",
        "directory" : "/scratch/snx2000/ccocha/randrw/150_node",
        "filename_format" : "$jobname.16.$jobnum.$filenum"
      },
      "read" : {
        "io_bytes" : 77422592,
        "io_kbytes" : 75608,
        "bw_bytes" : 257688,
        "bw" : 251,
        "iops" : 62.912298,
        "runtime" : 300450,
        "total_ios" : 18902,
        "short_ios" : 0,
        "drop_ios" : 0,
        "slat_ns" : {
          "min" : 550288,
          "max" : 56333099587,
          "mean" : 126914688.112792,
          "stddev" : 1023352349.575374,
          "N" : 18902
        },
        "clat_ns" : {
          "min" : 18350,
          "max" : 90280246864,
          "mean" : 15910995501.146866,
          "stddev" : 15891272801.730284,
          "N" : 18902,
          "percentile" : {
            "1.000000" : 1484783616,
            "5.000000" : 1602224128,
            "10.000000" : 1686110208,
            "20.000000" : 1887436800,
            "30.000000" : 10938744832,
            "40.000000" : 12146704384,
            "50.000000" : 14159970304,
            "60.000000" : 17112760320,
            "70.000000" : 17112760320,
            "80.000000" : 17112760320,
            "90.000000" : 17112760320,
            "95.000000" : 17112760320,
            "99.000000" : 17112760320,
            "99.500000" : 17112760320,
            "99.900000" : 17112760320,
            "99.950000" : 17112760320,
            "99.990000" : 17112760320
          }
        },
        "lat_ns" : {
          "min" : 67528337,
          "max" : 90336762629,
          "mean" : 16037913391.644274,
          "stddev" : 15957584893.120485,
          "N" : 18902
        },
        "bw_min" : 64,
        "bw_max" : 3272,
        "bw_agg" : 100.000000,
        "bw_mean" : 450.906083,
        "bw_dev" : 69.927387,
        "bw_samples" : 2526,
        "iops_min" : 16,
        "iops_max" : 818,
        "iops_mean" : 112.726521,
        "iops_stddev" : 17.481847,
        "iops_samples" : 2526
      },
      "write" : {
        "io_bytes" : 78618624,
        "io_kbytes" : 76776,
        "bw_bytes" : 261669,
        "bw" : 255,
        "iops" : 63.884174,
        "runtime" : 300450,
        "total_ios" : 19194,
        "short_ios" : 0,
        "drop_ios" : 0,
        "slat_ns" : {
          "min" : 75801,
          "max" : 1651153,
          "mean" : 117187.395176,
          "stddev" : 45827.528232,
          "N" : 19194
        },
        "clat_ns" : {
          "min" : 67539577,
          "max" : 90289531301,
          "mean" : 16152318637.528515,
          "stddev" : 16435878202.898586,
          "N" : 19194,
          "percentile" : {
            "1.000000" : 1468006400,
            "5.000000" : 1619001344,
            "10.000000" : 1702887424,
            "20.000000" : 1887436800,
            "30.000000" : 10938744832,
            "40.000000" : 12146704384,
            "50.000000" : 14294188032,
            "60.000000" : 17112760320,
            "70.000000" : 17112760320,
            "80.000000" : 17112760320,
            "90.000000" : 17112760320,
            "95.000000" : 17112760320,
            "99.000000" : 17112760320,
            "99.500000" : 17112760320,
            "99.900000" : 17112760320,
            "99.950000" : 17112760320,
            "99.990000" : 17112760320
          }
        },
        "lat_ns" : {
          "min" : 67723170,
          "max" : 90289612372,
          "mean" : 16152437005.045017,
          "stddev" : 16435878142.377254,
          "N" : 19194
        },
        "bw_min" : 64,
        "bw_max" : 3320,
        "bw_agg" : 100.000000,
        "bw_mean" : 453.879817,
        "bw_dev" : 72.225199,
        "bw_samples" : 2555,
        "iops_min" : 16,
        "iops_max" : 830,
        "iops_mean" : 113.469954,
        "iops_stddev" : 18.056300,
        "iops_samples" : 2555
      },
      "trim" : {
        "io_bytes" : 0,
        "io_kbytes" : 0,
        "bw_bytes" : 0,
        "bw" : 0,
        "iops" : 0.000000,
        "runtime" : 0,
        "total_ios" : 0,
        "short_ios" : 0,
        "drop_ios" : 0,
        "slat_ns" : {
          "min" : 0,
          "max" : 0,
          "mean" : 0.000000,
          "stddev" : 0.000000,
          "N" : 0
        },
        "clat_ns" : {
          "min" : 0,
          "max" : 0,
          "mean" : 0.000000,
          "stddev" : 0.000000,
          "N" : 0
        },
        "lat_ns" : {
          "min" : 0,
          "max" : 0,
          "mean" : 0.000000,
          "stddev" : 0.000000,
          "N" : 0
        },
        "bw_min" : 0,
        "bw_max" : 0,
        "bw_agg" : 0.000000,
        "bw_mean" : 0.000000,
        "bw_dev" : 0.000000,
        "bw_samples" : 0,
        "iops_min" : 0,
        "iops_max" : 0,
        "iops_mean" : 0.000000,
        "iops_stddev" : 0.000000,
        "iops_samples" : 0
      },
      "sync" : {
        "total_ios" : 0,
        "lat_ns" : {
          "min" : 0,
          "max" : 0,
          "mean" : 0.000000,
          "stddev" : 0.000000,
          "N" : 0
        }
      },
      "job_runtime" : 2401898,
      "usr_cpu" : 0.032308,
      "sys_cpu" : 0.222574,
      "ctx" : 18954,
      "majf" : 0,
      "minf" : 336,
      "iodepth_level" : {
        "1" : 0.100000,
        "2" : 0.100000,
        "4" : 0.100000,
        "8" : 0.167997,
        "16" : 0.335993,
        "32" : 0.671987,
        ">=64" : 98.677026
      },
      "iodepth_submit" : {
        "0" : 0.000000,
        "4" : 100.000000,
        "8" : 0.000000,
        "16" : 0.000000,
        "32" : 0.000000,
        "64" : 0.000000,
        ">=64" : 0.000000
      },
      "iodepth_complete" : {
        "0" : 0.000000,
        "4" : 99.977817,
        "8" : 0.000000,
        "16" : 0.000000,
        "32" : 0.000000,
        "64" : 0.000000,
        ">=64" : 0.100000
      },
      "latency_ns" : {
        "2" : 0.000000,
        "4" : 0.000000,
        "10" : 0.000000,
        "20" : 0.000000,
        "50" : 0.000000,
        "100" : 0.000000,
        "250" : 0.000000,
        "500" : 0.000000,
        "750" : 0.000000,
        "1000" : 0.000000
      },
      "latency_us" : {
        "2" : 0.000000,
        "4" : 0.000000,
        "10" : 0.000000,
        "20" : 0.010000,
        "50" : 0.018375,
        "100" : 0.000000,
        "250" : 0.000000,
        "500" : 0.000000,
        "750" : 0.000000,
        "1000" : 0.000000
      },
      "latency_ms" : {
        "2" : 0.000000,
        "4" : 0.000000,
        "10" : 0.000000,
        "20" : 0.000000,
        "50" : 0.000000,
        "100" : 0.010000,
        "250" : 0.010000,
        "500" : 0.068249,
        "750" : 0.076123,
        "1000" : 0.073499,
        "2000" : 22.096808,
        ">=2000" : 77.651197
      },
      "latency_depth" : 256,
      "latency_target" : 0,
      "latency_percentile" : 100.000000,
      "latency_window" : 0
    }
  ]
}
