{
  "fio version" : "fio-3.27",
  "timestamp" : 1627028393,
  "timestamp_ms" : 1627028393625,
  "time" : "Fri Jul 23 10:19:53 2021",
  "jobs" : [
    {
      "jobname" : "randrw",
      "groupid" : 0,
      "error" : 0,
      "eta" : 0,
      "elapsed" : 303,
      "job options" : {
        "bs" : "4K",
        "iodepth" : "256",
        "direct" : "0",
        "ioengine" : "libaio",
        "time_based" : "1",
        "runtime" : "300",
        "numjobs" : "64",
        "size" : "1g",
        "name" : "randrw",
        "rw" : "randrw",
        "directory" : "/scratch/snx2000/ccocha/randrw/128_node",
        "filename_format" : "$jobname.83.$jobnum.$filenum"
      },
      "read" : {
        "io_bytes" : 62496768,
        "io_kbytes" : 61032,
        "bw_bytes" : 207170,
        "bw" : 202,
        "iops" : 50.578614,
        "runtime" : 301669,
        "total_ios" : 15258,
        "short_ios" : 0,
        "drop_ios" : 0,
        "slat_ns" : {
          "min" : 23645243,
          "max" : 81720548877,
          "mean" : 1261519337.591624,
          "stddev" : 4104320627.978144,
          "N" : 15258
        },
        "clat_ns" : {
          "min" : 21001,
          "max" : 294737125242,
          "mean" : 144745623166.499298,
          "stddev" : 74240411932.038620,
          "N" : 15258,
          "percentile" : {
            "1.000000" : 2969567232,
            "5.000000" : 17112760320,
            "10.000000" : 17112760320,
            "20.000000" : 17112760320,
            "30.000000" : 17112760320,
            "40.000000" : 17112760320,
            "50.000000" : 17112760320,
            "60.000000" : 17112760320,
            "70.000000" : 17112760320,
            "80.000000" : 17112760320,
            "90.000000" : 17112760320,
            "95.000000" : 17112760320,
            "99.000000" : 17112760320,
            "99.500000" : 17112760320,
            "99.900000" : 17112760320,
            "99.950000" : 17112760320,
            "99.990000" : 17112760320
          }
        },
        "lat_ns" : {
          "min" : 947255014,
          "max" : 294844852070,
          "mean" : 146007146761.126282,
          "stddev" : 74162848144.381973,
          "N" : 15258
        },
        "bw_min" : 511,
        "bw_max" : 2408,
        "bw_agg" : 100.000000,
        "bw_mean" : 772.233504,
        "bw_dev" : 6.759183,
        "bw_samples" : 4658,
        "iops_min" : 127,
        "iops_max" : 602,
        "iops_mean" : 193.049553,
        "iops_stddev" : 1.689938,
        "iops_samples" : 4658
      },
      "write" : {
        "io_bytes" : 62009344,
        "io_kbytes" : 60556,
        "bw_bytes" : 205554,
        "bw" : 200,
        "iops" : 50.184142,
        "runtime" : 301669,
        "total_ios" : 15139,
        "short_ios" : 0,
        "drop_ios" : 0,
        "slat_ns" : {
          "min" : 75391,
          "max" : 2162557,
          "mean" : 139917.530748,
          "stddev" : 86448.495514,
          "N" : 15139
        },
        "clat_ns" : {
          "min" : 947265204,
          "max" : 294610151586,
          "mean" : 144655304245.128967,
          "stddev" : 74277216801.273560,
          "N" : 15139,
          "percentile" : {
            "1.000000" : 4110417920,
            "5.000000" : 17112760320,
            "10.000000" : 17112760320,
            "20.000000" : 17112760320,
            "30.000000" : 17112760320,
            "40.000000" : 17112760320,
            "50.000000" : 17112760320,
            "60.000000" : 17112760320,
            "70.000000" : 17112760320,
            "80.000000" : 17112760320,
            "90.000000" : 17112760320,
            "95.000000" : 17112760320,
            "99.000000" : 17112760320,
            "99.500000" : 17112760320,
            "99.900000" : 17112760320,
            "99.950000" : 17112760320,
            "99.990000" : 17112760320
          }
        },
        "lat_ns" : {
          "min" : 947351515,
          "max" : 294610333438,
          "mean" : 144655445507.384216,
          "stddev" : 74277212052.676788,
          "N" : 15139
        },
        "bw_min" : 512,
        "bw_max" : 2600,
        "bw_agg" : 100.000000,
        "bw_mean" : 766.794217,
        "bw_dev" : 7.106394,
        "bw_samples" : 4675,
        "iops_min" : 128,
        "iops_max" : 650,
        "iops_mean" : 191.690901,
        "iops_stddev" : 1.776584,
        "iops_samples" : 4675
      },
      "trim" : {
        "io_bytes" : 0,
        "io_kbytes" : 0,
        "bw_bytes" : 0,
        "bw" : 0,
        "iops" : 0.000000,
        "runtime" : 0,
        "total_ios" : 0,
        "short_ios" : 0,
        "drop_ios" : 0,
        "slat_ns" : {
          "min" : 0,
          "max" : 0,
          "mean" : 0.000000,
          "stddev" : 0.000000,
          "N" : 0
        },
        "clat_ns" : {
          "min" : 0,
          "max" : 0,
          "mean" : 0.000000,
          "stddev" : 0.000000,
          "N" : 0
        },
        "lat_ns" : {
          "min" : 0,
          "max" : 0,
          "mean" : 0.000000,
          "stddev" : 0.000000,
          "N" : 0
        },
        "bw_min" : 0,
        "bw_max" : 0,
        "bw_agg" : 0.000000,
        "bw_mean" : 0.000000,
        "bw_dev" : 0.000000,
        "bw_samples" : 0,
        "iops_min" : 0,
        "iops_max" : 0,
        "iops_mean" : 0.000000,
        "iops_stddev" : 0.000000,
        "iops_samples" : 0
      },
      "sync" : {
        "total_ios" : 0,
        "lat_ns" : {
          "min" : 0,
          "max" : 0,
          "mean" : 0.000000,
          "stddev" : 0.000000,
          "N" : 0
        }
      },
      "job_runtime" : 19251335,
      "usr_cpu" : 0.002779,
      "sys_cpu" : 0.026923,
      "ctx" : 15861,
      "majf" : 0,
      "minf" : 2606,
      "iodepth_level" : {
        "1" : 0.210547,
        "2" : 0.421094,
        "4" : 0.842188,
        "8" : 1.684377,
        "16" : 3.368753,
        "32" : 6.737507,
        ">=64" : 86.735533
      },
      "iodepth_submit" : {
        "0" : 0.000000,
        "4" : 100.000000,
        "8" : 0.000000,
        "16" : 0.000000,
        "32" : 0.000000,
        "64" : 0.000000,
        ">=64" : 0.000000
      },
      "iodepth_complete" : {
        "0" : 0.000000,
        "4" : 99.547415,
        "8" : 0.000000,
        "16" : 0.000000,
        "32" : 0.000000,
        "64" : 0.000000,
        ">=64" : 0.452585
      },
      "latency_ns" : {
        "2" : 0.000000,
        "4" : 0.000000,
        "10" : 0.000000,
        "20" : 0.000000,
        "50" : 0.000000,
        "100" : 0.000000,
        "250" : 0.000000,
        "500" : 0.000000,
        "750" : 0.000000,
        "1000" : 0.000000
      },
      "latency_us" : {
        "2" : 0.000000,
        "4" : 0.000000,
        "10" : 0.000000,
        "20" : 0.000000,
        "50" : 0.203967,
        "100" : 0.010000,
        "250" : 0.000000,
        "500" : 0.000000,
        "750" : 0.000000,
        "1000" : 0.000000
      },
      "latency_ms" : {
        "2" : 0.000000,
        "4" : 0.000000,
        "10" : 0.000000,
        "20" : 0.000000,
        "50" : 0.000000,
        "100" : 0.000000,
        "250" : 0.000000,
        "500" : 0.000000,
        "750" : 0.000000,
        "1000" : 0.029608,
        "2000" : 0.312531,
        ">=2000" : 99.447314
      },
      "latency_depth" : 256,
      "latency_target" : 0,
      "latency_percentile" : 100.000000,
      "latency_window" : 0
    }
  ]
}
