{
  "fio version" : "fio-3.27",
  "timestamp" : 1627429675,
  "timestamp_ms" : 1627429675833,
  "time" : "Wed Jul 28 01:47:55 2021",
  "jobs" : [
    {
      "jobname" : "seq-read",
      "groupid" : 0,
      "error" : 0,
      "eta" : 0,
      "elapsed" : 301,
      "job options" : {
        "bs" : "4K",
        "iodepth" : "256",
        "direct" : "1",
        "ioengine" : "libaio",
        "time_based" : "1",
        "runtime" : "300",
        "numjobs" : "1",
        "size" : "1g",
        "name" : "seq-read",
        "rw" : "read",
        "directory" : "/scratch/snx2000/ccocha/seqread/96_node/",
        "filename_format" : "$jobname.78.$jobnum.$filenum"
      },
      "read" : {
        "io_bytes" : 2072805376,
        "io_kbytes" : 2024224,
        "bw_bytes" : 6909328,
        "bw" : 6747,
        "iops" : 1686.847711,
        "runtime" : 300001,
        "total_ios" : 506056,
        "short_ios" : 0,
        "drop_ios" : 0,
        "slat_ns" : {
          "min" : 362781,
          "max" : 61032586,
          "mean" : 580662.211824,
          "stddev" : 758692.335217,
          "N" : 506056
        },
        "clat_ns" : {
          "min" : 11500,
          "max" : 367506640,
          "mean" : 151107759.824908,
          "stddev" : 23203334.763580,
          "N" : 506056,
          "percentile" : {
            "1.000000" : 126353408,
            "5.000000" : 128450560,
            "10.000000" : 131596288,
            "20.000000" : 135266304,
            "30.000000" : 137363456,
            "40.000000" : 139460608,
            "50.000000" : 143654912,
            "60.000000" : 147849216,
            "70.000000" : 154140672,
            "80.000000" : 164626432,
            "90.000000" : 179306496,
            "95.000000" : 198180864,
            "99.000000" : 235929600,
            "99.500000" : 252706816,
            "99.900000" : 295698432,
            "99.950000" : 325058560,
            "99.990000" : 354418688
          }
        },
        "lat_ns" : {
          "min" : 674592,
          "max" : 368111352,
          "mean" : 151689907.273233,
          "stddev" : 23259386.707138,
          "N" : 506056
        },
        "bw_min" : 3552,
        "bw_max" : 7944,
        "bw_agg" : 100.000000,
        "bw_mean" : 6748.382304,
        "bw_dev" : 610.881836,
        "bw_samples" : 599,
        "iops_min" : 888,
        "iops_max" : 1986,
        "iops_mean" : 1687.075125,
        "iops_stddev" : 152.717007,
        "iops_samples" : 599
      },
      "write" : {
        "io_bytes" : 0,
        "io_kbytes" : 0,
        "bw_bytes" : 0,
        "bw" : 0,
        "iops" : 0.000000,
        "runtime" : 0,
        "total_ios" : 0,
        "short_ios" : 0,
        "drop_ios" : 0,
        "slat_ns" : {
          "min" : 0,
          "max" : 0,
          "mean" : 0.000000,
          "stddev" : 0.000000,
          "N" : 0
        },
        "clat_ns" : {
          "min" : 0,
          "max" : 0,
          "mean" : 0.000000,
          "stddev" : 0.000000,
          "N" : 0
        },
        "lat_ns" : {
          "min" : 0,
          "max" : 0,
          "mean" : 0.000000,
          "stddev" : 0.000000,
          "N" : 0
        },
        "bw_min" : 0,
        "bw_max" : 0,
        "bw_agg" : 0.000000,
        "bw_mean" : 0.000000,
        "bw_dev" : 0.000000,
        "bw_samples" : 0,
        "iops_min" : 0,
        "iops_max" : 0,
        "iops_mean" : 0.000000,
        "iops_stddev" : 0.000000,
        "iops_samples" : 0
      },
      "trim" : {
        "io_bytes" : 0,
        "io_kbytes" : 0,
        "bw_bytes" : 0,
        "bw" : 0,
        "iops" : 0.000000,
        "runtime" : 0,
        "total_ios" : 0,
        "short_ios" : 0,
        "drop_ios" : 0,
        "slat_ns" : {
          "min" : 0,
          "max" : 0,
          "mean" : 0.000000,
          "stddev" : 0.000000,
          "N" : 0
        },
        "clat_ns" : {
          "min" : 0,
          "max" : 0,
          "mean" : 0.000000,
          "stddev" : 0.000000,
          "N" : 0
        },
        "lat_ns" : {
          "min" : 0,
          "max" : 0,
          "mean" : 0.000000,
          "stddev" : 0.000000,
          "N" : 0
        },
        "bw_min" : 0,
        "bw_max" : 0,
        "bw_agg" : 0.000000,
        "bw_mean" : 0.000000,
        "bw_dev" : 0.000000,
        "bw_samples" : 0,
        "iops_min" : 0,
        "iops_max" : 0,
        "iops_mean" : 0.000000,
        "iops_stddev" : 0.000000,
        "iops_samples" : 0
      },
      "sync" : {
        "total_ios" : 0,
        "lat_ns" : {
          "min" : 0,
          "max" : 0,
          "mean" : 0.000000,
          "stddev" : 0.000000,
          "N" : 0
        }
      },
      "job_runtime" : 300000,
      "usr_cpu" : 2.194333,
      "sys_cpu" : 16.859000,
      "ctx" : 506082,
      "majf" : 0,
      "minf" : 295,
      "iodepth_level" : {
        "1" : 0.100000,
        "2" : 0.100000,
        "4" : 0.100000,
        "8" : 0.100000,
        "16" : 0.100000,
        "32" : 0.100000,
        ">=64" : 99.987551
      },
      "iodepth_submit" : {
        "0" : 0.000000,
        "4" : 100.000000,
        "8" : 0.000000,
        "16" : 0.000000,
        "32" : 0.000000,
        "64" : 0.000000,
        ">=64" : 0.000000
      },
      "iodepth_complete" : {
        "0" : 0.000000,
        "4" : 99.999802,
        "8" : 0.000000,
        "16" : 0.000000,
        "32" : 0.000000,
        "64" : 0.000000,
        ">=64" : 0.100000
      },
      "latency_ns" : {
        "2" : 0.000000,
        "4" : 0.000000,
        "10" : 0.000000,
        "20" : 0.000000,
        "50" : 0.000000,
        "100" : 0.000000,
        "250" : 0.000000,
        "500" : 0.000000,
        "750" : 0.000000,
        "1000" : 0.000000
      },
      "latency_us" : {
        "2" : 0.000000,
        "4" : 0.000000,
        "10" : 0.000000,
        "20" : 0.010000,
        "50" : 0.000000,
        "100" : 0.000000,
        "250" : 0.000000,
        "500" : 0.000000,
        "750" : 0.010000,
        "1000" : 0.000000
      },
      "latency_ms" : {
        "2" : 0.000000,
        "4" : 0.000000,
        "10" : 0.010000,
        "20" : 0.010000,
        "50" : 0.010078,
        "100" : 0.013437,
        "250" : 99.389396,
        "500" : 0.584916,
        "750" : 0.000000,
        "1000" : 0.000000,
        "2000" : 0.000000,
        ">=2000" : 0.000000
      },
      "latency_depth" : 256,
      "latency_target" : 0,
      "latency_percentile" : 100.000000,
      "latency_window" : 0
    }
  ]
}
