{
  "fio version" : "fio-3.27",
  "timestamp" : 1627025125,
  "timestamp_ms" : 1627025125905,
  "time" : "Fri Jul 23 09:25:25 2021",
  "jobs" : [
    {
      "jobname" : "randrw",
      "groupid" : 0,
      "error" : 0,
      "eta" : 0,
      "elapsed" : 301,
      "job options" : {
        "bs" : "4K",
        "iodepth" : "256",
        "direct" : "0",
        "ioengine" : "libaio",
        "time_based" : "1",
        "runtime" : "300",
        "numjobs" : "1",
        "size" : "1g",
        "name" : "randrw",
        "rw" : "randrw",
        "directory" : "/scratch/snx2000/ccocha/randrw/128_node",
        "filename_format" : "$jobname.109.$jobnum.$filenum"
      },
      "read" : {
        "io_bytes" : 81186816,
        "io_kbytes" : 79284,
        "bw_bytes" : 270586,
        "bw" : 264,
        "iops" : 66.061192,
        "runtime" : 300040,
        "total_ios" : 19821,
        "short_ios" : 0,
        "drop_ios" : 0,
        "slat_ns" : {
          "min" : 473369,
          "max" : 1276242447,
          "mean" : 14997887.744362,
          "stddev" : 35416329.953415,
          "N" : 19821
        },
        "clat_ns" : {
          "min" : 27400,
          "max" : 14568582536,
          "mean" : 1927782212.860347,
          "stddev" : 1220465876.758530,
          "N" : 19821,
          "percentile" : {
            "1.000000" : 616562688,
            "5.000000" : 708837376,
            "10.000000" : 775946240,
            "20.000000" : 1199570944,
            "30.000000" : 1484783616,
            "40.000000" : 1686110208,
            "50.000000" : 1820327936,
            "60.000000" : 2004877312,
            "70.000000" : 2197815296,
            "80.000000" : 2399141888,
            "90.000000" : 2768240640,
            "95.000000" : 3103784960,
            "99.000000" : 5133828096,
            "99.500000" : 12280922112,
            "99.900000" : 14562623488,
            "99.950000" : 14562623488,
            "99.990000" : 14562623488
          }
        },
        "lat_ns" : {
          "min" : 62800260,
          "max" : 14571936817,
          "mean" : 1942782750.926035,
          "stddev" : 1224906839.914329,
          "N" : 19821
        },
        "bw_min" : 8,
        "bw_max" : 968,
        "bw_agg" : 100.000000,
        "bw_mean" : 270.609294,
        "bw_dev" : 180.730607,
        "bw_samples" : 581,
        "iops_min" : 2,
        "iops_max" : 242,
        "iops_mean" : 67.652324,
        "iops_stddev" : 45.182652,
        "iops_samples" : 581
      },
      "write" : {
        "io_bytes" : 81317888,
        "io_kbytes" : 79412,
        "bw_bytes" : 271023,
        "bw" : 264,
        "iops" : 66.167844,
        "runtime" : 300040,
        "total_ios" : 19853,
        "short_ios" : 0,
        "drop_ios" : 0,
        "slat_ns" : {
          "min" : 75509,
          "max" : 565028,
          "mean" : 105943.396766,
          "stddev" : 41446.302471,
          "N" : 19853
        },
        "clat_ns" : {
          "min" : 62811790,
          "max" : 14570204202,
          "mean" : 1924307217.813581,
          "stddev" : 1223078958.136982,
          "N" : 19853,
          "percentile" : {
            "1.000000" : 616562688,
            "5.000000" : 708837376,
            "10.000000" : 767557632,
            "20.000000" : 1182793728,
            "30.000000" : 1484783616,
            "40.000000" : 1669332992,
            "50.000000" : 1820327936,
            "60.000000" : 1988100096,
            "70.000000" : 2197815296,
            "80.000000" : 2399141888,
            "90.000000" : 2768240640,
            "95.000000" : 3103784960,
            "99.000000" : 5133828096,
            "99.500000" : 12146704384,
            "99.900000" : 14562623488,
            "99.950000" : 14562623488,
            "99.990000" : 14562623488
          }
        },
        "lat_ns" : {
          "min" : 62999310,
          "max" : 14570289512,
          "mean" : 1924414299.079425,
          "stddev" : 1223079898.465243,
          "N" : 19853
        },
        "bw_min" : 8,
        "bw_max" : 896,
        "bw_agg" : 100.000000,
        "bw_mean" : 271.077453,
        "bw_dev" : 180.941072,
        "bw_samples" : 581,
        "iops_min" : 2,
        "iops_max" : 224,
        "iops_mean" : 67.769363,
        "iops_stddev" : 45.235268,
        "iops_samples" : 581
      },
      "trim" : {
        "io_bytes" : 0,
        "io_kbytes" : 0,
        "bw_bytes" : 0,
        "bw" : 0,
        "iops" : 0.000000,
        "runtime" : 0,
        "total_ios" : 0,
        "short_ios" : 0,
        "drop_ios" : 0,
        "slat_ns" : {
          "min" : 0,
          "max" : 0,
          "mean" : 0.000000,
          "stddev" : 0.000000,
          "N" : 0
        },
        "clat_ns" : {
          "min" : 0,
          "max" : 0,
          "mean" : 0.000000,
          "stddev" : 0.000000,
          "N" : 0
        },
        "lat_ns" : {
          "min" : 0,
          "max" : 0,
          "mean" : 0.000000,
          "stddev" : 0.000000,
          "N" : 0
        },
        "bw_min" : 0,
        "bw_max" : 0,
        "bw_agg" : 0.000000,
        "bw_mean" : 0.000000,
        "bw_dev" : 0.000000,
        "bw_samples" : 0,
        "iops_min" : 0,
        "iops_max" : 0,
        "iops_mean" : 0.000000,
        "iops_stddev" : 0.000000,
        "iops_samples" : 0
      },
      "sync" : {
        "total_ios" : 0,
        "lat_ns" : {
          "min" : 0,
          "max" : 0,
          "mean" : 0.000000,
          "stddev" : 0.000000,
          "N" : 0
        }
      },
      "job_runtime" : 300039,
      "usr_cpu" : 0.261966,
      "sys_cpu" : 1.649786,
      "ctx" : 19834,
      "majf" : 0,
      "minf" : 41,
      "iodepth_level" : {
        "1" : 0.100000,
        "2" : 0.100000,
        "4" : 0.100000,
        "8" : 0.100000,
        "16" : 0.100000,
        "32" : 0.100000,
        ">=64" : 99.841206
      },
      "iodepth_submit" : {
        "0" : 0.000000,
        "4" : 100.000000,
        "8" : 0.000000,
        "16" : 0.000000,
        "32" : 0.000000,
        "64" : 0.000000,
        ">=64" : 0.000000
      },
      "iodepth_complete" : {
        "0" : 0.000000,
        "4" : 99.997463,
        "8" : 0.000000,
        "16" : 0.000000,
        "32" : 0.000000,
        "64" : 0.000000,
        ">=64" : 0.100000
      },
      "latency_ns" : {
        "2" : 0.000000,
        "4" : 0.000000,
        "10" : 0.000000,
        "20" : 0.000000,
        "50" : 0.000000,
        "100" : 0.000000,
        "250" : 0.000000,
        "500" : 0.000000,
        "750" : 0.000000,
        "1000" : 0.000000
      },
      "latency_us" : {
        "2" : 0.000000,
        "4" : 0.000000,
        "10" : 0.000000,
        "20" : 0.000000,
        "50" : 0.010000,
        "100" : 0.000000,
        "250" : 0.000000,
        "500" : 0.000000,
        "750" : 0.000000,
        "1000" : 0.000000
      },
      "latency_ms" : {
        "2" : 0.000000,
        "4" : 0.000000,
        "10" : 0.000000,
        "20" : 0.000000,
        "50" : 0.000000,
        "100" : 0.010000,
        "250" : 0.123507,
        "500" : 0.110904,
        "750" : 7.911983,
        "1000" : 8.222009,
        "2000" : 43.943137,
        ">=2000" : 39.680899
      },
      "latency_depth" : 256,
      "latency_target" : 0,
      "latency_percentile" : 100.000000,
      "latency_window" : 0
    }
  ]
}
