{
  "fio version" : "fio-3.27",
  "timestamp" : 1627429675,
  "timestamp_ms" : 1627429675725,
  "time" : "Wed Jul 28 01:47:55 2021",
  "jobs" : [
    {
      "jobname" : "seq-read",
      "groupid" : 0,
      "error" : 0,
      "eta" : 0,
      "elapsed" : 301,
      "job options" : {
        "bs" : "4K",
        "iodepth" : "256",
        "direct" : "1",
        "ioengine" : "libaio",
        "time_based" : "1",
        "runtime" : "300",
        "numjobs" : "1",
        "size" : "1g",
        "name" : "seq-read",
        "rw" : "read",
        "directory" : "/scratch/snx2000/ccocha/seqread/96_node/",
        "filename_format" : "$jobname.43.$jobnum.$filenum"
      },
      "read" : {
        "io_bytes" : 2061115392,
        "io_kbytes" : 2012808,
        "bw_bytes" : 6870361,
        "bw" : 6709,
        "iops" : 1677.334409,
        "runtime" : 300001,
        "total_ios" : 503202,
        "short_ios" : 0,
        "drop_ios" : 0,
        "slat_ns" : {
          "min" : 359630,
          "max" : 74163633,
          "mean" : 584010.508178,
          "stddev" : 811184.475198,
          "N" : 503202
        },
        "clat_ns" : {
          "min" : 11800,
          "max" : 341286184,
          "mean" : 151969564.512091,
          "stddev" : 24766334.161380,
          "N" : 503202,
          "percentile" : {
            "1.000000" : 125304832,
            "5.000000" : 128450560,
            "10.000000" : 130547712,
            "20.000000" : 135266304,
            "30.000000" : 137363456,
            "40.000000" : 141557760,
            "50.000000" : 145752064,
            "60.000000" : 149946368,
            "70.000000" : 156237824,
            "80.000000" : 164626432,
            "90.000000" : 181403648,
            "95.000000" : 200278016,
            "99.000000" : 246415360,
            "99.500000" : 270532608,
            "99.900000" : 316669952,
            "99.950000" : 333447168,
            "99.990000" : 341835776
          }
        },
        "lat_ns" : {
          "min" : 467870,
          "max" : 341755304,
          "mean" : 152555047.209441,
          "stddev" : 24826239.338593,
          "N" : 503202
        },
        "bw_min" : 3904,
        "bw_max" : 8096,
        "bw_agg" : 99.980074,
        "bw_mean" : 6708.540902,
        "bw_dev" : 643.191625,
        "bw_samples" : 599,
        "iops_min" : 976,
        "iops_max" : 2024,
        "iops_mean" : 1677.138564,
        "iops_stddev" : 160.800025,
        "iops_samples" : 599
      },
      "write" : {
        "io_bytes" : 0,
        "io_kbytes" : 0,
        "bw_bytes" : 0,
        "bw" : 0,
        "iops" : 0.000000,
        "runtime" : 0,
        "total_ios" : 0,
        "short_ios" : 0,
        "drop_ios" : 0,
        "slat_ns" : {
          "min" : 0,
          "max" : 0,
          "mean" : 0.000000,
          "stddev" : 0.000000,
          "N" : 0
        },
        "clat_ns" : {
          "min" : 0,
          "max" : 0,
          "mean" : 0.000000,
          "stddev" : 0.000000,
          "N" : 0
        },
        "lat_ns" : {
          "min" : 0,
          "max" : 0,
          "mean" : 0.000000,
          "stddev" : 0.000000,
          "N" : 0
        },
        "bw_min" : 0,
        "bw_max" : 0,
        "bw_agg" : 0.000000,
        "bw_mean" : 0.000000,
        "bw_dev" : 0.000000,
        "bw_samples" : 0,
        "iops_min" : 0,
        "iops_max" : 0,
        "iops_mean" : 0.000000,
        "iops_stddev" : 0.000000,
        "iops_samples" : 0
      },
      "trim" : {
        "io_bytes" : 0,
        "io_kbytes" : 0,
        "bw_bytes" : 0,
        "bw" : 0,
        "iops" : 0.000000,
        "runtime" : 0,
        "total_ios" : 0,
        "short_ios" : 0,
        "drop_ios" : 0,
        "slat_ns" : {
          "min" : 0,
          "max" : 0,
          "mean" : 0.000000,
          "stddev" : 0.000000,
          "N" : 0
        },
        "clat_ns" : {
          "min" : 0,
          "max" : 0,
          "mean" : 0.000000,
          "stddev" : 0.000000,
          "N" : 0
        },
        "lat_ns" : {
          "min" : 0,
          "max" : 0,
          "mean" : 0.000000,
          "stddev" : 0.000000,
          "N" : 0
        },
        "bw_min" : 0,
        "bw_max" : 0,
        "bw_agg" : 0.000000,
        "bw_mean" : 0.000000,
        "bw_dev" : 0.000000,
        "bw_samples" : 0,
        "iops_min" : 0,
        "iops_max" : 0,
        "iops_mean" : 0.000000,
        "iops_stddev" : 0.000000,
        "iops_samples" : 0
      },
      "sync" : {
        "total_ios" : 0,
        "lat_ns" : {
          "min" : 0,
          "max" : 0,
          "mean" : 0.000000,
          "stddev" : 0.000000,
          "N" : 0
        }
      },
      "job_runtime" : 300000,
      "usr_cpu" : 1.936000,
      "sys_cpu" : 16.665667,
      "ctx" : 503229,
      "majf" : 0,
      "minf" : 295,
      "iodepth_level" : {
        "1" : 0.100000,
        "2" : 0.100000,
        "4" : 0.100000,
        "8" : 0.100000,
        "16" : 0.100000,
        "32" : 0.100000,
        ">=64" : 99.987480
      },
      "iodepth_submit" : {
        "0" : 0.000000,
        "4" : 100.000000,
        "8" : 0.000000,
        "16" : 0.000000,
        "32" : 0.000000,
        "64" : 0.000000,
        ">=64" : 0.000000
      },
      "iodepth_complete" : {
        "0" : 0.000000,
        "4" : 99.999801,
        "8" : 0.000000,
        "16" : 0.000000,
        "32" : 0.000000,
        "64" : 0.000000,
        ">=64" : 0.100000
      },
      "latency_ns" : {
        "2" : 0.000000,
        "4" : 0.000000,
        "10" : 0.000000,
        "20" : 0.000000,
        "50" : 0.000000,
        "100" : 0.000000,
        "250" : 0.000000,
        "500" : 0.000000,
        "750" : 0.000000,
        "1000" : 0.000000
      },
      "latency_us" : {
        "2" : 0.000000,
        "4" : 0.000000,
        "10" : 0.000000,
        "20" : 0.010000,
        "50" : 0.000000,
        "100" : 0.000000,
        "250" : 0.000000,
        "500" : 0.010000,
        "750" : 0.000000,
        "1000" : 0.010000
      },
      "latency_ms" : {
        "2" : 0.010000,
        "4" : 0.010000,
        "10" : 0.010000,
        "20" : 0.010000,
        "50" : 0.012321,
        "100" : 0.016693,
        "250" : 99.026236,
        "500" : 0.936602,
        "750" : 0.000000,
        "1000" : 0.000000,
        "2000" : 0.000000,
        ">=2000" : 0.000000
      },
      "latency_depth" : 256,
      "latency_target" : 0,
      "latency_percentile" : 100.000000,
      "latency_window" : 0
    }
  ]
}
