{
  "fio version" : "fio-3.27",
  "timestamp" : 1627031993,
  "timestamp_ms" : 1627031993497,
  "time" : "Fri Jul 23 11:19:53 2021",
  "jobs" : [
    {
      "jobname" : "randrw",
      "groupid" : 0,
      "error" : 0,
      "eta" : 0,
      "elapsed" : 303,
      "job options" : {
        "bs" : "4K",
        "iodepth" : "256",
        "direct" : "0",
        "ioengine" : "libaio",
        "time_based" : "1",
        "runtime" : "300",
        "numjobs" : "64",
        "size" : "1g",
        "name" : "randrw",
        "rw" : "randrw",
        "directory" : "/scratch/snx2000/ccocha/randrw/150_node",
        "filename_format" : "$jobname.70.$jobnum.$filenum"
      },
      "read" : {
        "io_bytes" : 66183168,
        "io_kbytes" : 64632,
        "bw_bytes" : 218878,
        "bw" : 213,
        "iops" : 53.437134,
        "runtime" : 302374,
        "total_ios" : 16158,
        "short_ios" : 0,
        "drop_ios" : 0,
        "slat_ns" : {
          "min" : 1800415,
          "max" : 87523156681,
          "mean" : 1191822497.178673,
          "stddev" : 3925005535.678381,
          "N" : 16158
        },
        "clat_ns" : {
          "min" : 16910,
          "max" : 299343820755,
          "mean" : 147115450764.359711,
          "stddev" : 79411413566.006516,
          "N" : 16158,
          "percentile" : {
            "1.000000" : 3573547008,
            "5.000000" : 10938744832,
            "10.000000" : 17112760320,
            "20.000000" : 17112760320,
            "30.000000" : 17112760320,
            "40.000000" : 17112760320,
            "50.000000" : 17112760320,
            "60.000000" : 17112760320,
            "70.000000" : 17112760320,
            "80.000000" : 17112760320,
            "90.000000" : 17112760320,
            "95.000000" : 17112760320,
            "99.000000" : 17112760320,
            "99.500000" : 17112760320,
            "99.900000" : 17112760320,
            "99.950000" : 17112760320,
            "99.990000" : 17112760320
          }
        },
        "lat_ns" : {
          "min" : 1176461746,
          "max" : 299485196326,
          "mean" : 148307277384.447601,
          "stddev" : 79339183580.799362,
          "N" : 16158
        },
        "bw_min" : 476,
        "bw_max" : 2696,
        "bw_agg" : 100.000000,
        "bw_mean" : 788.348936,
        "bw_dev" : 7.599628,
        "bw_samples" : 5138,
        "iops_min" : 92,
        "iops_max" : 674,
        "iops_mean" : 196.465887,
        "iops_stddev" : 1.905808,
        "iops_samples" : 5138
      },
      "write" : {
        "io_bytes" : 65798144,
        "io_kbytes" : 64256,
        "bw_bytes" : 217605,
        "bw" : 212,
        "iops" : 53.126261,
        "runtime" : 302374,
        "total_ios" : 16064,
        "short_ios" : 0,
        "drop_ios" : 0,
        "slat_ns" : {
          "min" : 75461,
          "max" : 3629840,
          "mean" : 140184.860682,
          "stddev" : 111728.535054,
          "N" : 16064
        },
        "clat_ns" : {
          "min" : 12051,
          "max" : 299227949624,
          "mean" : 146916802728.380432,
          "stddev" : 79099658644.185394,
          "N" : 16064,
          "percentile" : {
            "1.000000" : 4462739456,
            "5.000000" : 11072962560,
            "10.000000" : 17112760320,
            "20.000000" : 17112760320,
            "30.000000" : 17112760320,
            "40.000000" : 17112760320,
            "50.000000" : 17112760320,
            "60.000000" : 17112760320,
            "70.000000" : 17112760320,
            "80.000000" : 17112760320,
            "90.000000" : 17112760320,
            "95.000000" : 17112760320,
            "99.000000" : 17112760320,
            "99.500000" : 17112760320,
            "99.900000" : 17112760320,
            "99.950000" : 17112760320,
            "99.990000" : 17112760320
          }
        },
        "lat_ns" : {
          "min" : 105982,
          "max" : 299228092316,
          "mean" : 146916944233.146759,
          "stddev" : 79099648310.772781,
          "N" : 16064
        },
        "bw_min" : 481,
        "bw_max" : 2831,
        "bw_agg" : 100.000000,
        "bw_mean" : 782.780147,
        "bw_dev" : 7.915134,
        "bw_samples" : 5064,
        "iops_min" : 97,
        "iops_max" : 707,
        "iops_mean" : 195.180071,
        "iops_stddev" : 1.983364,
        "iops_samples" : 5064
      },
      "trim" : {
        "io_bytes" : 0,
        "io_kbytes" : 0,
        "bw_bytes" : 0,
        "bw" : 0,
        "iops" : 0.000000,
        "runtime" : 0,
        "total_ios" : 0,
        "short_ios" : 0,
        "drop_ios" : 0,
        "slat_ns" : {
          "min" : 0,
          "max" : 0,
          "mean" : 0.000000,
          "stddev" : 0.000000,
          "N" : 0
        },
        "clat_ns" : {
          "min" : 0,
          "max" : 0,
          "mean" : 0.000000,
          "stddev" : 0.000000,
          "N" : 0
        },
        "lat_ns" : {
          "min" : 0,
          "max" : 0,
          "mean" : 0.000000,
          "stddev" : 0.000000,
          "N" : 0
        },
        "bw_min" : 0,
        "bw_max" : 0,
        "bw_agg" : 0.000000,
        "bw_mean" : 0.000000,
        "bw_dev" : 0.000000,
        "bw_samples" : 0,
        "iops_min" : 0,
        "iops_max" : 0,
        "iops_mean" : 0.000000,
        "iops_stddev" : 0.000000,
        "iops_samples" : 0
      },
      "sync" : {
        "total_ios" : 0,
        "lat_ns" : {
          "min" : 0,
          "max" : 0,
          "mean" : 0.000000,
          "stddev" : 0.000000,
          "N" : 0
        }
      },
      "job_runtime" : 19260630,
      "usr_cpu" : 0.003681,
      "sys_cpu" : 0.027460,
      "ctx" : 16857,
      "majf" : 0,
      "minf" : 2596,
      "iodepth_level" : {
        "1" : 0.198622,
        "2" : 0.397244,
        "4" : 0.794488,
        "8" : 1.588976,
        "16" : 3.177953,
        "32" : 6.355906,
        ">=64" : 87.486810
      },
      "iodepth_submit" : {
        "0" : 0.000000,
        "4" : 100.000000,
        "8" : 0.000000,
        "16" : 0.000000,
        "32" : 0.000000,
        "64" : 0.000000,
        ">=64" : 0.000000
      },
      "iodepth_complete" : {
        "0" : 0.000000,
        "4" : 99.599148,
        "8" : 0.000000,
        "16" : 0.000000,
        "32" : 0.000000,
        "64" : 0.000000,
        ">=64" : 0.400852
      },
      "latency_ns" : {
        "2" : 0.000000,
        "4" : 0.000000,
        "10" : 0.000000,
        "20" : 0.000000,
        "50" : 0.000000,
        "100" : 0.000000,
        "250" : 0.000000,
        "500" : 0.000000,
        "750" : 0.000000,
        "1000" : 0.000000
      },
      "latency_us" : {
        "2" : 0.000000,
        "4" : 0.000000,
        "10" : 0.000000,
        "20" : 0.012414,
        "50" : 0.186208,
        "100" : 0.000000,
        "250" : 0.010000,
        "500" : 0.010000,
        "750" : 0.010000,
        "1000" : 0.010000
      },
      "latency_ms" : {
        "2" : 0.000000,
        "4" : 0.000000,
        "10" : 0.000000,
        "20" : 0.000000,
        "50" : 0.000000,
        "100" : 0.000000,
        "250" : 0.000000,
        "500" : 0.000000,
        "750" : 0.000000,
        "1000" : 0.000000,
        "2000" : 0.310347,
        ">=2000" : 99.472410
      },
      "latency_depth" : 256,
      "latency_target" : 0,
      "latency_percentile" : 100.000000,
      "latency_window" : 0
    }
  ]
}
