{
  "fio version" : "fio-3.27",
  "timestamp" : 1627437326,
  "timestamp_ms" : 1627437326183,
  "time" : "Wed Jul 28 03:55:26 2021",
  "jobs" : [
    {
      "jobname" : "seq-read",
      "groupid" : 0,
      "error" : 0,
      "eta" : 0,
      "elapsed" : 301,
      "job options" : {
        "bs" : "4K",
        "iodepth" : "256",
        "direct" : "1",
        "ioengine" : "libaio",
        "time_based" : "1",
        "runtime" : "300",
        "numjobs" : "2",
        "size" : "1g",
        "name" : "seq-read",
        "rw" : "read",
        "directory" : "/scratch/snx2000/ccocha/seqread/150_node/",
        "filename_format" : "$jobname.61.$jobnum.$filenum"
      },
      "read" : {
        "io_bytes" : 3491975168,
        "io_kbytes" : 3410132,
        "bw_bytes" : 11639878,
        "bw" : 11367,
        "iops" : 2841.767194,
        "runtime" : 300001,
        "total_ios" : 852533,
        "short_ios" : 0,
        "drop_ios" : 0,
        "slat_ns" : {
          "min" : 379013,
          "max" : 81837940,
          "mean" : 690871.924735,
          "stddev" : 1069702.073032,
          "N" : 852533
        },
        "clat_ns" : {
          "min" : 11730,
          "max" : 535961138,
          "mean" : 179401036.041497,
          "stddev" : 30352977.556624,
          "N" : 852533,
          "percentile" : {
            "1.000000" : 145752064,
            "5.000000" : 149946368,
            "10.000000" : 152043520,
            "20.000000" : 158334976,
            "30.000000" : 160432128,
            "40.000000" : 164626432,
            "50.000000" : 170917888,
            "60.000000" : 175112192,
            "70.000000" : 183500800,
            "80.000000" : 198180864,
            "90.000000" : 219152384,
            "95.000000" : 240123904,
            "99.000000" : 291504128,
            "99.500000" : 308281344,
            "99.900000" : 341835776,
            "99.950000" : 350224384,
            "99.990000" : 509607936
          }
        },
        "lat_ns" : {
          "min" : 465682,
          "max" : 536562581,
          "mean" : 180093436.259452,
          "stddev" : 30425686.597376,
          "N" : 852533
        },
        "bw_min" : 5448,
        "bw_max" : 13776,
        "bw_agg" : 99.999399,
        "bw_mean" : 11367.355593,
        "bw_dev" : 609.689869,
        "bw_samples" : 1198,
        "iops_min" : 1362,
        "iops_max" : 3444,
        "iops_mean" : 2841.834725,
        "iops_stddev" : 152.418121,
        "iops_samples" : 1198
      },
      "write" : {
        "io_bytes" : 0,
        "io_kbytes" : 0,
        "bw_bytes" : 0,
        "bw" : 0,
        "iops" : 0.000000,
        "runtime" : 0,
        "total_ios" : 0,
        "short_ios" : 0,
        "drop_ios" : 0,
        "slat_ns" : {
          "min" : 0,
          "max" : 0,
          "mean" : 0.000000,
          "stddev" : 0.000000,
          "N" : 0
        },
        "clat_ns" : {
          "min" : 0,
          "max" : 0,
          "mean" : 0.000000,
          "stddev" : 0.000000,
          "N" : 0
        },
        "lat_ns" : {
          "min" : 0,
          "max" : 0,
          "mean" : 0.000000,
          "stddev" : 0.000000,
          "N" : 0
        },
        "bw_min" : 0,
        "bw_max" : 0,
        "bw_agg" : 0.000000,
        "bw_mean" : 0.000000,
        "bw_dev" : 0.000000,
        "bw_samples" : 0,
        "iops_min" : 0,
        "iops_max" : 0,
        "iops_mean" : 0.000000,
        "iops_stddev" : 0.000000,
        "iops_samples" : 0
      },
      "trim" : {
        "io_bytes" : 0,
        "io_kbytes" : 0,
        "bw_bytes" : 0,
        "bw" : 0,
        "iops" : 0.000000,
        "runtime" : 0,
        "total_ios" : 0,
        "short_ios" : 0,
        "drop_ios" : 0,
        "slat_ns" : {
          "min" : 0,
          "max" : 0,
          "mean" : 0.000000,
          "stddev" : 0.000000,
          "N" : 0
        },
        "clat_ns" : {
          "min" : 0,
          "max" : 0,
          "mean" : 0.000000,
          "stddev" : 0.000000,
          "N" : 0
        },
        "lat_ns" : {
          "min" : 0,
          "max" : 0,
          "mean" : 0.000000,
          "stddev" : 0.000000,
          "N" : 0
        },
        "bw_min" : 0,
        "bw_max" : 0,
        "bw_agg" : 0.000000,
        "bw_mean" : 0.000000,
        "bw_dev" : 0.000000,
        "bw_samples" : 0,
        "iops_min" : 0,
        "iops_max" : 0,
        "iops_mean" : 0.000000,
        "iops_stddev" : 0.000000,
        "iops_samples" : 0
      },
      "sync" : {
        "total_ios" : 0,
        "lat_ns" : {
          "min" : 0,
          "max" : 0,
          "mean" : 0.000000,
          "stddev" : 0.000000,
          "N" : 0
        }
      },
      "job_runtime" : 600000,
      "usr_cpu" : 1.906333,
      "sys_cpu" : 14.592500,
      "ctx" : 852568,
      "majf" : 0,
      "minf" : 591,
      "iodepth_level" : {
        "1" : 0.100000,
        "2" : 0.100000,
        "4" : 0.100000,
        "8" : 0.100000,
        "16" : 0.100000,
        "32" : 0.100000,
        ">=64" : 99.985221
      },
      "iodepth_submit" : {
        "0" : 0.000000,
        "4" : 100.000000,
        "8" : 0.000000,
        "16" : 0.000000,
        "32" : 0.000000,
        "64" : 0.000000,
        ">=64" : 0.000000
      },
      "iodepth_complete" : {
        "0" : 0.000000,
        "4" : 99.999765,
        "8" : 0.000000,
        "16" : 0.000000,
        "32" : 0.000000,
        "64" : 0.000000,
        ">=64" : 0.100000
      },
      "latency_ns" : {
        "2" : 0.000000,
        "4" : 0.000000,
        "10" : 0.000000,
        "20" : 0.000000,
        "50" : 0.000000,
        "100" : 0.000000,
        "250" : 0.000000,
        "500" : 0.000000,
        "750" : 0.000000,
        "1000" : 0.000000
      },
      "latency_us" : {
        "2" : 0.000000,
        "4" : 0.000000,
        "10" : 0.000000,
        "20" : 0.010000,
        "50" : 0.000000,
        "100" : 0.000000,
        "250" : 0.000000,
        "500" : 0.010000,
        "750" : 0.010000,
        "1000" : 0.010000
      },
      "latency_ms" : {
        "2" : 0.010000,
        "4" : 0.010000,
        "10" : 0.010000,
        "20" : 0.010000,
        "50" : 0.012903,
        "100" : 0.018298,
        "250" : 96.332341,
        "500" : 3.616517,
        "750" : 0.011261,
        "1000" : 0.000000,
        "2000" : 0.000000,
        ">=2000" : 0.000000
      },
      "latency_depth" : 256,
      "latency_target" : 0,
      "latency_percentile" : 100.000000,
      "latency_window" : 0
    }
  ]
}
