{
  "fio version" : "fio-3.27",
  "timestamp" : 1627431937,
  "timestamp_ms" : 1627431937409,
  "time" : "Wed Jul 28 02:25:37 2021",
  "jobs" : [
    {
      "jobname" : "seq-read",
      "groupid" : 0,
      "error" : 0,
      "eta" : 0,
      "elapsed" : 301,
      "job options" : {
        "bs" : "4K",
        "iodepth" : "256",
        "direct" : "1",
        "ioengine" : "libaio",
        "time_based" : "1",
        "runtime" : "300",
        "numjobs" : "32",
        "size" : "1g",
        "name" : "seq-read",
        "rw" : "read",
        "directory" : "/scratch/snx2000/ccocha/seqread/96_node/",
        "filename_format" : "$jobname.33.$jobnum.$filenum"
      },
      "read" : {
        "io_bytes" : 6909640704,
        "io_kbytes" : 6747696,
        "bw_bytes" : 23030600,
        "bw" : 22490,
        "iops" : 5622.705153,
        "runtime" : 300020,
        "total_ios" : 1686924,
        "short_ios" : 0,
        "drop_ios" : 0,
        "slat_ns" : {
          "min" : 514847,
          "max" : 289315013,
          "mean" : 5668225.396714,
          "stddev" : 3440986.349750,
          "N" : 1686924
        },
        "clat_ns" : {
          "min" : 13820,
          "max" : 3304948124,
          "mean" : 1448448255.358497,
          "stddev" : 165790379.977497,
          "N" : 1686924,
          "percentile" : {
            "1.000000" : 1132462080,
            "5.000000" : 1283457024,
            "10.000000" : 1317011456,
            "20.000000" : 1350565888,
            "30.000000" : 1384120320,
            "40.000000" : 1400897536,
            "50.000000" : 1417674752,
            "60.000000" : 1451229184,
            "70.000000" : 1468006400,
            "80.000000" : 1535115264,
            "90.000000" : 1652555776,
            "95.000000" : 1753219072,
            "99.000000" : 1971322880,
            "99.500000" : 2055208960,
            "99.900000" : 2264924160,
            "99.950000" : 2701131776,
            "99.990000" : 2969567232
          }
        },
        "lat_ns" : {
          "min" : 1920848,
          "max" : 3311615730,
          "mean" : 1454119584.571753,
          "stddev" : 166237398.869404,
          "N" : 1686924
        },
        "bw_min" : 4544,
        "bw_max" : 33641,
        "bw_agg" : 99.849626,
        "bw_mean" : 22457.438861,
        "bw_dev" : 103.547747,
        "bw_samples" : 19104,
        "iops_min" : 1136,
        "iops_max" : 8410,
        "iops_mean" : 5612.948074,
        "iops_stddev" : 25.881058,
        "iops_samples" : 19104
      },
      "write" : {
        "io_bytes" : 0,
        "io_kbytes" : 0,
        "bw_bytes" : 0,
        "bw" : 0,
        "iops" : 0.000000,
        "runtime" : 0,
        "total_ios" : 0,
        "short_ios" : 0,
        "drop_ios" : 0,
        "slat_ns" : {
          "min" : 0,
          "max" : 0,
          "mean" : 0.000000,
          "stddev" : 0.000000,
          "N" : 0
        },
        "clat_ns" : {
          "min" : 0,
          "max" : 0,
          "mean" : 0.000000,
          "stddev" : 0.000000,
          "N" : 0
        },
        "lat_ns" : {
          "min" : 0,
          "max" : 0,
          "mean" : 0.000000,
          "stddev" : 0.000000,
          "N" : 0
        },
        "bw_min" : 0,
        "bw_max" : 0,
        "bw_agg" : 0.000000,
        "bw_mean" : 0.000000,
        "bw_dev" : 0.000000,
        "bw_samples" : 0,
        "iops_min" : 0,
        "iops_max" : 0,
        "iops_mean" : 0.000000,
        "iops_stddev" : 0.000000,
        "iops_samples" : 0
      },
      "trim" : {
        "io_bytes" : 0,
        "io_kbytes" : 0,
        "bw_bytes" : 0,
        "bw" : 0,
        "iops" : 0.000000,
        "runtime" : 0,
        "total_ios" : 0,
        "short_ios" : 0,
        "drop_ios" : 0,
        "slat_ns" : {
          "min" : 0,
          "max" : 0,
          "mean" : 0.000000,
          "stddev" : 0.000000,
          "N" : 0
        },
        "clat_ns" : {
          "min" : 0,
          "max" : 0,
          "mean" : 0.000000,
          "stddev" : 0.000000,
          "N" : 0
        },
        "lat_ns" : {
          "min" : 0,
          "max" : 0,
          "mean" : 0.000000,
          "stddev" : 0.000000,
          "N" : 0
        },
        "bw_min" : 0,
        "bw_max" : 0,
        "bw_agg" : 0.000000,
        "bw_mean" : 0.000000,
        "bw_dev" : 0.000000,
        "bw_samples" : 0,
        "iops_min" : 0,
        "iops_max" : 0,
        "iops_mean" : 0.000000,
        "iops_stddev" : 0.000000,
        "iops_samples" : 0
      },
      "sync" : {
        "total_ios" : 0,
        "lat_ns" : {
          "min" : 0,
          "max" : 0,
          "mean" : 0.000000,
          "stddev" : 0.000000,
          "N" : 0
        }
      },
      "job_runtime" : 9600051,
      "usr_cpu" : 0.454685,
      "sys_cpu" : 2.891203,
      "ctx" : 1687291,
      "majf" : 0,
      "minf" : 9480,
      "iodepth_level" : {
        "1" : 0.100000,
        "2" : 0.100000,
        "4" : 0.100000,
        "8" : 0.100000,
        "16" : 0.100000,
        "32" : 0.100000,
        ">=64" : 99.880493
      },
      "iodepth_submit" : {
        "0" : 0.000000,
        "4" : 100.000000,
        "8" : 0.000000,
        "16" : 0.000000,
        "32" : 0.000000,
        "64" : 0.000000,
        ">=64" : 0.000000
      },
      "iodepth_complete" : {
        "0" : 0.000000,
        "4" : 99.998094,
        "8" : 0.000000,
        "16" : 0.000000,
        "32" : 0.000000,
        "64" : 0.000000,
        ">=64" : 0.100000
      },
      "latency_ns" : {
        "2" : 0.000000,
        "4" : 0.000000,
        "10" : 0.000000,
        "20" : 0.000000,
        "50" : 0.000000,
        "100" : 0.000000,
        "250" : 0.000000,
        "500" : 0.000000,
        "750" : 0.000000,
        "1000" : 0.000000
      },
      "latency_us" : {
        "2" : 0.000000,
        "4" : 0.000000,
        "10" : 0.000000,
        "20" : 0.010000,
        "50" : 0.010000,
        "100" : 0.010000,
        "250" : 0.000000,
        "500" : 0.000000,
        "750" : 0.000000,
        "1000" : 0.000000
      },
      "latency_ms" : {
        "2" : 0.010000,
        "4" : 0.010000,
        "10" : 0.010000,
        "20" : 0.010000,
        "50" : 0.017013,
        "100" : 0.026202,
        "250" : 0.067756,
        "500" : 0.103443,
        "750" : 0.090816,
        "1000" : 0.224076,
        "2000" : 98.630466,
        ">=2000" : 0.825882
      },
      "latency_depth" : 256,
      "latency_target" : 0,
      "latency_percentile" : 100.000000,
      "latency_window" : 0
    }
  ]
}
