{
  "fio version" : "fio-3.27",
  "timestamp" : 1627031000,
  "timestamp_ms" : 1627031000725,
  "time" : "Fri Jul 23 11:03:20 2021",
  "jobs" : [
    {
      "jobname" : "randrw",
      "groupid" : 0,
      "error" : 0,
      "eta" : 0,
      "elapsed" : 302,
      "job options" : {
        "bs" : "4K",
        "iodepth" : "256",
        "direct" : "0",
        "ioengine" : "libaio",
        "time_based" : "1",
        "runtime" : "300",
        "numjobs" : "32",
        "size" : "1g",
        "name" : "randrw",
        "rw" : "randrw",
        "directory" : "/scratch/snx2000/ccocha/randrw/150_node",
        "filename_format" : "$jobname.42.$jobnum.$filenum"
      },
      "read" : {
        "io_bytes" : 55549952,
        "io_kbytes" : 54248,
        "bw_bytes" : 184486,
        "bw" : 180,
        "iops" : 45.040767,
        "runtime" : 301105,
        "total_ios" : 13562,
        "short_ios" : 0,
        "drop_ios" : 0,
        "slat_ns" : {
          "min" : 8520646,
          "max" : 47461587996,
          "mean" : 709089897.638623,
          "stddev" : 2446378550.478371,
          "N" : 13562
        },
        "clat_ns" : {
          "min" : 18051,
          "max" : 196586389972,
          "mean" : 89393805400.899017,
          "stddev" : 40795938066.476624,
          "N" : 13562,
          "percentile" : {
            "1.000000" : 6140461056,
            "5.000000" : 8489271296,
            "10.000000" : 17112760320,
            "20.000000" : 17112760320,
            "30.000000" : 17112760320,
            "40.000000" : 17112760320,
            "50.000000" : 17112760320,
            "60.000000" : 17112760320,
            "70.000000" : 17112760320,
            "80.000000" : 17112760320,
            "90.000000" : 17112760320,
            "95.000000" : 17112760320,
            "99.000000" : 17112760320,
            "99.500000" : 17112760320,
            "99.900000" : 17112760320,
            "99.950000" : 17112760320,
            "99.990000" : 17112760320
          }
        },
        "lat_ns" : {
          "min" : 665059094,
          "max" : 196720235568,
          "mean" : 90102899421.537720,
          "stddev" : 40861446733.425156,
          "N" : 13562
        },
        "bw_min" : 256,
        "bw_max" : 2024,
        "bw_agg" : 100.000000,
        "bw_mean" : 441.696400,
        "bw_dev" : 9.441244,
        "bw_samples" : 5512,
        "iops_min" : 64,
        "iops_max" : 506,
        "iops_mean" : 110.424100,
        "iops_stddev" : 2.360311,
        "iops_samples" : 5512
      },
      "write" : {
        "io_bytes" : 55894016,
        "io_kbytes" : 54584,
        "bw_bytes" : 185629,
        "bw" : 181,
        "iops" : 45.319739,
        "runtime" : 301105,
        "total_ios" : 13646,
        "short_ios" : 0,
        "drop_ios" : 0,
        "slat_ns" : {
          "min" : 75431,
          "max" : 1957902,
          "mean" : 132054.149934,
          "stddev" : 71584.188780,
          "N" : 13646
        },
        "clat_ns" : {
          "min" : 702785069,
          "max" : 196586476793,
          "mean" : 88473588068.924957,
          "stddev" : 40435648591.269226,
          "N" : 13646,
          "percentile" : {
            "1.000000" : 6744440832,
            "5.000000" : 8489271296,
            "10.000000" : 17112760320,
            "20.000000" : 17112760320,
            "30.000000" : 17112760320,
            "40.000000" : 17112760320,
            "50.000000" : 17112760320,
            "60.000000" : 17112760320,
            "70.000000" : 17112760320,
            "80.000000" : 17112760320,
            "90.000000" : 17112760320,
            "95.000000" : 17112760320,
            "99.000000" : 17112760320,
            "99.500000" : 17112760320,
            "99.900000" : 17112760320,
            "99.950000" : 17112760320,
            "99.990000" : 17112760320
          }
        },
        "lat_ns" : {
          "min" : 702886190,
          "max" : 196586603034,
          "mean" : 88473721427.904510,
          "stddev" : 40435643201.923332,
          "N" : 13646
        },
        "bw_min" : 256,
        "bw_max" : 2280,
        "bw_agg" : 100.000000,
        "bw_mean" : 447.377490,
        "bw_dev" : 10.007229,
        "bw_samples" : 5428,
        "iops_min" : 64,
        "iops_max" : 570,
        "iops_mean" : 111.844373,
        "iops_stddev" : 2.501807,
        "iops_samples" : 5428
      },
      "trim" : {
        "io_bytes" : 0,
        "io_kbytes" : 0,
        "bw_bytes" : 0,
        "bw" : 0,
        "iops" : 0.000000,
        "runtime" : 0,
        "total_ios" : 0,
        "short_ios" : 0,
        "drop_ios" : 0,
        "slat_ns" : {
          "min" : 0,
          "max" : 0,
          "mean" : 0.000000,
          "stddev" : 0.000000,
          "N" : 0
        },
        "clat_ns" : {
          "min" : 0,
          "max" : 0,
          "mean" : 0.000000,
          "stddev" : 0.000000,
          "N" : 0
        },
        "lat_ns" : {
          "min" : 0,
          "max" : 0,
          "mean" : 0.000000,
          "stddev" : 0.000000,
          "N" : 0
        },
        "bw_min" : 0,
        "bw_max" : 0,
        "bw_agg" : 0.000000,
        "bw_mean" : 0.000000,
        "bw_dev" : 0.000000,
        "bw_samples" : 0,
        "iops_min" : 0,
        "iops_max" : 0,
        "iops_mean" : 0.000000,
        "iops_stddev" : 0.000000,
        "iops_samples" : 0
      },
      "sync" : {
        "total_ios" : 0,
        "lat_ns" : {
          "min" : 0,
          "max" : 0,
          "mean" : 0.000000,
          "stddev" : 0.000000,
          "N" : 0
        }
      },
      "job_runtime" : 9619097,
      "usr_cpu" : 0.005832,
      "sys_cpu" : 0.046439,
      "ctx" : 13855,
      "majf" : 0,
      "minf" : 1302,
      "iodepth_level" : {
        "1" : 0.117612,
        "2" : 0.235225,
        "4" : 0.470450,
        "8" : 0.940900,
        "16" : 1.881799,
        "32" : 3.763599,
        ">=64" : 92.590415
      },
      "iodepth_submit" : {
        "0" : 0.000000,
        "4" : 100.000000,
        "8" : 0.000000,
        "16" : 0.000000,
        "32" : 0.000000,
        "64" : 0.000000,
        ">=64" : 0.000000
      },
      "iodepth_complete" : {
        "0" : 0.000000,
        "4" : 99.832285,
        "8" : 0.000000,
        "16" : 0.000000,
        "32" : 0.000000,
        "64" : 0.000000,
        ">=64" : 0.167715
      },
      "latency_ns" : {
        "2" : 0.000000,
        "4" : 0.000000,
        "10" : 0.000000,
        "20" : 0.000000,
        "50" : 0.000000,
        "100" : 0.000000,
        "250" : 0.000000,
        "500" : 0.000000,
        "750" : 0.000000,
        "1000" : 0.000000
      },
      "latency_us" : {
        "2" : 0.000000,
        "4" : 0.000000,
        "10" : 0.000000,
        "20" : 0.014702,
        "50" : 0.102911,
        "100" : 0.000000,
        "250" : 0.000000,
        "500" : 0.000000,
        "750" : 0.000000,
        "1000" : 0.000000
      },
      "latency_ms" : {
        "2" : 0.000000,
        "4" : 0.000000,
        "10" : 0.000000,
        "20" : 0.000000,
        "50" : 0.000000,
        "100" : 0.000000,
        "250" : 0.000000,
        "500" : 0.000000,
        "750" : 0.029403,
        "1000" : 0.055131,
        "2000" : 0.110262,
        ">=2000" : 99.687592
      },
      "latency_depth" : 256,
      "latency_target" : 0,
      "latency_percentile" : 100.000000,
      "latency_window" : 0
    }
  ]
}
