{
  "fio version" : "fio-3.27",
  "timestamp" : 1627029851,
  "timestamp_ms" : 1627029851525,
  "time" : "Fri Jul 23 10:44:11 2021",
  "jobs" : [
    {
      "jobname" : "randrw",
      "groupid" : 0,
      "error" : 0,
      "eta" : 0,
      "elapsed" : 302,
      "job options" : {
        "bs" : "4K",
        "iodepth" : "256",
        "direct" : "0",
        "ioengine" : "libaio",
        "time_based" : "1",
        "runtime" : "300",
        "numjobs" : "8",
        "size" : "1g",
        "name" : "randrw",
        "rw" : "randrw",
        "directory" : "/scratch/snx2000/ccocha/randrw/150_node",
        "filename_format" : "$jobname.28.$jobnum.$filenum"
      },
      "read" : {
        "io_bytes" : 80592896,
        "io_kbytes" : 78704,
        "bw_bytes" : 267786,
        "bw" : 261,
        "iops" : 65.377459,
        "runtime" : 300960,
        "total_ios" : 19676,
        "short_ios" : 0,
        "drop_ios" : 0,
        "slat_ns" : {
          "min" : 510456,
          "max" : 53172813736,
          "mean" : 121930265.231805,
          "stddev" : 952453908.989780,
          "N" : 19676
        },
        "clat_ns" : {
          "min" : 13390,
          "max" : 91185335920,
          "mean" : 15264688941.172037,
          "stddev" : 15378940692.734512,
          "N" : 19676,
          "percentile" : {
            "1.000000" : 1400897536,
            "5.000000" : 1551892480,
            "10.000000" : 1686110208,
            "20.000000" : 2004877312,
            "30.000000" : 10804527104,
            "40.000000" : 12012486656,
            "50.000000" : 13220446208,
            "60.000000" : 15904800768,
            "70.000000" : 17112760320,
            "80.000000" : 17112760320,
            "90.000000" : 17112760320,
            "95.000000" : 17112760320,
            "99.000000" : 17112760320,
            "99.500000" : 17112760320,
            "99.900000" : 17112760320,
            "99.950000" : 17112760320,
            "99.990000" : 17112760320
          }
        },
        "lat_ns" : {
          "min" : 36437490,
          "max" : 91283747007,
          "mean" : 15386622725.486017,
          "stddev" : 15441341417.398563,
          "N" : 19676
        },
        "bw_min" : 64,
        "bw_max" : 3448,
        "bw_agg" : 100.000000,
        "bw_mean" : 464.793079,
        "bw_dev" : 72.208416,
        "bw_samples" : 2564,
        "iops_min" : 16,
        "iops_max" : 862,
        "iops_mean" : 116.198270,
        "iops_stddev" : 18.052104,
        "iops_samples" : 2564
      },
      "write" : {
        "io_bytes" : 82079744,
        "io_kbytes" : 80156,
        "bw_bytes" : 272726,
        "bw" : 266,
        "iops" : 66.583599,
        "runtime" : 300960,
        "total_ios" : 20039,
        "short_ios" : 0,
        "drop_ios" : 0,
        "slat_ns" : {
          "min" : 75591,
          "max" : 1850161,
          "mean" : 120735.771845,
          "stddev" : 49632.145767,
          "N" : 20039
        },
        "clat_ns" : {
          "min" : 240368765,
          "max" : 91114310810,
          "mean" : 15497973315.178057,
          "stddev" : 15904925495.695618,
          "N" : 20039,
          "percentile" : {
            "1.000000" : 1400897536,
            "5.000000" : 1568669696,
            "10.000000" : 1686110208,
            "20.000000" : 1988100096,
            "30.000000" : 10804527104,
            "40.000000" : 12012486656,
            "50.000000" : 13220446208,
            "60.000000" : 16039018496,
            "70.000000" : 17112760320,
            "80.000000" : 17112760320,
            "90.000000" : 17112760320,
            "95.000000" : 17112760320,
            "99.000000" : 17112760320,
            "99.500000" : 17112760320,
            "99.900000" : 17112760320,
            "99.950000" : 17112760320,
            "99.990000" : 17112760320
          }
        },
        "lat_ns" : {
          "min" : 240456146,
          "max" : 91114452252,
          "mean" : 15498095259.312191,
          "stddev" : 15904925222.850704,
          "N" : 20039
        },
        "bw_min" : 64,
        "bw_max" : 3328,
        "bw_agg" : 100.000000,
        "bw_mean" : 481.848452,
        "bw_dev" : 74.272767,
        "bw_samples" : 2524,
        "iops_min" : 16,
        "iops_max" : 832,
        "iops_mean" : 120.462113,
        "iops_stddev" : 18.568192,
        "iops_samples" : 2524
      },
      "trim" : {
        "io_bytes" : 0,
        "io_kbytes" : 0,
        "bw_bytes" : 0,
        "bw" : 0,
        "iops" : 0.000000,
        "runtime" : 0,
        "total_ios" : 0,
        "short_ios" : 0,
        "drop_ios" : 0,
        "slat_ns" : {
          "min" : 0,
          "max" : 0,
          "mean" : 0.000000,
          "stddev" : 0.000000,
          "N" : 0
        },
        "clat_ns" : {
          "min" : 0,
          "max" : 0,
          "mean" : 0.000000,
          "stddev" : 0.000000,
          "N" : 0
        },
        "lat_ns" : {
          "min" : 0,
          "max" : 0,
          "mean" : 0.000000,
          "stddev" : 0.000000,
          "N" : 0
        },
        "bw_min" : 0,
        "bw_max" : 0,
        "bw_agg" : 0.000000,
        "bw_mean" : 0.000000,
        "bw_dev" : 0.000000,
        "bw_samples" : 0,
        "iops_min" : 0,
        "iops_max" : 0,
        "iops_mean" : 0.000000,
        "iops_stddev" : 0.000000,
        "iops_samples" : 0
      },
      "sync" : {
        "total_ios" : 0,
        "lat_ns" : {
          "min" : 0,
          "max" : 0,
          "mean" : 0.000000,
          "stddev" : 0.000000,
          "N" : 0
        }
      },
      "job_runtime" : 2402294,
      "usr_cpu" : 0.036174,
      "sys_cpu" : 0.242477,
      "ctx" : 19736,
      "majf" : 0,
      "minf" : 334,
      "iodepth_level" : {
        "1" : 0.100000,
        "2" : 0.100000,
        "4" : 0.100000,
        "8" : 0.161148,
        "16" : 0.322296,
        "32" : 0.644593,
        ">=64" : 98.730958
      },
      "iodepth_submit" : {
        "0" : 0.000000,
        "4" : 100.000000,
        "8" : 0.000000,
        "16" : 0.000000,
        "32" : 0.000000,
        "64" : 0.000000,
        ">=64" : 0.000000
      },
      "iodepth_complete" : {
        "0" : 0.000000,
        "4" : 99.978770,
        "8" : 0.000000,
        "16" : 0.000000,
        "32" : 0.000000,
        "64" : 0.000000,
        ">=64" : 0.100000
      },
      "latency_ns" : {
        "2" : 0.000000,
        "4" : 0.000000,
        "10" : 0.000000,
        "20" : 0.000000,
        "50" : 0.000000,
        "100" : 0.000000,
        "250" : 0.000000,
        "500" : 0.000000,
        "750" : 0.000000,
        "1000" : 0.000000
      },
      "latency_us" : {
        "2" : 0.000000,
        "4" : 0.000000,
        "10" : 0.000000,
        "20" : 0.010000,
        "50" : 0.012590,
        "100" : 0.000000,
        "250" : 0.000000,
        "500" : 0.000000,
        "750" : 0.000000,
        "1000" : 0.000000
      },
      "latency_ms" : {
        "2" : 0.000000,
        "4" : 0.000000,
        "10" : 0.000000,
        "20" : 0.000000,
        "50" : 0.010000,
        "100" : 0.010000,
        "250" : 0.012590,
        "500" : 0.060431,
        "750" : 0.047841,
        "1000" : 0.123379,
        "2000" : 19.869067,
        ">=2000" : 79.861513
      },
      "latency_depth" : 256,
      "latency_target" : 0,
      "latency_percentile" : 100.000000,
      "latency_window" : 0
    }
  ]
}
