{
  "fio version" : "fio-3.27",
  "timestamp" : 1627424803,
  "timestamp_ms" : 1627424803375,
  "time" : "Wed Jul 28 00:26:43 2021",
  "jobs" : [
    {
      "jobname" : "seq-read",
      "groupid" : 0,
      "error" : 0,
      "eta" : 0,
      "elapsed" : 301,
      "job options" : {
        "bs" : "4K",
        "iodepth" : "256",
        "direct" : "1",
        "ioengine" : "libaio",
        "time_based" : "1",
        "runtime" : "300",
        "numjobs" : "32",
        "size" : "1g",
        "name" : "seq-read",
        "rw" : "read",
        "directory" : "/scratch/snx2000/ccocha/seqread/32_node/",
        "filename_format" : "$jobname.24.$jobnum.$filenum"
      },
      "read" : {
        "io_bytes" : 22103195648,
        "io_kbytes" : 21585152,
        "bw_bytes" : 73676090,
        "bw" : 71949,
        "iops" : 17987.326878,
        "runtime" : 300005,
        "total_ios" : 5396288,
        "short_ios" : 0,
        "drop_ios" : 0,
        "slat_ns" : {
          "min" : 481395,
          "max" : 166882326,
          "mean" : 1757730.521777,
          "stddev" : 893058.048114,
          "N" : 5396288
        },
        "clat_ns" : {
          "min" : 13910,
          "max" : 720960788,
          "mean" : 453322405.542045,
          "stddev" : 34625162.865758,
          "N" : 5396288,
          "percentile" : {
            "1.000000" : 404750336,
            "5.000000" : 417333248,
            "10.000000" : 421527552,
            "20.000000" : 429916160,
            "30.000000" : 438304768,
            "40.000000" : 442499072,
            "50.000000" : 446693376,
            "60.000000" : 450887680,
            "70.000000" : 459276288,
            "80.000000" : 471859200,
            "90.000000" : 488636416,
            "95.000000" : 513802240,
            "99.000000" : 583008256,
            "99.500000" : 599785472,
            "99.900000" : 641728512,
            "99.950000" : 658505728,
            "99.990000" : 683671552
          }
        },
        "lat_ns" : {
          "min" : 1165221,
          "max" : 723228759,
          "mean" : 455082976.440327,
          "stddev" : 34729576.241439,
          "N" : 5396288
        },
        "bw_min" : 13568,
        "bw_max" : 81968,
        "bw_agg" : 99.937030,
        "bw_mean" : 71904.727637,
        "bw_dev" : 169.224337,
        "bw_samples" : 19166,
        "iops_min" : 3392,
        "iops_max" : 20492,
        "iops_mean" : 17976.127233,
        "iops_stddev" : 42.308928,
        "iops_samples" : 19166
      },
      "write" : {
        "io_bytes" : 0,
        "io_kbytes" : 0,
        "bw_bytes" : 0,
        "bw" : 0,
        "iops" : 0.000000,
        "runtime" : 0,
        "total_ios" : 0,
        "short_ios" : 0,
        "drop_ios" : 0,
        "slat_ns" : {
          "min" : 0,
          "max" : 0,
          "mean" : 0.000000,
          "stddev" : 0.000000,
          "N" : 0
        },
        "clat_ns" : {
          "min" : 0,
          "max" : 0,
          "mean" : 0.000000,
          "stddev" : 0.000000,
          "N" : 0
        },
        "lat_ns" : {
          "min" : 0,
          "max" : 0,
          "mean" : 0.000000,
          "stddev" : 0.000000,
          "N" : 0
        },
        "bw_min" : 0,
        "bw_max" : 0,
        "bw_agg" : 0.000000,
        "bw_mean" : 0.000000,
        "bw_dev" : 0.000000,
        "bw_samples" : 0,
        "iops_min" : 0,
        "iops_max" : 0,
        "iops_mean" : 0.000000,
        "iops_stddev" : 0.000000,
        "iops_samples" : 0
      },
      "trim" : {
        "io_bytes" : 0,
        "io_kbytes" : 0,
        "bw_bytes" : 0,
        "bw" : 0,
        "iops" : 0.000000,
        "runtime" : 0,
        "total_ios" : 0,
        "short_ios" : 0,
        "drop_ios" : 0,
        "slat_ns" : {
          "min" : 0,
          "max" : 0,
          "mean" : 0.000000,
          "stddev" : 0.000000,
          "N" : 0
        },
        "clat_ns" : {
          "min" : 0,
          "max" : 0,
          "mean" : 0.000000,
          "stddev" : 0.000000,
          "N" : 0
        },
        "lat_ns" : {
          "min" : 0,
          "max" : 0,
          "mean" : 0.000000,
          "stddev" : 0.000000,
          "N" : 0
        },
        "bw_min" : 0,
        "bw_max" : 0,
        "bw_agg" : 0.000000,
        "bw_mean" : 0.000000,
        "bw_dev" : 0.000000,
        "bw_samples" : 0,
        "iops_min" : 0,
        "iops_max" : 0,
        "iops_mean" : 0.000000,
        "iops_stddev" : 0.000000,
        "iops_samples" : 0
      },
      "sync" : {
        "total_ios" : 0,
        "lat_ns" : {
          "min" : 0,
          "max" : 0,
          "mean" : 0.000000,
          "stddev" : 0.000000,
          "N" : 0
        }
      },
      "job_runtime" : 9600019,
      "usr_cpu" : 1.388945,
      "sys_cpu" : 8.445660,
      "ctx" : 5397006,
      "majf" : 0,
      "minf" : 9471,
      "iodepth_level" : {
        "1" : 0.100000,
        "2" : 0.100000,
        "4" : 0.100000,
        "8" : 0.100000,
        "16" : 0.100000,
        "32" : 0.100000,
        ">=64" : 99.962641
      },
      "iodepth_submit" : {
        "0" : 0.000000,
        "4" : 100.000000,
        "8" : 0.000000,
        "16" : 0.000000,
        "32" : 0.000000,
        "64" : 0.000000,
        ">=64" : 0.000000
      },
      "iodepth_complete" : {
        "0" : 0.000000,
        "4" : 99.999406,
        "8" : 0.000000,
        "16" : 0.000000,
        "32" : 0.000000,
        "64" : 0.000000,
        ">=64" : 0.100000
      },
      "latency_ns" : {
        "2" : 0.000000,
        "4" : 0.000000,
        "10" : 0.000000,
        "20" : 0.000000,
        "50" : 0.000000,
        "100" : 0.000000,
        "250" : 0.000000,
        "500" : 0.000000,
        "750" : 0.000000,
        "1000" : 0.000000
      },
      "latency_us" : {
        "2" : 0.000000,
        "4" : 0.000000,
        "10" : 0.000000,
        "20" : 0.010000,
        "50" : 0.010000,
        "100" : 0.000000,
        "250" : 0.000000,
        "500" : 0.000000,
        "750" : 0.000000,
        "1000" : 0.000000
      },
      "latency_ms" : {
        "2" : 0.010000,
        "4" : 0.010000,
        "10" : 0.010000,
        "20" : 0.010000,
        "50" : 0.010878,
        "100" : 0.018142,
        "250" : 0.054537,
        "500" : 92.904586,
        "750" : 7.004370,
        "1000" : 0.000000,
        "2000" : 0.000000,
        ">=2000" : 0.000000
      },
      "latency_depth" : 256,
      "latency_target" : 0,
      "latency_percentile" : 100.000000,
      "latency_window" : 0
    }
  ]
}
