{
  "fio version" : "fio-3.27",
  "timestamp" : 1627437326,
  "timestamp_ms" : 1627437326081,
  "time" : "Wed Jul 28 03:55:26 2021",
  "jobs" : [
    {
      "jobname" : "seq-read",
      "groupid" : 0,
      "error" : 0,
      "eta" : 0,
      "elapsed" : 301,
      "job options" : {
        "bs" : "4K",
        "iodepth" : "256",
        "direct" : "1",
        "ioengine" : "libaio",
        "time_based" : "1",
        "runtime" : "300",
        "numjobs" : "2",
        "size" : "1g",
        "name" : "seq-read",
        "rw" : "read",
        "directory" : "/scratch/snx2000/ccocha/seqread/150_node/",
        "filename_format" : "$jobname.120.$jobnum.$filenum"
      },
      "read" : {
        "io_bytes" : 3353108480,
        "io_kbytes" : 3274520,
        "bw_bytes" : 11176991,
        "bw" : 10915,
        "iops" : 2728.757571,
        "runtime" : 300001,
        "total_ios" : 818630,
        "short_ios" : 0,
        "drop_ios" : 0,
        "slat_ns" : {
          "min" : 382373,
          "max" : 108253775,
          "mean" : 718683.977878,
          "stddev" : 1083215.570052,
          "N" : 818630
        },
        "clat_ns" : {
          "min" : 30540,
          "max" : 386566423,
          "mean" : 186806183.361986,
          "stddev" : 28408847.085449,
          "N" : 818630,
          "percentile" : {
            "1.000000" : 147849216,
            "5.000000" : 154140672,
            "10.000000" : 158334976,
            "20.000000" : 164626432,
            "30.000000" : 170917888,
            "40.000000" : 175112192,
            "50.000000" : 179306496,
            "60.000000" : 185597952,
            "70.000000" : 193986560,
            "80.000000" : 204472320,
            "90.000000" : 223346688,
            "95.000000" : 240123904,
            "99.000000" : 287309824,
            "99.500000" : 308281344,
            "99.900000" : 350224384,
            "99.950000" : 362807296,
            "99.990000" : 371195904
          }
        },
        "lat_ns" : {
          "min" : 1071108,
          "max" : 387151157,
          "mean" : 187526626.929855,
          "stddev" : 28472055.576851,
          "N" : 818630
        },
        "bw_min" : 4112,
        "bw_max" : 13520,
        "bw_agg" : 99.981399,
        "bw_mean" : 10913.896494,
        "bw_dev" : 540.658758,
        "bw_samples" : 1198,
        "iops_min" : 1028,
        "iops_max" : 3380,
        "iops_mean" : 2728.477462,
        "iops_stddev" : 135.165534,
        "iops_samples" : 1198
      },
      "write" : {
        "io_bytes" : 0,
        "io_kbytes" : 0,
        "bw_bytes" : 0,
        "bw" : 0,
        "iops" : 0.000000,
        "runtime" : 0,
        "total_ios" : 0,
        "short_ios" : 0,
        "drop_ios" : 0,
        "slat_ns" : {
          "min" : 0,
          "max" : 0,
          "mean" : 0.000000,
          "stddev" : 0.000000,
          "N" : 0
        },
        "clat_ns" : {
          "min" : 0,
          "max" : 0,
          "mean" : 0.000000,
          "stddev" : 0.000000,
          "N" : 0
        },
        "lat_ns" : {
          "min" : 0,
          "max" : 0,
          "mean" : 0.000000,
          "stddev" : 0.000000,
          "N" : 0
        },
        "bw_min" : 0,
        "bw_max" : 0,
        "bw_agg" : 0.000000,
        "bw_mean" : 0.000000,
        "bw_dev" : 0.000000,
        "bw_samples" : 0,
        "iops_min" : 0,
        "iops_max" : 0,
        "iops_mean" : 0.000000,
        "iops_stddev" : 0.000000,
        "iops_samples" : 0
      },
      "trim" : {
        "io_bytes" : 0,
        "io_kbytes" : 0,
        "bw_bytes" : 0,
        "bw" : 0,
        "iops" : 0.000000,
        "runtime" : 0,
        "total_ios" : 0,
        "short_ios" : 0,
        "drop_ios" : 0,
        "slat_ns" : {
          "min" : 0,
          "max" : 0,
          "mean" : 0.000000,
          "stddev" : 0.000000,
          "N" : 0
        },
        "clat_ns" : {
          "min" : 0,
          "max" : 0,
          "mean" : 0.000000,
          "stddev" : 0.000000,
          "N" : 0
        },
        "lat_ns" : {
          "min" : 0,
          "max" : 0,
          "mean" : 0.000000,
          "stddev" : 0.000000,
          "N" : 0
        },
        "bw_min" : 0,
        "bw_max" : 0,
        "bw_agg" : 0.000000,
        "bw_mean" : 0.000000,
        "bw_dev" : 0.000000,
        "bw_samples" : 0,
        "iops_min" : 0,
        "iops_max" : 0,
        "iops_mean" : 0.000000,
        "iops_stddev" : 0.000000,
        "iops_samples" : 0
      },
      "sync" : {
        "total_ios" : 0,
        "lat_ns" : {
          "min" : 0,
          "max" : 0,
          "mean" : 0.000000,
          "stddev" : 0.000000,
          "N" : 0
        }
      },
      "job_runtime" : 600000,
      "usr_cpu" : 2.066167,
      "sys_cpu" : 15.465667,
      "ctx" : 818679,
      "majf" : 0,
      "minf" : 590,
      "iodepth_level" : {
        "1" : 0.100000,
        "2" : 0.100000,
        "4" : 0.100000,
        "8" : 0.100000,
        "16" : 0.100000,
        "32" : 0.100000,
        ">=64" : 99.984608
      },
      "iodepth_submit" : {
        "0" : 0.000000,
        "4" : 100.000000,
        "8" : 0.000000,
        "16" : 0.000000,
        "32" : 0.000000,
        "64" : 0.000000,
        ">=64" : 0.000000
      },
      "iodepth_complete" : {
        "0" : 0.000000,
        "4" : 99.999756,
        "8" : 0.000000,
        "16" : 0.000000,
        "32" : 0.000000,
        "64" : 0.000000,
        ">=64" : 0.100000
      },
      "latency_ns" : {
        "2" : 0.000000,
        "4" : 0.000000,
        "10" : 0.000000,
        "20" : 0.000000,
        "50" : 0.000000,
        "100" : 0.000000,
        "250" : 0.000000,
        "500" : 0.000000,
        "750" : 0.000000,
        "1000" : 0.000000
      },
      "latency_us" : {
        "2" : 0.000000,
        "4" : 0.000000,
        "10" : 0.000000,
        "20" : 0.000000,
        "50" : 0.010000,
        "100" : 0.000000,
        "250" : 0.000000,
        "500" : 0.000000,
        "750" : 0.000000,
        "1000" : 0.000000
      },
      "latency_ms" : {
        "2" : 0.010000,
        "4" : 0.010000,
        "10" : 0.010000,
        "20" : 0.010000,
        "50" : 0.010383,
        "100" : 0.019056,
        "250" : 96.374675,
        "500" : 3.588434,
        "750" : 0.000000,
        "1000" : 0.000000,
        "2000" : 0.000000,
        ">=2000" : 0.000000
      },
      "latency_depth" : 256,
      "latency_target" : 0,
      "latency_percentile" : 100.000000,
      "latency_window" : 0
    }
  ]
}
