{
  "fio version" : "fio-3.27",
  "timestamp" : 1627021867,
  "timestamp_ms" : 1627021867862,
  "time" : "Fri Jul 23 08:31:07 2021",
  "jobs" : [
    {
      "jobname" : "randrw",
      "groupid" : 0,
      "error" : 0,
      "eta" : 0,
      "elapsed" : 301,
      "job options" : {
        "bs" : "4K",
        "iodepth" : "256",
        "direct" : "0",
        "ioengine" : "libaio",
        "time_based" : "1",
        "runtime" : "300",
        "numjobs" : "2",
        "size" : "1g",
        "name" : "randrw",
        "rw" : "randrw",
        "directory" : "/scratch/snx2000/ccocha/randrw/96_node",
        "filename_format" : "$jobname.20.$jobnum.$filenum"
      },
      "read" : {
        "io_bytes" : 113971200,
        "io_kbytes" : 111300,
        "bw_bytes" : 379872,
        "bw" : 370,
        "iops" : 92.742271,
        "runtime" : 300025,
        "total_ios" : 27825,
        "short_ios" : 0,
        "drop_ios" : 0,
        "slat_ns" : {
          "min" : 513106,
          "max" : 2092027282,
          "mean" : 21418480.738257,
          "stddev" : 51172795.309993,
          "N" : 27825
        },
        "clat_ns" : {
          "min" : 13081,
          "max" : 19784627511,
          "mean" : 2736254371.661648,
          "stddev" : 1719940303.817873,
          "N" : 27825,
          "percentile" : {
            "1.000000" : 683671552,
            "5.000000" : 759169024,
            "10.000000" : 893386752,
            "20.000000" : 1786773504,
            "30.000000" : 2139095040,
            "40.000000" : 2432696320,
            "50.000000" : 2667577344,
            "60.000000" : 2868903936,
            "70.000000" : 3103784960,
            "80.000000" : 3439329280,
            "90.000000" : 3875536896,
            "95.000000" : 4395630592,
            "99.000000" : 7482638336,
            "99.500000" : 15904800768,
            "99.900000" : 17112760320,
            "99.950000" : 17112760320,
            "99.990000" : 17112760320
          }
        },
        "lat_ns" : {
          "min" : 27948175,
          "max" : 19873734484,
          "mean" : 2757675793.782887,
          "stddev" : 1727125665.805809,
          "N" : 27825
        },
        "bw_min" : 16,
        "bw_max" : 1592,
        "bw_agg" : 100.000000,
        "bw_mean" : 382.006577,
        "bw_dev" : 146.743413,
        "bw_samples" : 1152,
        "iops_min" : 4,
        "iops_max" : 398,
        "iops_mean" : 95.501212,
        "iops_stddev" : 36.685326,
        "iops_samples" : 1152
      },
      "write" : {
        "io_bytes" : 114880512,
        "io_kbytes" : 112188,
        "bw_bytes" : 382903,
        "bw" : 373,
        "iops" : 93.482210,
        "runtime" : 300025,
        "total_ios" : 28047,
        "short_ios" : 0,
        "drop_ios" : 0,
        "slat_ns" : {
          "min" : 75211,
          "max" : 1338645,
          "mean" : 110801.498734,
          "stddev" : 43235.882803,
          "N" : 28047
        },
        "clat_ns" : {
          "min" : 42549159,
          "max" : 19866371751,
          "mean" : 2733897888.335728,
          "stddev" : 1766233742.469266,
          "N" : 28047,
          "percentile" : {
            "1.000000" : 683671552,
            "5.000000" : 759169024,
            "10.000000" : 868220928,
            "20.000000" : 1753219072,
            "30.000000" : 2122317824,
            "40.000000" : 2399141888,
            "50.000000" : 2667577344,
            "60.000000" : 2868903936,
            "70.000000" : 3103784960,
            "80.000000" : 3439329280,
            "90.000000" : 3875536896,
            "95.000000" : 4395630592,
            "99.000000" : 7952400384,
            "99.500000" : 16039018496,
            "99.900000" : 17112760320,
            "99.950000" : 17112760320,
            "99.990000" : 17112760320
          }
        },
        "lat_ns" : {
          "min" : 42633590,
          "max" : 19866494472,
          "mean" : 2734009816.468827,
          "stddev" : 1766234869.900773,
          "N" : 28047
        },
        "bw_min" : 16,
        "bw_max" : 1592,
        "bw_agg" : 100.000000,
        "bw_mean" : 385.140267,
        "bw_dev" : 148.106115,
        "bw_samples" : 1153,
        "iops_min" : 4,
        "iops_max" : 398,
        "iops_mean" : 96.284638,
        "iops_stddev" : 37.026033,
        "iops_samples" : 1153
      },
      "trim" : {
        "io_bytes" : 0,
        "io_kbytes" : 0,
        "bw_bytes" : 0,
        "bw" : 0,
        "iops" : 0.000000,
        "runtime" : 0,
        "total_ios" : 0,
        "short_ios" : 0,
        "drop_ios" : 0,
        "slat_ns" : {
          "min" : 0,
          "max" : 0,
          "mean" : 0.000000,
          "stddev" : 0.000000,
          "N" : 0
        },
        "clat_ns" : {
          "min" : 0,
          "max" : 0,
          "mean" : 0.000000,
          "stddev" : 0.000000,
          "N" : 0
        },
        "lat_ns" : {
          "min" : 0,
          "max" : 0,
          "mean" : 0.000000,
          "stddev" : 0.000000,
          "N" : 0
        },
        "bw_min" : 0,
        "bw_max" : 0,
        "bw_agg" : 0.000000,
        "bw_mean" : 0.000000,
        "bw_dev" : 0.000000,
        "bw_samples" : 0,
        "iops_min" : 0,
        "iops_max" : 0,
        "iops_mean" : 0.000000,
        "iops_stddev" : 0.000000,
        "iops_samples" : 0
      },
      "sync" : {
        "total_ios" : 0,
        "lat_ns" : {
          "min" : 0,
          "max" : 0,
          "mean" : 0.000000,
          "stddev" : 0.000000,
          "N" : 0
        }
      },
      "job_runtime" : 600048,
      "usr_cpu" : 0.187318,
      "sys_cpu" : 1.227402,
      "ctx" : 27849,
      "majf" : 0,
      "minf" : 87,
      "iodepth_level" : {
        "1" : 0.100000,
        "2" : 0.100000,
        "4" : 0.100000,
        "8" : 0.100000,
        "16" : 0.100000,
        "32" : 0.114548,
        ">=64" : 99.774485
      },
      "iodepth_submit" : {
        "0" : 0.000000,
        "4" : 100.000000,
        "8" : 0.000000,
        "16" : 0.000000,
        "32" : 0.000000,
        "64" : 0.000000,
        ">=64" : 0.000000
      },
      "iodepth_complete" : {
        "0" : 0.000000,
        "4" : 99.996388,
        "8" : 0.000000,
        "16" : 0.000000,
        "32" : 0.000000,
        "64" : 0.000000,
        ">=64" : 0.100000
      },
      "latency_ns" : {
        "2" : 0.000000,
        "4" : 0.000000,
        "10" : 0.000000,
        "20" : 0.000000,
        "50" : 0.000000,
        "100" : 0.000000,
        "250" : 0.000000,
        "500" : 0.000000,
        "750" : 0.000000,
        "1000" : 0.000000
      },
      "latency_us" : {
        "2" : 0.000000,
        "4" : 0.000000,
        "10" : 0.000000,
        "20" : 0.010000,
        "50" : 0.010000,
        "100" : 0.000000,
        "250" : 0.000000,
        "500" : 0.000000,
        "750" : 0.000000,
        "1000" : 0.000000
      },
      "latency_ms" : {
        "2" : 0.000000,
        "4" : 0.000000,
        "10" : 0.000000,
        "20" : 0.000000,
        "50" : 0.014318,
        "100" : 0.030427,
        "250" : 0.071592,
        "500" : 0.059064,
        "750" : 4.080756,
        "1000" : 6.606171,
        "2000" : 14.647766,
        ">=2000" : 74.486326
      },
      "latency_depth" : 256,
      "latency_target" : 0,
      "latency_percentile" : 100.000000,
      "latency_window" : 0
    }
  ]
}
