{
  "fio version" : "fio-3.27",
  "timestamp" : 1627029449,
  "timestamp_ms" : 1627029449690,
  "time" : "Fri Jul 23 10:37:29 2021",
  "jobs" : [
    {
      "jobname" : "randrw",
      "groupid" : 0,
      "error" : 0,
      "eta" : 0,
      "elapsed" : 301,
      "job options" : {
        "bs" : "4K",
        "iodepth" : "256",
        "direct" : "0",
        "ioengine" : "libaio",
        "time_based" : "1",
        "runtime" : "300",
        "numjobs" : "4",
        "size" : "1g",
        "name" : "randrw",
        "rw" : "randrw",
        "directory" : "/scratch/snx2000/ccocha/randrw/150_node",
        "filename_format" : "$jobname.59.$jobnum.$filenum"
      },
      "read" : {
        "io_bytes" : 77975552,
        "io_kbytes" : 76148,
        "bw_bytes" : 259589,
        "bw" : 253,
        "iops" : 63.376390,
        "runtime" : 300380,
        "total_ios" : 19037,
        "short_ios" : 0,
        "drop_ios" : 0,
        "slat_ns" : {
          "min" : 490533,
          "max" : 39737459478,
          "mean" : 62937266.779640,
          "stddev" : 486722301.943568,
          "N" : 19037
        },
        "clat_ns" : {
          "min" : 19190,
          "max" : 56325161577,
          "mean" : 7912986765.213367,
          "stddev" : 7289591224.303716,
          "N" : 19037,
          "percentile" : {
            "1.000000" : 952107008,
            "5.000000" : 1052770304,
            "10.000000" : 1115684864,
            "20.000000" : 4731174912,
            "30.000000" : 6811549696,
            "40.000000" : 7415529472,
            "50.000000" : 7818182656,
            "60.000000" : 8287944704,
            "70.000000" : 8791261184,
            "80.000000" : 9193914368,
            "90.000000" : 9999220736,
            "95.000000" : 10670309376,
            "99.000000" : 17112760320,
            "99.500000" : 17112760320,
            "99.900000" : 17112760320,
            "99.950000" : 17112760320,
            "99.990000" : 17112760320
          }
        },
        "lat_ns" : {
          "min" : 248259166,
          "max" : 56337978685,
          "mean" : 7975927100.920106,
          "stddev" : 7317731227.055498,
          "N" : 19037
        },
        "bw_min" : 32,
        "bw_max" : 2408,
        "bw_agg" : 100.000000,
        "bw_mean" : 311.819415,
        "bw_dev" : 84.190215,
        "bw_samples" : 1899,
        "iops_min" : 8,
        "iops_max" : 602,
        "iops_mean" : 77.954854,
        "iops_stddev" : 21.047554,
        "iops_samples" : 1899
      },
      "write" : {
        "io_bytes" : 79884288,
        "io_kbytes" : 78012,
        "bw_bytes" : 265944,
        "bw" : 259,
        "iops" : 64.927758,
        "runtime" : 300380,
        "total_ios" : 19503,
        "short_ios" : 0,
        "drop_ios" : 0,
        "slat_ns" : {
          "min" : 75011,
          "max" : 1811912,
          "mean" : 112948.291083,
          "stddev" : 45382.479741,
          "N" : 19503
        },
        "clat_ns" : {
          "min" : 290200606,
          "max" : 56337798585,
          "mean" : 7949134708.350516,
          "stddev" : 7446890076.669562,
          "N" : 19503,
          "percentile" : {
            "1.000000" : 960495616,
            "5.000000" : 1052770304,
            "10.000000" : 1115684864,
            "20.000000" : 4395630592,
            "30.000000" : 6811549696,
            "40.000000" : 7415529472,
            "50.000000" : 7818182656,
            "60.000000" : 8287944704,
            "70.000000" : 8657043456,
            "80.000000" : 9328132096,
            "90.000000" : 9999220736,
            "95.000000" : 10670309376,
            "99.000000" : 17112760320,
            "99.500000" : 17112760320,
            "99.900000" : 17112760320,
            "99.950000" : 17112760320,
            "99.990000" : 17112760320
          }
        },
        "lat_ns" : {
          "min" : 290343487,
          "max" : 56337882175,
          "mean" : 7949248853.492440,
          "stddev" : 7446891135.882999,
          "N" : 19503
        },
        "bw_min" : 32,
        "bw_max" : 2320,
        "bw_agg" : 100.000000,
        "bw_mean" : 320.162437,
        "bw_dev" : 87.447978,
        "bw_samples" : 1899,
        "iops_min" : 8,
        "iops_max" : 580,
        "iops_mean" : 80.040609,
        "iops_stddev" : 21.861994,
        "iops_samples" : 1899
      },
      "trim" : {
        "io_bytes" : 0,
        "io_kbytes" : 0,
        "bw_bytes" : 0,
        "bw" : 0,
        "iops" : 0.000000,
        "runtime" : 0,
        "total_ios" : 0,
        "short_ios" : 0,
        "drop_ios" : 0,
        "slat_ns" : {
          "min" : 0,
          "max" : 0,
          "mean" : 0.000000,
          "stddev" : 0.000000,
          "N" : 0
        },
        "clat_ns" : {
          "min" : 0,
          "max" : 0,
          "mean" : 0.000000,
          "stddev" : 0.000000,
          "N" : 0
        },
        "lat_ns" : {
          "min" : 0,
          "max" : 0,
          "mean" : 0.000000,
          "stddev" : 0.000000,
          "N" : 0
        },
        "bw_min" : 0,
        "bw_max" : 0,
        "bw_agg" : 0.000000,
        "bw_mean" : 0.000000,
        "bw_dev" : 0.000000,
        "bw_samples" : 0,
        "iops_min" : 0,
        "iops_max" : 0,
        "iops_mean" : 0.000000,
        "iops_stddev" : 0.000000,
        "iops_samples" : 0
      },
      "sync" : {
        "total_ios" : 0,
        "lat_ns" : {
          "min" : 0,
          "max" : 0,
          "mean" : 0.000000,
          "stddev" : 0.000000,
          "N" : 0
        }
      },
      "job_runtime" : 1201029,
      "usr_cpu" : 0.058783,
      "sys_cpu" : 0.437791,
      "ctx" : 19066,
      "majf" : 0,
      "minf" : 168,
      "iodepth_level" : {
        "1" : 0.100000,
        "2" : 0.100000,
        "4" : 0.100000,
        "8" : 0.100000,
        "16" : 0.166061,
        "32" : 0.332122,
        ">=64" : 99.346134
      },
      "iodepth_submit" : {
        "0" : 0.000000,
        "4" : 100.000000,
        "8" : 0.000000,
        "16" : 0.000000,
        "32" : 0.000000,
        "64" : 0.000000,
        ">=64" : 0.000000
      },
      "iodepth_complete" : {
        "0" : 0.000000,
        "4" : 99.989340,
        "8" : 0.000000,
        "16" : 0.000000,
        "32" : 0.000000,
        "64" : 0.000000,
        ">=64" : 0.100000
      },
      "latency_ns" : {
        "2" : 0.000000,
        "4" : 0.000000,
        "10" : 0.000000,
        "20" : 0.000000,
        "50" : 0.000000,
        "100" : 0.000000,
        "250" : 0.000000,
        "500" : 0.000000,
        "750" : 0.000000,
        "1000" : 0.000000
      },
      "latency_us" : {
        "2" : 0.000000,
        "4" : 0.000000,
        "10" : 0.000000,
        "20" : 0.010000,
        "50" : 0.010000,
        "100" : 0.000000,
        "250" : 0.000000,
        "500" : 0.000000,
        "750" : 0.000000,
        "1000" : 0.000000
      },
      "latency_ms" : {
        "2" : 0.000000,
        "4" : 0.000000,
        "10" : 0.000000,
        "20" : 0.000000,
        "50" : 0.000000,
        "100" : 0.000000,
        "250" : 0.010000,
        "500" : 0.038921,
        "750" : 0.103788,
        "1000" : 1.922678,
        "2000" : 16.393358,
        ">=2000" : 81.528282
      },
      "latency_depth" : 256,
      "latency_target" : 0,
      "latency_percentile" : 100.000000,
      "latency_window" : 0
    }
  ]
}
