{
  "fio version" : "fio-3.27",
  "timestamp" : 1627439288,
  "timestamp_ms" : 1627439288391,
  "time" : "Wed Jul 28 04:28:08 2021",
  "jobs" : [
    {
      "jobname" : "seq-read",
      "groupid" : 0,
      "error" : 0,
      "eta" : 0,
      "elapsed" : 302,
      "job options" : {
        "bs" : "4K",
        "iodepth" : "256",
        "direct" : "1",
        "ioengine" : "libaio",
        "time_based" : "1",
        "runtime" : "300",
        "numjobs" : "32",
        "size" : "1g",
        "name" : "seq-read",
        "rw" : "read",
        "directory" : "/scratch/snx2000/ccocha/seqread/150_node/",
        "filename_format" : "$jobname.120.$jobnum.$filenum"
      },
      "read" : {
        "io_bytes" : 2673651712,
        "io_kbytes" : 2610988,
        "bw_bytes" : 8887465,
        "bw" : 8679,
        "iops" : 2169.791313,
        "runtime" : 300834,
        "total_ios" : 652747,
        "short_ios" : 0,
        "drop_ios" : 0,
        "slat_ns" : {
          "min" : 520234,
          "max" : 1549729476,
          "mean" : 14688047.311326,
          "stddev" : 42013578.750141,
          "N" : 652747
        },
        "clat_ns" : {
          "min" : 13020,
          "max" : 45757205607,
          "mean" : 3744142552.835916,
          "stddev" : 4267931262.209818,
          "N" : 652747,
          "percentile" : {
            "1.000000" : 1149239296,
            "5.000000" : 1602224128,
            "10.000000" : 1920991232,
            "20.000000" : 2088763392,
            "30.000000" : 2164260864,
            "40.000000" : 2231369728,
            "50.000000" : 2332033024,
            "60.000000" : 2466250752,
            "70.000000" : 2936012800,
            "80.000000" : 3674210304,
            "90.000000" : 8019509248,
            "95.000000" : 10938744832,
            "99.000000" : 17112760320,
            "99.500000" : 17112760320,
            "99.900000" : 17112760320,
            "99.950000" : 17112760320,
            "99.990000" : 17112760320
          }
        },
        "lat_ns" : {
          "min" : 3613209,
          "max" : 46413263627,
          "mean" : 3758833756.046421,
          "stddev" : 4283427704.081582,
          "N" : 652747
        },
        "bw_min" : 656,
        "bw_max" : 23854,
        "bw_agg" : 100.000000,
        "bw_mean" : 8957.916920,
        "bw_dev" : 169.434673,
        "bw_samples" : 18114,
        "iops_min" : 164,
        "iops_max" : 5960,
        "iops_mean" : 2239.199634,
        "iops_stddev" : 42.346117,
        "iops_samples" : 18114
      },
      "write" : {
        "io_bytes" : 0,
        "io_kbytes" : 0,
        "bw_bytes" : 0,
        "bw" : 0,
        "iops" : 0.000000,
        "runtime" : 0,
        "total_ios" : 0,
        "short_ios" : 0,
        "drop_ios" : 0,
        "slat_ns" : {
          "min" : 0,
          "max" : 0,
          "mean" : 0.000000,
          "stddev" : 0.000000,
          "N" : 0
        },
        "clat_ns" : {
          "min" : 0,
          "max" : 0,
          "mean" : 0.000000,
          "stddev" : 0.000000,
          "N" : 0
        },
        "lat_ns" : {
          "min" : 0,
          "max" : 0,
          "mean" : 0.000000,
          "stddev" : 0.000000,
          "N" : 0
        },
        "bw_min" : 0,
        "bw_max" : 0,
        "bw_agg" : 0.000000,
        "bw_mean" : 0.000000,
        "bw_dev" : 0.000000,
        "bw_samples" : 0,
        "iops_min" : 0,
        "iops_max" : 0,
        "iops_mean" : 0.000000,
        "iops_stddev" : 0.000000,
        "iops_samples" : 0
      },
      "trim" : {
        "io_bytes" : 0,
        "io_kbytes" : 0,
        "bw_bytes" : 0,
        "bw" : 0,
        "iops" : 0.000000,
        "runtime" : 0,
        "total_ios" : 0,
        "short_ios" : 0,
        "drop_ios" : 0,
        "slat_ns" : {
          "min" : 0,
          "max" : 0,
          "mean" : 0.000000,
          "stddev" : 0.000000,
          "N" : 0
        },
        "clat_ns" : {
          "min" : 0,
          "max" : 0,
          "mean" : 0.000000,
          "stddev" : 0.000000,
          "N" : 0
        },
        "lat_ns" : {
          "min" : 0,
          "max" : 0,
          "mean" : 0.000000,
          "stddev" : 0.000000,
          "N" : 0
        },
        "bw_min" : 0,
        "bw_max" : 0,
        "bw_agg" : 0.000000,
        "bw_mean" : 0.000000,
        "bw_dev" : 0.000000,
        "bw_samples" : 0,
        "iops_min" : 0,
        "iops_max" : 0,
        "iops_mean" : 0.000000,
        "iops_stddev" : 0.000000,
        "iops_samples" : 0
      },
      "sync" : {
        "total_ios" : 0,
        "lat_ns" : {
          "min" : 0,
          "max" : 0,
          "mean" : 0.000000,
          "stddev" : 0.000000,
          "N" : 0
        }
      },
      "job_runtime" : 9602413,
      "usr_cpu" : 0.179090,
      "sys_cpu" : 1.121728,
      "ctx" : 652996,
      "majf" : 0,
      "minf" : 9480,
      "iodepth_level" : {
        "1" : 0.100000,
        "2" : 0.100000,
        "4" : 0.100000,
        "8" : 0.100000,
        "16" : 0.100000,
        "32" : 0.156875,
        ">=64" : 99.691151
      },
      "iodepth_submit" : {
        "0" : 0.000000,
        "4" : 100.000000,
        "8" : 0.000000,
        "16" : 0.000000,
        "32" : 0.000000,
        "64" : 0.000000,
        ">=64" : 0.000000
      },
      "iodepth_complete" : {
        "0" : 0.000000,
        "4" : 99.995036,
        "8" : 0.000000,
        "16" : 0.000000,
        "32" : 0.000000,
        "64" : 0.000000,
        ">=64" : 0.100000
      },
      "latency_ns" : {
        "2" : 0.000000,
        "4" : 0.000000,
        "10" : 0.000000,
        "20" : 0.000000,
        "50" : 0.000000,
        "100" : 0.000000,
        "250" : 0.000000,
        "500" : 0.000000,
        "750" : 0.000000,
        "1000" : 0.000000
      },
      "latency_us" : {
        "2" : 0.000000,
        "4" : 0.000000,
        "10" : 0.000000,
        "20" : 0.010000,
        "50" : 0.010000,
        "100" : 0.000000,
        "250" : 0.000000,
        "500" : 0.000000,
        "750" : 0.000000,
        "1000" : 0.000000
      },
      "latency_ms" : {
        "2" : 0.000000,
        "4" : 0.010000,
        "10" : 0.010000,
        "20" : 0.010000,
        "50" : 0.014247,
        "100" : 0.019609,
        "250" : 0.049483,
        "500" : 0.066182,
        "750" : 0.060973,
        "1000" : 0.267945,
        "2000" : 12.024873,
        ">=2000" : 87.485197
      },
      "latency_depth" : 256,
      "latency_target" : 0,
      "latency_percentile" : 100.000000,
      "latency_window" : 0
    }
  ]
}
