{
  "fio version" : "fio-3.27",
  "timestamp" : 1627025467,
  "timestamp_ms" : 1627025467861,
  "time" : "Fri Jul 23 09:31:07 2021",
  "jobs" : [
    {
      "jobname" : "randrw",
      "groupid" : 0,
      "error" : 0,
      "eta" : 0,
      "elapsed" : 301,
      "job options" : {
        "bs" : "4K",
        "iodepth" : "256",
        "direct" : "0",
        "ioengine" : "libaio",
        "time_based" : "1",
        "runtime" : "300",
        "numjobs" : "2",
        "size" : "1g",
        "name" : "randrw",
        "rw" : "randrw",
        "directory" : "/scratch/snx2000/ccocha/randrw/128_node",
        "filename_format" : "$jobname.95.$jobnum.$filenum"
      },
      "read" : {
        "io_bytes" : 89321472,
        "io_kbytes" : 87228,
        "bw_bytes" : 297640,
        "bw" : 290,
        "iops" : 72.666020,
        "runtime" : 300099,
        "total_ios" : 21807,
        "short_ios" : 0,
        "drop_ios" : 0,
        "slat_ns" : {
          "min" : 467104,
          "max" : 13164516802,
          "mean" : 27377567.770670,
          "stddev" : 123376373.092111,
          "N" : 21807
        },
        "clat_ns" : {
          "min" : 15010,
          "max" : 26151813716,
          "mean" : 3490396029.957299,
          "stddev" : 2635793776.145326,
          "N" : 21807,
          "percentile" : {
            "1.000000" : 734003200,
            "5.000000" : 809500672,
            "10.000000" : 901775360,
            "20.000000" : 2231369728,
            "30.000000" : 2701131776,
            "40.000000" : 3103784960,
            "50.000000" : 3372220416,
            "60.000000" : 3674210304,
            "70.000000" : 4009754624,
            "80.000000" : 4395630592,
            "90.000000" : 4932501504,
            "95.000000" : 5402263552,
            "99.000000" : 17112760320,
            "99.500000" : 17112760320,
            "99.900000" : 17112760320,
            "99.950000" : 17112760320,
            "99.990000" : 17112760320
          }
        },
        "lat_ns" : {
          "min" : 48425050,
          "max" : 26157337389,
          "mean" : 3517776229.630216,
          "stddev" : 2645178118.694478,
          "N" : 21807
        },
        "bw_min" : 16,
        "bw_max" : 1504,
        "bw_agg" : 100.000000,
        "bw_mean" : 309.217443,
        "bw_dev" : 127.481519,
        "bw_samples" : 1114,
        "iops_min" : 4,
        "iops_max" : 376,
        "iops_mean" : 77.304361,
        "iops_stddev" : 31.870380,
        "iops_samples" : 1114
      },
      "write" : {
        "io_bytes" : 90030080,
        "io_kbytes" : 87920,
        "bw_bytes" : 300001,
        "bw" : 292,
        "iops" : 73.242497,
        "runtime" : 300099,
        "total_ios" : 21980,
        "short_ios" : 0,
        "drop_ios" : 0,
        "slat_ns" : {
          "min" : 75081,
          "max" : 1776547,
          "mean" : 107209.326752,
          "stddev" : 41035.509895,
          "N" : 21980
        },
        "clat_ns" : {
          "min" : 48434750,
          "max" : 26145897677,
          "mean" : 3489391268.693126,
          "stddev" : 2646563880.769255,
          "N" : 21980,
          "percentile" : {
            "1.000000" : 734003200,
            "5.000000" : 809500672,
            "10.000000" : 884998144,
            "20.000000" : 2197815296,
            "30.000000" : 2667577344,
            "40.000000" : 3070230528,
            "50.000000" : 3405774848,
            "60.000000" : 3674210304,
            "70.000000" : 4009754624,
            "80.000000" : 4395630592,
            "90.000000" : 4932501504,
            "95.000000" : 5469372416,
            "99.000000" : 17112760320,
            "99.500000" : 17112760320,
            "99.900000" : 17112760320,
            "99.950000" : 17112760320,
            "99.990000" : 17112760320
          }
        },
        "lat_ns" : {
          "min" : 48516491,
          "max" : 26146003258,
          "mean" : 3489499601.681712,
          "stddev" : 2646564181.305821,
          "N" : 21980
        },
        "bw_min" : 16,
        "bw_max" : 1560,
        "bw_agg" : 100.000000,
        "bw_mean" : 314.113186,
        "bw_dev" : 129.926053,
        "bw_samples" : 1106,
        "iops_min" : 4,
        "iops_max" : 390,
        "iops_mean" : 78.528296,
        "iops_stddev" : 32.481513,
        "iops_samples" : 1106
      },
      "trim" : {
        "io_bytes" : 0,
        "io_kbytes" : 0,
        "bw_bytes" : 0,
        "bw" : 0,
        "iops" : 0.000000,
        "runtime" : 0,
        "total_ios" : 0,
        "short_ios" : 0,
        "drop_ios" : 0,
        "slat_ns" : {
          "min" : 0,
          "max" : 0,
          "mean" : 0.000000,
          "stddev" : 0.000000,
          "N" : 0
        },
        "clat_ns" : {
          "min" : 0,
          "max" : 0,
          "mean" : 0.000000,
          "stddev" : 0.000000,
          "N" : 0
        },
        "lat_ns" : {
          "min" : 0,
          "max" : 0,
          "mean" : 0.000000,
          "stddev" : 0.000000,
          "N" : 0
        },
        "bw_min" : 0,
        "bw_max" : 0,
        "bw_agg" : 0.000000,
        "bw_mean" : 0.000000,
        "bw_dev" : 0.000000,
        "bw_samples" : 0,
        "iops_min" : 0,
        "iops_max" : 0,
        "iops_mean" : 0.000000,
        "iops_stddev" : 0.000000,
        "iops_samples" : 0
      },
      "sync" : {
        "total_ios" : 0,
        "lat_ns" : {
          "min" : 0,
          "max" : 0,
          "mean" : 0.000000,
          "stddev" : 0.000000,
          "N" : 0
        }
      },
      "job_runtime" : 600105,
      "usr_cpu" : 0.136476,
      "sys_cpu" : 0.921672,
      "ctx" : 21825,
      "majf" : 0,
      "minf" : 86,
      "iodepth_level" : {
        "1" : 0.100000,
        "2" : 0.100000,
        "4" : 0.100000,
        "8" : 0.100000,
        "16" : 0.100000,
        "32" : 0.146162,
        ">=64" : 99.712243
      },
      "iodepth_submit" : {
        "0" : 0.000000,
        "4" : 100.000000,
        "8" : 0.000000,
        "16" : 0.000000,
        "32" : 0.000000,
        "64" : 0.000000,
        ">=64" : 0.000000
      },
      "iodepth_complete" : {
        "0" : 0.000000,
        "4" : 99.995379,
        "8" : 0.000000,
        "16" : 0.000000,
        "32" : 0.000000,
        "64" : 0.000000,
        ">=64" : 0.100000
      },
      "latency_ns" : {
        "2" : 0.000000,
        "4" : 0.000000,
        "10" : 0.000000,
        "20" : 0.000000,
        "50" : 0.000000,
        "100" : 0.000000,
        "250" : 0.000000,
        "500" : 0.000000,
        "750" : 0.000000,
        "1000" : 0.000000
      },
      "latency_us" : {
        "2" : 0.000000,
        "4" : 0.000000,
        "10" : 0.000000,
        "20" : 0.010000,
        "50" : 0.010000,
        "100" : 0.000000,
        "250" : 0.000000,
        "500" : 0.000000,
        "750" : 0.000000,
        "1000" : 0.000000
      },
      "latency_ms" : {
        "2" : 0.000000,
        "4" : 0.000000,
        "10" : 0.000000,
        "20" : 0.000000,
        "50" : 0.011419,
        "100" : 0.000000,
        "250" : 0.052527,
        "500" : 0.121040,
        "750" : 1.244662,
        "1000" : 10.953023,
        "2000" : 4.770822,
        ">=2000" : 82.841939
      },
      "latency_depth" : 256,
      "latency_target" : 0,
      "latency_percentile" : 100.000000,
      "latency_window" : 0
    }
  ]
}
