{
  "fio version" : "fio-3.27",
  "timestamp" : 1627417071,
  "timestamp_ms" : 1627417071096,
  "time" : "Tue Jul 27 22:17:51 2021",
  "jobs" : [
    {
      "jobname" : "seq-read",
      "groupid" : 0,
      "error" : 0,
      "eta" : 0,
      "elapsed" : 301,
      "job options" : {
        "bs" : "4K",
        "iodepth" : "256",
        "direct" : "1",
        "ioengine" : "libaio",
        "time_based" : "1",
        "runtime" : "300",
        "numjobs" : "16",
        "size" : "1g",
        "name" : "seq-read",
        "rw" : "read",
        "directory" : "/scratch/snx2000/ccocha/seqread/8_node/",
        "filename_format" : "$jobname.7.$jobnum.$filenum"
      },
      "read" : {
        "io_bytes" : 19784679424,
        "io_kbytes" : 19320976,
        "bw_bytes" : 65948052,
        "bw" : 64402,
        "iops" : 16100.598659,
        "runtime" : 300004,
        "total_ios" : 4830244,
        "short_ios" : 0,
        "drop_ios" : 0,
        "slat_ns" : {
          "min" : 416183,
          "max" : 183835401,
          "mean" : 976283.167067,
          "stddev" : 901361.986257,
          "N" : 4830244
        },
        "clat_ns" : {
          "min" : 13290,
          "max" : 571237539,
          "mean" : 253277633.142068,
          "stddev" : 29939024.468177,
          "N" : 4830244,
          "percentile" : {
            "1.000000" : 206569472,
            "5.000000" : 214958080,
            "10.000000" : 219152384,
            "20.000000" : 227540992,
            "30.000000" : 233832448,
            "40.000000" : 240123904,
            "50.000000" : 248512512,
            "60.000000" : 258998272,
            "70.000000" : 267386880,
            "80.000000" : 278921216,
            "90.000000" : 291504128,
            "95.000000" : 304087040,
            "99.000000" : 333447168,
            "99.500000" : 358612992,
            "99.900000" : 413138944,
            "99.950000" : 429916160,
            "99.990000" : 471859200
          }
        },
        "lat_ns" : {
          "min" : 794556,
          "max" : 572298007,
          "mean" : 254256049.844508,
          "stddev" : 30026692.306579,
          "N" : 4830244
        },
        "bw_min" : 24416,
        "bw_max" : 78428,
        "bw_agg" : 99.969885,
        "bw_mean" : 64383.492487,
        "bw_dev" : 416.828201,
        "bw_samples" : 9584,
        "iops_min" : 6104,
        "iops_max" : 19606,
        "iops_mean" : 16094.719533,
        "iops_stddev" : 104.249325,
        "iops_samples" : 9584
      },
      "write" : {
        "io_bytes" : 0,
        "io_kbytes" : 0,
        "bw_bytes" : 0,
        "bw" : 0,
        "iops" : 0.000000,
        "runtime" : 0,
        "total_ios" : 0,
        "short_ios" : 0,
        "drop_ios" : 0,
        "slat_ns" : {
          "min" : 0,
          "max" : 0,
          "mean" : 0.000000,
          "stddev" : 0.000000,
          "N" : 0
        },
        "clat_ns" : {
          "min" : 0,
          "max" : 0,
          "mean" : 0.000000,
          "stddev" : 0.000000,
          "N" : 0
        },
        "lat_ns" : {
          "min" : 0,
          "max" : 0,
          "mean" : 0.000000,
          "stddev" : 0.000000,
          "N" : 0
        },
        "bw_min" : 0,
        "bw_max" : 0,
        "bw_agg" : 0.000000,
        "bw_mean" : 0.000000,
        "bw_dev" : 0.000000,
        "bw_samples" : 0,
        "iops_min" : 0,
        "iops_max" : 0,
        "iops_mean" : 0.000000,
        "iops_stddev" : 0.000000,
        "iops_samples" : 0
      },
      "trim" : {
        "io_bytes" : 0,
        "io_kbytes" : 0,
        "bw_bytes" : 0,
        "bw" : 0,
        "iops" : 0.000000,
        "runtime" : 0,
        "total_ios" : 0,
        "short_ios" : 0,
        "drop_ios" : 0,
        "slat_ns" : {
          "min" : 0,
          "max" : 0,
          "mean" : 0.000000,
          "stddev" : 0.000000,
          "N" : 0
        },
        "clat_ns" : {
          "min" : 0,
          "max" : 0,
          "mean" : 0.000000,
          "stddev" : 0.000000,
          "N" : 0
        },
        "lat_ns" : {
          "min" : 0,
          "max" : 0,
          "mean" : 0.000000,
          "stddev" : 0.000000,
          "N" : 0
        },
        "bw_min" : 0,
        "bw_max" : 0,
        "bw_agg" : 0.000000,
        "bw_mean" : 0.000000,
        "bw_dev" : 0.000000,
        "bw_samples" : 0,
        "iops_min" : 0,
        "iops_max" : 0,
        "iops_mean" : 0.000000,
        "iops_stddev" : 0.000000,
        "iops_samples" : 0
      },
      "sync" : {
        "total_ios" : 0,
        "lat_ns" : {
          "min" : 0,
          "max" : 0,
          "mean" : 0.000000,
          "stddev" : 0.000000,
          "N" : 0
        }
      },
      "job_runtime" : 4800004,
      "usr_cpu" : 2.060561,
      "sys_cpu" : 12.730844,
      "ctx" : 4830766,
      "majf" : 0,
      "minf" : 4732,
      "iodepth_level" : {
        "1" : 0.100000,
        "2" : 0.100000,
        "4" : 0.100000,
        "8" : 0.100000,
        "16" : 0.100000,
        "32" : 0.100000,
        ">=64" : 99.979131
      },
      "iodepth_submit" : {
        "0" : 0.000000,
        "4" : 100.000000,
        "8" : 0.000000,
        "16" : 0.000000,
        "32" : 0.000000,
        "64" : 0.000000,
        ">=64" : 0.000000
      },
      "iodepth_complete" : {
        "0" : 0.000000,
        "4" : 99.999668,
        "8" : 0.000000,
        "16" : 0.000000,
        "32" : 0.000000,
        "64" : 0.000000,
        ">=64" : 0.100000
      },
      "latency_ns" : {
        "2" : 0.000000,
        "4" : 0.000000,
        "10" : 0.000000,
        "20" : 0.000000,
        "50" : 0.000000,
        "100" : 0.000000,
        "250" : 0.000000,
        "500" : 0.000000,
        "750" : 0.000000,
        "1000" : 0.000000
      },
      "latency_us" : {
        "2" : 0.000000,
        "4" : 0.000000,
        "10" : 0.000000,
        "20" : 0.010000,
        "50" : 0.000000,
        "100" : 0.000000,
        "250" : 0.000000,
        "500" : 0.000000,
        "750" : 0.000000,
        "1000" : 0.010000
      },
      "latency_ms" : {
        "2" : 0.010000,
        "4" : 0.010000,
        "10" : 0.010000,
        "20" : 0.010000,
        "50" : 0.010000,
        "100" : 0.015713,
        "250" : 51.055247,
        "500" : 48.908378,
        "750" : 0.010000,
        "1000" : 0.000000,
        "2000" : 0.000000,
        ">=2000" : 0.000000
      },
      "latency_depth" : 256,
      "latency_target" : 0,
      "latency_percentile" : 100.000000,
      "latency_window" : 0
    }
  ]
}
