{
  "fio version" : "fio-3.27",
  "timestamp" : 1627440311,
  "timestamp_ms" : 1627440311733,
  "time" : "Wed Jul 28 04:45:11 2021",
  "jobs" : [
    {
      "jobname" : "seq-read",
      "groupid" : 0,
      "error" : 0,
      "eta" : 0,
      "elapsed" : 302,
      "job options" : {
        "bs" : "4K",
        "iodepth" : "256",
        "direct" : "1",
        "ioengine" : "libaio",
        "time_based" : "1",
        "runtime" : "300",
        "numjobs" : "64",
        "size" : "1g",
        "name" : "seq-read",
        "rw" : "read",
        "directory" : "/scratch/snx2000/ccocha/seqread/150_node/",
        "filename_format" : "$jobname.83.$jobnum.$filenum"
      },
      "read" : {
        "io_bytes" : 2969747456,
        "io_kbytes" : 2900144,
        "bw_bytes" : 9861552,
        "bw" : 9630,
        "iops" : 2407.605664,
        "runtime" : 301144,
        "total_ios" : 725036,
        "short_ios" : 0,
        "drop_ios" : 0,
        "slat_ns" : {
          "min" : 569138,
          "max" : 8286244973,
          "mean" : 26466586.323588,
          "stddev" : 58925923.637233,
          "N" : 725036
        },
        "clat_ns" : {
          "min" : 14980,
          "max" : 68418780786,
          "mean" : 6717256614.385201,
          "stddev" : 6573381719.462655,
          "N" : 725036,
          "percentile" : {
            "1.000000" : 3305111552,
            "5.000000" : 3942645760,
            "10.000000" : 4043309056,
            "20.000000" : 4177526784,
            "30.000000" : 4244635648,
            "40.000000" : 4328521728,
            "50.000000" : 4328521728,
            "60.000000" : 4462739456,
            "70.000000" : 4865392640,
            "80.000000" : 6408896512,
            "90.000000" : 12952010752,
            "95.000000" : 17112760320,
            "99.000000" : 17112760320,
            "99.500000" : 17112760320,
            "99.900000" : 17112760320,
            "99.950000" : 17112760320,
            "99.990000" : 17112760320
          }
        },
        "lat_ns" : {
          "min" : 10507284,
          "max" : 69673950663,
          "mean" : 6743726631.756170,
          "stddev" : 6595965061.507512,
          "N" : 725036
        },
        "bw_min" : 1680,
        "bw_max" : 19368,
        "bw_agg" : 100.000000,
        "bw_mean" : 9839.211709,
        "bw_dev" : 65.381258,
        "bw_samples" : 36197,
        "iops_min" : 420,
        "iops_max" : 4842,
        "iops_mean" : 2459.802927,
        "iops_stddev" : 16.345314,
        "iops_samples" : 36197
      },
      "write" : {
        "io_bytes" : 0,
        "io_kbytes" : 0,
        "bw_bytes" : 0,
        "bw" : 0,
        "iops" : 0.000000,
        "runtime" : 0,
        "total_ios" : 0,
        "short_ios" : 0,
        "drop_ios" : 0,
        "slat_ns" : {
          "min" : 0,
          "max" : 0,
          "mean" : 0.000000,
          "stddev" : 0.000000,
          "N" : 0
        },
        "clat_ns" : {
          "min" : 0,
          "max" : 0,
          "mean" : 0.000000,
          "stddev" : 0.000000,
          "N" : 0
        },
        "lat_ns" : {
          "min" : 0,
          "max" : 0,
          "mean" : 0.000000,
          "stddev" : 0.000000,
          "N" : 0
        },
        "bw_min" : 0,
        "bw_max" : 0,
        "bw_agg" : 0.000000,
        "bw_mean" : 0.000000,
        "bw_dev" : 0.000000,
        "bw_samples" : 0,
        "iops_min" : 0,
        "iops_max" : 0,
        "iops_mean" : 0.000000,
        "iops_stddev" : 0.000000,
        "iops_samples" : 0
      },
      "trim" : {
        "io_bytes" : 0,
        "io_kbytes" : 0,
        "bw_bytes" : 0,
        "bw" : 0,
        "iops" : 0.000000,
        "runtime" : 0,
        "total_ios" : 0,
        "short_ios" : 0,
        "drop_ios" : 0,
        "slat_ns" : {
          "min" : 0,
          "max" : 0,
          "mean" : 0.000000,
          "stddev" : 0.000000,
          "N" : 0
        },
        "clat_ns" : {
          "min" : 0,
          "max" : 0,
          "mean" : 0.000000,
          "stddev" : 0.000000,
          "N" : 0
        },
        "lat_ns" : {
          "min" : 0,
          "max" : 0,
          "mean" : 0.000000,
          "stddev" : 0.000000,
          "N" : 0
        },
        "bw_min" : 0,
        "bw_max" : 0,
        "bw_agg" : 0.000000,
        "bw_mean" : 0.000000,
        "bw_dev" : 0.000000,
        "bw_samples" : 0,
        "iops_min" : 0,
        "iops_max" : 0,
        "iops_mean" : 0.000000,
        "iops_stddev" : 0.000000,
        "iops_samples" : 0
      },
      "sync" : {
        "total_ios" : 0,
        "lat_ns" : {
          "min" : 0,
          "max" : 0,
          "mean" : 0.000000,
          "stddev" : 0.000000,
          "N" : 0
        }
      },
      "job_runtime" : 19206786,
      "usr_cpu" : 0.104552,
      "sys_cpu" : 0.646990,
      "ctx" : 725461,
      "majf" : 0,
      "minf" : 18937,
      "iodepth_level" : {
        "1" : 0.100000,
        "2" : 0.100000,
        "4" : 0.100000,
        "8" : 0.100000,
        "16" : 0.141234,
        "32" : 0.282469,
        ">=64" : 99.443890
      },
      "iodepth_submit" : {
        "0" : 0.000000,
        "4" : 100.000000,
        "8" : 0.000000,
        "16" : 0.000000,
        "32" : 0.000000,
        "64" : 0.000000,
        ">=64" : 0.000000
      },
      "iodepth_complete" : {
        "0" : 0.000000,
        "4" : 99.990970,
        "8" : 0.000000,
        "16" : 0.000000,
        "32" : 0.000000,
        "64" : 0.000000,
        ">=64" : 0.100000
      },
      "latency_ns" : {
        "2" : 0.000000,
        "4" : 0.000000,
        "10" : 0.000000,
        "20" : 0.000000,
        "50" : 0.000000,
        "100" : 0.000000,
        "250" : 0.000000,
        "500" : 0.000000,
        "750" : 0.000000,
        "1000" : 0.000000
      },
      "latency_us" : {
        "2" : 0.000000,
        "4" : 0.000000,
        "10" : 0.000000,
        "20" : 0.010000,
        "50" : 0.010000,
        "100" : 0.010000,
        "250" : 0.000000,
        "500" : 0.000000,
        "750" : 0.000000,
        "1000" : 0.000000
      },
      "latency_ms" : {
        "2" : 0.000000,
        "4" : 0.000000,
        "10" : 0.000000,
        "20" : 0.010000,
        "50" : 0.010000,
        "100" : 0.011861,
        "250" : 0.038895,
        "500" : 0.056135,
        "750" : 0.050894,
        "1000" : 0.047032,
        "2000" : 0.176405,
        ">=2000" : 99.599882
      },
      "latency_depth" : 256,
      "latency_target" : 0,
      "latency_percentile" : 100.000000,
      "latency_window" : 0
    }
  ]
}
