{
  "fio version" : "fio-3.27",
  "timestamp" : 1627436591,
  "timestamp_ms" : 1627436591560,
  "time" : "Wed Jul 28 03:43:11 2021",
  "jobs" : [
    {
      "jobname" : "seq-read",
      "groupid" : 0,
      "error" : 0,
      "eta" : 0,
      "elapsed" : 302,
      "job options" : {
        "bs" : "4K",
        "iodepth" : "256",
        "direct" : "1",
        "ioengine" : "libaio",
        "time_based" : "1",
        "runtime" : "300",
        "numjobs" : "64",
        "size" : "1g",
        "name" : "seq-read",
        "rw" : "read",
        "directory" : "/scratch/snx2000/ccocha/seqread/128_node/",
        "filename_format" : "$jobname.46.$jobnum.$filenum"
      },
      "read" : {
        "io_bytes" : 3982548992,
        "io_kbytes" : 3889208,
        "bw_bytes" : 13225567,
        "bw" : 12915,
        "iops" : 3228.898298,
        "runtime" : 301125,
        "total_ios" : 972302,
        "short_ios" : 0,
        "drop_ios" : 0,
        "slat_ns" : {
          "min" : 516283,
          "max" : 3424548763,
          "mean" : 19726328.208900,
          "stddev" : 43306354.049970,
          "N" : 972302
        },
        "clat_ns" : {
          "min" : 14670,
          "max" : 53421345218,
          "mean" : 5010758442.268580,
          "stddev" : 4417138289.047029,
          "N" : 972302,
          "percentile" : {
            "1.000000" : 2902458368,
            "5.000000" : 3472883712,
            "10.000000" : 3506438144,
            "20.000000" : 3573547008,
            "30.000000" : 3640655872,
            "40.000000" : 3707764736,
            "50.000000" : 3841982464,
            "60.000000" : 4110417920,
            "70.000000" : 4664066048,
            "80.000000" : 5066719232,
            "90.000000" : 5402263552,
            "95.000000" : 10804527104,
            "99.000000" : 17112760320,
            "99.500000" : 17112760320,
            "99.900000" : 17112760320,
            "99.950000" : 17112760320,
            "99.990000" : 17112760320
          }
        },
        "lat_ns" : {
          "min" : 6030176,
          "max" : 53502795135,
          "mean" : 5030488216.185569,
          "stddev" : 4432423327.828346,
          "N" : 972302
        },
        "bw_min" : 3584,
        "bw_max" : 20696,
        "bw_agg" : 100.000000,
        "bw_mean" : 13198.587361,
        "bw_dev" : 58.976699,
        "bw_samples" : 36416,
        "iops_min" : 896,
        "iops_max" : 5174,
        "iops_mean" : 3299.648957,
        "iops_stddev" : 14.744203,
        "iops_samples" : 36416
      },
      "write" : {
        "io_bytes" : 0,
        "io_kbytes" : 0,
        "bw_bytes" : 0,
        "bw" : 0,
        "iops" : 0.000000,
        "runtime" : 0,
        "total_ios" : 0,
        "short_ios" : 0,
        "drop_ios" : 0,
        "slat_ns" : {
          "min" : 0,
          "max" : 0,
          "mean" : 0.000000,
          "stddev" : 0.000000,
          "N" : 0
        },
        "clat_ns" : {
          "min" : 0,
          "max" : 0,
          "mean" : 0.000000,
          "stddev" : 0.000000,
          "N" : 0
        },
        "lat_ns" : {
          "min" : 0,
          "max" : 0,
          "mean" : 0.000000,
          "stddev" : 0.000000,
          "N" : 0
        },
        "bw_min" : 0,
        "bw_max" : 0,
        "bw_agg" : 0.000000,
        "bw_mean" : 0.000000,
        "bw_dev" : 0.000000,
        "bw_samples" : 0,
        "iops_min" : 0,
        "iops_max" : 0,
        "iops_mean" : 0.000000,
        "iops_stddev" : 0.000000,
        "iops_samples" : 0
      },
      "trim" : {
        "io_bytes" : 0,
        "io_kbytes" : 0,
        "bw_bytes" : 0,
        "bw" : 0,
        "iops" : 0.000000,
        "runtime" : 0,
        "total_ios" : 0,
        "short_ios" : 0,
        "drop_ios" : 0,
        "slat_ns" : {
          "min" : 0,
          "max" : 0,
          "mean" : 0.000000,
          "stddev" : 0.000000,
          "N" : 0
        },
        "clat_ns" : {
          "min" : 0,
          "max" : 0,
          "mean" : 0.000000,
          "stddev" : 0.000000,
          "N" : 0
        },
        "lat_ns" : {
          "min" : 0,
          "max" : 0,
          "mean" : 0.000000,
          "stddev" : 0.000000,
          "N" : 0
        },
        "bw_min" : 0,
        "bw_max" : 0,
        "bw_agg" : 0.000000,
        "bw_mean" : 0.000000,
        "bw_dev" : 0.000000,
        "bw_samples" : 0,
        "iops_min" : 0,
        "iops_max" : 0,
        "iops_mean" : 0.000000,
        "iops_stddev" : 0.000000,
        "iops_samples" : 0
      },
      "sync" : {
        "total_ios" : 0,
        "lat_ns" : {
          "min" : 0,
          "max" : 0,
          "mean" : 0.000000,
          "stddev" : 0.000000,
          "N" : 0
        }
      },
      "job_runtime" : 19203526,
      "usr_cpu" : 0.143786,
      "sys_cpu" : 0.868070,
      "ctx" : 972810,
      "majf" : 0,
      "minf" : 18976,
      "iodepth_level" : {
        "1" : 0.100000,
        "2" : 0.100000,
        "4" : 0.100000,
        "8" : 0.100000,
        "16" : 0.105317,
        "32" : 0.210634,
        ">=64" : 99.585314
      },
      "iodepth_submit" : {
        "0" : 0.000000,
        "4" : 100.000000,
        "8" : 0.000000,
        "16" : 0.000000,
        "32" : 0.000000,
        "64" : 0.000000,
        ">=64" : 0.000000
      },
      "iodepth_complete" : {
        "0" : 0.000000,
        "4" : 99.993306,
        "8" : 0.000000,
        "16" : 0.000000,
        "32" : 0.000000,
        "64" : 0.000000,
        ">=64" : 0.100000
      },
      "latency_ns" : {
        "2" : 0.000000,
        "4" : 0.000000,
        "10" : 0.000000,
        "20" : 0.000000,
        "50" : 0.000000,
        "100" : 0.000000,
        "250" : 0.000000,
        "500" : 0.000000,
        "750" : 0.000000,
        "1000" : 0.000000
      },
      "latency_us" : {
        "2" : 0.000000,
        "4" : 0.000000,
        "10" : 0.000000,
        "20" : 0.010000,
        "50" : 0.010000,
        "100" : 0.000000,
        "250" : 0.000000,
        "500" : 0.000000,
        "750" : 0.000000,
        "1000" : 0.000000
      },
      "latency_ms" : {
        "2" : 0.000000,
        "4" : 0.000000,
        "10" : 0.010000,
        "20" : 0.010000,
        "50" : 0.020570,
        "100" : 0.029209,
        "250" : 0.079399,
        "500" : 0.107991,
        "750" : 0.094312,
        "1000" : 0.083925,
        "2000" : 0.312557,
        ">=2000" : 99.256610
      },
      "latency_depth" : 256,
      "latency_target" : 0,
      "latency_percentile" : 100.000000,
      "latency_window" : 0
    }
  ]
}
