{
  "fio version" : "fio-3.27",
  "timestamp" : 1627429675,
  "timestamp_ms" : 1627429675685,
  "time" : "Wed Jul 28 01:47:55 2021",
  "jobs" : [
    {
      "jobname" : "seq-read",
      "groupid" : 0,
      "error" : 0,
      "eta" : 0,
      "elapsed" : 301,
      "job options" : {
        "bs" : "4K",
        "iodepth" : "256",
        "direct" : "1",
        "ioengine" : "libaio",
        "time_based" : "1",
        "runtime" : "300",
        "numjobs" : "1",
        "size" : "1g",
        "name" : "seq-read",
        "rw" : "read",
        "directory" : "/scratch/snx2000/ccocha/seqread/96_node/",
        "filename_format" : "$jobname.75.$jobnum.$filenum"
      },
      "read" : {
        "io_bytes" : 2015133696,
        "io_kbytes" : 1967904,
        "bw_bytes" : 6717089,
        "bw" : 6559,
        "iops" : 1639.914534,
        "runtime" : 300001,
        "total_ios" : 491976,
        "short_ios" : 0,
        "drop_ios" : 0,
        "slat_ns" : {
          "min" : 365513,
          "max" : 91943926,
          "mean" : 597780.767857,
          "stddev" : 809861.641369,
          "N" : 491976
        },
        "clat_ns" : {
          "min" : 12240,
          "max" : 448165208,
          "mean" : 155448787.567502,
          "stddev" : 24152510.902667,
          "N" : 491976,
          "percentile" : {
            "1.000000" : 127401984,
            "5.000000" : 131596288,
            "10.000000" : 135266304,
            "20.000000" : 139460608,
            "30.000000" : 141557760,
            "40.000000" : 145752064,
            "50.000000" : 149946368,
            "60.000000" : 154140672,
            "70.000000" : 160432128,
            "80.000000" : 166723584,
            "90.000000" : 181403648,
            "95.000000" : 198180864,
            "99.000000" : 242221056,
            "99.500000" : 265289728,
            "99.900000" : 337641472,
            "99.950000" : 387973120,
            "99.990000" : 446693376
          }
        },
        "lat_ns" : {
          "min" : 422413,
          "max" : 448711682,
          "mean" : 156048025.934181,
          "stddev" : 24209103.073415,
          "N" : 491976
        },
        "bw_min" : 3024,
        "bw_max" : 7912,
        "bw_agg" : 99.989981,
        "bw_mean" : 6559.666110,
        "bw_dev" : 608.172125,
        "bw_samples" : 599,
        "iops_min" : 756,
        "iops_max" : 1978,
        "iops_mean" : 1639.916528,
        "iops_stddev" : 152.038720,
        "iops_samples" : 599
      },
      "write" : {
        "io_bytes" : 0,
        "io_kbytes" : 0,
        "bw_bytes" : 0,
        "bw" : 0,
        "iops" : 0.000000,
        "runtime" : 0,
        "total_ios" : 0,
        "short_ios" : 0,
        "drop_ios" : 0,
        "slat_ns" : {
          "min" : 0,
          "max" : 0,
          "mean" : 0.000000,
          "stddev" : 0.000000,
          "N" : 0
        },
        "clat_ns" : {
          "min" : 0,
          "max" : 0,
          "mean" : 0.000000,
          "stddev" : 0.000000,
          "N" : 0
        },
        "lat_ns" : {
          "min" : 0,
          "max" : 0,
          "mean" : 0.000000,
          "stddev" : 0.000000,
          "N" : 0
        },
        "bw_min" : 0,
        "bw_max" : 0,
        "bw_agg" : 0.000000,
        "bw_mean" : 0.000000,
        "bw_dev" : 0.000000,
        "bw_samples" : 0,
        "iops_min" : 0,
        "iops_max" : 0,
        "iops_mean" : 0.000000,
        "iops_stddev" : 0.000000,
        "iops_samples" : 0
      },
      "trim" : {
        "io_bytes" : 0,
        "io_kbytes" : 0,
        "bw_bytes" : 0,
        "bw" : 0,
        "iops" : 0.000000,
        "runtime" : 0,
        "total_ios" : 0,
        "short_ios" : 0,
        "drop_ios" : 0,
        "slat_ns" : {
          "min" : 0,
          "max" : 0,
          "mean" : 0.000000,
          "stddev" : 0.000000,
          "N" : 0
        },
        "clat_ns" : {
          "min" : 0,
          "max" : 0,
          "mean" : 0.000000,
          "stddev" : 0.000000,
          "N" : 0
        },
        "lat_ns" : {
          "min" : 0,
          "max" : 0,
          "mean" : 0.000000,
          "stddev" : 0.000000,
          "N" : 0
        },
        "bw_min" : 0,
        "bw_max" : 0,
        "bw_agg" : 0.000000,
        "bw_mean" : 0.000000,
        "bw_dev" : 0.000000,
        "bw_samples" : 0,
        "iops_min" : 0,
        "iops_max" : 0,
        "iops_mean" : 0.000000,
        "iops_stddev" : 0.000000,
        "iops_samples" : 0
      },
      "sync" : {
        "total_ios" : 0,
        "lat_ns" : {
          "min" : 0,
          "max" : 0,
          "mean" : 0.000000,
          "stddev" : 0.000000,
          "N" : 0
        }
      },
      "job_runtime" : 300000,
      "usr_cpu" : 2.019000,
      "sys_cpu" : 16.289667,
      "ctx" : 492004,
      "majf" : 0,
      "minf" : 295,
      "iodepth_level" : {
        "1" : 0.100000,
        "2" : 0.100000,
        "4" : 0.100000,
        "8" : 0.100000,
        "16" : 0.100000,
        "32" : 0.100000,
        ">=64" : 99.987194
      },
      "iodepth_submit" : {
        "0" : 0.000000,
        "4" : 100.000000,
        "8" : 0.000000,
        "16" : 0.000000,
        "32" : 0.000000,
        "64" : 0.000000,
        ">=64" : 0.000000
      },
      "iodepth_complete" : {
        "0" : 0.000000,
        "4" : 99.999797,
        "8" : 0.000000,
        "16" : 0.000000,
        "32" : 0.000000,
        "64" : 0.000000,
        ">=64" : 0.100000
      },
      "latency_ns" : {
        "2" : 0.000000,
        "4" : 0.000000,
        "10" : 0.000000,
        "20" : 0.000000,
        "50" : 0.000000,
        "100" : 0.000000,
        "250" : 0.000000,
        "500" : 0.000000,
        "750" : 0.000000,
        "1000" : 0.000000
      },
      "latency_us" : {
        "2" : 0.000000,
        "4" : 0.000000,
        "10" : 0.000000,
        "20" : 0.010000,
        "50" : 0.000000,
        "100" : 0.000000,
        "250" : 0.000000,
        "500" : 0.010000,
        "750" : 0.000000,
        "1000" : 0.010000
      },
      "latency_ms" : {
        "2" : 0.010000,
        "4" : 0.010000,
        "10" : 0.010000,
        "20" : 0.010000,
        "50" : 0.010976,
        "100" : 0.018294,
        "250" : 99.147926,
        "500" : 0.815080,
        "750" : 0.000000,
        "1000" : 0.000000,
        "2000" : 0.000000,
        ">=2000" : 0.000000
      },
      "latency_depth" : 256,
      "latency_target" : 0,
      "latency_percentile" : 100.000000,
      "latency_window" : 0
    }
  ]
}
