{
  "fio version" : "fio-3.27",
  "timestamp" : 1627431261,
  "timestamp_ms" : 1627431261768,
  "time" : "Wed Jul 28 02:14:21 2021",
  "jobs" : [
    {
      "jobname" : "seq-read",
      "groupid" : 0,
      "error" : 0,
      "eta" : 0,
      "elapsed" : 301,
      "job options" : {
        "bs" : "4K",
        "iodepth" : "256",
        "direct" : "1",
        "ioengine" : "libaio",
        "time_based" : "1",
        "runtime" : "300",
        "numjobs" : "16",
        "size" : "1g",
        "name" : "seq-read",
        "rw" : "read",
        "directory" : "/scratch/snx2000/ccocha/seqread/96_node/",
        "filename_format" : "$jobname.9.$jobnum.$filenum"
      },
      "read" : {
        "io_bytes" : 6865063936,
        "io_kbytes" : 6704164,
        "bw_bytes" : 22883470,
        "bw" : 22347,
        "iops" : 5586.784711,
        "runtime" : 300001,
        "total_ios" : 1676041,
        "short_ios" : 0,
        "drop_ios" : 0,
        "slat_ns" : {
          "min" : 488504,
          "max" : 124739541,
          "mean" : 2842590.306901,
          "stddev" : 919003.861040,
          "N" : 1676041
        },
        "clat_ns" : {
          "min" : 11670,
          "max" : 1002308956,
          "mean" : 729352766.296823,
          "stddev" : 54746693.588621,
          "N" : 1676041,
          "percentile" : {
            "1.000000" : 633339904,
            "5.000000" : 683671552,
            "10.000000" : 700448768,
            "20.000000" : 708837376,
            "30.000000" : 717225984,
            "40.000000" : 725614592,
            "50.000000" : 734003200,
            "60.000000" : 742391808,
            "70.000000" : 742391808,
            "80.000000" : 750780416,
            "90.000000" : 767557632,
            "95.000000" : 784334848,
            "99.000000" : 809500672,
            "99.500000" : 826277888,
            "99.900000" : 868220928,
            "99.950000" : 893386752,
            "99.990000" : 926941184
          }
        },
        "lat_ns" : {
          "min" : 669087,
          "max" : 1004886491,
          "mean" : 732198179.996251,
          "stddev" : 54919105.908637,
          "N" : 1676041
        },
        "bw_min" : 10736,
        "bw_max" : 46090,
        "bw_agg" : 99.717464,
        "bw_mean" : 22284.722408,
        "bw_dev" : 88.989434,
        "bw_samples" : 9568,
        "iops_min" : 2684,
        "iops_max" : 11518,
        "iops_mean" : 5570.421405,
        "iops_stddev" : 22.242762,
        "iops_samples" : 9568
      },
      "write" : {
        "io_bytes" : 0,
        "io_kbytes" : 0,
        "bw_bytes" : 0,
        "bw" : 0,
        "iops" : 0.000000,
        "runtime" : 0,
        "total_ios" : 0,
        "short_ios" : 0,
        "drop_ios" : 0,
        "slat_ns" : {
          "min" : 0,
          "max" : 0,
          "mean" : 0.000000,
          "stddev" : 0.000000,
          "N" : 0
        },
        "clat_ns" : {
          "min" : 0,
          "max" : 0,
          "mean" : 0.000000,
          "stddev" : 0.000000,
          "N" : 0
        },
        "lat_ns" : {
          "min" : 0,
          "max" : 0,
          "mean" : 0.000000,
          "stddev" : 0.000000,
          "N" : 0
        },
        "bw_min" : 0,
        "bw_max" : 0,
        "bw_agg" : 0.000000,
        "bw_mean" : 0.000000,
        "bw_dev" : 0.000000,
        "bw_samples" : 0,
        "iops_min" : 0,
        "iops_max" : 0,
        "iops_mean" : 0.000000,
        "iops_stddev" : 0.000000,
        "iops_samples" : 0
      },
      "trim" : {
        "io_bytes" : 0,
        "io_kbytes" : 0,
        "bw_bytes" : 0,
        "bw" : 0,
        "iops" : 0.000000,
        "runtime" : 0,
        "total_ios" : 0,
        "short_ios" : 0,
        "drop_ios" : 0,
        "slat_ns" : {
          "min" : 0,
          "max" : 0,
          "mean" : 0.000000,
          "stddev" : 0.000000,
          "N" : 0
        },
        "clat_ns" : {
          "min" : 0,
          "max" : 0,
          "mean" : 0.000000,
          "stddev" : 0.000000,
          "N" : 0
        },
        "lat_ns" : {
          "min" : 0,
          "max" : 0,
          "mean" : 0.000000,
          "stddev" : 0.000000,
          "N" : 0
        },
        "bw_min" : 0,
        "bw_max" : 0,
        "bw_agg" : 0.000000,
        "bw_mean" : 0.000000,
        "bw_dev" : 0.000000,
        "bw_samples" : 0,
        "iops_min" : 0,
        "iops_max" : 0,
        "iops_mean" : 0.000000,
        "iops_stddev" : 0.000000,
        "iops_samples" : 0
      },
      "sync" : {
        "total_ios" : 0,
        "lat_ns" : {
          "min" : 0,
          "max" : 0,
          "mean" : 0.000000,
          "stddev" : 0.000000,
          "N" : 0
        }
      },
      "job_runtime" : 4800002,
      "usr_cpu" : 0.849354,
      "sys_cpu" : 5.416831,
      "ctx" : 1676304,
      "majf" : 0,
      "minf" : 4734,
      "iodepth_level" : {
        "1" : 0.100000,
        "2" : 0.100000,
        "4" : 0.100000,
        "8" : 0.100000,
        "16" : 0.100000,
        "32" : 0.100000,
        ">=64" : 99.939858
      },
      "iodepth_submit" : {
        "0" : 0.000000,
        "4" : 100.000000,
        "8" : 0.000000,
        "16" : 0.000000,
        "32" : 0.000000,
        "64" : 0.000000,
        ">=64" : 0.000000
      },
      "iodepth_complete" : {
        "0" : 0.000000,
        "4" : 99.999043,
        "8" : 0.000000,
        "16" : 0.000000,
        "32" : 0.000000,
        "64" : 0.000000,
        ">=64" : 0.100000
      },
      "latency_ns" : {
        "2" : 0.000000,
        "4" : 0.000000,
        "10" : 0.000000,
        "20" : 0.000000,
        "50" : 0.000000,
        "100" : 0.000000,
        "250" : 0.000000,
        "500" : 0.000000,
        "750" : 0.000000,
        "1000" : 0.000000
      },
      "latency_us" : {
        "2" : 0.000000,
        "4" : 0.000000,
        "10" : 0.000000,
        "20" : 0.010000,
        "50" : 0.010000,
        "100" : 0.000000,
        "250" : 0.000000,
        "500" : 0.000000,
        "750" : 0.010000,
        "1000" : 0.010000
      },
      "latency_ms" : {
        "2" : 0.010000,
        "4" : 0.010000,
        "10" : 0.010000,
        "20" : 0.010441,
        "50" : 0.031324,
        "100" : 0.053280,
        "250" : 0.416756,
        "500" : 0.257392,
        "750" : 74.398061,
        "1000" : 24.821111,
        "2000" : 0.010000,
        ">=2000" : 0.000000
      },
      "latency_depth" : 256,
      "latency_target" : 0,
      "latency_percentile" : 100.000000,
      "latency_window" : 0
    }
  ]
}
