{
  "fio version" : "fio-3.27",
  "timestamp" : 1627025468,
  "timestamp_ms" : 1627025468240,
  "time" : "Fri Jul 23 09:31:08 2021",
  "jobs" : [
    {
      "jobname" : "randrw",
      "groupid" : 0,
      "error" : 0,
      "eta" : 0,
      "elapsed" : 301,
      "job options" : {
        "bs" : "4K",
        "iodepth" : "256",
        "direct" : "0",
        "ioengine" : "libaio",
        "time_based" : "1",
        "runtime" : "300",
        "numjobs" : "2",
        "size" : "1g",
        "name" : "randrw",
        "rw" : "randrw",
        "directory" : "/scratch/snx2000/ccocha/randrw/128_node",
        "filename_format" : "$jobname.2.$jobnum.$filenum"
      },
      "read" : {
        "io_bytes" : 89427968,
        "io_kbytes" : 87332,
        "bw_bytes" : 297895,
        "bw" : 290,
        "iops" : 72.728423,
        "runtime" : 300199,
        "total_ios" : 21833,
        "short_ios" : 0,
        "drop_ios" : 0,
        "slat_ns" : {
          "min" : 457116,
          "max" : 9577378888,
          "mean" : 27345625.886960,
          "stddev" : 107253278.542660,
          "N" : 21833
        },
        "clat_ns" : {
          "min" : 15290,
          "max" : 28480896428,
          "mean" : 3471861119.690972,
          "stddev" : 2602142189.164004,
          "N" : 21833,
          "percentile" : {
            "1.000000" : 734003200,
            "5.000000" : 809500672,
            "10.000000" : 893386752,
            "20.000000" : 2197815296,
            "30.000000" : 2701131776,
            "40.000000" : 3003121664,
            "50.000000" : 3305111552,
            "60.000000" : 3607101440,
            "70.000000" : 3976200192,
            "80.000000" : 4395630592,
            "90.000000" : 5066719232,
            "95.000000" : 5536481280,
            "99.000000" : 14831058944,
            "99.500000" : 17112760320,
            "99.900000" : 17112760320,
            "99.950000" : 17112760320,
            "99.990000" : 17112760320
          }
        },
        "lat_ns" : {
          "min" : 93589669,
          "max" : 28497209807,
          "mean" : 3499209717.357352,
          "stddev" : 2612575050.740202,
          "N" : 21833
        },
        "bw_min" : 16,
        "bw_max" : 1616,
        "bw_agg" : 100.000000,
        "bw_mean" : 310.598746,
        "bw_dev" : 127.051259,
        "bw_samples" : 1112,
        "iops_min" : 4,
        "iops_max" : 404,
        "iops_mean" : 77.648757,
        "iops_stddev" : 31.761465,
        "iops_samples" : 1112
      },
      "write" : {
        "io_bytes" : 90202112,
        "io_kbytes" : 88088,
        "bw_bytes" : 300474,
        "bw" : 293,
        "iops" : 73.358006,
        "runtime" : 300199,
        "total_ios" : 22022,
        "short_ios" : 0,
        "drop_ios" : 0,
        "slat_ns" : {
          "min" : 75581,
          "max" : 1333307,
          "mean" : 110786.078558,
          "stddev" : 43141.921477,
          "N" : 22022
        },
        "clat_ns" : {
          "min" : 208757773,
          "max" : 28487780766,
          "mean" : 3498764287.148988,
          "stddev" : 2672894659.492821,
          "N" : 22022,
          "percentile" : {
            "1.000000" : 725614592,
            "5.000000" : 809500672,
            "10.000000" : 884998144,
            "20.000000" : 2197815296,
            "30.000000" : 2701131776,
            "40.000000" : 3003121664,
            "50.000000" : 3338665984,
            "60.000000" : 3607101440,
            "70.000000" : 3976200192,
            "80.000000" : 4395630592,
            "90.000000" : 5066719232,
            "95.000000" : 5603590144,
            "99.000000" : 17112760320,
            "99.500000" : 17112760320,
            "99.900000" : 17112760320,
            "99.950000" : 17112760320,
            "99.990000" : 17112760320
          }
        },
        "lat_ns" : {
          "min" : 208835774,
          "max" : 28487863637,
          "mean" : 3498876225.932878,
          "stddev" : 2672894435.286767,
          "N" : 22022
        },
        "bw_min" : 16,
        "bw_max" : 1472,
        "bw_agg" : 100.000000,
        "bw_mean" : 311.602280,
        "bw_dev" : 127.562755,
        "bw_samples" : 1117,
        "iops_min" : 4,
        "iops_max" : 368,
        "iops_mean" : 77.899646,
        "iops_stddev" : 31.889376,
        "iops_samples" : 1117
      },
      "trim" : {
        "io_bytes" : 0,
        "io_kbytes" : 0,
        "bw_bytes" : 0,
        "bw" : 0,
        "iops" : 0.000000,
        "runtime" : 0,
        "total_ios" : 0,
        "short_ios" : 0,
        "drop_ios" : 0,
        "slat_ns" : {
          "min" : 0,
          "max" : 0,
          "mean" : 0.000000,
          "stddev" : 0.000000,
          "N" : 0
        },
        "clat_ns" : {
          "min" : 0,
          "max" : 0,
          "mean" : 0.000000,
          "stddev" : 0.000000,
          "N" : 0
        },
        "lat_ns" : {
          "min" : 0,
          "max" : 0,
          "mean" : 0.000000,
          "stddev" : 0.000000,
          "N" : 0
        },
        "bw_min" : 0,
        "bw_max" : 0,
        "bw_agg" : 0.000000,
        "bw_mean" : 0.000000,
        "bw_dev" : 0.000000,
        "bw_samples" : 0,
        "iops_min" : 0,
        "iops_max" : 0,
        "iops_mean" : 0.000000,
        "iops_stddev" : 0.000000,
        "iops_samples" : 0
      },
      "sync" : {
        "total_ios" : 0,
        "lat_ns" : {
          "min" : 0,
          "max" : 0,
          "mean" : 0.000000,
          "stddev" : 0.000000,
          "N" : 0
        }
      },
      "job_runtime" : 600249,
      "usr_cpu" : 0.143774,
      "sys_cpu" : 0.966266,
      "ctx" : 21848,
      "majf" : 0,
      "minf" : 85,
      "iodepth_level" : {
        "1" : 0.100000,
        "2" : 0.100000,
        "4" : 0.100000,
        "8" : 0.100000,
        "16" : 0.100000,
        "32" : 0.145935,
        ">=64" : 99.712690
      },
      "iodepth_submit" : {
        "0" : 0.000000,
        "4" : 100.000000,
        "8" : 0.000000,
        "16" : 0.000000,
        "32" : 0.000000,
        "64" : 0.000000,
        ">=64" : 0.000000
      },
      "iodepth_complete" : {
        "0" : 0.000000,
        "4" : 99.995386,
        "8" : 0.000000,
        "16" : 0.000000,
        "32" : 0.000000,
        "64" : 0.000000,
        ">=64" : 0.100000
      },
      "latency_ns" : {
        "2" : 0.000000,
        "4" : 0.000000,
        "10" : 0.000000,
        "20" : 0.000000,
        "50" : 0.000000,
        "100" : 0.000000,
        "250" : 0.000000,
        "500" : 0.000000,
        "750" : 0.000000,
        "1000" : 0.000000
      },
      "latency_us" : {
        "2" : 0.000000,
        "4" : 0.000000,
        "10" : 0.000000,
        "20" : 0.010000,
        "50" : 0.010000,
        "100" : 0.000000,
        "250" : 0.000000,
        "500" : 0.000000,
        "750" : 0.000000,
        "1000" : 0.000000
      },
      "latency_ms" : {
        "2" : 0.000000,
        "4" : 0.000000,
        "10" : 0.000000,
        "20" : 0.000000,
        "50" : 0.000000,
        "100" : 0.010000,
        "250" : 0.034204,
        "500" : 0.109452,
        "750" : 1.447953,
        "1000" : 10.687493,
        "2000" : 4.619770,
        ">=2000" : 83.094288
      },
      "latency_depth" : 256,
      "latency_target" : 0,
      "latency_percentile" : 100.000000,
      "latency_window" : 0
    }
  ]
}
