{
  "fio version" : "fio-3.27",
  "timestamp" : 1627427697,
  "timestamp_ms" : 1627427697158,
  "time" : "Wed Jul 28 01:14:57 2021",
  "jobs" : [
    {
      "jobname" : "seq-read",
      "groupid" : 0,
      "error" : 0,
      "eta" : 0,
      "elapsed" : 301,
      "job options" : {
        "bs" : "4K",
        "iodepth" : "256",
        "direct" : "1",
        "ioengine" : "libaio",
        "time_based" : "1",
        "runtime" : "300",
        "numjobs" : "16",
        "size" : "1g",
        "name" : "seq-read",
        "rw" : "read",
        "directory" : "/scratch/snx2000/ccocha/seqread/64_node/",
        "filename_format" : "$jobname.6.$jobnum.$filenum"
      },
      "read" : {
        "io_bytes" : 10676858880,
        "io_kbytes" : 10426620,
        "bw_bytes" : 35589292,
        "bw" : 34755,
        "iops" : 8688.792075,
        "runtime" : 300002,
        "total_ios" : 2606655,
        "short_ios" : 0,
        "drop_ios" : 0,
        "slat_ns" : {
          "min" : 471642,
          "max" : 404872938,
          "mean" : 1819821.545230,
          "stddev" : 950208.527794,
          "N" : 2606655
        },
        "clat_ns" : {
          "min" : 13010,
          "max" : 950341691,
          "mean" : 469261186.639959,
          "stddev" : 31853002.215354,
          "N" : 2606655,
          "percentile" : {
            "1.000000" : 408944640,
            "5.000000" : 425721856,
            "10.000000" : 438304768,
            "20.000000" : 446693376,
            "30.000000" : 455081984,
            "40.000000" : 459276288,
            "50.000000" : 467664896,
            "60.000000" : 471859200,
            "70.000000" : 480247808,
            "80.000000" : 492830720,
            "90.000000" : 505413632,
            "95.000000" : 517996544,
            "99.000000" : 549453824,
            "99.500000" : 557842432,
            "99.900000" : 583008256,
            "99.950000" : 599785472,
            "99.990000" : 675282944
          }
        },
        "lat_ns" : {
          "min" : 709822,
          "max" : 952127617,
          "mean" : 471083934.357679,
          "stddev" : 31938660.409737,
          "N" : 2606655
        },
        "bw_min" : 8245,
        "bw_max" : 39464,
        "bw_agg" : 99.821126,
        "bw_mean" : 34693.499176,
        "bw_dev" : 138.278386,
        "bw_samples" : 9583,
        "iops_min" : 2060,
        "iops_max" : 9866,
        "iops_mean" : 8673.116797,
        "iops_stddev" : 34.595403,
        "iops_samples" : 9583
      },
      "write" : {
        "io_bytes" : 0,
        "io_kbytes" : 0,
        "bw_bytes" : 0,
        "bw" : 0,
        "iops" : 0.000000,
        "runtime" : 0,
        "total_ios" : 0,
        "short_ios" : 0,
        "drop_ios" : 0,
        "slat_ns" : {
          "min" : 0,
          "max" : 0,
          "mean" : 0.000000,
          "stddev" : 0.000000,
          "N" : 0
        },
        "clat_ns" : {
          "min" : 0,
          "max" : 0,
          "mean" : 0.000000,
          "stddev" : 0.000000,
          "N" : 0
        },
        "lat_ns" : {
          "min" : 0,
          "max" : 0,
          "mean" : 0.000000,
          "stddev" : 0.000000,
          "N" : 0
        },
        "bw_min" : 0,
        "bw_max" : 0,
        "bw_agg" : 0.000000,
        "bw_mean" : 0.000000,
        "bw_dev" : 0.000000,
        "bw_samples" : 0,
        "iops_min" : 0,
        "iops_max" : 0,
        "iops_mean" : 0.000000,
        "iops_stddev" : 0.000000,
        "iops_samples" : 0
      },
      "trim" : {
        "io_bytes" : 0,
        "io_kbytes" : 0,
        "bw_bytes" : 0,
        "bw" : 0,
        "iops" : 0.000000,
        "runtime" : 0,
        "total_ios" : 0,
        "short_ios" : 0,
        "drop_ios" : 0,
        "slat_ns" : {
          "min" : 0,
          "max" : 0,
          "mean" : 0.000000,
          "stddev" : 0.000000,
          "N" : 0
        },
        "clat_ns" : {
          "min" : 0,
          "max" : 0,
          "mean" : 0.000000,
          "stddev" : 0.000000,
          "N" : 0
        },
        "lat_ns" : {
          "min" : 0,
          "max" : 0,
          "mean" : 0.000000,
          "stddev" : 0.000000,
          "N" : 0
        },
        "bw_min" : 0,
        "bw_max" : 0,
        "bw_agg" : 0.000000,
        "bw_mean" : 0.000000,
        "bw_dev" : 0.000000,
        "bw_samples" : 0,
        "iops_min" : 0,
        "iops_max" : 0,
        "iops_mean" : 0.000000,
        "iops_stddev" : 0.000000,
        "iops_samples" : 0
      },
      "sync" : {
        "total_ios" : 0,
        "lat_ns" : {
          "min" : 0,
          "max" : 0,
          "mean" : 0.000000,
          "stddev" : 0.000000,
          "N" : 0
        }
      },
      "job_runtime" : 4800002,
      "usr_cpu" : 1.375937,
      "sys_cpu" : 8.640330,
      "ctx" : 2606997,
      "majf" : 0,
      "minf" : 4736,
      "iodepth_level" : {
        "1" : 0.100000,
        "2" : 0.100000,
        "4" : 0.100000,
        "8" : 0.100000,
        "16" : 0.100000,
        "32" : 0.100000,
        ">=64" : 99.961330
      },
      "iodepth_submit" : {
        "0" : 0.000000,
        "4" : 100.000000,
        "8" : 0.000000,
        "16" : 0.000000,
        "32" : 0.000000,
        "64" : 0.000000,
        ">=64" : 0.000000
      },
      "iodepth_complete" : {
        "0" : 0.000000,
        "4" : 99.999385,
        "8" : 0.000000,
        "16" : 0.000000,
        "32" : 0.000000,
        "64" : 0.000000,
        ">=64" : 0.100000
      },
      "latency_ns" : {
        "2" : 0.000000,
        "4" : 0.000000,
        "10" : 0.000000,
        "20" : 0.000000,
        "50" : 0.000000,
        "100" : 0.000000,
        "250" : 0.000000,
        "500" : 0.000000,
        "750" : 0.000000,
        "1000" : 0.000000
      },
      "latency_us" : {
        "2" : 0.000000,
        "4" : 0.000000,
        "10" : 0.000000,
        "20" : 0.010000,
        "50" : 0.010000,
        "100" : 0.000000,
        "250" : 0.000000,
        "500" : 0.000000,
        "750" : 0.010000,
        "1000" : 0.010000
      },
      "latency_ms" : {
        "2" : 0.010000,
        "4" : 0.010000,
        "10" : 0.010000,
        "20" : 0.010000,
        "50" : 0.019795,
        "100" : 0.031957,
        "250" : 0.082059,
        "500" : 85.907303,
        "750" : 13.934986,
        "1000" : 0.010000,
        "2000" : 0.000000,
        ">=2000" : 0.000000
      },
      "latency_depth" : 256,
      "latency_target" : 0,
      "latency_percentile" : 100.000000,
      "latency_window" : 0
    }
  ]
}
