{
  "fio version" : "fio-3.27",
  "timestamp" : 1627027400,
  "timestamp_ms" : 1627027400016,
  "time" : "Fri Jul 23 10:03:20 2021",
  "jobs" : [
    {
      "jobname" : "randrw",
      "groupid" : 0,
      "error" : 0,
      "eta" : 0,
      "elapsed" : 301,
      "job options" : {
        "bs" : "4K",
        "iodepth" : "256",
        "direct" : "0",
        "ioengine" : "libaio",
        "time_based" : "1",
        "runtime" : "300",
        "numjobs" : "32",
        "size" : "1g",
        "name" : "randrw",
        "rw" : "randrw",
        "directory" : "/scratch/snx2000/ccocha/randrw/128_node",
        "filename_format" : "$jobname.126.$jobnum.$filenum"
      },
      "read" : {
        "io_bytes" : 83046400,
        "io_kbytes" : 81100,
        "bw_bytes" : 276665,
        "bw" : 270,
        "iops" : 67.545283,
        "runtime" : 300169,
        "total_ios" : 20275,
        "short_ios" : 0,
        "drop_ios" : 0,
        "slat_ns" : {
          "min" : 2866272,
          "max" : 55922907441,
          "mean" : 473415738.383576,
          "stddev" : 2039009287.682489,
          "N" : 20275
        },
        "clat_ns" : {
          "min" : 12330,
          "max" : 142876919791,
          "mean" : 59644150117.183182,
          "stddev" : 31503568535.839874,
          "N" : 20275,
          "percentile" : {
            "1.000000" : 455081984,
            "5.000000" : 6274678784,
            "10.000000" : 7751073792,
            "20.000000" : 17112760320,
            "30.000000" : 17112760320,
            "40.000000" : 17112760320,
            "50.000000" : 17112760320,
            "60.000000" : 17112760320,
            "70.000000" : 17112760320,
            "80.000000" : 17112760320,
            "90.000000" : 17112760320,
            "95.000000" : 17112760320,
            "99.000000" : 17112760320,
            "99.500000" : 17112760320,
            "99.900000" : 17112760320,
            "99.950000" : 17112760320,
            "99.990000" : 17112760320
          }
        },
        "lat_ns" : {
          "min" : 3938990,
          "max" : 144149947182,
          "mean" : 60117569758.173752,
          "stddev" : 31570893218.298050,
          "N" : 20275
        },
        "bw_min" : 256,
        "bw_max" : 3088,
        "bw_agg" : 100.000000,
        "bw_mean" : 514.037392,
        "bw_dev" : 12.750683,
        "bw_samples" : 7989,
        "iops_min" : 64,
        "iops_max" : 772,
        "iops_mean" : 128.509348,
        "iops_stddev" : 3.187671,
        "iops_samples" : 7989
      },
      "write" : {
        "io_bytes" : 83685376,
        "io_kbytes" : 81724,
        "bw_bytes" : 278794,
        "bw" : 272,
        "iops" : 68.064990,
        "runtime" : 300169,
        "total_ios" : 20431,
        "short_ios" : 0,
        "drop_ios" : 0,
        "slat_ns" : {
          "min" : 75570,
          "max" : 1895574,
          "mean" : 127596.032793,
          "stddev" : 59567.228933,
          "N" : 20431
        },
        "clat_ns" : {
          "min" : 12287703,
          "max" : 142374405364,
          "mean" : 59313673405.363464,
          "stddev" : 30968735613.446156,
          "N" : 20431,
          "percentile" : {
            "1.000000" : 522190848,
            "5.000000" : 6274678784,
            "10.000000" : 8019509248,
            "20.000000" : 17112760320,
            "30.000000" : 17112760320,
            "40.000000" : 17112760320,
            "50.000000" : 17112760320,
            "60.000000" : 17112760320,
            "70.000000" : 17112760320,
            "80.000000" : 17112760320,
            "90.000000" : 17112760320,
            "95.000000" : 17112760320,
            "99.000000" : 17112760320,
            "99.500000" : 17112760320,
            "99.900000" : 17112760320,
            "99.950000" : 17112760320,
            "99.990000" : 17112760320
          }
        },
        "lat_ns" : {
          "min" : 12431234,
          "max" : 142374538015,
          "mean" : 59313802226.193680,
          "stddev" : 30968733526.404293,
          "N" : 20431
        },
        "bw_min" : 256,
        "bw_max" : 3232,
        "bw_agg" : 100.000000,
        "bw_mean" : 513.213929,
        "bw_dev" : 13.024306,
        "bw_samples" : 8035,
        "iops_min" : 64,
        "iops_max" : 808,
        "iops_mean" : 128.303482,
        "iops_stddev" : 3.256077,
        "iops_samples" : 8035
      },
      "trim" : {
        "io_bytes" : 0,
        "io_kbytes" : 0,
        "bw_bytes" : 0,
        "bw" : 0,
        "iops" : 0.000000,
        "runtime" : 0,
        "total_ios" : 0,
        "short_ios" : 0,
        "drop_ios" : 0,
        "slat_ns" : {
          "min" : 0,
          "max" : 0,
          "mean" : 0.000000,
          "stddev" : 0.000000,
          "N" : 0
        },
        "clat_ns" : {
          "min" : 0,
          "max" : 0,
          "mean" : 0.000000,
          "stddev" : 0.000000,
          "N" : 0
        },
        "lat_ns" : {
          "min" : 0,
          "max" : 0,
          "mean" : 0.000000,
          "stddev" : 0.000000,
          "N" : 0
        },
        "bw_min" : 0,
        "bw_max" : 0,
        "bw_agg" : 0.000000,
        "bw_mean" : 0.000000,
        "bw_dev" : 0.000000,
        "bw_samples" : 0,
        "iops_min" : 0,
        "iops_max" : 0,
        "iops_mean" : 0.000000,
        "iops_stddev" : 0.000000,
        "iops_samples" : 0
      },
      "sync" : {
        "total_ios" : 0,
        "lat_ns" : {
          "min" : 0,
          "max" : 0,
          "mean" : 0.000000,
          "stddev" : 0.000000,
          "N" : 0
        }
      },
      "job_runtime" : 9602012,
      "usr_cpu" : 0.008967,
      "sys_cpu" : 0.067194,
      "ctx" : 20550,
      "majf" : 0,
      "minf" : 1367,
      "iodepth_level" : {
        "1" : 0.100000,
        "2" : 0.157225,
        "4" : 0.314450,
        "8" : 0.628900,
        "16" : 1.257800,
        "32" : 2.515600,
        ">=64" : 95.047413
      },
      "iodepth_submit" : {
        "0" : 0.000000,
        "4" : 100.000000,
        "8" : 0.000000,
        "16" : 0.000000,
        "32" : 0.000000,
        "64" : 0.000000,
        ">=64" : 0.000000
      },
      "iodepth_complete" : {
        "0" : 0.000000,
        "4" : 99.901774,
        "8" : 0.000000,
        "16" : 0.000000,
        "32" : 0.000000,
        "64" : 0.000000,
        ">=64" : 0.100000
      },
      "latency_ns" : {
        "2" : 0.000000,
        "4" : 0.000000,
        "10" : 0.000000,
        "20" : 0.000000,
        "50" : 0.000000,
        "100" : 0.000000,
        "250" : 0.000000,
        "500" : 0.000000,
        "750" : 0.000000,
        "1000" : 0.000000
      },
      "latency_us" : {
        "2" : 0.000000,
        "4" : 0.000000,
        "10" : 0.000000,
        "20" : 0.029480,
        "50" : 0.049133,
        "100" : 0.000000,
        "250" : 0.000000,
        "500" : 0.000000,
        "750" : 0.000000,
        "1000" : 0.000000
      },
      "latency_ms" : {
        "2" : 0.000000,
        "4" : 0.010000,
        "10" : 0.000000,
        "20" : 0.017196,
        "50" : 0.049133,
        "100" : 0.081069,
        "250" : 0.248121,
        "500" : 0.533091,
        "750" : 0.302167,
        "1000" : 0.171965,
        "2000" : 0.479045,
        ">=2000" : 98.037144
      },
      "latency_depth" : 256,
      "latency_target" : 0,
      "latency_percentile" : 100.000000,
      "latency_window" : 0
    }
  ]
}
