{
  "fio version" : "fio-3.27",
  "timestamp" : 1627437676,
  "timestamp_ms" : 1627437676613,
  "time" : "Wed Jul 28 04:01:16 2021",
  "jobs" : [
    {
      "jobname" : "seq-read",
      "groupid" : 0,
      "error" : 0,
      "eta" : 0,
      "elapsed" : 301,
      "job options" : {
        "bs" : "4K",
        "iodepth" : "256",
        "direct" : "1",
        "ioengine" : "libaio",
        "time_based" : "1",
        "runtime" : "300",
        "numjobs" : "4",
        "size" : "1g",
        "name" : "seq-read",
        "rw" : "read",
        "directory" : "/scratch/snx2000/ccocha/seqread/150_node/",
        "filename_format" : "$jobname.36.$jobnum.$filenum"
      },
      "read" : {
        "io_bytes" : 4452806656,
        "io_kbytes" : 4348444,
        "bw_bytes" : 14842639,
        "bw" : 14494,
        "iops" : 3623.691254,
        "runtime" : 300001,
        "total_ios" : 1087111,
        "short_ios" : 0,
        "drop_ios" : 0,
        "slat_ns" : {
          "min" : 416253,
          "max" : 78428612,
          "mean" : 1085477.228073,
          "stddev" : 973697.091138,
          "N" : 1087111
        },
        "clat_ns" : {
          "min" : 11810,
          "max" : 478179944,
          "mean" : 281317370.112265,
          "stddev" : 27801145.916619,
          "N" : 1087111,
          "percentile" : {
            "1.000000" : 233832448,
            "5.000000" : 244318208,
            "10.000000" : 250609664,
            "20.000000" : 258998272,
            "30.000000" : 265289728,
            "40.000000" : 270532608,
            "50.000000" : 278921216,
            "60.000000" : 283115520,
            "70.000000" : 291504128,
            "80.000000" : 299892736,
            "90.000000" : 316669952,
            "95.000000" : 333447168,
            "99.000000" : 362807296,
            "99.500000" : 375390208,
            "99.900000" : 417333248,
            "99.950000" : 434110464,
            "99.990000" : 459276288
          }
        },
        "lat_ns" : {
          "min" : 571985,
          "max" : 479084542,
          "mean" : 282405237.969749,
          "stddev" : 27872275.037063,
          "N" : 1087111
        },
        "bw_min" : 4200,
        "bw_max" : 17152,
        "bw_agg" : 99.946431,
        "bw_mean" : 14487.866444,
        "bw_dev" : 296.755755,
        "bw_samples" : 2396,
        "iops_min" : 1050,
        "iops_max" : 4288,
        "iops_mean" : 3621.969950,
        "iops_stddev" : 74.190099,
        "iops_samples" : 2396
      },
      "write" : {
        "io_bytes" : 0,
        "io_kbytes" : 0,
        "bw_bytes" : 0,
        "bw" : 0,
        "iops" : 0.000000,
        "runtime" : 0,
        "total_ios" : 0,
        "short_ios" : 0,
        "drop_ios" : 0,
        "slat_ns" : {
          "min" : 0,
          "max" : 0,
          "mean" : 0.000000,
          "stddev" : 0.000000,
          "N" : 0
        },
        "clat_ns" : {
          "min" : 0,
          "max" : 0,
          "mean" : 0.000000,
          "stddev" : 0.000000,
          "N" : 0
        },
        "lat_ns" : {
          "min" : 0,
          "max" : 0,
          "mean" : 0.000000,
          "stddev" : 0.000000,
          "N" : 0
        },
        "bw_min" : 0,
        "bw_max" : 0,
        "bw_agg" : 0.000000,
        "bw_mean" : 0.000000,
        "bw_dev" : 0.000000,
        "bw_samples" : 0,
        "iops_min" : 0,
        "iops_max" : 0,
        "iops_mean" : 0.000000,
        "iops_stddev" : 0.000000,
        "iops_samples" : 0
      },
      "trim" : {
        "io_bytes" : 0,
        "io_kbytes" : 0,
        "bw_bytes" : 0,
        "bw" : 0,
        "iops" : 0.000000,
        "runtime" : 0,
        "total_ios" : 0,
        "short_ios" : 0,
        "drop_ios" : 0,
        "slat_ns" : {
          "min" : 0,
          "max" : 0,
          "mean" : 0.000000,
          "stddev" : 0.000000,
          "N" : 0
        },
        "clat_ns" : {
          "min" : 0,
          "max" : 0,
          "mean" : 0.000000,
          "stddev" : 0.000000,
          "N" : 0
        },
        "lat_ns" : {
          "min" : 0,
          "max" : 0,
          "mean" : 0.000000,
          "stddev" : 0.000000,
          "N" : 0
        },
        "bw_min" : 0,
        "bw_max" : 0,
        "bw_agg" : 0.000000,
        "bw_mean" : 0.000000,
        "bw_dev" : 0.000000,
        "bw_samples" : 0,
        "iops_min" : 0,
        "iops_max" : 0,
        "iops_mean" : 0.000000,
        "iops_stddev" : 0.000000,
        "iops_samples" : 0
      },
      "sync" : {
        "total_ios" : 0,
        "lat_ns" : {
          "min" : 0,
          "max" : 0,
          "mean" : 0.000000,
          "stddev" : 0.000000,
          "N" : 0
        }
      },
      "job_runtime" : 1200000,
      "usr_cpu" : 1.959333,
      "sys_cpu" : 12.527083,
      "ctx" : 1087217,
      "majf" : 0,
      "minf" : 1183,
      "iodepth_level" : {
        "1" : 0.100000,
        "2" : 0.100000,
        "4" : 0.100000,
        "8" : 0.100000,
        "16" : 0.100000,
        "32" : 0.100000,
        ">=64" : 99.976819
      },
      "iodepth_submit" : {
        "0" : 0.000000,
        "4" : 100.000000,
        "8" : 0.000000,
        "16" : 0.000000,
        "32" : 0.000000,
        "64" : 0.000000,
        ">=64" : 0.000000
      },
      "iodepth_complete" : {
        "0" : 0.000000,
        "4" : 99.999632,
        "8" : 0.000000,
        "16" : 0.000000,
        "32" : 0.000000,
        "64" : 0.000000,
        ">=64" : 0.100000
      },
      "latency_ns" : {
        "2" : 0.000000,
        "4" : 0.000000,
        "10" : 0.000000,
        "20" : 0.000000,
        "50" : 0.000000,
        "100" : 0.000000,
        "250" : 0.000000,
        "500" : 0.000000,
        "750" : 0.000000,
        "1000" : 0.000000
      },
      "latency_us" : {
        "2" : 0.000000,
        "4" : 0.000000,
        "10" : 0.000000,
        "20" : 0.010000,
        "50" : 0.010000,
        "100" : 0.000000,
        "250" : 0.000000,
        "500" : 0.000000,
        "750" : 0.010000,
        "1000" : 0.010000
      },
      "latency_ms" : {
        "2" : 0.010000,
        "4" : 0.010000,
        "10" : 0.010000,
        "20" : 0.010000,
        "50" : 0.014074,
        "100" : 0.020053,
        "250" : 8.736550,
        "500" : 91.219204,
        "750" : 0.000000,
        "1000" : 0.000000,
        "2000" : 0.000000,
        ">=2000" : 0.000000
      },
      "latency_depth" : 256,
      "latency_target" : 0,
      "latency_percentile" : 100.000000,
      "latency_window" : 0
    }
  ]
}
