{
  "fio version" : "fio-3.27",
  "timestamp" : 1627028393,
  "timestamp_ms" : 1627028393591,
  "time" : "Fri Jul 23 10:19:53 2021",
  "jobs" : [
    {
      "jobname" : "randrw",
      "groupid" : 0,
      "error" : 0,
      "eta" : 0,
      "elapsed" : 303,
      "job options" : {
        "bs" : "4K",
        "iodepth" : "256",
        "direct" : "0",
        "ioengine" : "libaio",
        "time_based" : "1",
        "runtime" : "300",
        "numjobs" : "64",
        "size" : "1g",
        "name" : "randrw",
        "rw" : "randrw",
        "directory" : "/scratch/snx2000/ccocha/randrw/128_node",
        "filename_format" : "$jobname.52.$jobnum.$filenum"
      },
      "read" : {
        "io_bytes" : 65675264,
        "io_kbytes" : 64136,
        "bw_bytes" : 217658,
        "bw" : 212,
        "iops" : 53.139344,
        "runtime" : 301735,
        "total_ios" : 16034,
        "short_ios" : 0,
        "drop_ios" : 0,
        "slat_ns" : {
          "min" : 3157960,
          "max" : 86468200751,
          "mean" : 1200270583.924348,
          "stddev" : 3989551772.474504,
          "N" : 16034
        },
        "clat_ns" : {
          "min" : 18291,
          "max" : 301479649189,
          "mean" : 135875769817.967667,
          "stddev" : 73379865356.984100,
          "N" : 16034,
          "percentile" : {
            "1.000000" : 3003121664,
            "5.000000" : 16173236224,
            "10.000000" : 17112760320,
            "20.000000" : 17112760320,
            "30.000000" : 17112760320,
            "40.000000" : 17112760320,
            "50.000000" : 17112760320,
            "60.000000" : 17112760320,
            "70.000000" : 17112760320,
            "80.000000" : 17112760320,
            "90.000000" : 17112760320,
            "95.000000" : 17112760320,
            "99.000000" : 17112760320,
            "99.500000" : 17112760320,
            "99.900000" : 17112760320,
            "99.950000" : 17112760320,
            "99.990000" : 17112760320
          }
        },
        "lat_ns" : {
          "min" : 837846383,
          "max" : 301501840262,
          "mean" : 137076044534.818588,
          "stddev" : 73339518479.005966,
          "N" : 16034
        },
        "bw_min" : 474,
        "bw_max" : 2272,
        "bw_agg" : 100.000000,
        "bw_mean" : 713.914603,
        "bw_dev" : 6.867737,
        "bw_samples" : 5231,
        "iops_min" : 114,
        "iops_max" : 568,
        "iops_mean" : 178.402014,
        "iops_stddev" : 1.716312,
        "iops_samples" : 5231
      },
      "write" : {
        "io_bytes" : 65032192,
        "io_kbytes" : 63508,
        "bw_bytes" : 215527,
        "bw" : 210,
        "iops" : 52.619020,
        "runtime" : 301735,
        "total_ios" : 15877,
        "short_ios" : 0,
        "drop_ios" : 0,
        "slat_ns" : {
          "min" : 75122,
          "max" : 2042853,
          "mean" : 137769.616174,
          "stddev" : 79906.123583,
          "N" : 15877
        },
        "clat_ns" : {
          "min" : 942470377,
          "max" : 301501856752,
          "mean" : 135367190015.698120,
          "stddev" : 73320041298.709549,
          "N" : 15877,
          "percentile" : {
            "1.000000" : 4211081216,
            "5.000000" : 16441671680,
            "10.000000" : 17112760320,
            "20.000000" : 17112760320,
            "30.000000" : 17112760320,
            "40.000000" : 17112760320,
            "50.000000" : 17112760320,
            "60.000000" : 17112760320,
            "70.000000" : 17112760320,
            "80.000000" : 17112760320,
            "90.000000" : 17112760320,
            "95.000000" : 17112760320,
            "99.000000" : 17112760320,
            "99.500000" : 17112760320,
            "99.900000" : 17112760320,
            "99.950000" : 17112760320,
            "99.990000" : 17112760320
          }
        },
        "lat_ns" : {
          "min" : 942554978,
          "max" : 301502438942,
          "mean" : 135367329136.350571,
          "stddev" : 73320035993.734283,
          "N" : 15877
        },
        "bw_min" : 466,
        "bw_max" : 2304,
        "bw_agg" : 100.000000,
        "bw_mean" : 704.629266,
        "bw_dev" : 7.114025,
        "bw_samples" : 5129,
        "iops_min" : 112,
        "iops_max" : 576,
        "iops_mean" : 176.073019,
        "iops_stddev" : 1.777256,
        "iops_samples" : 5129
      },
      "trim" : {
        "io_bytes" : 0,
        "io_kbytes" : 0,
        "bw_bytes" : 0,
        "bw" : 0,
        "iops" : 0.000000,
        "runtime" : 0,
        "total_ios" : 0,
        "short_ios" : 0,
        "drop_ios" : 0,
        "slat_ns" : {
          "min" : 0,
          "max" : 0,
          "mean" : 0.000000,
          "stddev" : 0.000000,
          "N" : 0
        },
        "clat_ns" : {
          "min" : 0,
          "max" : 0,
          "mean" : 0.000000,
          "stddev" : 0.000000,
          "N" : 0
        },
        "lat_ns" : {
          "min" : 0,
          "max" : 0,
          "mean" : 0.000000,
          "stddev" : 0.000000,
          "N" : 0
        },
        "bw_min" : 0,
        "bw_max" : 0,
        "bw_agg" : 0.000000,
        "bw_mean" : 0.000000,
        "bw_dev" : 0.000000,
        "bw_samples" : 0,
        "iops_min" : 0,
        "iops_max" : 0,
        "iops_mean" : 0.000000,
        "iops_stddev" : 0.000000,
        "iops_samples" : 0
      },
      "sync" : {
        "total_ios" : 0,
        "lat_ns" : {
          "min" : 0,
          "max" : 0,
          "mean" : 0.000000,
          "stddev" : 0.000000,
          "N" : 0
        }
      },
      "job_runtime" : 19248319,
      "usr_cpu" : 0.003896,
      "sys_cpu" : 0.026724,
      "ctx" : 16649,
      "majf" : 0,
      "minf" : 2595,
      "iodepth_level" : {
        "1" : 0.200558,
        "2" : 0.401116,
        "4" : 0.802231,
        "8" : 1.604462,
        "16" : 3.208925,
        "32" : 6.417850,
        ">=64" : 87.364859
      },
      "iodepth_submit" : {
        "0" : 0.000000,
        "4" : 100.000000,
        "8" : 0.000000,
        "16" : 0.000000,
        "32" : 0.000000,
        "64" : 0.000000,
        ">=64" : 0.000000
      },
      "iodepth_complete" : {
        "0" : 0.000000,
        "4" : 99.592694,
        "8" : 0.000000,
        "16" : 0.000000,
        "32" : 0.000000,
        "64" : 0.000000,
        ">=64" : 0.407306
      },
      "latency_ns" : {
        "2" : 0.000000,
        "4" : 0.000000,
        "10" : 0.000000,
        "20" : 0.000000,
        "50" : 0.000000,
        "100" : 0.000000,
        "250" : 0.000000,
        "500" : 0.000000,
        "750" : 0.000000,
        "1000" : 0.000000
      },
      "latency_us" : {
        "2" : 0.000000,
        "4" : 0.000000,
        "10" : 0.000000,
        "20" : 0.010000,
        "50" : 0.191157,
        "100" : 0.010000,
        "250" : 0.000000,
        "500" : 0.000000,
        "750" : 0.000000,
        "1000" : 0.000000
      },
      "latency_ms" : {
        "2" : 0.000000,
        "4" : 0.000000,
        "10" : 0.000000,
        "20" : 0.000000,
        "50" : 0.000000,
        "100" : 0.000000,
        "250" : 0.000000,
        "500" : 0.000000,
        "750" : 0.000000,
        "1000" : 0.031337,
        "2000" : 0.347842,
        ">=2000" : 99.420263
      },
      "latency_depth" : 256,
      "latency_target" : 0,
      "latency_percentile" : 100.000000,
      "latency_window" : 0
    }
  ]
}
