{
  "fio version" : "fio-3.27",
  "timestamp" : 1627023154,
  "timestamp_ms" : 1627023154172,
  "time" : "Fri Jul 23 08:52:34 2021",
  "jobs" : [
    {
      "jobname" : "randrw",
      "groupid" : 0,
      "error" : 0,
      "eta" : 0,
      "elapsed" : 302,
      "job options" : {
        "bs" : "4K",
        "iodepth" : "256",
        "direct" : "0",
        "ioengine" : "libaio",
        "time_based" : "1",
        "runtime" : "300",
        "numjobs" : "16",
        "size" : "1g",
        "name" : "randrw",
        "rw" : "randrw",
        "directory" : "/scratch/snx2000/ccocha/randrw/96_node",
        "filename_format" : "$jobname.35.$jobnum.$filenum"
      },
      "read" : {
        "io_bytes" : 111538176,
        "io_kbytes" : 108924,
        "bw_bytes" : 370372,
        "bw" : 361,
        "iops" : 90.423077,
        "runtime" : 301151,
        "total_ios" : 27231,
        "short_ios" : 0,
        "drop_ios" : 0,
        "slat_ns" : {
          "min" : 756245,
          "max" : 77942053563,
          "mean" : 176373531.593258,
          "stddev" : 1450424680.388364,
          "N" : 27231
        },
        "clat_ns" : {
          "min" : 20320,
          "max" : 112134877240,
          "mean" : 22332856450.549675,
          "stddev" : 24300579859.316517,
          "N" : 27231,
          "percentile" : {
            "1.000000" : 1786773504,
            "5.000000" : 1988100096,
            "10.000000" : 2164260864,
            "20.000000" : 2399141888,
            "30.000000" : 2969567232,
            "40.000000" : 17112760320,
            "50.000000" : 17112760320,
            "60.000000" : 17112760320,
            "70.000000" : 17112760320,
            "80.000000" : 17112760320,
            "90.000000" : 17112760320,
            "95.000000" : 17112760320,
            "99.000000" : 17112760320,
            "99.500000" : 17112760320,
            "99.900000" : 17112760320,
            "99.950000" : 17112760320,
            "99.990000" : 17112760320
          }
        },
        "lat_ns" : {
          "min" : 324322404,
          "max" : 112161539372,
          "mean" : 22509233276.259914,
          "stddev" : 24398826130.017101,
          "N" : 27231
        },
        "bw_min" : 128,
        "bw_max" : 5280,
        "bw_agg" : 100.000000,
        "bw_mean" : 786.720442,
        "bw_dev" : 60.310393,
        "bw_samples" : 4085,
        "iops_min" : 32,
        "iops_max" : 1320,
        "iops_mean" : 196.680111,
        "iops_stddev" : 15.077598,
        "iops_samples" : 4085
      },
      "write" : {
        "io_bytes" : 112037888,
        "io_kbytes" : 109412,
        "bw_bytes" : 372032,
        "bw" : 363,
        "iops" : 90.828189,
        "runtime" : 301151,
        "total_ios" : 27353,
        "short_ios" : 0,
        "drop_ios" : 0,
        "slat_ns" : {
          "min" : 75280,
          "max" : 1656433,
          "mean" : 120455.127006,
          "stddev" : 48463.824607,
          "N" : 27353
        },
        "clat_ns" : {
          "min" : 324333754,
          "max" : 112161415631,
          "mean" : 22432707899.961617,
          "stddev" : 24685948202.162090,
          "N" : 27353,
          "percentile" : {
            "1.000000" : 1786773504,
            "5.000000" : 1988100096,
            "10.000000" : 2164260864,
            "20.000000" : 2399141888,
            "30.000000" : 2902458368,
            "40.000000" : 17112760320,
            "50.000000" : 17112760320,
            "60.000000" : 17112760320,
            "70.000000" : 17112760320,
            "80.000000" : 17112760320,
            "90.000000" : 17112760320,
            "95.000000" : 17112760320,
            "99.000000" : 17112760320,
            "99.500000" : 17112760320,
            "99.900000" : 17112760320,
            "99.950000" : 17112760320,
            "99.990000" : 17112760320
          }
        },
        "lat_ns" : {
          "min" : 324507805,
          "max" : 112161503942,
          "mean" : 22432829545.974155,
          "stddev" : 24685947978.644394,
          "N" : 27353
        },
        "bw_min" : 128,
        "bw_max" : 5256,
        "bw_agg" : 100.000000,
        "bw_mean" : 789.198132,
        "bw_dev" : 61.358678,
        "bw_samples" : 4101,
        "iops_min" : 32,
        "iops_max" : 1314,
        "iops_mean" : 197.299533,
        "iops_stddev" : 15.339669,
        "iops_samples" : 4101
      },
      "trim" : {
        "io_bytes" : 0,
        "io_kbytes" : 0,
        "bw_bytes" : 0,
        "bw" : 0,
        "iops" : 0.000000,
        "runtime" : 0,
        "total_ios" : 0,
        "short_ios" : 0,
        "drop_ios" : 0,
        "slat_ns" : {
          "min" : 0,
          "max" : 0,
          "mean" : 0.000000,
          "stddev" : 0.000000,
          "N" : 0
        },
        "clat_ns" : {
          "min" : 0,
          "max" : 0,
          "mean" : 0.000000,
          "stddev" : 0.000000,
          "N" : 0
        },
        "lat_ns" : {
          "min" : 0,
          "max" : 0,
          "mean" : 0.000000,
          "stddev" : 0.000000,
          "N" : 0
        },
        "bw_min" : 0,
        "bw_max" : 0,
        "bw_agg" : 0.000000,
        "bw_mean" : 0.000000,
        "bw_dev" : 0.000000,
        "bw_samples" : 0,
        "iops_min" : 0,
        "iops_max" : 0,
        "iops_mean" : 0.000000,
        "iops_stddev" : 0.000000,
        "iops_samples" : 0
      },
      "sync" : {
        "total_ios" : 0,
        "lat_ns" : {
          "min" : 0,
          "max" : 0,
          "mean" : 0.000000,
          "stddev" : 0.000000,
          "N" : 0
        }
      },
      "job_runtime" : 4807177,
      "usr_cpu" : 0.024359,
      "sys_cpu" : 0.163610,
      "ctx" : 27361,
      "majf" : 0,
      "minf" : 662,
      "iodepth_level" : {
        "1" : 0.100000,
        "2" : 0.100000,
        "4" : 0.117250,
        "8" : 0.234501,
        "16" : 0.469002,
        "32" : 0.938004,
        ">=64" : 98.153305
      },
      "iodepth_submit" : {
        "0" : 0.000000,
        "4" : 100.000000,
        "8" : 0.000000,
        "16" : 0.000000,
        "32" : 0.000000,
        "64" : 0.000000,
        ">=64" : 0.000000
      },
      "iodepth_complete" : {
        "0" : 0.000000,
        "4" : 99.968329,
        "8" : 0.000000,
        "16" : 0.000000,
        "32" : 0.000000,
        "64" : 0.000000,
        ">=64" : 0.100000
      },
      "latency_ns" : {
        "2" : 0.000000,
        "4" : 0.000000,
        "10" : 0.000000,
        "20" : 0.000000,
        "50" : 0.000000,
        "100" : 0.000000,
        "250" : 0.000000,
        "500" : 0.000000,
        "750" : 0.000000,
        "1000" : 0.000000
      },
      "latency_us" : {
        "2" : 0.000000,
        "4" : 0.000000,
        "10" : 0.000000,
        "20" : 0.000000,
        "50" : 0.029313,
        "100" : 0.000000,
        "250" : 0.000000,
        "500" : 0.000000,
        "750" : 0.000000,
        "1000" : 0.000000
      },
      "latency_ms" : {
        "2" : 0.000000,
        "4" : 0.000000,
        "10" : 0.000000,
        "20" : 0.000000,
        "50" : 0.000000,
        "100" : 0.000000,
        "250" : 0.000000,
        "500" : 0.020152,
        "750" : 0.034809,
        "1000" : 0.053129,
        "2000" : 5.006962,
        ">=2000" : 94.855635
      },
      "latency_depth" : 256,
      "latency_target" : 0,
      "latency_percentile" : 100.000000,
      "latency_window" : 0
    }
  ]
}
