{
  "fio version" : "fio-3.27",
  "timestamp" : 1627021867,
  "timestamp_ms" : 1627021867750,
  "time" : "Fri Jul 23 08:31:07 2021",
  "jobs" : [
    {
      "jobname" : "randrw",
      "groupid" : 0,
      "error" : 0,
      "eta" : 0,
      "elapsed" : 301,
      "job options" : {
        "bs" : "4K",
        "iodepth" : "256",
        "direct" : "0",
        "ioengine" : "libaio",
        "time_based" : "1",
        "runtime" : "300",
        "numjobs" : "2",
        "size" : "1g",
        "name" : "randrw",
        "rw" : "randrw",
        "directory" : "/scratch/snx2000/ccocha/randrw/96_node",
        "filename_format" : "$jobname.24.$jobnum.$filenum"
      },
      "read" : {
        "io_bytes" : 114937856,
        "io_kbytes" : 112244,
        "bw_bytes" : 383072,
        "bw" : 374,
        "iops" : 93.523573,
        "runtime" : 300042,
        "total_ios" : 28061,
        "short_ios" : 0,
        "drop_ios" : 0,
        "slat_ns" : {
          "min" : 470295,
          "max" : 8709109230,
          "mean" : 21240415.434625,
          "stddev" : 103586809.631628,
          "N" : 28061
        },
        "clat_ns" : {
          "min" : 26100,
          "max" : 20354357279,
          "mean" : 2708945682.412022,
          "stddev" : 1842565587.674735,
          "N" : 28061,
          "percentile" : {
            "1.000000" : 675282944,
            "5.000000" : 759169024,
            "10.000000" : 901775360,
            "20.000000" : 1954545664,
            "30.000000" : 2231369728,
            "40.000000" : 2466250752,
            "50.000000" : 2667577344,
            "60.000000" : 2835349504,
            "70.000000" : 3070230528,
            "80.000000" : 3305111552,
            "90.000000" : 3607101440,
            "95.000000" : 3875536896,
            "99.000000" : 4932501504,
            "99.500000" : 17112760320,
            "99.900000" : 17112760320,
            "99.950000" : 17112760320,
            "99.990000" : 17112760320
          }
        },
        "lat_ns" : {
          "min" : 37788377,
          "max" : 20358575990,
          "mean" : 2730188880.979074,
          "stddev" : 1849210686.502227,
          "N" : 28061
        },
        "bw_min" : 16,
        "bw_max" : 1640,
        "bw_agg" : 100.000000,
        "bw_mean" : 392.920354,
        "bw_dev" : 133.821201,
        "bw_samples" : 1130,
        "iops_min" : 4,
        "iops_max" : 410,
        "iops_mean" : 98.230088,
        "iops_stddev" : 33.455300,
        "iops_samples" : 1130
      },
      "write" : {
        "io_bytes" : 115752960,
        "io_kbytes" : 113040,
        "bw_bytes" : 385789,
        "bw" : 376,
        "iops" : 94.186814,
        "runtime" : 300042,
        "total_ios" : 28260,
        "short_ios" : 0,
        "drop_ios" : 0,
        "slat_ns" : {
          "min" : 75350,
          "max" : 1635736,
          "mean" : 108356.330326,
          "stddev" : 40350.256206,
          "N" : 28260
        },
        "clat_ns" : {
          "min" : 37798397,
          "max" : 20358064355,
          "mean" : 2717138807.589025,
          "stddev" : 1898069009.570039,
          "N" : 28260,
          "percentile" : {
            "1.000000" : 675282944,
            "5.000000" : 759169024,
            "10.000000" : 876609536,
            "20.000000" : 1937768448,
            "30.000000" : 2231369728,
            "40.000000" : 2466250752,
            "50.000000" : 2667577344,
            "60.000000" : 2868903936,
            "70.000000" : 3070230528,
            "80.000000" : 3305111552,
            "90.000000" : 3607101440,
            "95.000000" : 3909091328,
            "99.000000" : 4932501504,
            "99.500000" : 17112760320,
            "99.900000" : 17112760320,
            "99.950000" : 17112760320,
            "99.990000" : 17112760320
          }
        },
        "lat_ns" : {
          "min" : 37882828,
          "max" : 20358155806,
          "mean" : 2717248377.710947,
          "stddev" : 1898069244.564997,
          "N" : 28260
        },
        "bw_min" : 16,
        "bw_max" : 1536,
        "bw_agg" : 100.000000,
        "bw_mean" : 397.207823,
        "bw_dev" : 136.363792,
        "bw_samples" : 1127,
        "iops_min" : 4,
        "iops_max" : 384,
        "iops_mean" : 99.301956,
        "iops_stddev" : 34.090948,
        "iops_samples" : 1127
      },
      "trim" : {
        "io_bytes" : 0,
        "io_kbytes" : 0,
        "bw_bytes" : 0,
        "bw" : 0,
        "iops" : 0.000000,
        "runtime" : 0,
        "total_ios" : 0,
        "short_ios" : 0,
        "drop_ios" : 0,
        "slat_ns" : {
          "min" : 0,
          "max" : 0,
          "mean" : 0.000000,
          "stddev" : 0.000000,
          "N" : 0
        },
        "clat_ns" : {
          "min" : 0,
          "max" : 0,
          "mean" : 0.000000,
          "stddev" : 0.000000,
          "N" : 0
        },
        "lat_ns" : {
          "min" : 0,
          "max" : 0,
          "mean" : 0.000000,
          "stddev" : 0.000000,
          "N" : 0
        },
        "bw_min" : 0,
        "bw_max" : 0,
        "bw_agg" : 0.000000,
        "bw_mean" : 0.000000,
        "bw_dev" : 0.000000,
        "bw_samples" : 0,
        "iops_min" : 0,
        "iops_max" : 0,
        "iops_mean" : 0.000000,
        "iops_stddev" : 0.000000,
        "iops_samples" : 0
      },
      "sync" : {
        "total_ios" : 0,
        "lat_ns" : {
          "min" : 0,
          "max" : 0,
          "mean" : 0.000000,
          "stddev" : 0.000000,
          "N" : 0
        }
      },
      "job_runtime" : 600046,
      "usr_cpu" : 0.165821,
      "sys_cpu" : 1.209241,
      "ctx" : 28083,
      "majf" : 0,
      "minf" : 88,
      "iodepth_level" : {
        "1" : 0.100000,
        "2" : 0.100000,
        "4" : 0.100000,
        "8" : 0.100000,
        "16" : 0.100000,
        "32" : 0.113634,
        ">=64" : 99.776282
      },
      "iodepth_submit" : {
        "0" : 0.000000,
        "4" : 100.000000,
        "8" : 0.000000,
        "16" : 0.000000,
        "32" : 0.000000,
        "64" : 0.000000,
        ">=64" : 0.000000
      },
      "iodepth_complete" : {
        "0" : 0.000000,
        "4" : 99.996417,
        "8" : 0.000000,
        "16" : 0.000000,
        "32" : 0.000000,
        "64" : 0.000000,
        ">=64" : 0.100000
      },
      "latency_ns" : {
        "2" : 0.000000,
        "4" : 0.000000,
        "10" : 0.000000,
        "20" : 0.000000,
        "50" : 0.000000,
        "100" : 0.000000,
        "250" : 0.000000,
        "500" : 0.000000,
        "750" : 0.000000,
        "1000" : 0.000000
      },
      "latency_us" : {
        "2" : 0.000000,
        "4" : 0.000000,
        "10" : 0.000000,
        "20" : 0.000000,
        "50" : 0.010000,
        "100" : 0.000000,
        "250" : 0.000000,
        "500" : 0.000000,
        "750" : 0.000000,
        "1000" : 0.000000
      },
      "latency_ms" : {
        "2" : 0.000000,
        "4" : 0.000000,
        "10" : 0.000000,
        "20" : 0.000000,
        "50" : 0.014204,
        "100" : 0.024858,
        "250" : 0.060368,
        "500" : 0.102981,
        "750" : 4.234655,
        "1000" : 6.365299,
        "2000" : 10.635465,
        ">=2000" : 78.558619
      },
      "latency_depth" : 256,
      "latency_target" : 0,
      "latency_percentile" : 100.000000,
      "latency_window" : 0
    }
  ]
}
