{
  "fio version" : "fio-3.27",
  "timestamp" : 1627427697,
  "timestamp_ms" : 1627427697760,
  "time" : "Wed Jul 28 01:14:57 2021",
  "jobs" : [
    {
      "jobname" : "seq-read",
      "groupid" : 0,
      "error" : 0,
      "eta" : 0,
      "elapsed" : 301,
      "job options" : {
        "bs" : "4K",
        "iodepth" : "256",
        "direct" : "1",
        "ioengine" : "libaio",
        "time_based" : "1",
        "runtime" : "300",
        "numjobs" : "16",
        "size" : "1g",
        "name" : "seq-read",
        "rw" : "read",
        "directory" : "/scratch/snx2000/ccocha/seqread/64_node/",
        "filename_format" : "$jobname.50.$jobnum.$filenum"
      },
      "read" : {
        "io_bytes" : 10693206016,
        "io_kbytes" : 10442584,
        "bw_bytes" : 35642356,
        "bw" : 34806,
        "iops" : 8701.747252,
        "runtime" : 300014,
        "total_ios" : 2610646,
        "short_ios" : 0,
        "drop_ios" : 0,
        "slat_ns" : {
          "min" : 456740,
          "max" : 76885674,
          "mean" : 1817589.900914,
          "stddev" : 918338.694511,
          "N" : 2610646
        },
        "clat_ns" : {
          "min" : 12520,
          "max" : 759566547,
          "mean" : 468452223.417045,
          "stddev" : 33424026.122007,
          "N" : 2610646,
          "percentile" : {
            "1.000000" : 408944640,
            "5.000000" : 429916160,
            "10.000000" : 438304768,
            "20.000000" : 450887680,
            "30.000000" : 455081984,
            "40.000000" : 463470592,
            "50.000000" : 467664896,
            "60.000000" : 471859200,
            "70.000000" : 480247808,
            "80.000000" : 488636416,
            "90.000000" : 505413632,
            "95.000000" : 517996544,
            "99.000000" : 541065216,
            "99.500000" : 549453824,
            "99.900000" : 583008256,
            "99.950000" : 599785472,
            "99.990000" : 658505728
          }
        },
        "lat_ns" : {
          "min" : 662680,
          "max" : 776022464,
          "mean" : 470272593.011645,
          "stddev" : 33520431.135514,
          "N" : 2610646
        },
        "bw_min" : 22619,
        "bw_max" : 61850,
        "bw_agg" : 99.870749,
        "bw_mean" : 34762.441111,
        "bw_dev" : 137.940059,
        "bw_samples" : 9571,
        "iops_min" : 5654,
        "iops_max" : 15453,
        "iops_mean" : 8690.423468,
        "iops_stddev" : 34.492225,
        "iops_samples" : 9571
      },
      "write" : {
        "io_bytes" : 0,
        "io_kbytes" : 0,
        "bw_bytes" : 0,
        "bw" : 0,
        "iops" : 0.000000,
        "runtime" : 0,
        "total_ios" : 0,
        "short_ios" : 0,
        "drop_ios" : 0,
        "slat_ns" : {
          "min" : 0,
          "max" : 0,
          "mean" : 0.000000,
          "stddev" : 0.000000,
          "N" : 0
        },
        "clat_ns" : {
          "min" : 0,
          "max" : 0,
          "mean" : 0.000000,
          "stddev" : 0.000000,
          "N" : 0
        },
        "lat_ns" : {
          "min" : 0,
          "max" : 0,
          "mean" : 0.000000,
          "stddev" : 0.000000,
          "N" : 0
        },
        "bw_min" : 0,
        "bw_max" : 0,
        "bw_agg" : 0.000000,
        "bw_mean" : 0.000000,
        "bw_dev" : 0.000000,
        "bw_samples" : 0,
        "iops_min" : 0,
        "iops_max" : 0,
        "iops_mean" : 0.000000,
        "iops_stddev" : 0.000000,
        "iops_samples" : 0
      },
      "trim" : {
        "io_bytes" : 0,
        "io_kbytes" : 0,
        "bw_bytes" : 0,
        "bw" : 0,
        "iops" : 0.000000,
        "runtime" : 0,
        "total_ios" : 0,
        "short_ios" : 0,
        "drop_ios" : 0,
        "slat_ns" : {
          "min" : 0,
          "max" : 0,
          "mean" : 0.000000,
          "stddev" : 0.000000,
          "N" : 0
        },
        "clat_ns" : {
          "min" : 0,
          "max" : 0,
          "mean" : 0.000000,
          "stddev" : 0.000000,
          "N" : 0
        },
        "lat_ns" : {
          "min" : 0,
          "max" : 0,
          "mean" : 0.000000,
          "stddev" : 0.000000,
          "N" : 0
        },
        "bw_min" : 0,
        "bw_max" : 0,
        "bw_agg" : 0.000000,
        "bw_mean" : 0.000000,
        "bw_dev" : 0.000000,
        "bw_samples" : 0,
        "iops_min" : 0,
        "iops_max" : 0,
        "iops_mean" : 0.000000,
        "iops_stddev" : 0.000000,
        "iops_samples" : 0
      },
      "sync" : {
        "total_ios" : 0,
        "lat_ns" : {
          "min" : 0,
          "max" : 0,
          "mean" : 0.000000,
          "stddev" : 0.000000,
          "N" : 0
        }
      },
      "job_runtime" : 4800015,
      "usr_cpu" : 1.308829,
      "sys_cpu" : 8.399140,
      "ctx" : 2610986,
      "majf" : 0,
      "minf" : 4735,
      "iodepth_level" : {
        "1" : 0.100000,
        "2" : 0.100000,
        "4" : 0.100000,
        "8" : 0.100000,
        "16" : 0.100000,
        "32" : 0.100000,
        ">=64" : 99.961389
      },
      "iodepth_submit" : {
        "0" : 0.000000,
        "4" : 100.000000,
        "8" : 0.000000,
        "16" : 0.000000,
        "32" : 0.000000,
        "64" : 0.000000,
        ">=64" : 0.000000
      },
      "iodepth_complete" : {
        "0" : 0.000000,
        "4" : 99.999386,
        "8" : 0.000000,
        "16" : 0.000000,
        "32" : 0.000000,
        "64" : 0.000000,
        ">=64" : 0.100000
      },
      "latency_ns" : {
        "2" : 0.000000,
        "4" : 0.000000,
        "10" : 0.000000,
        "20" : 0.000000,
        "50" : 0.000000,
        "100" : 0.000000,
        "250" : 0.000000,
        "500" : 0.000000,
        "750" : 0.000000,
        "1000" : 0.000000
      },
      "latency_us" : {
        "2" : 0.000000,
        "4" : 0.000000,
        "10" : 0.000000,
        "20" : 0.010000,
        "50" : 0.010000,
        "100" : 0.000000,
        "250" : 0.000000,
        "500" : 0.000000,
        "750" : 0.010000,
        "1000" : 0.010000
      },
      "latency_ms" : {
        "2" : 0.010000,
        "4" : 0.010000,
        "10" : 0.010000,
        "20" : 0.010000,
        "50" : 0.020646,
        "100" : 0.035087,
        "250" : 0.412963,
        "500" : 87.686917,
        "750" : 11.830214,
        "1000" : 0.010000,
        "2000" : 0.000000,
        ">=2000" : 0.000000
      },
      "latency_depth" : 256,
      "latency_target" : 0,
      "latency_percentile" : 100.000000,
      "latency_window" : 0
    }
  ]
}
