{
  "fio version" : "fio-3.27",
  "timestamp" : 1627028725,
  "timestamp_ms" : 1627028725868,
  "time" : "Fri Jul 23 10:25:25 2021",
  "jobs" : [
    {
      "jobname" : "randrw",
      "groupid" : 0,
      "error" : 0,
      "eta" : 0,
      "elapsed" : 301,
      "job options" : {
        "bs" : "4K",
        "iodepth" : "256",
        "direct" : "0",
        "ioengine" : "libaio",
        "time_based" : "1",
        "runtime" : "300",
        "numjobs" : "1",
        "size" : "1g",
        "name" : "randrw",
        "rw" : "randrw",
        "directory" : "/scratch/snx2000/ccocha/randrw/150_node",
        "filename_format" : "$jobname.0.$jobnum.$filenum"
      },
      "read" : {
        "io_bytes" : 70078464,
        "io_kbytes" : 68436,
        "bw_bytes" : 233555,
        "bw" : 228,
        "iops" : 57.020497,
        "runtime" : 300050,
        "total_ios" : 17109,
        "short_ios" : 0,
        "drop_ios" : 0,
        "slat_ns" : {
          "min" : 472467,
          "max" : 1121288633,
          "mean" : 17399752.535157,
          "stddev" : 37804026.017997,
          "N" : 17109
        },
        "clat_ns" : {
          "min" : 26300,
          "max" : 15443887160,
          "mean" : 2237147952.281621,
          "stddev" : 1346226039.840127,
          "N" : 17109,
          "percentile" : {
            "1.000000" : 675282944,
            "5.000000" : 759169024,
            "10.000000" : 910163968,
            "20.000000" : 1501560832,
            "30.000000" : 1719664640,
            "40.000000" : 1937768448,
            "50.000000" : 2139095040,
            "60.000000" : 2399141888,
            "70.000000" : 2600468480,
            "80.000000" : 2868903936,
            "90.000000" : 3170893824,
            "95.000000" : 3439329280,
            "99.000000" : 4529848320,
            "99.500000" : 15233712128,
            "99.900000" : 15367929856,
            "99.950000" : 15367929856,
            "99.990000" : 15502147584
          }
        },
        "lat_ns" : {
          "min" : 53812292,
          "max" : 15449016464,
          "mean" : 2254550264.994001,
          "stddev" : 1350698179.363399,
          "N" : 17109
        },
        "bw_min" : 8,
        "bw_max" : 920,
        "bw_agg" : 100.000000,
        "bw_mean" : 231.513652,
        "bw_dev" : 158.560492,
        "bw_samples" : 586,
        "iops_min" : 2,
        "iops_max" : 230,
        "iops_mean" : 57.877133,
        "iops_stddev" : 39.636967,
        "iops_samples" : 586
      },
      "write" : {
        "io_bytes" : 70086656,
        "io_kbytes" : 68444,
        "bw_bytes" : 233583,
        "bw" : 228,
        "iops" : 57.027162,
        "runtime" : 300050,
        "total_ios" : 17111,
        "short_ios" : 0,
        "drop_ios" : 0,
        "slat_ns" : {
          "min" : 75532,
          "max" : 640239,
          "mean" : 105457.933493,
          "stddev" : 40813.329461,
          "N" : 17111
        },
        "clat_ns" : {
          "min" : 53822562,
          "max" : 15441694648,
          "mean" : 2228210440.151419,
          "stddev" : 1328203031.246886,
          "N" : 17111,
          "percentile" : {
            "1.000000" : 658505728,
            "5.000000" : 759169024,
            "10.000000" : 884998144,
            "20.000000" : 1468006400,
            "30.000000" : 1702887424,
            "40.000000" : 1904214016,
            "50.000000" : 2139095040,
            "60.000000" : 2399141888,
            "70.000000" : 2634022912,
            "80.000000" : 2868903936,
            "90.000000" : 3204448256,
            "95.000000" : 3439329280,
            "99.000000" : 4462739456,
            "99.500000" : 15099494400,
            "99.900000" : 15367929856,
            "99.950000" : 15367929856,
            "99.990000" : 15502147584
          }
        },
        "lat_ns" : {
          "min" : 53912953,
          "max" : 15441787160,
          "mean" : 2228317047.198809,
          "stddev" : 1328202272.077326,
          "N" : 17111
        },
        "bw_min" : 8,
        "bw_max" : 816,
        "bw_agg" : 100.000000,
        "bw_mean" : 232.650086,
        "bw_dev" : 160.052465,
        "bw_samples" : 583,
        "iops_min" : 2,
        "iops_max" : 204,
        "iops_mean" : 58.161235,
        "iops_stddev" : 40.010412,
        "iops_samples" : 583
      },
      "trim" : {
        "io_bytes" : 0,
        "io_kbytes" : 0,
        "bw_bytes" : 0,
        "bw" : 0,
        "iops" : 0.000000,
        "runtime" : 0,
        "total_ios" : 0,
        "short_ios" : 0,
        "drop_ios" : 0,
        "slat_ns" : {
          "min" : 0,
          "max" : 0,
          "mean" : 0.000000,
          "stddev" : 0.000000,
          "N" : 0
        },
        "clat_ns" : {
          "min" : 0,
          "max" : 0,
          "mean" : 0.000000,
          "stddev" : 0.000000,
          "N" : 0
        },
        "lat_ns" : {
          "min" : 0,
          "max" : 0,
          "mean" : 0.000000,
          "stddev" : 0.000000,
          "N" : 0
        },
        "bw_min" : 0,
        "bw_max" : 0,
        "bw_agg" : 0.000000,
        "bw_mean" : 0.000000,
        "bw_dev" : 0.000000,
        "bw_samples" : 0,
        "iops_min" : 0,
        "iops_max" : 0,
        "iops_mean" : 0.000000,
        "iops_stddev" : 0.000000,
        "iops_samples" : 0
      },
      "sync" : {
        "total_ios" : 0,
        "lat_ns" : {
          "min" : 0,
          "max" : 0,
          "mean" : 0.000000,
          "stddev" : 0.000000,
          "N" : 0
        }
      },
      "job_runtime" : 300049,
      "usr_cpu" : 0.187969,
      "sys_cpu" : 1.437432,
      "ctx" : 17120,
      "majf" : 0,
      "minf" : 43,
      "iodepth_level" : {
        "1" : 0.100000,
        "2" : 0.100000,
        "4" : 0.100000,
        "8" : 0.100000,
        "16" : 0.100000,
        "32" : 0.100000,
        ">=64" : 99.815897
      },
      "iodepth_submit" : {
        "0" : 0.000000,
        "4" : 100.000000,
        "8" : 0.000000,
        "16" : 0.000000,
        "32" : 0.000000,
        "64" : 0.000000,
        ">=64" : 0.000000
      },
      "iodepth_complete" : {
        "0" : 0.000000,
        "4" : 99.997056,
        "8" : 0.000000,
        "16" : 0.000000,
        "32" : 0.000000,
        "64" : 0.000000,
        ">=64" : 0.100000
      },
      "latency_ns" : {
        "2" : 0.000000,
        "4" : 0.000000,
        "10" : 0.000000,
        "20" : 0.000000,
        "50" : 0.000000,
        "100" : 0.000000,
        "250" : 0.000000,
        "500" : 0.000000,
        "750" : 0.000000,
        "1000" : 0.000000
      },
      "latency_us" : {
        "2" : 0.000000,
        "4" : 0.000000,
        "10" : 0.000000,
        "20" : 0.000000,
        "50" : 0.010000,
        "100" : 0.000000,
        "250" : 0.000000,
        "500" : 0.000000,
        "750" : 0.000000,
        "1000" : 0.000000
      },
      "latency_ms" : {
        "2" : 0.000000,
        "4" : 0.000000,
        "10" : 0.000000,
        "20" : 0.000000,
        "50" : 0.000000,
        "100" : 0.049679,
        "250" : 0.090590,
        "500" : 0.040912,
        "750" : 4.085330,
        "1000" : 7.068966,
        "2000" : 31.811806,
        ">=2000" : 56.849795
      },
      "latency_depth" : 256,
      "latency_target" : 0,
      "latency_percentile" : 100.000000,
      "latency_window" : 0
    }
  ]
}
