{
  "fio version" : "fio-3.27",
  "timestamp" : 1627440312,
  "timestamp_ms" : 1627440312709,
  "time" : "Wed Jul 28 04:45:12 2021",
  "jobs" : [
    {
      "jobname" : "seq-read",
      "groupid" : 0,
      "error" : 0,
      "eta" : 0,
      "elapsed" : 301,
      "job options" : {
        "bs" : "4K",
        "iodepth" : "256",
        "direct" : "1",
        "ioengine" : "libaio",
        "time_based" : "1",
        "runtime" : "300",
        "numjobs" : "64",
        "size" : "1g",
        "name" : "seq-read",
        "rw" : "read",
        "directory" : "/scratch/snx2000/ccocha/seqread/150_node/",
        "filename_format" : "$jobname.70.$jobnum.$filenum"
      },
      "read" : {
        "io_bytes" : 3071918080,
        "io_kbytes" : 2999920,
        "bw_bytes" : 10231882,
        "bw" : 9992,
        "iops" : 2498.018186,
        "runtime" : 300230,
        "total_ios" : 749980,
        "short_ios" : 0,
        "drop_ios" : 0,
        "slat_ns" : {
          "min" : 642897,
          "max" : 7630618059,
          "mean" : 25576964.754755,
          "stddev" : 51419083.363935,
          "N" : 749980
        },
        "clat_ns" : {
          "min" : 12890,
          "max" : 64391738080,
          "mean" : 6480155002.861312,
          "stddev" : 6268036581.049827,
          "N" : 749980,
          "percentile" : {
            "1.000000" : 375390208,
            "5.000000" : 3439329280,
            "10.000000" : 4043309056,
            "20.000000" : 4211081216,
            "30.000000" : 4328521728,
            "40.000000" : 4395630592,
            "50.000000" : 4529848320,
            "60.000000" : 4596957184,
            "70.000000" : 4865392640,
            "80.000000" : 6274678784,
            "90.000000" : 11744051200,
            "95.000000" : 17112760320,
            "99.000000" : 17112760320,
            "99.500000" : 17112760320,
            "99.900000" : 17112760320,
            "99.950000" : 17112760320,
            "99.990000" : 17112760320
          }
        },
        "lat_ns" : {
          "min" : 1912130,
          "max" : 64446291030,
          "mean" : 6505735526.906462,
          "stddev" : 6289751221.797285,
          "N" : 749980
        },
        "bw_min" : 2040,
        "bw_max" : 83869,
        "bw_agg" : 100.000000,
        "bw_mean" : 10111.382495,
        "bw_dev" : 91.977843,
        "bw_samples" : 36441,
        "iops_min" : 510,
        "iops_max" : 20940,
        "iops_mean" : 2527.780887,
        "iops_stddev" : 22.981947,
        "iops_samples" : 36441
      },
      "write" : {
        "io_bytes" : 0,
        "io_kbytes" : 0,
        "bw_bytes" : 0,
        "bw" : 0,
        "iops" : 0.000000,
        "runtime" : 0,
        "total_ios" : 0,
        "short_ios" : 0,
        "drop_ios" : 0,
        "slat_ns" : {
          "min" : 0,
          "max" : 0,
          "mean" : 0.000000,
          "stddev" : 0.000000,
          "N" : 0
        },
        "clat_ns" : {
          "min" : 0,
          "max" : 0,
          "mean" : 0.000000,
          "stddev" : 0.000000,
          "N" : 0
        },
        "lat_ns" : {
          "min" : 0,
          "max" : 0,
          "mean" : 0.000000,
          "stddev" : 0.000000,
          "N" : 0
        },
        "bw_min" : 0,
        "bw_max" : 0,
        "bw_agg" : 0.000000,
        "bw_mean" : 0.000000,
        "bw_dev" : 0.000000,
        "bw_samples" : 0,
        "iops_min" : 0,
        "iops_max" : 0,
        "iops_mean" : 0.000000,
        "iops_stddev" : 0.000000,
        "iops_samples" : 0
      },
      "trim" : {
        "io_bytes" : 0,
        "io_kbytes" : 0,
        "bw_bytes" : 0,
        "bw" : 0,
        "iops" : 0.000000,
        "runtime" : 0,
        "total_ios" : 0,
        "short_ios" : 0,
        "drop_ios" : 0,
        "slat_ns" : {
          "min" : 0,
          "max" : 0,
          "mean" : 0.000000,
          "stddev" : 0.000000,
          "N" : 0
        },
        "clat_ns" : {
          "min" : 0,
          "max" : 0,
          "mean" : 0.000000,
          "stddev" : 0.000000,
          "N" : 0
        },
        "lat_ns" : {
          "min" : 0,
          "max" : 0,
          "mean" : 0.000000,
          "stddev" : 0.000000,
          "N" : 0
        },
        "bw_min" : 0,
        "bw_max" : 0,
        "bw_agg" : 0.000000,
        "bw_mean" : 0.000000,
        "bw_dev" : 0.000000,
        "bw_samples" : 0,
        "iops_min" : 0,
        "iops_max" : 0,
        "iops_mean" : 0.000000,
        "iops_stddev" : 0.000000,
        "iops_samples" : 0
      },
      "sync" : {
        "total_ios" : 0,
        "lat_ns" : {
          "min" : 0,
          "max" : 0,
          "mean" : 0.000000,
          "stddev" : 0.000000,
          "N" : 0
        }
      },
      "job_runtime" : 19200598,
      "usr_cpu" : 0.111523,
      "sys_cpu" : 0.670583,
      "ctx" : 750460,
      "majf" : 0,
      "minf" : 18998,
      "iodepth_level" : {
        "1" : 0.100000,
        "2" : 0.100000,
        "4" : 0.100000,
        "8" : 0.100000,
        "16" : 0.136537,
        "32" : 0.273074,
        ">=64" : 99.462386
      },
      "iodepth_submit" : {
        "0" : 0.000000,
        "4" : 100.000000,
        "8" : 0.000000,
        "16" : 0.000000,
        "32" : 0.000000,
        "64" : 0.000000,
        ">=64" : 0.000000
      },
      "iodepth_complete" : {
        "0" : 0.000000,
        "4" : 99.991277,
        "8" : 0.000000,
        "16" : 0.000000,
        "32" : 0.000000,
        "64" : 0.000000,
        ">=64" : 0.100000
      },
      "latency_ns" : {
        "2" : 0.000000,
        "4" : 0.000000,
        "10" : 0.000000,
        "20" : 0.000000,
        "50" : 0.000000,
        "100" : 0.000000,
        "250" : 0.000000,
        "500" : 0.000000,
        "750" : 0.000000,
        "1000" : 0.000000
      },
      "latency_us" : {
        "2" : 0.000000,
        "4" : 0.000000,
        "10" : 0.000000,
        "20" : 0.010000,
        "50" : 0.010000,
        "100" : 0.010000,
        "250" : 0.000000,
        "500" : 0.000000,
        "750" : 0.000000,
        "1000" : 0.000000
      },
      "latency_ms" : {
        "2" : 0.010000,
        "4" : 0.010000,
        "10" : 0.014667,
        "20" : 0.026934,
        "50" : 0.077735,
        "100" : 0.126670,
        "250" : 0.399211,
        "500" : 0.670951,
        "750" : 1.446439,
        "1000" : 0.562015,
        "2000" : 0.410678,
        ">=2000" : 96.249767
      },
      "latency_depth" : 256,
      "latency_target" : 0,
      "latency_percentile" : 100.000000,
      "latency_window" : 0
    }
  ]
}
