{
  "fio version" : "fio-3.27",
  "timestamp" : 1627437326,
  "timestamp_ms" : 1627437326005,
  "time" : "Wed Jul 28 03:55:26 2021",
  "jobs" : [
    {
      "jobname" : "seq-read",
      "groupid" : 0,
      "error" : 0,
      "eta" : 0,
      "elapsed" : 301,
      "job options" : {
        "bs" : "4K",
        "iodepth" : "256",
        "direct" : "1",
        "ioengine" : "libaio",
        "time_based" : "1",
        "runtime" : "300",
        "numjobs" : "2",
        "size" : "1g",
        "name" : "seq-read",
        "rw" : "read",
        "directory" : "/scratch/snx2000/ccocha/seqread/150_node/",
        "filename_format" : "$jobname.123.$jobnum.$filenum"
      },
      "read" : {
        "io_bytes" : 3433312256,
        "io_kbytes" : 3352844,
        "bw_bytes" : 11444107,
        "bw" : 11175,
        "iops" : 2793.971474,
        "runtime" : 300007,
        "total_ios" : 838211,
        "short_ios" : 0,
        "drop_ios" : 0,
        "slat_ns" : {
          "min" : 386484,
          "max" : 162445809,
          "mean" : 701144.603522,
          "stddev" : 1116510.607335,
          "N" : 838211
        },
        "clat_ns" : {
          "min" : 13480,
          "max" : 460248217,
          "mean" : 182465250.792450,
          "stddev" : 30130261.507211,
          "N" : 838211,
          "percentile" : {
            "1.000000" : 147849216,
            "5.000000" : 154140672,
            "10.000000" : 156237824,
            "20.000000" : 160432128,
            "30.000000" : 164626432,
            "40.000000" : 168820736,
            "50.000000" : 173015040,
            "60.000000" : 179306496,
            "70.000000" : 187695104,
            "80.000000" : 198180864,
            "90.000000" : 221249536,
            "95.000000" : 242221056,
            "99.000000" : 291504128,
            "99.500000" : 316669952,
            "99.900000" : 375390208,
            "99.950000" : 392167424,
            "99.990000" : 442499072
          }
        },
        "lat_ns" : {
          "min" : 496716,
          "max" : 460838274,
          "mean" : 183168073.685975,
          "stddev" : 30198275.102108,
          "N" : 838211
        },
        "bw_min" : 5776,
        "bw_max" : 13368,
        "bw_agg" : 99.992075,
        "bw_mean" : 11175.111853,
        "bw_dev" : 584.241847,
        "bw_samples" : 1198,
        "iops_min" : 1444,
        "iops_max" : 3342,
        "iops_mean" : 2793.767947,
        "iops_stddev" : 146.059218,
        "iops_samples" : 1198
      },
      "write" : {
        "io_bytes" : 0,
        "io_kbytes" : 0,
        "bw_bytes" : 0,
        "bw" : 0,
        "iops" : 0.000000,
        "runtime" : 0,
        "total_ios" : 0,
        "short_ios" : 0,
        "drop_ios" : 0,
        "slat_ns" : {
          "min" : 0,
          "max" : 0,
          "mean" : 0.000000,
          "stddev" : 0.000000,
          "N" : 0
        },
        "clat_ns" : {
          "min" : 0,
          "max" : 0,
          "mean" : 0.000000,
          "stddev" : 0.000000,
          "N" : 0
        },
        "lat_ns" : {
          "min" : 0,
          "max" : 0,
          "mean" : 0.000000,
          "stddev" : 0.000000,
          "N" : 0
        },
        "bw_min" : 0,
        "bw_max" : 0,
        "bw_agg" : 0.000000,
        "bw_mean" : 0.000000,
        "bw_dev" : 0.000000,
        "bw_samples" : 0,
        "iops_min" : 0,
        "iops_max" : 0,
        "iops_mean" : 0.000000,
        "iops_stddev" : 0.000000,
        "iops_samples" : 0
      },
      "trim" : {
        "io_bytes" : 0,
        "io_kbytes" : 0,
        "bw_bytes" : 0,
        "bw" : 0,
        "iops" : 0.000000,
        "runtime" : 0,
        "total_ios" : 0,
        "short_ios" : 0,
        "drop_ios" : 0,
        "slat_ns" : {
          "min" : 0,
          "max" : 0,
          "mean" : 0.000000,
          "stddev" : 0.000000,
          "N" : 0
        },
        "clat_ns" : {
          "min" : 0,
          "max" : 0,
          "mean" : 0.000000,
          "stddev" : 0.000000,
          "N" : 0
        },
        "lat_ns" : {
          "min" : 0,
          "max" : 0,
          "mean" : 0.000000,
          "stddev" : 0.000000,
          "N" : 0
        },
        "bw_min" : 0,
        "bw_max" : 0,
        "bw_agg" : 0.000000,
        "bw_mean" : 0.000000,
        "bw_dev" : 0.000000,
        "bw_samples" : 0,
        "iops_min" : 0,
        "iops_max" : 0,
        "iops_mean" : 0.000000,
        "iops_stddev" : 0.000000,
        "iops_samples" : 0
      },
      "sync" : {
        "total_ios" : 0,
        "lat_ns" : {
          "min" : 0,
          "max" : 0,
          "mean" : 0.000000,
          "stddev" : 0.000000,
          "N" : 0
        }
      },
      "job_runtime" : 600006,
      "usr_cpu" : 2.176645,
      "sys_cpu" : 14.892018,
      "ctx" : 838274,
      "majf" : 0,
      "minf" : 590,
      "iodepth_level" : {
        "1" : 0.100000,
        "2" : 0.100000,
        "4" : 0.100000,
        "8" : 0.100000,
        "16" : 0.100000,
        "32" : 0.100000,
        ">=64" : 99.984968
      },
      "iodepth_submit" : {
        "0" : 0.000000,
        "4" : 100.000000,
        "8" : 0.000000,
        "16" : 0.000000,
        "32" : 0.000000,
        "64" : 0.000000,
        ">=64" : 0.000000
      },
      "iodepth_complete" : {
        "0" : 0.000000,
        "4" : 99.999761,
        "8" : 0.000000,
        "16" : 0.000000,
        "32" : 0.000000,
        "64" : 0.000000,
        ">=64" : 0.100000
      },
      "latency_ns" : {
        "2" : 0.000000,
        "4" : 0.000000,
        "10" : 0.000000,
        "20" : 0.000000,
        "50" : 0.000000,
        "100" : 0.000000,
        "250" : 0.000000,
        "500" : 0.000000,
        "750" : 0.000000,
        "1000" : 0.000000
      },
      "latency_us" : {
        "2" : 0.000000,
        "4" : 0.000000,
        "10" : 0.000000,
        "20" : 0.010000,
        "50" : 0.000000,
        "100" : 0.000000,
        "250" : 0.000000,
        "500" : 0.000000,
        "750" : 0.010000,
        "1000" : 0.000000
      },
      "latency_ms" : {
        "2" : 0.010000,
        "4" : 0.010000,
        "10" : 0.010000,
        "20" : 0.010000,
        "50" : 0.010000,
        "100" : 0.018611,
        "250" : 96.103248,
        "500" : 3.864063,
        "750" : 0.000000,
        "1000" : 0.000000,
        "2000" : 0.000000,
        ">=2000" : 0.000000
      },
      "latency_depth" : 256,
      "latency_target" : 0,
      "latency_percentile" : 100.000000,
      "latency_window" : 0
    }
  ]
}
