{
  "fio version" : "fio-3.27",
  "timestamp" : 1627440312,
  "timestamp_ms" : 1627440312415,
  "time" : "Wed Jul 28 04:45:12 2021",
  "jobs" : [
    {
      "jobname" : "seq-read",
      "groupid" : 0,
      "error" : 0,
      "eta" : 0,
      "elapsed" : 302,
      "job options" : {
        "bs" : "4K",
        "iodepth" : "256",
        "direct" : "1",
        "ioengine" : "libaio",
        "time_based" : "1",
        "runtime" : "300",
        "numjobs" : "64",
        "size" : "1g",
        "name" : "seq-read",
        "rw" : "read",
        "directory" : "/scratch/snx2000/ccocha/seqread/150_node/",
        "filename_format" : "$jobname.14.$jobnum.$filenum"
      },
      "read" : {
        "io_bytes" : 3181907968,
        "io_kbytes" : 3107332,
        "bw_bytes" : 10574073,
        "bw" : 10326,
        "iops" : 2581.560967,
        "runtime" : 300916,
        "total_ios" : 776833,
        "short_ios" : 0,
        "drop_ios" : 0,
        "slat_ns" : {
          "min" : 644738,
          "max" : 7333026377,
          "mean" : 24697957.223460,
          "stddev" : 54494855.394279,
          "N" : 776833
        },
        "clat_ns" : {
          "min" : 13260,
          "max" : 66218580122,
          "mean" : 6258175627.931623,
          "stddev" : 5937904847.822635,
          "N" : 776833,
          "percentile" : {
            "1.000000" : 463470592,
            "5.000000" : 4009754624,
            "10.000000" : 4143972352,
            "20.000000" : 4244635648,
            "30.000000" : 4328521728,
            "40.000000" : 4328521728,
            "50.000000" : 4462739456,
            "60.000000" : 4932501504,
            "70.000000" : 5402263552,
            "80.000000" : 5603590144,
            "90.000000" : 9596567552,
            "95.000000" : 15367929856,
            "99.000000" : 17112760320,
            "99.500000" : 17112760320,
            "99.900000" : 17112760320,
            "99.950000" : 17112760320,
            "99.990000" : 17112760320
          }
        },
        "lat_ns" : {
          "min" : 1386007,
          "max" : 66299387830,
          "mean" : 6282877086.203469,
          "stddev" : 5958770590.643438,
          "N" : 776833
        },
        "bw_min" : 3048,
        "bw_max" : 35969,
        "bw_agg" : 100.000000,
        "bw_mean" : 10504.946480,
        "bw_dev" : 54.394980,
        "bw_samples" : 35996,
        "iops_min" : 762,
        "iops_max" : 8984,
        "iops_mean" : 2626.222679,
        "iops_stddev" : 13.596201,
        "iops_samples" : 35996
      },
      "write" : {
        "io_bytes" : 0,
        "io_kbytes" : 0,
        "bw_bytes" : 0,
        "bw" : 0,
        "iops" : 0.000000,
        "runtime" : 0,
        "total_ios" : 0,
        "short_ios" : 0,
        "drop_ios" : 0,
        "slat_ns" : {
          "min" : 0,
          "max" : 0,
          "mean" : 0.000000,
          "stddev" : 0.000000,
          "N" : 0
        },
        "clat_ns" : {
          "min" : 0,
          "max" : 0,
          "mean" : 0.000000,
          "stddev" : 0.000000,
          "N" : 0
        },
        "lat_ns" : {
          "min" : 0,
          "max" : 0,
          "mean" : 0.000000,
          "stddev" : 0.000000,
          "N" : 0
        },
        "bw_min" : 0,
        "bw_max" : 0,
        "bw_agg" : 0.000000,
        "bw_mean" : 0.000000,
        "bw_dev" : 0.000000,
        "bw_samples" : 0,
        "iops_min" : 0,
        "iops_max" : 0,
        "iops_mean" : 0.000000,
        "iops_stddev" : 0.000000,
        "iops_samples" : 0
      },
      "trim" : {
        "io_bytes" : 0,
        "io_kbytes" : 0,
        "bw_bytes" : 0,
        "bw" : 0,
        "iops" : 0.000000,
        "runtime" : 0,
        "total_ios" : 0,
        "short_ios" : 0,
        "drop_ios" : 0,
        "slat_ns" : {
          "min" : 0,
          "max" : 0,
          "mean" : 0.000000,
          "stddev" : 0.000000,
          "N" : 0
        },
        "clat_ns" : {
          "min" : 0,
          "max" : 0,
          "mean" : 0.000000,
          "stddev" : 0.000000,
          "N" : 0
        },
        "lat_ns" : {
          "min" : 0,
          "max" : 0,
          "mean" : 0.000000,
          "stddev" : 0.000000,
          "N" : 0
        },
        "bw_min" : 0,
        "bw_max" : 0,
        "bw_agg" : 0.000000,
        "bw_mean" : 0.000000,
        "bw_dev" : 0.000000,
        "bw_samples" : 0,
        "iops_min" : 0,
        "iops_max" : 0,
        "iops_mean" : 0.000000,
        "iops_stddev" : 0.000000,
        "iops_samples" : 0
      },
      "sync" : {
        "total_ios" : 0,
        "lat_ns" : {
          "min" : 0,
          "max" : 0,
          "mean" : 0.000000,
          "stddev" : 0.000000,
          "N" : 0
        }
      },
      "job_runtime" : 19205082,
      "usr_cpu" : 0.116459,
      "sys_cpu" : 0.700783,
      "ctx" : 777325,
      "majf" : 0,
      "minf" : 18975,
      "iodepth_level" : {
        "1" : 0.100000,
        "2" : 0.100000,
        "4" : 0.100000,
        "8" : 0.100000,
        "16" : 0.131817,
        "32" : 0.263635,
        ">=64" : 99.480970
      },
      "iodepth_submit" : {
        "0" : 0.000000,
        "4" : 100.000000,
        "8" : 0.000000,
        "16" : 0.000000,
        "32" : 0.000000,
        "64" : 0.000000,
        ">=64" : 0.000000
      },
      "iodepth_complete" : {
        "0" : 0.000000,
        "4" : 99.991585,
        "8" : 0.000000,
        "16" : 0.000000,
        "32" : 0.000000,
        "64" : 0.000000,
        ">=64" : 0.100000
      },
      "latency_ns" : {
        "2" : 0.000000,
        "4" : 0.000000,
        "10" : 0.000000,
        "20" : 0.000000,
        "50" : 0.000000,
        "100" : 0.000000,
        "250" : 0.000000,
        "500" : 0.000000,
        "750" : 0.000000,
        "1000" : 0.000000
      },
      "latency_us" : {
        "2" : 0.000000,
        "4" : 0.000000,
        "10" : 0.000000,
        "20" : 0.010000,
        "50" : 0.010000,
        "100" : 0.000000,
        "250" : 0.000000,
        "500" : 0.000000,
        "750" : 0.000000,
        "1000" : 0.000000
      },
      "latency_ms" : {
        "2" : 0.010000,
        "4" : 0.010000,
        "10" : 0.013645,
        "20" : 0.024072,
        "50" : 0.071444,
        "100" : 0.121519,
        "250" : 0.352457,
        "500" : 0.450419,
        "750" : 0.272517,
        "1000" : 0.177902,
        "2000" : 0.308689,
        ">=2000" : 98.192147
      },
      "latency_depth" : 256,
      "latency_target" : 0,
      "latency_percentile" : 100.000000,
      "latency_window" : 0
    }
  ]
}
