{
  "fio version" : "fio-3.27",
  "timestamp" : 1627022650,
  "timestamp_ms" : 1627022650319,
  "time" : "Fri Jul 23 08:44:10 2021",
  "jobs" : [
    {
      "jobname" : "randrw",
      "groupid" : 0,
      "error" : 0,
      "eta" : 0,
      "elapsed" : 301,
      "job options" : {
        "bs" : "4K",
        "iodepth" : "256",
        "direct" : "0",
        "ioengine" : "libaio",
        "time_based" : "1",
        "runtime" : "300",
        "numjobs" : "8",
        "size" : "1g",
        "name" : "randrw",
        "rw" : "randrw",
        "directory" : "/scratch/snx2000/ccocha/randrw/96_node",
        "filename_format" : "$jobname.33.$jobnum.$filenum"
      },
      "read" : {
        "io_bytes" : 123781120,
        "io_kbytes" : 120880,
        "bw_bytes" : 412271,
        "bw" : 402,
        "iops" : 100.652141,
        "runtime" : 300242,
        "total_ios" : 30220,
        "short_ios" : 0,
        "drop_ios" : 0,
        "slat_ns" : {
          "min" : 497975,
          "max" : 45462139843,
          "mean" : 79282171.145103,
          "stddev" : 554866961.274265,
          "N" : 30220
        },
        "clat_ns" : {
          "min" : 16880,
          "max" : 69966037478,
          "mean" : 10028823410.197592,
          "stddev" : 10125896658.039841,
          "N" : 30220,
          "percentile" : {
            "1.000000" : 1115684864,
            "5.000000" : 1216348160,
            "10.000000" : 1300234240,
            "20.000000" : 1568669696,
            "30.000000" : 8287944704,
            "40.000000" : 9193914368,
            "50.000000" : 9865003008,
            "60.000000" : 10267656192,
            "70.000000" : 10670309376,
            "80.000000" : 11475615744,
            "90.000000" : 13086228480,
            "95.000000" : 14831058944,
            "99.000000" : 17112760320,
            "99.500000" : 17112760320,
            "99.900000" : 17112760320,
            "99.950000" : 17112760320,
            "99.990000" : 17112760320
          }
        },
        "lat_ns" : {
          "min" : 31963420,
          "max" : 69976285298,
          "mean" : 10108108684.591379,
          "stddev" : 10168106017.798311,
          "N" : 30220
        },
        "bw_min" : 64,
        "bw_max" : 3952,
        "bw_agg" : 100.000000,
        "bw_mean" : 540.190900,
        "bw_dev" : 77.798115,
        "bw_samples" : 3454,
        "iops_min" : 16,
        "iops_max" : 988,
        "iops_mean" : 135.047725,
        "iops_stddev" : 19.449529,
        "iops_samples" : 3454
      },
      "write" : {
        "io_bytes" : 125972480,
        "io_kbytes" : 123020,
        "bw_bytes" : 419569,
        "bw" : 409,
        "iops" : 102.434037,
        "runtime" : 300242,
        "total_ios" : 30755,
        "short_ios" : 0,
        "drop_ios" : 0,
        "slat_ns" : {
          "min" : 75250,
          "max" : 1924908,
          "mean" : 115242.997431,
          "stddev" : 46263.294628,
          "N" : 30755
        },
        "clat_ns" : {
          "min" : 33827948,
          "max" : 69929928658,
          "mean" : 10007197075.814201,
          "stddev" : 10231812405.866167,
          "N" : 30755,
          "percentile" : {
            "1.000000" : 1115684864,
            "5.000000" : 1216348160,
            "10.000000" : 1283457024,
            "20.000000" : 1551892480,
            "30.000000" : 8220835840,
            "40.000000" : 9193914368,
            "50.000000" : 9730785280,
            "60.000000" : 10267656192,
            "70.000000" : 10670309376,
            "80.000000" : 11475615744,
            "90.000000" : 13086228480,
            "95.000000" : 14831058944,
            "99.000000" : 17112760320,
            "99.500000" : 17112760320,
            "99.900000" : 17112760320,
            "99.950000" : 17112760320,
            "99.990000" : 17112760320
          }
        },
        "lat_ns" : {
          "min" : 33918429,
          "max" : 69930143680,
          "mean" : 10007313502.044907,
          "stddev" : 10231812704.499870,
          "N" : 30755
        },
        "bw_min" : 64,
        "bw_max" : 4168,
        "bw_agg" : 100.000000,
        "bw_mean" : 549.474587,
        "bw_dev" : 80.550282,
        "bw_samples" : 3452,
        "iops_min" : 16,
        "iops_max" : 1042,
        "iops_mean" : 137.368647,
        "iops_stddev" : 20.137570,
        "iops_samples" : 3452
      },
      "trim" : {
        "io_bytes" : 0,
        "io_kbytes" : 0,
        "bw_bytes" : 0,
        "bw" : 0,
        "iops" : 0.000000,
        "runtime" : 0,
        "total_ios" : 0,
        "short_ios" : 0,
        "drop_ios" : 0,
        "slat_ns" : {
          "min" : 0,
          "max" : 0,
          "mean" : 0.000000,
          "stddev" : 0.000000,
          "N" : 0
        },
        "clat_ns" : {
          "min" : 0,
          "max" : 0,
          "mean" : 0.000000,
          "stddev" : 0.000000,
          "N" : 0
        },
        "lat_ns" : {
          "min" : 0,
          "max" : 0,
          "mean" : 0.000000,
          "stddev" : 0.000000,
          "N" : 0
        },
        "bw_min" : 0,
        "bw_max" : 0,
        "bw_agg" : 0.000000,
        "bw_mean" : 0.000000,
        "bw_dev" : 0.000000,
        "bw_samples" : 0,
        "iops_min" : 0,
        "iops_max" : 0,
        "iops_mean" : 0.000000,
        "iops_stddev" : 0.000000,
        "iops_samples" : 0
      },
      "sync" : {
        "total_ios" : 0,
        "lat_ns" : {
          "min" : 0,
          "max" : 0,
          "mean" : 0.000000,
          "stddev" : 0.000000,
          "N" : 0
        }
      },
      "job_runtime" : 2400564,
      "usr_cpu" : 0.048447,
      "sys_cpu" : 0.353167,
      "ctx" : 30282,
      "majf" : 0,
      "minf" : 344,
      "iodepth_level" : {
        "1" : 0.100000,
        "2" : 0.100000,
        "4" : 0.100000,
        "8" : 0.104961,
        "16" : 0.209922,
        "32" : 0.419844,
        ">=64" : 99.173432
      },
      "iodepth_submit" : {
        "0" : 0.000000,
        "4" : 100.000000,
        "8" : 0.000000,
        "16" : 0.000000,
        "32" : 0.000000,
        "64" : 0.000000,
        ">=64" : 0.000000
      },
      "iodepth_complete" : {
        "0" : 0.000000,
        "4" : 99.986428,
        "8" : 0.000000,
        "16" : 0.000000,
        "32" : 0.000000,
        "64" : 0.000000,
        ">=64" : 0.100000
      },
      "latency_ns" : {
        "2" : 0.000000,
        "4" : 0.000000,
        "10" : 0.000000,
        "20" : 0.000000,
        "50" : 0.000000,
        "100" : 0.000000,
        "250" : 0.000000,
        "500" : 0.000000,
        "750" : 0.000000,
        "1000" : 0.000000
      },
      "latency_us" : {
        "2" : 0.000000,
        "4" : 0.000000,
        "10" : 0.000000,
        "20" : 0.010000,
        "50" : 0.010000,
        "100" : 0.010000,
        "250" : 0.000000,
        "500" : 0.000000,
        "750" : 0.000000,
        "1000" : 0.000000
      },
      "latency_ms" : {
        "2" : 0.000000,
        "4" : 0.000000,
        "10" : 0.000000,
        "20" : 0.000000,
        "50" : 0.016400,
        "100" : 0.014760,
        "250" : 0.096761,
        "500" : 0.123001,
        "750" : 0.123001,
        "1000" : 0.080361,
        "2000" : 20.388684,
        ">=2000" : 79.143911
      },
      "latency_depth" : 256,
      "latency_target" : 0,
      "latency_percentile" : 100.000000,
      "latency_window" : 0
    }
  ]
}
