{
  "fio version" : "fio-3.27",
  "timestamp" : 1627028393,
  "timestamp_ms" : 1627028393588,
  "time" : "Fri Jul 23 10:19:53 2021",
  "jobs" : [
    {
      "jobname" : "randrw",
      "groupid" : 0,
      "error" : 0,
      "eta" : 0,
      "elapsed" : 303,
      "job options" : {
        "bs" : "4K",
        "iodepth" : "256",
        "direct" : "0",
        "ioengine" : "libaio",
        "time_based" : "1",
        "runtime" : "300",
        "numjobs" : "64",
        "size" : "1g",
        "name" : "randrw",
        "rw" : "randrw",
        "directory" : "/scratch/snx2000/ccocha/randrw/128_node",
        "filename_format" : "$jobname.101.$jobnum.$filenum"
      },
      "read" : {
        "io_bytes" : 67010560,
        "io_kbytes" : 65440,
        "bw_bytes" : 221839,
        "bw" : 216,
        "iops" : 54.159990,
        "runtime" : 302068,
        "total_ios" : 16360,
        "short_ios" : 0,
        "drop_ios" : 0,
        "slat_ns" : {
          "min" : 647276,
          "max" : 89217378501,
          "mean" : 1176698245.415281,
          "stddev" : 4033380839.870389,
          "N" : 16360
        },
        "clat_ns" : {
          "min" : 19771,
          "max" : 300339641575,
          "mean" : 141966008544.128113,
          "stddev" : 74076395451.650375,
          "N" : 16360,
          "percentile" : {
            "1.000000" : 3204448256,
            "5.000000" : 14965276672,
            "10.000000" : 17112760320,
            "20.000000" : 17112760320,
            "30.000000" : 17112760320,
            "40.000000" : 17112760320,
            "50.000000" : 17112760320,
            "60.000000" : 17112760320,
            "70.000000" : 17112760320,
            "80.000000" : 17112760320,
            "90.000000" : 17112760320,
            "95.000000" : 17112760320,
            "99.000000" : 17112760320,
            "99.500000" : 17112760320,
            "99.900000" : 17112760320,
            "99.950000" : 17112760320,
            "99.990000" : 17112760320
          }
        },
        "lat_ns" : {
          "min" : 990638038,
          "max" : 300390166434,
          "mean" : 143142710859.255035,
          "stddev" : 74013638155.464890,
          "N" : 16360
        },
        "bw_min" : 493,
        "bw_max" : 2603,
        "bw_agg" : 100.000000,
        "bw_mean" : 772.694228,
        "bw_dev" : 7.024421,
        "bw_samples" : 5420,
        "iops_min" : 109,
        "iops_max" : 647,
        "iops_mean" : 192.713630,
        "iops_stddev" : 1.750313,
        "iops_samples" : 5420
      },
      "write" : {
        "io_bytes" : 66265088,
        "io_kbytes" : 64712,
        "bw_bytes" : 219371,
        "bw" : 214,
        "iops" : 53.557477,
        "runtime" : 302068,
        "total_ios" : 16178,
        "short_ios" : 0,
        "drop_ios" : 0,
        "slat_ns" : {
          "min" : 75331,
          "max" : 4295169,
          "mean" : 140941.231364,
          "stddev" : 148090.218846,
          "N" : 16178
        },
        "clat_ns" : {
          "min" : 1001365066,
          "max" : 300339473863,
          "mean" : 142109130584.637970,
          "stddev" : 74153557605.406097,
          "N" : 16178,
          "percentile" : {
            "1.000000" : 4395630592,
            "5.000000" : 15099494400,
            "10.000000" : 17112760320,
            "20.000000" : 17112760320,
            "30.000000" : 17112760320,
            "40.000000" : 17112760320,
            "50.000000" : 17112760320,
            "60.000000" : 17112760320,
            "70.000000" : 17112760320,
            "80.000000" : 17112760320,
            "90.000000" : 17112760320,
            "95.000000" : 17112760320,
            "99.000000" : 17112760320,
            "99.500000" : 17112760320,
            "99.900000" : 17112760320,
            "99.950000" : 17112760320,
            "99.990000" : 17112760320
          }
        },
        "lat_ns" : {
          "min" : 1001458017,
          "max" : 300339641185,
          "mean" : 142109272831.709290,
          "stddev" : 74153549317.222931,
          "N" : 16178
        },
        "bw_min" : 499,
        "bw_max" : 2739,
        "bw_agg" : 100.000000,
        "bw_mean" : 778.069637,
        "bw_dev" : 7.385358,
        "bw_samples" : 5242,
        "iops_min" : 115,
        "iops_max" : 681,
        "iops_mean" : 194.128360,
        "iops_stddev" : 1.837668,
        "iops_samples" : 5242
      },
      "trim" : {
        "io_bytes" : 0,
        "io_kbytes" : 0,
        "bw_bytes" : 0,
        "bw" : 0,
        "iops" : 0.000000,
        "runtime" : 0,
        "total_ios" : 0,
        "short_ios" : 0,
        "drop_ios" : 0,
        "slat_ns" : {
          "min" : 0,
          "max" : 0,
          "mean" : 0.000000,
          "stddev" : 0.000000,
          "N" : 0
        },
        "clat_ns" : {
          "min" : 0,
          "max" : 0,
          "mean" : 0.000000,
          "stddev" : 0.000000,
          "N" : 0
        },
        "lat_ns" : {
          "min" : 0,
          "max" : 0,
          "mean" : 0.000000,
          "stddev" : 0.000000,
          "N" : 0
        },
        "bw_min" : 0,
        "bw_max" : 0,
        "bw_agg" : 0.000000,
        "bw_mean" : 0.000000,
        "bw_dev" : 0.000000,
        "bw_samples" : 0,
        "iops_min" : 0,
        "iops_max" : 0,
        "iops_mean" : 0.000000,
        "iops_stddev" : 0.000000,
        "iops_samples" : 0
      },
      "sync" : {
        "total_ios" : 0,
        "lat_ns" : {
          "min" : 0,
          "max" : 0,
          "mean" : 0.000000,
          "stddev" : 0.000000,
          "N" : 0
        }
      },
      "job_runtime" : 19253959,
      "usr_cpu" : 0.003527,
      "sys_cpu" : 0.027797,
      "ctx" : 17099,
      "majf" : 0,
      "minf" : 2606,
      "iodepth_level" : {
        "1" : 0.196693,
        "2" : 0.393386,
        "4" : 0.786772,
        "8" : 1.573545,
        "16" : 3.147090,
        "32" : 6.294179,
        ">=64" : 87.608335
      },
      "iodepth_submit" : {
        "0" : 0.000000,
        "4" : 100.000000,
        "8" : 0.000000,
        "16" : 0.000000,
        "32" : 0.000000,
        "64" : 0.000000,
        ">=64" : 0.000000
      },
      "iodepth_complete" : {
        "0" : 0.000000,
        "4" : 99.606928,
        "8" : 0.000000,
        "16" : 0.000000,
        "32" : 0.000000,
        "64" : 0.000000,
        ">=64" : 0.393072
      },
      "latency_ns" : {
        "2" : 0.000000,
        "4" : 0.000000,
        "10" : 0.000000,
        "20" : 0.000000,
        "50" : 0.000000,
        "100" : 0.000000,
        "250" : 0.000000,
        "500" : 0.000000,
        "750" : 0.000000,
        "1000" : 0.000000
      },
      "latency_us" : {
        "2" : 0.000000,
        "4" : 0.000000,
        "10" : 0.000000,
        "20" : 0.010000,
        "50" : 0.187473,
        "100" : 0.010000,
        "250" : 0.000000,
        "500" : 0.000000,
        "750" : 0.000000,
        "1000" : 0.000000
      },
      "latency_ms" : {
        "2" : 0.000000,
        "4" : 0.000000,
        "10" : 0.000000,
        "20" : 0.000000,
        "50" : 0.000000,
        "100" : 0.000000,
        "250" : 0.000000,
        "500" : 0.000000,
        "750" : 0.000000,
        "1000" : 0.010000,
        "2000" : 0.242793,
        ">=2000" : 99.557441
      },
      "latency_depth" : 256,
      "latency_target" : 0,
      "latency_percentile" : 100.000000,
      "latency_window" : 0
    }
  ]
}
