{
  "fio version" : "fio-3.27",
  "timestamp" : 1627019050,
  "timestamp_ms" : 1627019050790,
  "time" : "Fri Jul 23 07:44:10 2021",
  "jobs" : [
    {
      "jobname" : "randrw",
      "groupid" : 0,
      "error" : 0,
      "eta" : 0,
      "elapsed" : 302,
      "job options" : {
        "bs" : "4K",
        "iodepth" : "256",
        "direct" : "0",
        "ioengine" : "libaio",
        "time_based" : "1",
        "runtime" : "300",
        "numjobs" : "8",
        "size" : "1g",
        "name" : "randrw",
        "rw" : "randrw",
        "directory" : "/scratch/snx2000/ccocha/randrw/64_node",
        "filename_format" : "$jobname.62.$jobnum.$filenum"
      },
      "read" : {
        "io_bytes" : 186621952,
        "io_kbytes" : 182248,
        "bw_bytes" : 620495,
        "bw" : 605,
        "iops" : 151.488049,
        "runtime" : 300763,
        "total_ios" : 45562,
        "short_ios" : 0,
        "drop_ios" : 0,
        "slat_ns" : {
          "min" : 496002,
          "max" : 23724570941,
          "mean" : 52554300.855252,
          "stddev" : 277317575.170744,
          "N" : 45562
        },
        "clat_ns" : {
          "min" : 16990,
          "max" : 44148677874,
          "mean" : 6705856547.886147,
          "stddev" : 5911569550.089272,
          "N" : 45562,
          "percentile" : {
            "1.000000" : 893386752,
            "5.000000" : 985661440,
            "10.000000" : 1061158912,
            "20.000000" : 4211081216,
            "30.000000" : 5536481280,
            "40.000000" : 6140461056,
            "50.000000" : 6610223104,
            "60.000000" : 7079985152,
            "70.000000" : 7482638336,
            "80.000000" : 7952400384,
            "90.000000" : 8657043456,
            "95.000000" : 9462349824,
            "99.000000" : 17112760320,
            "99.500000" : 17112760320,
            "99.900000" : 17112760320,
            "99.950000" : 17112760320,
            "99.990000" : 17112760320
          }
        },
        "lat_ns" : {
          "min" : 6074903,
          "max" : 44163568830,
          "mean" : 6758413927.026681,
          "stddev" : 5932966978.807962,
          "N" : 45562
        },
        "bw_min" : 64,
        "bw_max" : 4833,
        "bw_agg" : 100.000000,
        "bw_mean" : 707.737143,
        "bw_dev" : 91.564779,
        "bw_samples" : 4018,
        "iops_min" : 16,
        "iops_max" : 1208,
        "iops_mean" : 176.933782,
        "iops_stddev" : 22.890859,
        "iops_samples" : 4018
      },
      "write" : {
        "io_bytes" : 188284928,
        "io_kbytes" : 183872,
        "bw_bytes" : 626024,
        "bw" : 611,
        "iops" : 152.837949,
        "runtime" : 300763,
        "total_ios" : 45968,
        "short_ios" : 0,
        "drop_ios" : 0,
        "slat_ns" : {
          "min" : 75060,
          "max" : 6872276,
          "mean" : 115809.623804,
          "stddev" : 80681.035869,
          "N" : 45968
        },
        "clat_ns" : {
          "min" : 11936535,
          "max" : 44163350539,
          "mean" : 6652613878.803206,
          "stddev" : 5891106376.182208,
          "N" : 45968,
          "percentile" : {
            "1.000000" : 901775360,
            "5.000000" : 985661440,
            "10.000000" : 1061158912,
            "20.000000" : 4043309056,
            "30.000000" : 5469372416,
            "40.000000" : 6073352192,
            "50.000000" : 6610223104,
            "60.000000" : 7012876288,
            "70.000000" : 7482638336,
            "80.000000" : 7952400384,
            "90.000000" : 8657043456,
            "95.000000" : 9462349824,
            "99.000000" : 17112760320,
            "99.500000" : 17112760320,
            "99.900000" : 17112760320,
            "99.950000" : 17112760320,
            "99.990000" : 17112760320
          }
        },
        "lat_ns" : {
          "min" : 12018256,
          "max" : 44163445099,
          "mean" : 6652730874.013722,
          "stddev" : 5891104934.565748,
          "N" : 45968
        },
        "bw_min" : 64,
        "bw_max" : 5080,
        "bw_agg" : 100.000000,
        "bw_mean" : 714.777530,
        "bw_dev" : 94.033222,
        "bw_samples" : 4013,
        "iops_min" : 16,
        "iops_max" : 1270,
        "iops_mean" : 178.693877,
        "iops_stddev" : 23.507966,
        "iops_samples" : 4013
      },
      "trim" : {
        "io_bytes" : 0,
        "io_kbytes" : 0,
        "bw_bytes" : 0,
        "bw" : 0,
        "iops" : 0.000000,
        "runtime" : 0,
        "total_ios" : 0,
        "short_ios" : 0,
        "drop_ios" : 0,
        "slat_ns" : {
          "min" : 0,
          "max" : 0,
          "mean" : 0.000000,
          "stddev" : 0.000000,
          "N" : 0
        },
        "clat_ns" : {
          "min" : 0,
          "max" : 0,
          "mean" : 0.000000,
          "stddev" : 0.000000,
          "N" : 0
        },
        "lat_ns" : {
          "min" : 0,
          "max" : 0,
          "mean" : 0.000000,
          "stddev" : 0.000000,
          "N" : 0
        },
        "bw_min" : 0,
        "bw_max" : 0,
        "bw_agg" : 0.000000,
        "bw_mean" : 0.000000,
        "bw_dev" : 0.000000,
        "bw_samples" : 0,
        "iops_min" : 0,
        "iops_max" : 0,
        "iops_mean" : 0.000000,
        "iops_stddev" : 0.000000,
        "iops_samples" : 0
      },
      "sync" : {
        "total_ios" : 0,
        "lat_ns" : {
          "min" : 0,
          "max" : 0,
          "mean" : 0.000000,
          "stddev" : 0.000000,
          "N" : 0
        }
      },
      "job_runtime" : 2401469,
      "usr_cpu" : 0.076412,
      "sys_cpu" : 0.522180,
      "ctx" : 45631,
      "majf" : 0,
      "minf" : 338,
      "iodepth_level" : {
        "1" : 0.100000,
        "2" : 0.100000,
        "4" : 0.100000,
        "8" : 0.100000,
        "16" : 0.139845,
        "32" : 0.279690,
        ">=64" : 99.449361
      },
      "iodepth_submit" : {
        "0" : 0.000000,
        "4" : 100.000000,
        "8" : 0.000000,
        "16" : 0.000000,
        "32" : 0.000000,
        "64" : 0.000000,
        ">=64" : 0.000000
      },
      "iodepth_complete" : {
        "0" : 0.000000,
        "4" : 99.991061,
        "8" : 0.000000,
        "16" : 0.000000,
        "32" : 0.000000,
        "64" : 0.000000,
        ">=64" : 0.100000
      },
      "latency_ns" : {
        "2" : 0.000000,
        "4" : 0.000000,
        "10" : 0.000000,
        "20" : 0.000000,
        "50" : 0.000000,
        "100" : 0.000000,
        "250" : 0.000000,
        "500" : 0.000000,
        "750" : 0.000000,
        "1000" : 0.000000
      },
      "latency_us" : {
        "2" : 0.000000,
        "4" : 0.000000,
        "10" : 0.000000,
        "20" : 0.010000,
        "50" : 0.010000,
        "100" : 0.000000,
        "250" : 0.000000,
        "500" : 0.000000,
        "750" : 0.000000,
        "1000" : 0.000000
      },
      "latency_ms" : {
        "2" : 0.000000,
        "4" : 0.000000,
        "10" : 0.010000,
        "20" : 0.010000,
        "50" : 0.010000,
        "100" : 0.010000,
        "250" : 0.089588,
        "500" : 0.115809,
        "750" : 0.010000,
        "1000" : 5.859281,
        "2000" : 11.159183,
        ">=2000" : 82.730252
      },
      "latency_depth" : 256,
      "latency_target" : 0,
      "latency_percentile" : 100.000000,
      "latency_window" : 0
    }
  ]
}
