{
  "fio version" : "fio-3.27",
  "timestamp" : 1627029850,
  "timestamp_ms" : 1627029850593,
  "time" : "Fri Jul 23 10:44:10 2021",
  "jobs" : [
    {
      "jobname" : "randrw",
      "groupid" : 0,
      "error" : 0,
      "eta" : 0,
      "elapsed" : 301,
      "job options" : {
        "bs" : "4K",
        "iodepth" : "256",
        "direct" : "0",
        "ioengine" : "libaio",
        "time_based" : "1",
        "runtime" : "300",
        "numjobs" : "8",
        "size" : "1g",
        "name" : "randrw",
        "rw" : "randrw",
        "directory" : "/scratch/snx2000/ccocha/randrw/150_node",
        "filename_format" : "$jobname.40.$jobnum.$filenum"
      },
      "read" : {
        "io_bytes" : 81776640,
        "io_kbytes" : 79860,
        "bw_bytes" : 272276,
        "bw" : 265,
        "iops" : 66.473777,
        "runtime" : 300344,
        "total_ios" : 19965,
        "short_ios" : 0,
        "drop_ios" : 0,
        "slat_ns" : {
          "min" : 546916,
          "max" : 62021776525,
          "mean" : 120104562.719309,
          "stddev" : 1075112311.822276,
          "N" : 19965
        },
        "clat_ns" : {
          "min" : 19000,
          "max" : 91277725929,
          "mean" : 15139736061.383949,
          "stddev" : 15437395735.881350,
          "N" : 19965,
          "percentile" : {
            "1.000000" : 1384120320,
            "5.000000" : 1551892480,
            "10.000000" : 1686110208,
            "20.000000" : 1904214016,
            "30.000000" : 10401873920,
            "40.000000" : 11744051200,
            "50.000000" : 12817793024,
            "60.000000" : 15502147584,
            "70.000000" : 17112760320,
            "80.000000" : 17112760320,
            "90.000000" : 17112760320,
            "95.000000" : 17112760320,
            "99.000000" : 17112760320,
            "99.500000" : 17112760320,
            "99.900000" : 17112760320,
            "99.950000" : 17112760320,
            "99.990000" : 17112760320
          }
        },
        "lat_ns" : {
          "min" : 59314337,
          "max" : 91286135964,
          "mean" : 15259844034.536428,
          "stddev" : 15499527313.249027,
          "N" : 19965
        },
        "bw_min" : 64,
        "bw_max" : 3288,
        "bw_agg" : 100.000000,
        "bw_mean" : 480.258319,
        "bw_dev" : 74.587601,
        "bw_samples" : 2516,
        "iops_min" : 16,
        "iops_max" : 822,
        "iops_mean" : 120.064580,
        "iops_stddev" : 18.646900,
        "iops_samples" : 2516
      },
      "write" : {
        "io_bytes" : 83025920,
        "io_kbytes" : 81080,
        "bw_bytes" : 276436,
        "bw" : 269,
        "iops" : 67.489279,
        "runtime" : 300344,
        "total_ios" : 20270,
        "short_ios" : 0,
        "drop_ios" : 0,
        "slat_ns" : {
          "min" : 75551,
          "max" : 1576827,
          "mean" : 119608.921066,
          "stddev" : 47230.528059,
          "N" : 20270
        },
        "clat_ns" : {
          "min" : 349897798,
          "max" : 91286057723,
          "mean" : 15215294872.955553,
          "stddev" : 15804706655.003620,
          "N" : 20270,
          "percentile" : {
            "1.000000" : 1384120320,
            "5.000000" : 1551892480,
            "10.000000" : 1686110208,
            "20.000000" : 1887436800,
            "30.000000" : 10401873920,
            "40.000000" : 11609833472,
            "50.000000" : 12817793024,
            "60.000000" : 15367929856,
            "70.000000" : 17112760320,
            "80.000000" : 17112760320,
            "90.000000" : 17112760320,
            "95.000000" : 17112760320,
            "99.000000" : 17112760320,
            "99.500000" : 17112760320,
            "99.900000" : 17112760320,
            "99.950000" : 17112760320,
            "99.990000" : 17112760320
          }
        },
        "lat_ns" : {
          "min" : 349977349,
          "max" : 91286141694,
          "mean" : 15215415702.572811,
          "stddev" : 15804707114.238028,
          "N" : 20270
        },
        "bw_min" : 64,
        "bw_max" : 3232,
        "bw_agg" : 100.000000,
        "bw_mean" : 484.655444,
        "bw_dev" : 76.102520,
        "bw_samples" : 2530,
        "iops_min" : 16,
        "iops_max" : 808,
        "iops_mean" : 121.163861,
        "iops_stddev" : 19.025630,
        "iops_samples" : 2530
      },
      "trim" : {
        "io_bytes" : 0,
        "io_kbytes" : 0,
        "bw_bytes" : 0,
        "bw" : 0,
        "iops" : 0.000000,
        "runtime" : 0,
        "total_ios" : 0,
        "short_ios" : 0,
        "drop_ios" : 0,
        "slat_ns" : {
          "min" : 0,
          "max" : 0,
          "mean" : 0.000000,
          "stddev" : 0.000000,
          "N" : 0
        },
        "clat_ns" : {
          "min" : 0,
          "max" : 0,
          "mean" : 0.000000,
          "stddev" : 0.000000,
          "N" : 0
        },
        "lat_ns" : {
          "min" : 0,
          "max" : 0,
          "mean" : 0.000000,
          "stddev" : 0.000000,
          "N" : 0
        },
        "bw_min" : 0,
        "bw_max" : 0,
        "bw_agg" : 0.000000,
        "bw_mean" : 0.000000,
        "bw_dev" : 0.000000,
        "bw_samples" : 0,
        "iops_min" : 0,
        "iops_max" : 0,
        "iops_mean" : 0.000000,
        "iops_stddev" : 0.000000,
        "iops_samples" : 0
      },
      "sync" : {
        "total_ios" : 0,
        "lat_ns" : {
          "min" : 0,
          "max" : 0,
          "mean" : 0.000000,
          "stddev" : 0.000000,
          "N" : 0
        }
      },
      "job_runtime" : 2401084,
      "usr_cpu" : 0.033860,
      "sys_cpu" : 0.242932,
      "ctx" : 20024,
      "majf" : 0,
      "minf" : 338,
      "iodepth_level" : {
        "1" : 0.100000,
        "2" : 0.100000,
        "4" : 0.100000,
        "8" : 0.159065,
        "16" : 0.318131,
        "32" : 0.636262,
        ">=64" : 98.747359
      },
      "iodepth_submit" : {
        "0" : 0.000000,
        "4" : 100.000000,
        "8" : 0.000000,
        "16" : 0.000000,
        "32" : 0.000000,
        "64" : 0.000000,
        ">=64" : 0.000000
      },
      "iodepth_complete" : {
        "0" : 0.000000,
        "4" : 99.979059,
        "8" : 0.000000,
        "16" : 0.000000,
        "32" : 0.000000,
        "64" : 0.000000,
        ">=64" : 0.100000
      },
      "latency_ns" : {
        "2" : 0.000000,
        "4" : 0.000000,
        "10" : 0.000000,
        "20" : 0.000000,
        "50" : 0.000000,
        "100" : 0.000000,
        "250" : 0.000000,
        "500" : 0.000000,
        "750" : 0.000000,
        "1000" : 0.000000
      },
      "latency_us" : {
        "2" : 0.000000,
        "4" : 0.000000,
        "10" : 0.000000,
        "20" : 0.010000,
        "50" : 0.014912,
        "100" : 0.000000,
        "250" : 0.000000,
        "500" : 0.000000,
        "750" : 0.000000,
        "1000" : 0.000000
      },
      "latency_ms" : {
        "2" : 0.000000,
        "4" : 0.000000,
        "10" : 0.000000,
        "20" : 0.000000,
        "50" : 0.000000,
        "100" : 0.010000,
        "250" : 0.010000,
        "500" : 0.079533,
        "750" : 0.022369,
        "1000" : 0.151609,
        "2000" : 21.511122,
        ">=2000" : 78.205542
      },
      "latency_depth" : 256,
      "latency_target" : 0,
      "latency_percentile" : 100.000000,
      "latency_window" : 0
    }
  ]
}
