{
  "fio version" : "fio-3.27",
  "timestamp" : 1627018267,
  "timestamp_ms" : 1627018267846,
  "time" : "Fri Jul 23 07:31:07 2021",
  "jobs" : [
    {
      "jobname" : "randrw",
      "groupid" : 0,
      "error" : 0,
      "eta" : 0,
      "elapsed" : 301,
      "job options" : {
        "bs" : "4K",
        "iodepth" : "256",
        "direct" : "0",
        "ioengine" : "libaio",
        "time_based" : "1",
        "runtime" : "300",
        "numjobs" : "2",
        "size" : "1g",
        "name" : "randrw",
        "rw" : "randrw",
        "directory" : "/scratch/snx2000/ccocha/randrw/64_node",
        "filename_format" : "$jobname.37.$jobnum.$filenum"
      },
      "read" : {
        "io_bytes" : 164073472,
        "io_kbytes" : 160228,
        "bw_bytes" : 546898,
        "bw" : 534,
        "iops" : 133.520218,
        "runtime" : 300007,
        "total_ios" : 40057,
        "short_ios" : 0,
        "drop_ios" : 0,
        "slat_ns" : {
          "min" : 464156,
          "max" : 1198698707,
          "mean" : 14841292.658562,
          "stddev" : 38059275.913141,
          "N" : 40057
        },
        "clat_ns" : {
          "min" : 12500,
          "max" : 14504399329,
          "mean" : 1899348469.539209,
          "stddev" : 1313339485.299778,
          "N" : 40057,
          "percentile" : {
            "1.000000" : 557842432,
            "5.000000" : 633339904,
            "10.000000" : 692060160,
            "20.000000" : 801112064,
            "30.000000" : 1002438656,
            "40.000000" : 1300234240,
            "50.000000" : 1753219072,
            "60.000000" : 2088763392,
            "70.000000" : 2399141888,
            "80.000000" : 2734686208,
            "90.000000" : 3338665984,
            "95.000000" : 3707764736,
            "99.000000" : 4328521728,
            "99.500000" : 11878268928,
            "99.900000" : 14294188032,
            "99.950000" : 14428405760,
            "99.990000" : 14428405760
          }
        },
        "lat_ns" : {
          "min" : 7352844,
          "max" : 14508617173,
          "mean" : 1914192245.167312,
          "stddev" : 1318154952.293225,
          "N" : 40057
        },
        "bw_min" : 16,
        "bw_max" : 1984,
        "bw_agg" : 100.000000,
        "bw_mean" : 544.175002,
        "bw_dev" : 224.226729,
        "bw_samples" : 1167,
        "iops_min" : 4,
        "iops_max" : 496,
        "iops_mean" : 136.030470,
        "iops_stddev" : 56.045600,
        "iops_samples" : 1167
      },
      "write" : {
        "io_bytes" : 164438016,
        "io_kbytes" : 160584,
        "bw_bytes" : 548113,
        "bw" : 535,
        "iops" : 133.816878,
        "runtime" : 300007,
        "total_ios" : 40146,
        "short_ios" : 0,
        "drop_ios" : 0,
        "slat_ns" : {
          "min" : 75301,
          "max" : 1393708,
          "mean" : 105036.131545,
          "stddev" : 38773.958462,
          "N" : 40146
        },
        "clat_ns" : {
          "min" : 7362354,
          "max" : 14508420760,
          "mean" : 1911512122.634887,
          "stddev" : 1323084830.028097,
          "N" : 40146,
          "percentile" : {
            "1.000000" : 557842432,
            "5.000000" : 633339904,
            "10.000000" : 692060160,
            "20.000000" : 801112064,
            "30.000000" : 994050048,
            "40.000000" : 1317011456,
            "50.000000" : 1769996288,
            "60.000000" : 2105540608,
            "70.000000" : 2399141888,
            "80.000000" : 2768240640,
            "90.000000" : 3338665984,
            "95.000000" : 3707764736,
            "99.000000" : 4328521728,
            "99.500000" : 11878268928,
            "99.900000" : 14294188032,
            "99.950000" : 14428405760,
            "99.990000" : 14428405760
          }
        },
        "lat_ns" : {
          "min" : 7441635,
          "max" : 14508606622,
          "mean" : 1911618280.334806,
          "stddev" : 1323085225.145413,
          "N" : 40146
        },
        "bw_min" : 16,
        "bw_max" : 1920,
        "bw_agg" : 100.000000,
        "bw_mean" : 547.632813,
        "bw_dev" : 226.376645,
        "bw_samples" : 1163,
        "iops_min" : 4,
        "iops_max" : 480,
        "iops_mean" : 136.894023,
        "iops_stddev" : 56.582348,
        "iops_samples" : 1163
      },
      "trim" : {
        "io_bytes" : 0,
        "io_kbytes" : 0,
        "bw_bytes" : 0,
        "bw" : 0,
        "iops" : 0.000000,
        "runtime" : 0,
        "total_ios" : 0,
        "short_ios" : 0,
        "drop_ios" : 0,
        "slat_ns" : {
          "min" : 0,
          "max" : 0,
          "mean" : 0.000000,
          "stddev" : 0.000000,
          "N" : 0
        },
        "clat_ns" : {
          "min" : 0,
          "max" : 0,
          "mean" : 0.000000,
          "stddev" : 0.000000,
          "N" : 0
        },
        "lat_ns" : {
          "min" : 0,
          "max" : 0,
          "mean" : 0.000000,
          "stddev" : 0.000000,
          "N" : 0
        },
        "bw_min" : 0,
        "bw_max" : 0,
        "bw_agg" : 0.000000,
        "bw_mean" : 0.000000,
        "bw_dev" : 0.000000,
        "bw_samples" : 0,
        "iops_min" : 0,
        "iops_max" : 0,
        "iops_mean" : 0.000000,
        "iops_stddev" : 0.000000,
        "iops_samples" : 0
      },
      "sync" : {
        "total_ios" : 0,
        "lat_ns" : {
          "min" : 0,
          "max" : 0,
          "mean" : 0.000000,
          "stddev" : 0.000000,
          "N" : 0
        }
      },
      "job_runtime" : 600006,
      "usr_cpu" : 0.220998,
      "sys_cpu" : 1.658817,
      "ctx" : 40086,
      "majf" : 0,
      "minf" : 87,
      "iodepth_level" : {
        "1" : 0.100000,
        "2" : 0.100000,
        "4" : 0.100000,
        "8" : 0.100000,
        "16" : 0.100000,
        "32" : 0.100000,
        ">=64" : 99.842899
      },
      "iodepth_submit" : {
        "0" : 0.000000,
        "4" : 100.000000,
        "8" : 0.000000,
        "16" : 0.000000,
        "32" : 0.000000,
        "64" : 0.000000,
        ">=64" : 0.000000
      },
      "iodepth_complete" : {
        "0" : 0.000000,
        "4" : 99.997490,
        "8" : 0.000000,
        "16" : 0.000000,
        "32" : 0.000000,
        "64" : 0.000000,
        ">=64" : 0.100000
      },
      "latency_ns" : {
        "2" : 0.000000,
        "4" : 0.000000,
        "10" : 0.000000,
        "20" : 0.000000,
        "50" : 0.000000,
        "100" : 0.000000,
        "250" : 0.000000,
        "500" : 0.000000,
        "750" : 0.000000,
        "1000" : 0.000000
      },
      "latency_us" : {
        "2" : 0.000000,
        "4" : 0.000000,
        "10" : 0.000000,
        "20" : 0.010000,
        "50" : 0.000000,
        "100" : 0.000000,
        "250" : 0.000000,
        "500" : 0.000000,
        "750" : 0.000000,
        "1000" : 0.000000
      },
      "latency_ms" : {
        "2" : 0.000000,
        "4" : 0.000000,
        "10" : 0.010000,
        "20" : 0.010000,
        "50" : 0.017456,
        "100" : 0.027430,
        "250" : 0.108475,
        "500" : 0.148374,
        "750" : 14.797451,
        "1000" : 14.905926,
        "2000" : 26.567585,
        ">=2000" : 43.418575
      },
      "latency_depth" : 256,
      "latency_target" : 0,
      "latency_percentile" : 100.000000,
      "latency_window" : 0
    }
  ]
}
