{
  "fio version" : "fio-3.27",
  "timestamp" : 1627029068,
  "timestamp_ms" : 1627029068100,
  "time" : "Fri Jul 23 10:31:08 2021",
  "jobs" : [
    {
      "jobname" : "randrw",
      "groupid" : 0,
      "error" : 0,
      "eta" : 0,
      "elapsed" : 301,
      "job options" : {
        "bs" : "4K",
        "iodepth" : "256",
        "direct" : "0",
        "ioengine" : "libaio",
        "time_based" : "1",
        "runtime" : "300",
        "numjobs" : "2",
        "size" : "1g",
        "name" : "randrw",
        "rw" : "randrw",
        "directory" : "/scratch/snx2000/ccocha/randrw/150_node",
        "filename_format" : "$jobname.120.$jobnum.$filenum"
      },
      "read" : {
        "io_bytes" : 78000128,
        "io_kbytes" : 76172,
        "bw_bytes" : 259786,
        "bw" : 253,
        "iops" : 63.424447,
        "runtime" : 300247,
        "total_ios" : 19043,
        "short_ios" : 0,
        "drop_ios" : 0,
        "slat_ns" : {
          "min" : 461052,
          "max" : 20359741707,
          "mean" : 31380711.994959,
          "stddev" : 165082440.039132,
          "N" : 19043
        },
        "clat_ns" : {
          "min" : 15570,
          "max" : 30532874850,
          "mean" : 3980681678.585307,
          "stddev" : 3239650702.696526,
          "N" : 19043,
          "percentile" : {
            "1.000000" : 767557632,
            "5.000000" : 826277888,
            "10.000000" : 884998144,
            "20.000000" : 1551892480,
            "30.000000" : 2466250752,
            "40.000000" : 3137339392,
            "50.000000" : 3774873600,
            "60.000000" : 4328521728,
            "70.000000" : 4865392640,
            "80.000000" : 5469372416,
            "90.000000" : 6476005376,
            "95.000000" : 7482638336,
            "99.000000" : 17112760320,
            "99.500000" : 17112760320,
            "99.900000" : 17112760320,
            "99.950000" : 17112760320,
            "99.990000" : 17112760320
          }
        },
        "lat_ns" : {
          "min" : 326985951,
          "max" : 30536508617,
          "mean" : 4012065396.135541,
          "stddev" : 3252051874.209653,
          "N" : 19043
        },
        "bw_min" : 16,
        "bw_max" : 1376,
        "bw_agg" : 100.000000,
        "bw_mean" : 286.014364,
        "bw_dev" : 133.852267,
        "bw_samples" : 1057,
        "iops_min" : 4,
        "iops_max" : 344,
        "iops_mean" : 71.503591,
        "iops_stddev" : 33.463067,
        "iops_samples" : 1057
      },
      "write" : {
        "io_bytes" : 78585856,
        "io_kbytes" : 76744,
        "bw_bytes" : 261737,
        "bw" : 255,
        "iops" : 63.900722,
        "runtime" : 300247,
        "total_ios" : 19186,
        "short_ios" : 0,
        "drop_ios" : 0,
        "slat_ns" : {
          "min" : 75190,
          "max" : 1944049,
          "mean" : 110856.432138,
          "stddev" : 44642.466886,
          "N" : 19186
        },
        "clat_ns" : {
          "min" : 387992281,
          "max" : 30536425576,
          "mean" : 4018241242.137229,
          "stddev" : 3300532838.942452,
          "N" : 19186,
          "percentile" : {
            "1.000000" : 767557632,
            "5.000000" : 826277888,
            "10.000000" : 884998144,
            "20.000000" : 1501560832,
            "30.000000" : 2432696320,
            "40.000000" : 3170893824,
            "50.000000" : 3774873600,
            "60.000000" : 4328521728,
            "70.000000" : 4932501504,
            "80.000000" : 5536481280,
            "90.000000" : 6543114240,
            "95.000000" : 7683964928,
            "99.000000" : 17112760320,
            "99.500000" : 17112760320,
            "99.900000" : 17112760320,
            "99.950000" : 17112760320,
            "99.990000" : 17112760320
          }
        },
        "lat_ns" : {
          "min" : 388113851,
          "max" : 30536506856,
          "mean" : 4018353266.458834,
          "stddev" : 3300533849.720520,
          "N" : 19186
        },
        "bw_min" : 16,
        "bw_max" : 1456,
        "bw_agg" : 100.000000,
        "bw_mean" : 283.130240,
        "bw_dev" : 138.467198,
        "bw_samples" : 1077,
        "iops_min" : 4,
        "iops_max" : 364,
        "iops_mean" : 70.782560,
        "iops_stddev" : 34.616800,
        "iops_samples" : 1077
      },
      "trim" : {
        "io_bytes" : 0,
        "io_kbytes" : 0,
        "bw_bytes" : 0,
        "bw" : 0,
        "iops" : 0.000000,
        "runtime" : 0,
        "total_ios" : 0,
        "short_ios" : 0,
        "drop_ios" : 0,
        "slat_ns" : {
          "min" : 0,
          "max" : 0,
          "mean" : 0.000000,
          "stddev" : 0.000000,
          "N" : 0
        },
        "clat_ns" : {
          "min" : 0,
          "max" : 0,
          "mean" : 0.000000,
          "stddev" : 0.000000,
          "N" : 0
        },
        "lat_ns" : {
          "min" : 0,
          "max" : 0,
          "mean" : 0.000000,
          "stddev" : 0.000000,
          "N" : 0
        },
        "bw_min" : 0,
        "bw_max" : 0,
        "bw_agg" : 0.000000,
        "bw_mean" : 0.000000,
        "bw_dev" : 0.000000,
        "bw_samples" : 0,
        "iops_min" : 0,
        "iops_max" : 0,
        "iops_mean" : 0.000000,
        "iops_stddev" : 0.000000,
        "iops_samples" : 0
      },
      "sync" : {
        "total_ios" : 0,
        "lat_ns" : {
          "min" : 0,
          "max" : 0,
          "mean" : 0.000000,
          "stddev" : 0.000000,
          "N" : 0
        }
      },
      "job_runtime" : 600383,
      "usr_cpu" : 0.111762,
      "sys_cpu" : 0.856786,
      "ctx" : 19056,
      "majf" : 0,
      "minf" : 83,
      "iodepth_level" : {
        "1" : 0.100000,
        "2" : 0.100000,
        "4" : 0.100000,
        "8" : 0.100000,
        "16" : 0.100000,
        "32" : 0.167412,
        ">=64" : 99.670407
      },
      "iodepth_submit" : {
        "0" : 0.000000,
        "4" : 100.000000,
        "8" : 0.000000,
        "16" : 0.000000,
        "32" : 0.000000,
        "64" : 0.000000,
        ">=64" : 0.000000
      },
      "iodepth_complete" : {
        "0" : 0.000000,
        "4" : 99.994698,
        "8" : 0.000000,
        "16" : 0.000000,
        "32" : 0.000000,
        "64" : 0.000000,
        ">=64" : 0.100000
      },
      "latency_ns" : {
        "2" : 0.000000,
        "4" : 0.000000,
        "10" : 0.000000,
        "20" : 0.000000,
        "50" : 0.000000,
        "100" : 0.000000,
        "250" : 0.000000,
        "500" : 0.000000,
        "750" : 0.000000,
        "1000" : 0.000000
      },
      "latency_us" : {
        "2" : 0.000000,
        "4" : 0.000000,
        "10" : 0.000000,
        "20" : 0.010000,
        "50" : 0.000000,
        "100" : 0.000000,
        "250" : 0.000000,
        "500" : 0.000000,
        "750" : 0.000000,
        "1000" : 0.000000
      },
      "latency_ms" : {
        "2" : 0.000000,
        "4" : 0.000000,
        "10" : 0.000000,
        "20" : 0.000000,
        "50" : 0.000000,
        "100" : 0.000000,
        "250" : 0.000000,
        "500" : 0.073243,
        "750" : 0.606869,
        "1000" : 12.655314,
        "2000" : 12.338800,
        ">=2000" : 74.320542
      },
      "latency_depth" : 256,
      "latency_target" : 0,
      "latency_percentile" : 100.000000,
      "latency_window" : 0
    }
  ]
}
