{
  "fio version" : "fio-3.27",
  "timestamp" : 1627427697,
  "timestamp_ms" : 1627427697288,
  "time" : "Wed Jul 28 01:14:57 2021",
  "jobs" : [
    {
      "jobname" : "seq-read",
      "groupid" : 0,
      "error" : 0,
      "eta" : 0,
      "elapsed" : 301,
      "job options" : {
        "bs" : "4K",
        "iodepth" : "256",
        "direct" : "1",
        "ioengine" : "libaio",
        "time_based" : "1",
        "runtime" : "300",
        "numjobs" : "16",
        "size" : "1g",
        "name" : "seq-read",
        "rw" : "read",
        "directory" : "/scratch/snx2000/ccocha/seqread/64_node/",
        "filename_format" : "$jobname.24.$jobnum.$filenum"
      },
      "read" : {
        "io_bytes" : 10724319232,
        "io_kbytes" : 10472968,
        "bw_bytes" : 35745824,
        "bw" : 34908,
        "iops" : 8727.007893,
        "runtime" : 300016,
        "total_ios" : 2618242,
        "short_ios" : 0,
        "drop_ios" : 0,
        "slat_ns" : {
          "min" : 475063,
          "max" : 74103168,
          "mean" : 1812779.628872,
          "stddev" : 924873.390165,
          "N" : 2618242
        },
        "clat_ns" : {
          "min" : 12380,
          "max" : 637934686,
          "mean" : 467158948.130529,
          "stddev" : 31586560.504829,
          "N" : 2618242,
          "percentile" : {
            "1.000000" : 404750336,
            "5.000000" : 425721856,
            "10.000000" : 438304768,
            "20.000000" : 446693376,
            "30.000000" : 455081984,
            "40.000000" : 459276288,
            "50.000000" : 463470592,
            "60.000000" : 471859200,
            "70.000000" : 476053504,
            "80.000000" : 488636416,
            "90.000000" : 501219328,
            "95.000000" : 517996544,
            "99.000000" : 541065216,
            "99.500000" : 557842432,
            "99.900000" : 574619648,
            "99.950000" : 591396864,
            "99.990000" : 616562688
          }
        },
        "lat_ns" : {
          "min" : 616624,
          "max" : 639835441,
          "mean" : 468974436.340058,
          "stddev" : 31672671.918713,
          "N" : 2618242
        },
        "bw_min" : 5384,
        "bw_max" : 41544,
        "bw_agg" : 99.790790,
        "bw_mean" : 34835.492395,
        "bw_dev" : 141.997005,
        "bw_samples" : 9585,
        "iops_min" : 1346,
        "iops_max" : 10386,
        "iops_mean" : 8708.680297,
        "iops_stddev" : 35.518318,
        "iops_samples" : 9585
      },
      "write" : {
        "io_bytes" : 0,
        "io_kbytes" : 0,
        "bw_bytes" : 0,
        "bw" : 0,
        "iops" : 0.000000,
        "runtime" : 0,
        "total_ios" : 0,
        "short_ios" : 0,
        "drop_ios" : 0,
        "slat_ns" : {
          "min" : 0,
          "max" : 0,
          "mean" : 0.000000,
          "stddev" : 0.000000,
          "N" : 0
        },
        "clat_ns" : {
          "min" : 0,
          "max" : 0,
          "mean" : 0.000000,
          "stddev" : 0.000000,
          "N" : 0
        },
        "lat_ns" : {
          "min" : 0,
          "max" : 0,
          "mean" : 0.000000,
          "stddev" : 0.000000,
          "N" : 0
        },
        "bw_min" : 0,
        "bw_max" : 0,
        "bw_agg" : 0.000000,
        "bw_mean" : 0.000000,
        "bw_dev" : 0.000000,
        "bw_samples" : 0,
        "iops_min" : 0,
        "iops_max" : 0,
        "iops_mean" : 0.000000,
        "iops_stddev" : 0.000000,
        "iops_samples" : 0
      },
      "trim" : {
        "io_bytes" : 0,
        "io_kbytes" : 0,
        "bw_bytes" : 0,
        "bw" : 0,
        "iops" : 0.000000,
        "runtime" : 0,
        "total_ios" : 0,
        "short_ios" : 0,
        "drop_ios" : 0,
        "slat_ns" : {
          "min" : 0,
          "max" : 0,
          "mean" : 0.000000,
          "stddev" : 0.000000,
          "N" : 0
        },
        "clat_ns" : {
          "min" : 0,
          "max" : 0,
          "mean" : 0.000000,
          "stddev" : 0.000000,
          "N" : 0
        },
        "lat_ns" : {
          "min" : 0,
          "max" : 0,
          "mean" : 0.000000,
          "stddev" : 0.000000,
          "N" : 0
        },
        "bw_min" : 0,
        "bw_max" : 0,
        "bw_agg" : 0.000000,
        "bw_mean" : 0.000000,
        "bw_dev" : 0.000000,
        "bw_samples" : 0,
        "iops_min" : 0,
        "iops_max" : 0,
        "iops_mean" : 0.000000,
        "iops_stddev" : 0.000000,
        "iops_samples" : 0
      },
      "sync" : {
        "total_ios" : 0,
        "lat_ns" : {
          "min" : 0,
          "max" : 0,
          "mean" : 0.000000,
          "stddev" : 0.000000,
          "N" : 0
        }
      },
      "job_runtime" : 4800027,
      "usr_cpu" : 1.284284,
      "sys_cpu" : 8.240016,
      "ctx" : 2618590,
      "majf" : 0,
      "minf" : 4733,
      "iodepth_level" : {
        "1" : 0.100000,
        "2" : 0.100000,
        "4" : 0.100000,
        "8" : 0.100000,
        "16" : 0.100000,
        "32" : 0.100000,
        ">=64" : 99.961501
      },
      "iodepth_submit" : {
        "0" : 0.000000,
        "4" : 100.000000,
        "8" : 0.000000,
        "16" : 0.000000,
        "32" : 0.000000,
        "64" : 0.000000,
        ">=64" : 0.000000
      },
      "iodepth_complete" : {
        "0" : 0.000000,
        "4" : 99.999388,
        "8" : 0.000000,
        "16" : 0.000000,
        "32" : 0.000000,
        "64" : 0.000000,
        ">=64" : 0.100000
      },
      "latency_ns" : {
        "2" : 0.000000,
        "4" : 0.000000,
        "10" : 0.000000,
        "20" : 0.000000,
        "50" : 0.000000,
        "100" : 0.000000,
        "250" : 0.000000,
        "500" : 0.000000,
        "750" : 0.000000,
        "1000" : 0.000000
      },
      "latency_us" : {
        "2" : 0.000000,
        "4" : 0.000000,
        "10" : 0.000000,
        "20" : 0.010000,
        "50" : 0.010000,
        "100" : 0.000000,
        "250" : 0.000000,
        "500" : 0.000000,
        "750" : 0.010000,
        "1000" : 0.010000
      },
      "latency_ms" : {
        "2" : 0.010000,
        "4" : 0.010000,
        "10" : 0.010000,
        "20" : 0.010000,
        "50" : 0.019211,
        "100" : 0.032808,
        "250" : 0.143570,
        "500" : 88.166105,
        "750" : 11.625396,
        "1000" : 0.000000,
        "2000" : 0.000000,
        ">=2000" : 0.000000
      },
      "latency_depth" : 256,
      "latency_target" : 0,
      "latency_percentile" : 100.000000,
      "latency_window" : 0
    }
  ]
}
