{
  "fio version" : "fio-3.27",
  "timestamp" : 1627440311,
  "timestamp_ms" : 1627440311671,
  "time" : "Wed Jul 28 04:45:11 2021",
  "jobs" : [
    {
      "jobname" : "seq-read",
      "groupid" : 0,
      "error" : 0,
      "eta" : 0,
      "elapsed" : 302,
      "job options" : {
        "bs" : "4K",
        "iodepth" : "256",
        "direct" : "1",
        "ioengine" : "libaio",
        "time_based" : "1",
        "runtime" : "300",
        "numjobs" : "64",
        "size" : "1g",
        "name" : "seq-read",
        "rw" : "read",
        "directory" : "/scratch/snx2000/ccocha/seqread/150_node/",
        "filename_format" : "$jobname.19.$jobnum.$filenum"
      },
      "read" : {
        "io_bytes" : 3173314560,
        "io_kbytes" : 3098940,
        "bw_bytes" : 10543729,
        "bw" : 10296,
        "iops" : 2574.152648,
        "runtime" : 300967,
        "total_ios" : 774735,
        "short_ios" : 0,
        "drop_ios" : 0,
        "slat_ns" : {
          "min" : 594336,
          "max" : 6164173194,
          "mean" : 24763020.540475,
          "stddev" : 51844001.485357,
          "N" : 774735
        },
        "clat_ns" : {
          "min" : 15510,
          "max" : 71057849573,
          "mean" : 6282582338.356747,
          "stddev" : 5965187466.460299,
          "N" : 774735,
          "percentile" : {
            "1.000000" : 3103784960,
            "5.000000" : 3976200192,
            "10.000000" : 4043309056,
            "20.000000" : 4143972352,
            "30.000000" : 4211081216,
            "40.000000" : 4278190080,
            "50.000000" : 4328521728,
            "60.000000" : 4395630592,
            "70.000000" : 4529848320,
            "80.000000" : 5670699008,
            "90.000000" : 11207180288,
            "95.000000" : 16844324864,
            "99.000000" : 17112760320,
            "99.500000" : 17112760320,
            "99.900000" : 17112760320,
            "99.950000" : 17112760320,
            "99.990000" : 17112760320
          }
        },
        "lat_ns" : {
          "min" : 5809926,
          "max" : 71099538208,
          "mean" : 6307348960.702275,
          "stddev" : 5986000956.145366,
          "N" : 774735
        },
        "bw_min" : 3104,
        "bw_max" : 18184,
        "bw_agg" : 100.000000,
        "bw_mean" : 10479.822102,
        "bw_dev" : 54.701795,
        "bw_samples" : 36264,
        "iops_min" : 776,
        "iops_max" : 4546,
        "iops_mean" : 2619.952153,
        "iops_stddev" : 13.675444,
        "iops_samples" : 36264
      },
      "write" : {
        "io_bytes" : 0,
        "io_kbytes" : 0,
        "bw_bytes" : 0,
        "bw" : 0,
        "iops" : 0.000000,
        "runtime" : 0,
        "total_ios" : 0,
        "short_ios" : 0,
        "drop_ios" : 0,
        "slat_ns" : {
          "min" : 0,
          "max" : 0,
          "mean" : 0.000000,
          "stddev" : 0.000000,
          "N" : 0
        },
        "clat_ns" : {
          "min" : 0,
          "max" : 0,
          "mean" : 0.000000,
          "stddev" : 0.000000,
          "N" : 0
        },
        "lat_ns" : {
          "min" : 0,
          "max" : 0,
          "mean" : 0.000000,
          "stddev" : 0.000000,
          "N" : 0
        },
        "bw_min" : 0,
        "bw_max" : 0,
        "bw_agg" : 0.000000,
        "bw_mean" : 0.000000,
        "bw_dev" : 0.000000,
        "bw_samples" : 0,
        "iops_min" : 0,
        "iops_max" : 0,
        "iops_mean" : 0.000000,
        "iops_stddev" : 0.000000,
        "iops_samples" : 0
      },
      "trim" : {
        "io_bytes" : 0,
        "io_kbytes" : 0,
        "bw_bytes" : 0,
        "bw" : 0,
        "iops" : 0.000000,
        "runtime" : 0,
        "total_ios" : 0,
        "short_ios" : 0,
        "drop_ios" : 0,
        "slat_ns" : {
          "min" : 0,
          "max" : 0,
          "mean" : 0.000000,
          "stddev" : 0.000000,
          "N" : 0
        },
        "clat_ns" : {
          "min" : 0,
          "max" : 0,
          "mean" : 0.000000,
          "stddev" : 0.000000,
          "N" : 0
        },
        "lat_ns" : {
          "min" : 0,
          "max" : 0,
          "mean" : 0.000000,
          "stddev" : 0.000000,
          "N" : 0
        },
        "bw_min" : 0,
        "bw_max" : 0,
        "bw_agg" : 0.000000,
        "bw_mean" : 0.000000,
        "bw_dev" : 0.000000,
        "bw_samples" : 0,
        "iops_min" : 0,
        "iops_max" : 0,
        "iops_mean" : 0.000000,
        "iops_stddev" : 0.000000,
        "iops_samples" : 0
      },
      "sync" : {
        "total_ios" : 0,
        "lat_ns" : {
          "min" : 0,
          "max" : 0,
          "mean" : 0.000000,
          "stddev" : 0.000000,
          "N" : 0
        }
      },
      "job_runtime" : 19203780,
      "usr_cpu" : 0.113446,
      "sys_cpu" : 0.699065,
      "ctx" : 775216,
      "majf" : 0,
      "minf" : 18979,
      "iodepth_level" : {
        "1" : 0.100000,
        "2" : 0.100000,
        "4" : 0.100000,
        "8" : 0.100000,
        "16" : 0.132174,
        "32" : 0.264348,
        ">=64" : 99.479564
      },
      "iodepth_submit" : {
        "0" : 0.000000,
        "4" : 100.000000,
        "8" : 0.000000,
        "16" : 0.000000,
        "32" : 0.000000,
        "64" : 0.000000,
        ">=64" : 0.000000
      },
      "iodepth_complete" : {
        "0" : 0.000000,
        "4" : 99.991562,
        "8" : 0.000000,
        "16" : 0.000000,
        "32" : 0.000000,
        "64" : 0.000000,
        ">=64" : 0.100000
      },
      "latency_ns" : {
        "2" : 0.000000,
        "4" : 0.000000,
        "10" : 0.000000,
        "20" : 0.000000,
        "50" : 0.000000,
        "100" : 0.000000,
        "250" : 0.000000,
        "500" : 0.000000,
        "750" : 0.000000,
        "1000" : 0.000000
      },
      "latency_us" : {
        "2" : 0.000000,
        "4" : 0.000000,
        "10" : 0.000000,
        "20" : 0.010000,
        "50" : 0.010000,
        "100" : 0.010000,
        "250" : 0.000000,
        "500" : 0.000000,
        "750" : 0.000000,
        "1000" : 0.000000
      },
      "latency_ms" : {
        "2" : 0.000000,
        "4" : 0.000000,
        "10" : 0.010000,
        "20" : 0.010000,
        "50" : 0.024266,
        "100" : 0.038465,
        "250" : 0.090741,
        "500" : 0.102487,
        "750" : 0.072799,
        "1000" : 0.065055,
        "2000" : 0.260605,
        ">=2000" : 99.322349
      },
      "latency_depth" : 256,
      "latency_target" : 0,
      "latency_percentile" : 100.000000,
      "latency_window" : 0
    }
  ]
}
