{
  "fio version" : "fio-3.27",
  "timestamp" : 1627031993,
  "timestamp_ms" : 1627031993751,
  "time" : "Fri Jul 23 11:19:53 2021",
  "jobs" : [
    {
      "jobname" : "randrw",
      "groupid" : 0,
      "error" : 0,
      "eta" : 0,
      "elapsed" : 303,
      "job options" : {
        "bs" : "4K",
        "iodepth" : "256",
        "direct" : "0",
        "ioengine" : "libaio",
        "time_based" : "1",
        "runtime" : "300",
        "numjobs" : "64",
        "size" : "1g",
        "name" : "randrw",
        "rw" : "randrw",
        "directory" : "/scratch/snx2000/ccocha/randrw/150_node",
        "filename_format" : "$jobname.32.$jobnum.$filenum"
      },
      "read" : {
        "io_bytes" : 55578624,
        "io_kbytes" : 54276,
        "bw_bytes" : 183805,
        "bw" : 179,
        "iops" : 44.874445,
        "runtime" : 302377,
        "total_ios" : 13569,
        "short_ios" : 0,
        "drop_ios" : 0,
        "slat_ns" : {
          "min" : 2110441,
          "max" : 90920398312,
          "mean" : 1419855703.913848,
          "stddev" : 4564925933.350855,
          "N" : 13569
        },
        "clat_ns" : {
          "min" : 22000,
          "max" : 302117100944,
          "mean" : 158537070377.702423,
          "stddev" : 83054141016.024002,
          "N" : 13569,
          "percentile" : {
            "1.000000" : 2969567232,
            "5.000000" : 17112760320,
            "10.000000" : 17112760320,
            "20.000000" : 17112760320,
            "30.000000" : 17112760320,
            "40.000000" : 17112760320,
            "50.000000" : 17112760320,
            "60.000000" : 17112760320,
            "70.000000" : 17112760320,
            "80.000000" : 17112760320,
            "90.000000" : 17112760320,
            "95.000000" : 17112760320,
            "99.000000" : 17112760320,
            "99.500000" : 17112760320,
            "99.900000" : 17112760320,
            "99.950000" : 17112760320,
            "99.990000" : 17112760320
          }
        },
        "lat_ns" : {
          "min" : 1212180573,
          "max" : 302189563973,
          "mean" : 159956930355.266998,
          "stddev" : 82815029520.164948,
          "N" : 13569
        },
        "bw_min" : 504,
        "bw_max" : 2224,
        "bw_agg" : 100.000000,
        "bw_mean" : 748.496669,
        "bw_dev" : 6.787300,
        "bw_samples" : 3563,
        "iops_min" : 126,
        "iops_max" : 556,
        "iops_mean" : 187.124167,
        "iops_stddev" : 1.696825,
        "iops_samples" : 3563
      },
      "write" : {
        "io_bytes" : 55439360,
        "io_kbytes" : 54140,
        "bw_bytes" : 183345,
        "bw" : 179,
        "iops" : 44.762002,
        "runtime" : 302377,
        "total_ios" : 13535,
        "short_ios" : 0,
        "drop_ios" : 0,
        "slat_ns" : {
          "min" : 75700,
          "max" : 2982186,
          "mean" : 142165.525083,
          "stddev" : 105810.139931,
          "N" : 13535
        },
        "clat_ns" : {
          "min" : 1234349221,
          "max" : 302189657563,
          "mean" : 158803205984.716644,
          "stddev" : 83375901113.022827,
          "N" : 13535,
          "percentile" : {
            "1.000000" : 4462739456,
            "5.000000" : 17112760320,
            "10.000000" : 17112760320,
            "20.000000" : 17112760320,
            "30.000000" : 17112760320,
            "40.000000" : 17112760320,
            "50.000000" : 17112760320,
            "60.000000" : 17112760320,
            "70.000000" : 17112760320,
            "80.000000" : 17112760320,
            "90.000000" : 17112760320,
            "95.000000" : 17112760320,
            "99.000000" : 17112760320,
            "99.500000" : 17112760320,
            "99.900000" : 17112760320,
            "99.950000" : 17112760320,
            "99.990000" : 17112760320
          }
        },
        "lat_ns" : {
          "min" : 1234458312,
          "max" : 302189755594,
          "mean" : 158803349503.145050,
          "stddev" : 83375895495.806168,
          "N" : 13535
        },
        "bw_min" : 512,
        "bw_max" : 2384,
        "bw_agg" : 100.000000,
        "bw_mean" : 770.104758,
        "bw_dev" : 7.169345,
        "bw_samples" : 3552,
        "iops_min" : 128,
        "iops_max" : 596,
        "iops_mean" : 192.526189,
        "iops_stddev" : 1.792336,
        "iops_samples" : 3552
      },
      "trim" : {
        "io_bytes" : 0,
        "io_kbytes" : 0,
        "bw_bytes" : 0,
        "bw" : 0,
        "iops" : 0.000000,
        "runtime" : 0,
        "total_ios" : 0,
        "short_ios" : 0,
        "drop_ios" : 0,
        "slat_ns" : {
          "min" : 0,
          "max" : 0,
          "mean" : 0.000000,
          "stddev" : 0.000000,
          "N" : 0
        },
        "clat_ns" : {
          "min" : 0,
          "max" : 0,
          "mean" : 0.000000,
          "stddev" : 0.000000,
          "N" : 0
        },
        "lat_ns" : {
          "min" : 0,
          "max" : 0,
          "mean" : 0.000000,
          "stddev" : 0.000000,
          "N" : 0
        },
        "bw_min" : 0,
        "bw_max" : 0,
        "bw_agg" : 0.000000,
        "bw_mean" : 0.000000,
        "bw_dev" : 0.000000,
        "bw_samples" : 0,
        "iops_min" : 0,
        "iops_max" : 0,
        "iops_mean" : 0.000000,
        "iops_stddev" : 0.000000,
        "iops_samples" : 0
      },
      "sync" : {
        "total_ios" : 0,
        "lat_ns" : {
          "min" : 0,
          "max" : 0,
          "mean" : 0.000000,
          "stddev" : 0.000000,
          "N" : 0
        }
      },
      "job_runtime" : 19268970,
      "usr_cpu" : 0.003503,
      "sys_cpu" : 0.023234,
      "ctx" : 14214,
      "majf" : 0,
      "minf" : 2593,
      "iodepth_level" : {
        "1" : 0.236128,
        "2" : 0.472255,
        "4" : 0.944510,
        "8" : 1.889020,
        "16" : 3.778040,
        "32" : 7.556080,
        ">=64" : 85.123967
      },
      "iodepth_submit" : {
        "0" : 0.000000,
        "4" : 100.000000,
        "8" : 0.000000,
        "16" : 0.000000,
        "32" : 0.000000,
        "64" : 0.000000,
        ">=64" : 0.000000
      },
      "iodepth_complete" : {
        "0" : 0.000000,
        "4" : 99.410247,
        "8" : 0.000000,
        "16" : 0.000000,
        "32" : 0.000000,
        "64" : 0.000000,
        ">=64" : 0.589753
      },
      "latency_ns" : {
        "2" : 0.000000,
        "4" : 0.000000,
        "10" : 0.000000,
        "20" : 0.000000,
        "50" : 0.000000,
        "100" : 0.000000,
        "250" : 0.000000,
        "500" : 0.000000,
        "750" : 0.000000,
        "1000" : 0.000000
      },
      "latency_us" : {
        "2" : 0.000000,
        "4" : 0.000000,
        "10" : 0.000000,
        "20" : 0.000000,
        "50" : 0.228749,
        "100" : 0.010000,
        "250" : 0.000000,
        "500" : 0.000000,
        "750" : 0.000000,
        "1000" : 0.000000
      },
      "latency_ms" : {
        "2" : 0.000000,
        "4" : 0.000000,
        "10" : 0.000000,
        "20" : 0.000000,
        "50" : 0.000000,
        "100" : 0.000000,
        "250" : 0.000000,
        "500" : 0.000000,
        "750" : 0.000000,
        "1000" : 0.000000,
        "2000" : 0.254575,
        ">=2000" : 99.509298
      },
      "latency_depth" : 256,
      "latency_target" : 0,
      "latency_percentile" : 100.000000,
      "latency_window" : 0
    }
  ]
}
