{
  "fio version" : "fio-3.27",
  "timestamp" : 1627026754,
  "timestamp_ms" : 1627026754656,
  "time" : "Fri Jul 23 09:52:34 2021",
  "jobs" : [
    {
      "jobname" : "randrw",
      "groupid" : 0,
      "error" : 0,
      "eta" : 0,
      "elapsed" : 303,
      "job options" : {
        "bs" : "4K",
        "iodepth" : "256",
        "direct" : "0",
        "ioengine" : "libaio",
        "time_based" : "1",
        "runtime" : "300",
        "numjobs" : "16",
        "size" : "1g",
        "name" : "randrw",
        "rw" : "randrw",
        "directory" : "/scratch/snx2000/ccocha/randrw/128_node",
        "filename_format" : "$jobname.85.$jobnum.$filenum"
      },
      "read" : {
        "io_bytes" : 88616960,
        "io_kbytes" : 86540,
        "bw_bytes" : 293765,
        "bw" : 286,
        "iops" : 71.720055,
        "runtime" : 301659,
        "total_ios" : 21635,
        "short_ios" : 0,
        "drop_ios" : 0,
        "slat_ns" : {
          "min" : 627166,
          "max" : 86273175834,
          "mean" : 222323061.632956,
          "stddev" : 1983443792.342581,
          "N" : 21635
        },
        "clat_ns" : {
          "min" : 24971,
          "max" : 132314623399,
          "mean" : 27961217566.770561,
          "stddev" : 27497902855.217266,
          "N" : 21635,
          "percentile" : {
            "1.000000" : 2432696320,
            "5.000000" : 2734686208,
            "10.000000" : 2936012800,
            "20.000000" : 3305111552,
            "30.000000" : 4664066048,
            "40.000000" : 17112760320,
            "50.000000" : 17112760320,
            "60.000000" : 17112760320,
            "70.000000" : 17112760320,
            "80.000000" : 17112760320,
            "90.000000" : 17112760320,
            "95.000000" : 17112760320,
            "99.000000" : 17112760320,
            "99.500000" : 17112760320,
            "99.900000" : 17112760320,
            "99.950000" : 17112760320,
            "99.990000" : 17112760320
          }
        },
        "lat_ns" : {
          "min" : 584898250,
          "max" : 132775663931,
          "mean" : 28183544173.960476,
          "stddev" : 27614104166.079124,
          "N" : 21635
        },
        "bw_min" : 128,
        "bw_max" : 4216,
        "bw_agg" : 100.000000,
        "bw_mean" : 688.279097,
        "bw_dev" : 48.545622,
        "bw_samples" : 3629,
        "iops_min" : 32,
        "iops_max" : 1054,
        "iops_mean" : 172.069774,
        "iops_stddev" : 12.136406,
        "iops_samples" : 3629
      },
      "write" : {
        "io_bytes" : 88989696,
        "io_kbytes" : 86904,
        "bw_bytes" : 295000,
        "bw" : 288,
        "iops" : 72.021720,
        "runtime" : 301659,
        "total_ios" : 21726,
        "short_ios" : 0,
        "drop_ios" : 0,
        "slat_ns" : {
          "min" : 75330,
          "max" : 1959321,
          "mean" : 122046.753613,
          "stddev" : 52281.159924,
          "N" : 21726
        },
        "clat_ns" : {
          "min" : 584908570,
          "max" : 132775484899,
          "mean" : 28448376306.241920,
          "stddev" : 28061264690.979179,
          "N" : 21726,
          "percentile" : {
            "1.000000" : 2466250752,
            "5.000000" : 2734686208,
            "10.000000" : 2936012800,
            "20.000000" : 3338665984,
            "30.000000" : 4596957184,
            "40.000000" : 17112760320,
            "50.000000" : 17112760320,
            "60.000000" : 17112760320,
            "70.000000" : 17112760320,
            "80.000000" : 17112760320,
            "90.000000" : 17112760320,
            "95.000000" : 17112760320,
            "99.000000" : 17112760320,
            "99.500000" : 17112760320,
            "99.900000" : 17112760320,
            "99.950000" : 17112760320,
            "99.990000" : 17112760320
          }
        },
        "lat_ns" : {
          "min" : 584990511,
          "max" : 132775568920,
          "mean" : 28448499594.396767,
          "stddev" : 28061263704.656364,
          "N" : 21726
        },
        "bw_min" : 128,
        "bw_max" : 4008,
        "bw_agg" : 100.000000,
        "bw_mean" : 685.422502,
        "bw_dev" : 48.261631,
        "bw_samples" : 3664,
        "iops_min" : 32,
        "iops_max" : 1002,
        "iops_mean" : 171.355626,
        "iops_stddev" : 12.065408,
        "iops_samples" : 3664
      },
      "trim" : {
        "io_bytes" : 0,
        "io_kbytes" : 0,
        "bw_bytes" : 0,
        "bw" : 0,
        "iops" : 0.000000,
        "runtime" : 0,
        "total_ios" : 0,
        "short_ios" : 0,
        "drop_ios" : 0,
        "slat_ns" : {
          "min" : 0,
          "max" : 0,
          "mean" : 0.000000,
          "stddev" : 0.000000,
          "N" : 0
        },
        "clat_ns" : {
          "min" : 0,
          "max" : 0,
          "mean" : 0.000000,
          "stddev" : 0.000000,
          "N" : 0
        },
        "lat_ns" : {
          "min" : 0,
          "max" : 0,
          "mean" : 0.000000,
          "stddev" : 0.000000,
          "N" : 0
        },
        "bw_min" : 0,
        "bw_max" : 0,
        "bw_agg" : 0.000000,
        "bw_mean" : 0.000000,
        "bw_dev" : 0.000000,
        "bw_samples" : 0,
        "iops_min" : 0,
        "iops_max" : 0,
        "iops_mean" : 0.000000,
        "iops_stddev" : 0.000000,
        "iops_samples" : 0
      },
      "sync" : {
        "total_ios" : 0,
        "lat_ns" : {
          "min" : 0,
          "max" : 0,
          "mean" : 0.000000,
          "stddev" : 0.000000,
          "N" : 0
        }
      },
      "job_runtime" : 4813490,
      "usr_cpu" : 0.018573,
      "sys_cpu" : 0.134476,
      "ctx" : 21767,
      "majf" : 0,
      "minf" : 654,
      "iodepth_level" : {
        "1" : 0.100000,
        "2" : 0.100000,
        "4" : 0.147598,
        "8" : 0.295196,
        "16" : 0.590392,
        "32" : 1.180785,
        ">=64" : 97.675330
      },
      "iodepth_submit" : {
        "0" : 0.000000,
        "4" : 100.000000,
        "8" : 0.000000,
        "16" : 0.000000,
        "32" : 0.000000,
        "64" : 0.000000,
        ">=64" : 0.000000
      },
      "iodepth_complete" : {
        "0" : 0.000000,
        "4" : 99.959284,
        "8" : 0.000000,
        "16" : 0.000000,
        "32" : 0.000000,
        "64" : 0.000000,
        ">=64" : 0.100000
      },
      "latency_ns" : {
        "2" : 0.000000,
        "4" : 0.000000,
        "10" : 0.000000,
        "20" : 0.000000,
        "50" : 0.000000,
        "100" : 0.000000,
        "250" : 0.000000,
        "500" : 0.000000,
        "750" : 0.000000,
        "1000" : 0.000000
      },
      "latency_us" : {
        "2" : 0.000000,
        "4" : 0.000000,
        "10" : 0.000000,
        "20" : 0.000000,
        "50" : 0.036900,
        "100" : 0.000000,
        "250" : 0.000000,
        "500" : 0.000000,
        "750" : 0.000000,
        "1000" : 0.000000
      },
      "latency_ms" : {
        "2" : 0.000000,
        "4" : 0.000000,
        "10" : 0.000000,
        "20" : 0.000000,
        "50" : 0.000000,
        "100" : 0.000000,
        "250" : 0.000000,
        "500" : 0.000000,
        "750" : 0.010000,
        "1000" : 0.000000,
        "2000" : 0.050737,
        ">=2000" : 99.905445
      },
      "latency_depth" : 256,
      "latency_target" : 0,
      "latency_percentile" : 100.000000,
      "latency_window" : 0
    }
  ]
}
