{
  "fio version" : "fio-3.27",
  "timestamp" : 1627028726,
  "timestamp_ms" : 1627028726205,
  "time" : "Fri Jul 23 10:25:26 2021",
  "jobs" : [
    {
      "jobname" : "randrw",
      "groupid" : 0,
      "error" : 0,
      "eta" : 0,
      "elapsed" : 301,
      "job options" : {
        "bs" : "4K",
        "iodepth" : "256",
        "direct" : "0",
        "ioengine" : "libaio",
        "time_based" : "1",
        "runtime" : "300",
        "numjobs" : "1",
        "size" : "1g",
        "name" : "randrw",
        "rw" : "randrw",
        "directory" : "/scratch/snx2000/ccocha/randrw/150_node",
        "filename_format" : "$jobname.91.$jobnum.$filenum"
      },
      "read" : {
        "io_bytes" : 70037504,
        "io_kbytes" : 68396,
        "bw_bytes" : 233372,
        "bw" : 227,
        "iops" : 56.975776,
        "runtime" : 300110,
        "total_ios" : 17099,
        "short_ios" : 0,
        "drop_ios" : 0,
        "slat_ns" : {
          "min" : 475388,
          "max" : 1027832661,
          "mean" : 17414951.126382,
          "stddev" : 37500694.952477,
          "N" : 17099
        },
        "clat_ns" : {
          "min" : 14410,
          "max" : 15560692708,
          "mean" : 2241449339.975623,
          "stddev" : 1358767216.694546,
          "N" : 17099,
          "percentile" : {
            "1.000000" : 666894336,
            "5.000000" : 734003200,
            "10.000000" : 826277888,
            "20.000000" : 1434451968,
            "30.000000" : 1753219072,
            "40.000000" : 1988100096,
            "50.000000" : 2164260864,
            "60.000000" : 2365587456,
            "70.000000" : 2600468480,
            "80.000000" : 2835349504,
            "90.000000" : 3271557120,
            "95.000000" : 3640655872,
            "99.000000" : 4328521728,
            "99.500000" : 15233712128,
            "99.900000" : 15502147584,
            "99.950000" : 15502147584,
            "99.990000" : 15502147584
          }
        },
        "lat_ns" : {
          "min" : 123945726,
          "max" : 15567417972,
          "mean" : 2258866834.854678,
          "stddev" : 1363368366.182244,
          "N" : 17099
        },
        "bw_min" : 8,
        "bw_max" : 936,
        "bw_agg" : 100.000000,
        "bw_mean" : 231.718430,
        "bw_dev" : 162.070347,
        "bw_samples" : 586,
        "iops_min" : 2,
        "iops_max" : 234,
        "iops_mean" : 57.924915,
        "iops_stddev" : 40.506298,
        "iops_samples" : 586
      },
      "write" : {
        "io_bytes" : 70021120,
        "io_kbytes" : 68380,
        "bw_bytes" : 233318,
        "bw" : 227,
        "iops" : 56.962447,
        "runtime" : 300110,
        "total_ios" : 17095,
        "short_ios" : 0,
        "drop_ios" : 0,
        "slat_ns" : {
          "min" : 75362,
          "max" : 792313,
          "mean" : 103998.717110,
          "stddev" : 39145.457730,
          "N" : 17095
        },
        "clat_ns" : {
          "min" : 123955416,
          "max" : 15558725816,
          "mean" : 2229124449.371217,
          "stddev" : 1341940536.982351,
          "N" : 17095,
          "percentile" : {
            "1.000000" : 666894336,
            "5.000000" : 734003200,
            "10.000000" : 817889280,
            "20.000000" : 1400897536,
            "30.000000" : 1736441856,
            "40.000000" : 1971322880,
            "50.000000" : 2164260864,
            "60.000000" : 2365587456,
            "70.000000" : 2600468480,
            "80.000000" : 2835349504,
            "90.000000" : 3271557120,
            "95.000000" : 3640655872,
            "99.000000" : 4328521728,
            "99.500000" : 14428405760,
            "99.900000" : 15502147584,
            "99.950000" : 15502147584,
            "99.990000" : 15502147584
          }
        },
        "lat_ns" : {
          "min" : 124035438,
          "max" : 15558807807,
          "mean" : 2229229625.942972,
          "stddev" : 1341941498.518894,
          "N" : 17095
        },
        "bw_min" : 8,
        "bw_max" : 832,
        "bw_agg" : 100.000000,
        "bw_mean" : 230.846939,
        "bw_dev" : 162.075866,
        "bw_samples" : 588,
        "iops_min" : 2,
        "iops_max" : 208,
        "iops_mean" : 57.707483,
        "iops_stddev" : 40.509146,
        "iops_samples" : 588
      },
      "trim" : {
        "io_bytes" : 0,
        "io_kbytes" : 0,
        "bw_bytes" : 0,
        "bw" : 0,
        "iops" : 0.000000,
        "runtime" : 0,
        "total_ios" : 0,
        "short_ios" : 0,
        "drop_ios" : 0,
        "slat_ns" : {
          "min" : 0,
          "max" : 0,
          "mean" : 0.000000,
          "stddev" : 0.000000,
          "N" : 0
        },
        "clat_ns" : {
          "min" : 0,
          "max" : 0,
          "mean" : 0.000000,
          "stddev" : 0.000000,
          "N" : 0
        },
        "lat_ns" : {
          "min" : 0,
          "max" : 0,
          "mean" : 0.000000,
          "stddev" : 0.000000,
          "N" : 0
        },
        "bw_min" : 0,
        "bw_max" : 0,
        "bw_agg" : 0.000000,
        "bw_mean" : 0.000000,
        "bw_dev" : 0.000000,
        "bw_samples" : 0,
        "iops_min" : 0,
        "iops_max" : 0,
        "iops_mean" : 0.000000,
        "iops_stddev" : 0.000000,
        "iops_samples" : 0
      },
      "sync" : {
        "total_ios" : 0,
        "lat_ns" : {
          "min" : 0,
          "max" : 0,
          "mean" : 0.000000,
          "stddev" : 0.000000,
          "N" : 0
        }
      },
      "job_runtime" : 300109,
      "usr_cpu" : 0.236914,
      "sys_cpu" : 1.365504,
      "ctx" : 17105,
      "majf" : 0,
      "minf" : 42,
      "iodepth_level" : {
        "1" : 0.100000,
        "2" : 0.100000,
        "4" : 0.100000,
        "8" : 0.100000,
        "16" : 0.100000,
        "32" : 0.100000,
        ">=64" : 99.815757
      },
      "iodepth_submit" : {
        "0" : 0.000000,
        "4" : 100.000000,
        "8" : 0.000000,
        "16" : 0.000000,
        "32" : 0.000000,
        "64" : 0.000000,
        ">=64" : 0.000000
      },
      "iodepth_complete" : {
        "0" : 0.000000,
        "4" : 99.997054,
        "8" : 0.000000,
        "16" : 0.000000,
        "32" : 0.000000,
        "64" : 0.000000,
        ">=64" : 0.100000
      },
      "latency_ns" : {
        "2" : 0.000000,
        "4" : 0.000000,
        "10" : 0.000000,
        "20" : 0.000000,
        "50" : 0.000000,
        "100" : 0.000000,
        "250" : 0.000000,
        "500" : 0.000000,
        "750" : 0.000000,
        "1000" : 0.000000
      },
      "latency_us" : {
        "2" : 0.000000,
        "4" : 0.000000,
        "10" : 0.000000,
        "20" : 0.010000,
        "50" : 0.000000,
        "100" : 0.000000,
        "250" : 0.000000,
        "500" : 0.000000,
        "750" : 0.000000,
        "1000" : 0.000000
      },
      "latency_ms" : {
        "2" : 0.000000,
        "4" : 0.000000,
        "10" : 0.000000,
        "20" : 0.000000,
        "50" : 0.000000,
        "100" : 0.000000,
        "250" : 0.111131,
        "500" : 0.184243,
        "750" : 6.006902,
        "1000" : 6.208692,
        "2000" : 28.554717,
        ">=2000" : 58.931391
      },
      "latency_depth" : 256,
      "latency_target" : 0,
      "latency_percentile" : 100.000000,
      "latency_window" : 0
    }
  ]
}
