{
  "fio version" : "fio-3.27",
  "timestamp" : 1627027400,
  "timestamp_ms" : 1627027400733,
  "time" : "Fri Jul 23 10:03:20 2021",
  "jobs" : [
    {
      "jobname" : "randrw",
      "groupid" : 0,
      "error" : 0,
      "eta" : 0,
      "elapsed" : 301,
      "job options" : {
        "bs" : "4K",
        "iodepth" : "256",
        "direct" : "0",
        "ioengine" : "libaio",
        "time_based" : "1",
        "runtime" : "300",
        "numjobs" : "32",
        "size" : "1g",
        "name" : "randrw",
        "rw" : "randrw",
        "directory" : "/scratch/snx2000/ccocha/randrw/128_node",
        "filename_format" : "$jobname.88.$jobnum.$filenum"
      },
      "read" : {
        "io_bytes" : 63307776,
        "io_kbytes" : 61824,
        "bw_bytes" : 210836,
        "bw" : 205,
        "iops" : 51.473674,
        "runtime" : 300270,
        "total_ios" : 15456,
        "short_ios" : 0,
        "drop_ios" : 0,
        "slat_ns" : {
          "min" : 835240,
          "max" : 59290463077,
          "mean" : 621088184.582040,
          "stddev" : 2467199545.757025,
          "N" : 15456
        },
        "clat_ns" : {
          "min" : 16000,
          "max" : 180860763401,
          "mean" : 78426657123.522522,
          "stddev" : 42069317284.371735,
          "N" : 15456,
          "percentile" : {
            "1.000000" : 210763776,
            "5.000000" : 6476005376,
            "10.000000" : 8791261184,
            "20.000000" : 17112760320,
            "30.000000" : 17112760320,
            "40.000000" : 17112760320,
            "50.000000" : 17112760320,
            "60.000000" : 17112760320,
            "70.000000" : 17112760320,
            "80.000000" : 17112760320,
            "90.000000" : 17112760320,
            "95.000000" : 17112760320,
            "99.000000" : 17112760320,
            "99.500000" : 17112760320,
            "99.900000" : 17112760320,
            "99.950000" : 17112760320,
            "99.990000" : 17112760320
          }
        },
        "lat_ns" : {
          "min" : 6679335,
          "max" : 181882875602,
          "mean" : 79047749286.434845,
          "stddev" : 42181426719.904900,
          "N" : 15456
        },
        "bw_min" : 256,
        "bw_max" : 2608,
        "bw_agg" : 100.000000,
        "bw_mean" : 459.965280,
        "bw_dev" : 10.903846,
        "bw_samples" : 6221,
        "iops_min" : 64,
        "iops_max" : 652,
        "iops_mean" : 114.991320,
        "iops_stddev" : 2.725961,
        "iops_samples" : 6221
      },
      "write" : {
        "io_bytes" : 63705088,
        "io_kbytes" : 62212,
        "bw_bytes" : 212159,
        "bw" : 207,
        "iops" : 51.796716,
        "runtime" : 300270,
        "total_ios" : 15553,
        "short_ios" : 0,
        "drop_ios" : 0,
        "slat_ns" : {
          "min" : 75280,
          "max" : 3756143,
          "mean" : 132878.508069,
          "stddev" : 90204.180215,
          "N" : 15553
        },
        "clat_ns" : {
          "min" : 6689065,
          "max" : 180878263754,
          "mean" : 77610006872.626266,
          "stddev" : 41495077347.083878,
          "N" : 15553,
          "percentile" : {
            "1.000000" : 244318208,
            "5.000000" : 6476005376,
            "10.000000" : 9193914368,
            "20.000000" : 17112760320,
            "30.000000" : 17112760320,
            "40.000000" : 17112760320,
            "50.000000" : 17112760320,
            "60.000000" : 17112760320,
            "70.000000" : 17112760320,
            "80.000000" : 17112760320,
            "90.000000" : 17112760320,
            "95.000000" : 17112760320,
            "99.000000" : 17112760320,
            "99.500000" : 17112760320,
            "99.900000" : 17112760320,
            "99.950000" : 17112760320,
            "99.990000" : 17112760320
          }
        },
        "lat_ns" : {
          "min" : 6767035,
          "max" : 180878348314,
          "mean" : 77610141060.597458,
          "stddev" : 41495071980.505386,
          "N" : 15553
        },
        "bw_min" : 256,
        "bw_max" : 2672,
        "bw_agg" : 100.000000,
        "bw_mean" : 459.753706,
        "bw_dev" : 10.945263,
        "bw_samples" : 6198,
        "iops_min" : 64,
        "iops_max" : 668,
        "iops_mean" : 114.938426,
        "iops_stddev" : 2.736316,
        "iops_samples" : 6198
      },
      "trim" : {
        "io_bytes" : 0,
        "io_kbytes" : 0,
        "bw_bytes" : 0,
        "bw" : 0,
        "iops" : 0.000000,
        "runtime" : 0,
        "total_ios" : 0,
        "short_ios" : 0,
        "drop_ios" : 0,
        "slat_ns" : {
          "min" : 0,
          "max" : 0,
          "mean" : 0.000000,
          "stddev" : 0.000000,
          "N" : 0
        },
        "clat_ns" : {
          "min" : 0,
          "max" : 0,
          "mean" : 0.000000,
          "stddev" : 0.000000,
          "N" : 0
        },
        "lat_ns" : {
          "min" : 0,
          "max" : 0,
          "mean" : 0.000000,
          "stddev" : 0.000000,
          "N" : 0
        },
        "bw_min" : 0,
        "bw_max" : 0,
        "bw_agg" : 0.000000,
        "bw_mean" : 0.000000,
        "bw_dev" : 0.000000,
        "bw_samples" : 0,
        "iops_min" : 0,
        "iops_max" : 0,
        "iops_mean" : 0.000000,
        "iops_stddev" : 0.000000,
        "iops_samples" : 0
      },
      "sync" : {
        "total_ios" : 0,
        "lat_ns" : {
          "min" : 0,
          "max" : 0,
          "mean" : 0.000000,
          "stddev" : 0.000000,
          "N" : 0
        }
      },
      "job_runtime" : 9602328,
      "usr_cpu" : 0.007352,
      "sys_cpu" : 0.051758,
      "ctx" : 15807,
      "majf" : 0,
      "minf" : 1369,
      "iodepth_level" : {
        "1" : 0.103196,
        "2" : 0.206392,
        "4" : 0.412783,
        "8" : 0.825567,
        "16" : 1.651134,
        "32" : 3.302267,
        ">=64" : 93.498662
      },
      "iodepth_submit" : {
        "0" : 0.000000,
        "4" : 100.000000,
        "8" : 0.000000,
        "16" : 0.000000,
        "32" : 0.000000,
        "64" : 0.000000,
        ">=64" : 0.000000
      },
      "iodepth_complete" : {
        "0" : 0.000000,
        "4" : 99.860146,
        "8" : 0.000000,
        "16" : 0.000000,
        "32" : 0.000000,
        "64" : 0.000000,
        ">=64" : 0.139854
      },
      "latency_ns" : {
        "2" : 0.000000,
        "4" : 0.000000,
        "10" : 0.000000,
        "20" : 0.000000,
        "50" : 0.000000,
        "100" : 0.000000,
        "250" : 0.000000,
        "500" : 0.000000,
        "750" : 0.000000,
        "1000" : 0.000000
      },
      "latency_us" : {
        "2" : 0.000000,
        "4" : 0.000000,
        "10" : 0.000000,
        "20" : 0.035474,
        "50" : 0.067722,
        "100" : 0.000000,
        "250" : 0.000000,
        "500" : 0.000000,
        "750" : 0.000000,
        "1000" : 0.000000
      },
      "latency_ms" : {
        "2" : 0.000000,
        "4" : 0.000000,
        "10" : 0.022574,
        "20" : 0.090296,
        "50" : 0.051598,
        "100" : 0.138669,
        "250" : 0.732046,
        "500" : 0.890064,
        "750" : 0.158019,
        "1000" : 0.177368,
        "2000" : 0.848141,
        ">=2000" : 96.788029
      },
      "latency_depth" : 256,
      "latency_target" : 0,
      "latency_percentile" : 100.000000,
      "latency_window" : 0
    }
  ]
}
