{
  "fio version" : "fio-3.27",
  "timestamp" : 1627027399,
  "timestamp_ms" : 1627027399815,
  "time" : "Fri Jul 23 10:03:19 2021",
  "jobs" : [
    {
      "jobname" : "randrw",
      "groupid" : 0,
      "error" : 0,
      "eta" : 0,
      "elapsed" : 301,
      "job options" : {
        "bs" : "4K",
        "iodepth" : "256",
        "direct" : "0",
        "ioengine" : "libaio",
        "time_based" : "1",
        "runtime" : "300",
        "numjobs" : "32",
        "size" : "1g",
        "name" : "randrw",
        "rw" : "randrw",
        "directory" : "/scratch/snx2000/ccocha/randrw/128_node",
        "filename_format" : "$jobname.66.$jobnum.$filenum"
      },
      "read" : {
        "io_bytes" : 84090880,
        "io_kbytes" : 82120,
        "bw_bytes" : 280068,
        "bw" : 273,
        "iops" : 68.376125,
        "runtime" : 300251,
        "total_ios" : 20530,
        "short_ios" : 0,
        "drop_ios" : 0,
        "slat_ns" : {
          "min" : 9016393,
          "max" : 57524213214,
          "mean" : 467516946.496249,
          "stddev" : 1951756226.671167,
          "N" : 20530
        },
        "clat_ns" : {
          "min" : 15671,
          "max" : 141505374364,
          "mean" : 59058756570.962288,
          "stddev" : 31221174292.490486,
          "N" : 20530,
          "percentile" : {
            "1.000000" : 742391808,
            "5.000000" : 6140461056,
            "10.000000" : 7885291520,
            "20.000000" : 17112760320,
            "30.000000" : 17112760320,
            "40.000000" : 17112760320,
            "50.000000" : 17112760320,
            "60.000000" : 17112760320,
            "70.000000" : 17112760320,
            "80.000000" : 17112760320,
            "90.000000" : 17112760320,
            "95.000000" : 17112760320,
            "99.000000" : 17112760320,
            "99.500000" : 17112760320,
            "99.900000" : 17112760320,
            "99.950000" : 17112760320,
            "99.990000" : 17112760320
          }
        },
        "lat_ns" : {
          "min" : 19974794,
          "max" : 142007921886,
          "mean" : 59526277579.481697,
          "stddev" : 31285184171.153065,
          "N" : 20530
        },
        "bw_min" : 256,
        "bw_max" : 3160,
        "bw_agg" : 100.000000,
        "bw_mean" : 513.267628,
        "bw_dev" : 13.040269,
        "bw_samples" : 8153,
        "iops_min" : 64,
        "iops_max" : 790,
        "iops_mean" : 128.316907,
        "iops_stddev" : 3.260067,
        "iops_samples" : 8153
      },
      "write" : {
        "io_bytes" : 84852736,
        "io_kbytes" : 82864,
        "bw_bytes" : 282606,
        "bw" : 275,
        "iops" : 68.995607,
        "runtime" : 300251,
        "total_ios" : 20716,
        "short_ios" : 0,
        "drop_ios" : 0,
        "slat_ns" : {
          "min" : 74911,
          "max" : 2247721,
          "mean" : 128647.702307,
          "stddev" : 67140.915073,
          "N" : 20716
        },
        "clat_ns" : {
          "min" : 19985554,
          "max" : 140702804092,
          "mean" : 58333876649.823807,
          "stddev" : 30943208274.634350,
          "N" : 20716,
          "percentile" : {
            "1.000000" : 884998144,
            "5.000000" : 6140461056,
            "10.000000" : 7751073792,
            "20.000000" : 17112760320,
            "30.000000" : 17112760320,
            "40.000000" : 17112760320,
            "50.000000" : 17112760320,
            "60.000000" : 17112760320,
            "70.000000" : 17112760320,
            "80.000000" : 17112760320,
            "90.000000" : 17112760320,
            "95.000000" : 17112760320,
            "99.000000" : 17112760320,
            "99.500000" : 17112760320,
            "99.900000" : 17112760320,
            "99.950000" : 17112760320,
            "99.990000" : 17112760320
          }
        },
        "lat_ns" : {
          "min" : 20080046,
          "max" : 140702897733,
          "mean" : 58334006594.009071,
          "stddev" : 30943205854.151611,
          "N" : 20716
        },
        "bw_min" : 256,
        "bw_max" : 3248,
        "bw_agg" : 100.000000,
        "bw_mean" : 519.497138,
        "bw_dev" : 13.568573,
        "bw_samples" : 8092,
        "iops_min" : 64,
        "iops_max" : 812,
        "iops_mean" : 129.874285,
        "iops_stddev" : 3.392143,
        "iops_samples" : 8092
      },
      "trim" : {
        "io_bytes" : 0,
        "io_kbytes" : 0,
        "bw_bytes" : 0,
        "bw" : 0,
        "iops" : 0.000000,
        "runtime" : 0,
        "total_ios" : 0,
        "short_ios" : 0,
        "drop_ios" : 0,
        "slat_ns" : {
          "min" : 0,
          "max" : 0,
          "mean" : 0.000000,
          "stddev" : 0.000000,
          "N" : 0
        },
        "clat_ns" : {
          "min" : 0,
          "max" : 0,
          "mean" : 0.000000,
          "stddev" : 0.000000,
          "N" : 0
        },
        "lat_ns" : {
          "min" : 0,
          "max" : 0,
          "mean" : 0.000000,
          "stddev" : 0.000000,
          "N" : 0
        },
        "bw_min" : 0,
        "bw_max" : 0,
        "bw_agg" : 0.000000,
        "bw_mean" : 0.000000,
        "bw_dev" : 0.000000,
        "bw_samples" : 0,
        "iops_min" : 0,
        "iops_max" : 0,
        "iops_mean" : 0.000000,
        "iops_stddev" : 0.000000,
        "iops_samples" : 0
      },
      "sync" : {
        "total_ios" : 0,
        "lat_ns" : {
          "min" : 0,
          "max" : 0,
          "mean" : 0.000000,
          "stddev" : 0.000000,
          "N" : 0
        }
      },
      "job_runtime" : 9601710,
      "usr_cpu" : 0.009634,
      "sys_cpu" : 0.068415,
      "ctx" : 20816,
      "majf" : 0,
      "minf" : 1366,
      "iodepth_level" : {
        "1" : 0.100000,
        "2" : 0.155167,
        "4" : 0.310333,
        "8" : 0.620666,
        "16" : 1.241332,
        "32" : 2.482665,
        ">=64" : 95.112253
      },
      "iodepth_submit" : {
        "0" : 0.000000,
        "4" : 100.000000,
        "8" : 0.000000,
        "16" : 0.000000,
        "32" : 0.000000,
        "64" : 0.000000,
        ">=64" : 0.000000
      },
      "iodepth_complete" : {
        "0" : 0.000000,
        "4" : 99.903376,
        "8" : 0.000000,
        "16" : 0.000000,
        "32" : 0.000000,
        "64" : 0.000000,
        ">=64" : 0.100000
      },
      "latency_ns" : {
        "2" : 0.000000,
        "4" : 0.000000,
        "10" : 0.000000,
        "20" : 0.000000,
        "50" : 0.000000,
        "100" : 0.000000,
        "250" : 0.000000,
        "500" : 0.000000,
        "750" : 0.000000,
        "1000" : 0.000000
      },
      "latency_us" : {
        "2" : 0.000000,
        "4" : 0.000000,
        "10" : 0.000000,
        "20" : 0.024245,
        "50" : 0.053339,
        "100" : 0.000000,
        "250" : 0.000000,
        "500" : 0.000000,
        "750" : 0.000000,
        "1000" : 0.000000
      },
      "latency_ms" : {
        "2" : 0.000000,
        "4" : 0.000000,
        "10" : 0.000000,
        "20" : 0.010000,
        "50" : 0.043641,
        "100" : 0.109101,
        "250" : 0.256995,
        "500" : 0.240023,
        "750" : 0.230325,
        "1000" : 0.155167,
        "2000" : 0.494593,
        ">=2000" : 98.390147
      },
      "latency_depth" : 256,
      "latency_target" : 0,
      "latency_percentile" : 100.000000,
      "latency_window" : 0
    }
  ]
}
