{
  "fio version" : "fio-3.27",
  "timestamp" : 1627025467,
  "timestamp_ms" : 1627025467925,
  "time" : "Fri Jul 23 09:31:07 2021",
  "jobs" : [
    {
      "jobname" : "randrw",
      "groupid" : 0,
      "error" : 0,
      "eta" : 0,
      "elapsed" : 301,
      "job options" : {
        "bs" : "4K",
        "iodepth" : "256",
        "direct" : "0",
        "ioengine" : "libaio",
        "time_based" : "1",
        "runtime" : "300",
        "numjobs" : "2",
        "size" : "1g",
        "name" : "randrw",
        "rw" : "randrw",
        "directory" : "/scratch/snx2000/ccocha/randrw/128_node",
        "filename_format" : "$jobname.56.$jobnum.$filenum"
      },
      "read" : {
        "io_bytes" : 89587712,
        "io_kbytes" : 87488,
        "bw_bytes" : 298612,
        "bw" : 291,
        "iops" : 72.903508,
        "runtime" : 300013,
        "total_ios" : 21872,
        "short_ios" : 0,
        "drop_ios" : 0,
        "slat_ns" : {
          "min" : 461576,
          "max" : 11569247127,
          "mean" : 27291714.283056,
          "stddev" : 128465263.913579,
          "N" : 21872
        },
        "clat_ns" : {
          "min" : 16340,
          "max" : 27982270703,
          "mean" : 3494868536.912982,
          "stddev" : 2930893627.068279,
          "N" : 21872,
          "percentile" : {
            "1.000000" : 708837376,
            "5.000000" : 792723456,
            "10.000000" : 868220928,
            "20.000000" : 1585446912,
            "30.000000" : 2298478592,
            "40.000000" : 2801795072,
            "50.000000" : 3204448256,
            "60.000000" : 3539992576,
            "70.000000" : 3942645760,
            "80.000000" : 4529848320,
            "90.000000" : 5670699008,
            "95.000000" : 7079985152,
            "99.000000" : 17112760320,
            "99.500000" : 17112760320,
            "99.900000" : 17112760320,
            "99.950000" : 17112760320,
            "99.990000" : 17112760320
          }
        },
        "lat_ns" : {
          "min" : 17919936,
          "max" : 27996989665,
          "mean" : 3522162882.855472,
          "stddev" : 2940317598.173666,
          "N" : 21872
        },
        "bw_min" : 16,
        "bw_max" : 1472,
        "bw_agg" : 100.000000,
        "bw_mean" : 326.420205,
        "bw_dev" : 146.376592,
        "bw_samples" : 1060,
        "iops_min" : 4,
        "iops_max" : 368,
        "iops_mean" : 81.605051,
        "iops_stddev" : 36.594148,
        "iops_samples" : 1060
      },
      "write" : {
        "io_bytes" : 90046464,
        "io_kbytes" : 87936,
        "bw_bytes" : 300141,
        "bw" : 293,
        "iops" : 73.276825,
        "runtime" : 300013,
        "total_ios" : 21984,
        "short_ios" : 0,
        "drop_ios" : 0,
        "slat_ns" : {
          "min" : 75452,
          "max" : 2111479,
          "mean" : 107340.665666,
          "stddev" : 42289.999771,
          "N" : 21984
        },
        "clat_ns" : {
          "min" : 31450022,
          "max" : 27996913524,
          "mean" : 3474009635.054894,
          "stddev" : 2923353741.241054,
          "N" : 21984,
          "percentile" : {
            "1.000000" : 708837376,
            "5.000000" : 792723456,
            "10.000000" : 859832320,
            "20.000000" : 1501560832,
            "30.000000" : 2264924160,
            "40.000000" : 2801795072,
            "50.000000" : 3204448256,
            "60.000000" : 3539992576,
            "70.000000" : 3942645760,
            "80.000000" : 4462739456,
            "90.000000" : 5603590144,
            "95.000000" : 7012876288,
            "99.000000" : 17112760320,
            "99.500000" : 17112760320,
            "99.900000" : 17112760320,
            "99.950000" : 17112760320,
            "99.990000" : 17112760320
          }
        },
        "lat_ns" : {
          "min" : 31530123,
          "max" : 27997104666,
          "mean" : 3474118104.437265,
          "stddev" : 2923353788.925223,
          "N" : 21984
        },
        "bw_min" : 16,
        "bw_max" : 1488,
        "bw_agg" : 100.000000,
        "bw_mean" : 328.624992,
        "bw_dev" : 149.312120,
        "bw_samples" : 1058,
        "iops_min" : 4,
        "iops_max" : 372,
        "iops_mean" : 82.156248,
        "iops_stddev" : 37.328030,
        "iops_samples" : 1058
      },
      "trim" : {
        "io_bytes" : 0,
        "io_kbytes" : 0,
        "bw_bytes" : 0,
        "bw" : 0,
        "iops" : 0.000000,
        "runtime" : 0,
        "total_ios" : 0,
        "short_ios" : 0,
        "drop_ios" : 0,
        "slat_ns" : {
          "min" : 0,
          "max" : 0,
          "mean" : 0.000000,
          "stddev" : 0.000000,
          "N" : 0
        },
        "clat_ns" : {
          "min" : 0,
          "max" : 0,
          "mean" : 0.000000,
          "stddev" : 0.000000,
          "N" : 0
        },
        "lat_ns" : {
          "min" : 0,
          "max" : 0,
          "mean" : 0.000000,
          "stddev" : 0.000000,
          "N" : 0
        },
        "bw_min" : 0,
        "bw_max" : 0,
        "bw_agg" : 0.000000,
        "bw_mean" : 0.000000,
        "bw_dev" : 0.000000,
        "bw_samples" : 0,
        "iops_min" : 0,
        "iops_max" : 0,
        "iops_mean" : 0.000000,
        "iops_stddev" : 0.000000,
        "iops_samples" : 0
      },
      "sync" : {
        "total_ios" : 0,
        "lat_ns" : {
          "min" : 0,
          "max" : 0,
          "mean" : 0.000000,
          "stddev" : 0.000000,
          "N" : 0
        }
      },
      "job_runtime" : 600012,
      "usr_cpu" : 0.138831,
      "sys_cpu" : 0.923148,
      "ctx" : 21894,
      "majf" : 0,
      "minf" : 88,
      "iodepth_level" : {
        "1" : 0.100000,
        "2" : 0.100000,
        "4" : 0.100000,
        "8" : 0.100000,
        "16" : 0.100000,
        "32" : 0.145932,
        ">=64" : 99.712696
      },
      "iodepth_submit" : {
        "0" : 0.000000,
        "4" : 100.000000,
        "8" : 0.000000,
        "16" : 0.000000,
        "32" : 0.000000,
        "64" : 0.000000,
        ">=64" : 0.000000
      },
      "iodepth_complete" : {
        "0" : 0.000000,
        "4" : 99.995386,
        "8" : 0.000000,
        "16" : 0.000000,
        "32" : 0.000000,
        "64" : 0.000000,
        ">=64" : 0.100000
      },
      "latency_ns" : {
        "2" : 0.000000,
        "4" : 0.000000,
        "10" : 0.000000,
        "20" : 0.000000,
        "50" : 0.000000,
        "100" : 0.000000,
        "250" : 0.000000,
        "500" : 0.000000,
        "750" : 0.000000,
        "1000" : 0.000000
      },
      "latency_us" : {
        "2" : 0.000000,
        "4" : 0.000000,
        "10" : 0.000000,
        "20" : 0.010000,
        "50" : 0.000000,
        "100" : 0.000000,
        "250" : 0.000000,
        "500" : 0.000000,
        "750" : 0.000000,
        "1000" : 0.000000
      },
      "latency_ms" : {
        "2" : 0.000000,
        "4" : 0.000000,
        "10" : 0.000000,
        "20" : 0.010000,
        "50" : 0.011401,
        "100" : 0.010000,
        "250" : 0.031923,
        "500" : 0.050164,
        "750" : 2.298431,
        "1000" : 10.976833,
        "2000" : 11.587924,
        ">=2000" : 75.025082
      },
      "latency_depth" : 256,
      "latency_target" : 0,
      "latency_percentile" : 100.000000,
      "latency_window" : 0
    }
  ]
}
