{
  "fio version" : "fio-3.27",
  "timestamp" : 1627431261,
  "timestamp_ms" : 1627431261123,
  "time" : "Wed Jul 28 02:14:21 2021",
  "jobs" : [
    {
      "jobname" : "seq-read",
      "groupid" : 0,
      "error" : 0,
      "eta" : 0,
      "elapsed" : 301,
      "job options" : {
        "bs" : "4K",
        "iodepth" : "256",
        "direct" : "1",
        "ioengine" : "libaio",
        "time_based" : "1",
        "runtime" : "300",
        "numjobs" : "16",
        "size" : "1g",
        "name" : "seq-read",
        "rw" : "read",
        "directory" : "/scratch/snx2000/ccocha/seqread/96_node/",
        "filename_format" : "$jobname.49.$jobnum.$filenum"
      },
      "read" : {
        "io_bytes" : 6814613504,
        "io_kbytes" : 6654896,
        "bw_bytes" : 22714924,
        "bw" : 22182,
        "iops" : 5545.635754,
        "runtime" : 300006,
        "total_ios" : 1663724,
        "short_ios" : 0,
        "drop_ios" : 0,
        "slat_ns" : {
          "min" : 491404,
          "max" : 125053805,
          "mean" : 2862941.730210,
          "stddev" : 916789.762655,
          "N" : 1663724
        },
        "clat_ns" : {
          "min" : 13580,
          "max" : 1061524722,
          "mean" : 735056489.326117,
          "stddev" : 37560014.287920,
          "N" : 1663724,
          "percentile" : {
            "1.000000" : 650117120,
            "5.000000" : 692060160,
            "10.000000" : 700448768,
            "20.000000" : 717225984,
            "30.000000" : 725614592,
            "40.000000" : 734003200,
            "50.000000" : 734003200,
            "60.000000" : 742391808,
            "70.000000" : 750780416,
            "80.000000" : 759169024,
            "90.000000" : 767557632,
            "95.000000" : 784334848,
            "99.000000" : 809500672,
            "99.500000" : 826277888,
            "99.900000" : 876609536,
            "99.950000" : 893386752,
            "99.990000" : 1027604480
          }
        },
        "lat_ns" : {
          "min" : 1262641,
          "max" : 1069967839,
          "mean" : 737922411.203152,
          "stddev" : 37643069.828940,
          "N" : 1663724
        },
        "bw_min" : 12072,
        "bw_max" : 24672,
        "bw_agg" : 99.889359,
        "bw_mean" : 22158.906117,
        "bw_dev" : 63.230185,
        "bw_samples" : 9572,
        "iops_min" : 3018,
        "iops_max" : 6168,
        "iops_mean" : 5538.027409,
        "iops_stddev" : 15.811289,
        "iops_samples" : 9572
      },
      "write" : {
        "io_bytes" : 0,
        "io_kbytes" : 0,
        "bw_bytes" : 0,
        "bw" : 0,
        "iops" : 0.000000,
        "runtime" : 0,
        "total_ios" : 0,
        "short_ios" : 0,
        "drop_ios" : 0,
        "slat_ns" : {
          "min" : 0,
          "max" : 0,
          "mean" : 0.000000,
          "stddev" : 0.000000,
          "N" : 0
        },
        "clat_ns" : {
          "min" : 0,
          "max" : 0,
          "mean" : 0.000000,
          "stddev" : 0.000000,
          "N" : 0
        },
        "lat_ns" : {
          "min" : 0,
          "max" : 0,
          "mean" : 0.000000,
          "stddev" : 0.000000,
          "N" : 0
        },
        "bw_min" : 0,
        "bw_max" : 0,
        "bw_agg" : 0.000000,
        "bw_mean" : 0.000000,
        "bw_dev" : 0.000000,
        "bw_samples" : 0,
        "iops_min" : 0,
        "iops_max" : 0,
        "iops_mean" : 0.000000,
        "iops_stddev" : 0.000000,
        "iops_samples" : 0
      },
      "trim" : {
        "io_bytes" : 0,
        "io_kbytes" : 0,
        "bw_bytes" : 0,
        "bw" : 0,
        "iops" : 0.000000,
        "runtime" : 0,
        "total_ios" : 0,
        "short_ios" : 0,
        "drop_ios" : 0,
        "slat_ns" : {
          "min" : 0,
          "max" : 0,
          "mean" : 0.000000,
          "stddev" : 0.000000,
          "N" : 0
        },
        "clat_ns" : {
          "min" : 0,
          "max" : 0,
          "mean" : 0.000000,
          "stddev" : 0.000000,
          "N" : 0
        },
        "lat_ns" : {
          "min" : 0,
          "max" : 0,
          "mean" : 0.000000,
          "stddev" : 0.000000,
          "N" : 0
        },
        "bw_min" : 0,
        "bw_max" : 0,
        "bw_agg" : 0.000000,
        "bw_mean" : 0.000000,
        "bw_dev" : 0.000000,
        "bw_samples" : 0,
        "iops_min" : 0,
        "iops_max" : 0,
        "iops_mean" : 0.000000,
        "iops_stddev" : 0.000000,
        "iops_samples" : 0
      },
      "sync" : {
        "total_ios" : 0,
        "lat_ns" : {
          "min" : 0,
          "max" : 0,
          "mean" : 0.000000,
          "stddev" : 0.000000,
          "N" : 0
        }
      },
      "job_runtime" : 4800014,
      "usr_cpu" : 0.881664,
      "sys_cpu" : 5.592275,
      "ctx" : 1664023,
      "majf" : 0,
      "minf" : 4736,
      "iodepth_level" : {
        "1" : 0.100000,
        "2" : 0.100000,
        "4" : 0.100000,
        "8" : 0.100000,
        "16" : 0.100000,
        "32" : 0.100000,
        ">=64" : 99.939413
      },
      "iodepth_submit" : {
        "0" : 0.000000,
        "4" : 100.000000,
        "8" : 0.000000,
        "16" : 0.000000,
        "32" : 0.000000,
        "64" : 0.000000,
        ">=64" : 0.000000
      },
      "iodepth_complete" : {
        "0" : 0.000000,
        "4" : 99.999036,
        "8" : 0.000000,
        "16" : 0.000000,
        "32" : 0.000000,
        "64" : 0.000000,
        ">=64" : 0.100000
      },
      "latency_ns" : {
        "2" : 0.000000,
        "4" : 0.000000,
        "10" : 0.000000,
        "20" : 0.000000,
        "50" : 0.000000,
        "100" : 0.000000,
        "250" : 0.000000,
        "500" : 0.000000,
        "750" : 0.000000,
        "1000" : 0.000000
      },
      "latency_us" : {
        "2" : 0.000000,
        "4" : 0.000000,
        "10" : 0.000000,
        "20" : 0.010000,
        "50" : 0.010000,
        "100" : 0.000000,
        "250" : 0.000000,
        "500" : 0.000000,
        "750" : 0.000000,
        "1000" : 0.000000
      },
      "latency_ms" : {
        "2" : 0.010000,
        "4" : 0.010000,
        "10" : 0.010000,
        "20" : 0.010000,
        "50" : 0.014425,
        "100" : 0.021338,
        "250" : 0.059806,
        "500" : 0.093946,
        "750" : 72.848020,
        "1000" : 26.937160,
        "2000" : 0.014906,
        ">=2000" : 0.000000
      },
      "latency_depth" : 256,
      "latency_target" : 0,
      "latency_percentile" : 100.000000,
      "latency_window" : 0
    }
  ]
}
