{
  "fio version" : "fio-3.27",
  "timestamp" : 1627031993,
  "timestamp_ms" : 1627031993985,
  "time" : "Fri Jul 23 11:19:53 2021",
  "jobs" : [
    {
      "jobname" : "randrw",
      "groupid" : 0,
      "error" : 0,
      "eta" : 0,
      "elapsed" : 301,
      "job options" : {
        "bs" : "4K",
        "iodepth" : "256",
        "direct" : "0",
        "ioengine" : "libaio",
        "time_based" : "1",
        "runtime" : "300",
        "numjobs" : "64",
        "size" : "1g",
        "name" : "randrw",
        "rw" : "randrw",
        "directory" : "/scratch/snx2000/ccocha/randrw/150_node",
        "filename_format" : "$jobname.125.$jobnum.$filenum"
      },
      "read" : {
        "io_bytes" : 46485504,
        "io_kbytes" : 45396,
        "bw_bytes" : 154799,
        "bw" : 151,
        "iops" : 37.792837,
        "runtime" : 300295,
        "total_ios" : 11349,
        "short_ios" : 0,
        "drop_ios" : 0,
        "slat_ns" : {
          "min" : 6734181,
          "max" : 85320552453,
          "mean" : 1692102340.755221,
          "stddev" : 4865681651.311099,
          "N" : 11349
        },
        "clat_ns" : {
          "min" : 16680,
          "max" : 300156553371,
          "mean" : 151344769716.540863,
          "stddev" : 89706028961.691406,
          "N" : 11349,
          "percentile" : {
            "1.000000" : 267386880,
            "5.000000" : 12146704384,
            "10.000000" : 17112760320,
            "20.000000" : 17112760320,
            "30.000000" : 17112760320,
            "40.000000" : 17112760320,
            "50.000000" : 17112760320,
            "60.000000" : 17112760320,
            "70.000000" : 17112760320,
            "80.000000" : 17112760320,
            "90.000000" : 17112760320,
            "95.000000" : 17112760320,
            "99.000000" : 17112760320,
            "99.500000" : 17112760320,
            "99.900000" : 17112760320,
            "99.950000" : 17112760320,
            "99.990000" : 17112760320
          }
        },
        "lat_ns" : {
          "min" : 6767651,
          "max" : 300280888217,
          "mean" : 153036876394.609894,
          "stddev" : 89571463792.016220,
          "N" : 11349
        },
        "bw_min" : 423,
        "bw_max" : 1576,
        "bw_agg" : 100.000000,
        "bw_mean" : 622.309348,
        "bw_dev" : 6.541687,
        "bw_samples" : 2055,
        "iops_min" : 105,
        "iops_max" : 394,
        "iops_mean" : 155.577337,
        "iops_stddev" : 1.635422,
        "iops_samples" : 2055
      },
      "write" : {
        "io_bytes" : 45744128,
        "io_kbytes" : 44672,
        "bw_bytes" : 152330,
        "bw" : 148,
        "iops" : 37.190096,
        "runtime" : 300295,
        "total_ios" : 11168,
        "short_ios" : 0,
        "drop_ios" : 0,
        "slat_ns" : {
          "min" : 75860,
          "max" : 5232349,
          "mean" : 149193.796830,
          "stddev" : 177312.562882,
          "N" : 11168
        },
        "clat_ns" : {
          "min" : 6778921,
          "max" : 300111868224,
          "mean" : 152986298373.948547,
          "stddev" : 88736836453.189011,
          "N" : 11168,
          "percentile" : {
            "1.000000" : 1451229184,
            "5.000000" : 14696841216,
            "10.000000" : 17112760320,
            "20.000000" : 17112760320,
            "30.000000" : 17112760320,
            "40.000000" : 17112760320,
            "50.000000" : 17112760320,
            "60.000000" : 17112760320,
            "70.000000" : 17112760320,
            "80.000000" : 17112760320,
            "90.000000" : 17112760320,
            "95.000000" : 17112760320,
            "99.000000" : 17112760320,
            "99.500000" : 17112760320,
            "99.900000" : 17112760320,
            "99.950000" : 17112760320,
            "99.990000" : 17112760320
          }
        },
        "lat_ns" : {
          "min" : 6908762,
          "max" : 300116509239,
          "mean" : 152986448965.403900,
          "stddev" : 88736838764.020325,
          "N" : 11168
        },
        "bw_min" : 415,
        "bw_max" : 1816,
        "bw_agg" : 100.000000,
        "bw_mean" : 614.840517,
        "bw_dev" : 7.177028,
        "bw_samples" : 2109,
        "iops_min" : 103,
        "iops_max" : 454,
        "iops_mean" : 153.710129,
        "iops_stddev" : 1.794257,
        "iops_samples" : 2109
      },
      "trim" : {
        "io_bytes" : 0,
        "io_kbytes" : 0,
        "bw_bytes" : 0,
        "bw" : 0,
        "iops" : 0.000000,
        "runtime" : 0,
        "total_ios" : 0,
        "short_ios" : 0,
        "drop_ios" : 0,
        "slat_ns" : {
          "min" : 0,
          "max" : 0,
          "mean" : 0.000000,
          "stddev" : 0.000000,
          "N" : 0
        },
        "clat_ns" : {
          "min" : 0,
          "max" : 0,
          "mean" : 0.000000,
          "stddev" : 0.000000,
          "N" : 0
        },
        "lat_ns" : {
          "min" : 0,
          "max" : 0,
          "mean" : 0.000000,
          "stddev" : 0.000000,
          "N" : 0
        },
        "bw_min" : 0,
        "bw_max" : 0,
        "bw_agg" : 0.000000,
        "bw_mean" : 0.000000,
        "bw_dev" : 0.000000,
        "bw_samples" : 0,
        "iops_min" : 0,
        "iops_max" : 0,
        "iops_mean" : 0.000000,
        "iops_stddev" : 0.000000,
        "iops_samples" : 0
      },
      "sync" : {
        "total_ios" : 0,
        "lat_ns" : {
          "min" : 0,
          "max" : 0,
          "mean" : 0.000000,
          "stddev" : 0.000000,
          "N" : 0
        }
      },
      "job_runtime" : 19206102,
      "usr_cpu" : 0.002234,
      "sys_cpu" : 0.020556,
      "ctx" : 12066,
      "majf" : 0,
      "minf" : 2661,
      "iodepth_level" : {
        "1" : 0.284230,
        "2" : 0.568459,
        "4" : 1.136919,
        "8" : 2.273838,
        "16" : 4.547675,
        "32" : 9.095350,
        ">=64" : 82.093529
      },
      "iodepth_submit" : {
        "0" : 0.000000,
        "4" : 100.000000,
        "8" : 0.000000,
        "16" : 0.000000,
        "32" : 0.000000,
        "64" : 0.000000,
        ">=64" : 0.000000
      },
      "iodepth_complete" : {
        "0" : 0.000000,
        "4" : 99.002183,
        "8" : 0.000000,
        "16" : 0.000000,
        "32" : 0.000000,
        "64" : 0.000000,
        ">=64" : 0.997817
      },
      "latency_ns" : {
        "2" : 0.000000,
        "4" : 0.000000,
        "10" : 0.000000,
        "20" : 0.000000,
        "50" : 0.000000,
        "100" : 0.000000,
        "250" : 0.000000,
        "500" : 0.000000,
        "750" : 0.000000,
        "1000" : 0.000000
      },
      "latency_us" : {
        "2" : 0.000000,
        "4" : 0.000000,
        "10" : 0.000000,
        "20" : 0.048852,
        "50" : 0.230937,
        "100" : 0.010000,
        "250" : 0.000000,
        "500" : 0.000000,
        "750" : 0.000000,
        "1000" : 0.000000
      },
      "latency_ms" : {
        "2" : 0.000000,
        "4" : 0.000000,
        "10" : 0.010000,
        "20" : 0.000000,
        "50" : 0.010000,
        "100" : 0.111027,
        "250" : 0.275348,
        "500" : 0.275348,
        "750" : 0.115468,
        "1000" : 0.048852,
        "2000" : 0.350846,
        ">=2000" : 98.521117
      },
      "latency_depth" : 256,
      "latency_target" : 0,
      "latency_percentile" : 100.000000,
      "latency_window" : 0
    }
  ]
}
