{
  "fio version" : "fio-3.27",
  "timestamp" : 1627023155,
  "timestamp_ms" : 1627023155282,
  "time" : "Fri Jul 23 08:52:35 2021",
  "jobs" : [
    {
      "jobname" : "randrw",
      "groupid" : 0,
      "error" : 0,
      "eta" : 0,
      "elapsed" : 303,
      "job options" : {
        "bs" : "4K",
        "iodepth" : "256",
        "direct" : "0",
        "ioengine" : "libaio",
        "time_based" : "1",
        "runtime" : "300",
        "numjobs" : "16",
        "size" : "1g",
        "name" : "randrw",
        "rw" : "randrw",
        "directory" : "/scratch/snx2000/ccocha/randrw/96_node",
        "filename_format" : "$jobname.36.$jobnum.$filenum"
      },
      "read" : {
        "io_bytes" : 130711552,
        "io_kbytes" : 127648,
        "bw_bytes" : 433347,
        "bw" : 423,
        "iops" : 105.797793,
        "runtime" : 301632,
        "total_ios" : 31912,
        "short_ios" : 0,
        "drop_ios" : 0,
        "slat_ns" : {
          "min" : 600254,
          "max" : 84649087244,
          "mean" : 150592271.806875,
          "stddev" : 1442303975.866104,
          "N" : 31912
        },
        "clat_ns" : {
          "min" : 20240,
          "max" : 115662943911,
          "mean" : 19093757636.969467,
          "stddev" : 22382466110.672909,
          "N" : 31912,
          "percentile" : {
            "1.000000" : 1736441856,
            "5.000000" : 1887436800,
            "10.000000" : 2021654528,
            "20.000000" : 2298478592,
            "30.000000" : 5066719232,
            "40.000000" : 14696841216,
            "50.000000" : 17112760320,
            "60.000000" : 17112760320,
            "70.000000" : 17112760320,
            "80.000000" : 17112760320,
            "90.000000" : 17112760320,
            "95.000000" : 17112760320,
            "99.000000" : 17112760320,
            "99.500000" : 17112760320,
            "99.900000" : 17112760320,
            "99.950000" : 17112760320,
            "99.990000" : 17112760320
          }
        },
        "lat_ns" : {
          "min" : 735717163,
          "max" : 115698950052,
          "mean" : 19244353285.139317,
          "stddev" : 22468110064.314487,
          "N" : 31912
        },
        "bw_min" : 128,
        "bw_max" : 5840,
        "bw_agg" : 100.000000,
        "bw_mean" : 876.592609,
        "bw_dev" : 66.173392,
        "bw_samples" : 4357,
        "iops_min" : 32,
        "iops_max" : 1460,
        "iops_mean" : 219.148152,
        "iops_stddev" : 16.543348,
        "iops_samples" : 4357
      },
      "write" : {
        "io_bytes" : 131297280,
        "io_kbytes" : 128220,
        "bw_bytes" : 435289,
        "bw" : 425,
        "iops" : 106.271881,
        "runtime" : 301632,
        "total_ios" : 32055,
        "short_ios" : 0,
        "drop_ios" : 0,
        "slat_ns" : {
          "min" : 75371,
          "max" : 2241127,
          "mean" : 121258.669973,
          "stddev" : 51562.720664,
          "N" : 32055
        },
        "clat_ns" : {
          "min" : 889424451,
          "max" : 115698835481,
          "mean" : 19125905781.848259,
          "stddev" : 22641963180.726242,
          "N" : 32055,
          "percentile" : {
            "1.000000" : 1736441856,
            "5.000000" : 1887436800,
            "10.000000" : 2004877312,
            "20.000000" : 2298478592,
            "30.000000" : 4143972352,
            "40.000000" : 14294188032,
            "50.000000" : 17112760320,
            "60.000000" : 17112760320,
            "70.000000" : 17112760320,
            "80.000000" : 17112760320,
            "90.000000" : 17112760320,
            "95.000000" : 17112760320,
            "99.000000" : 17112760320,
            "99.500000" : 17112760320,
            "99.900000" : 17112760320,
            "99.950000" : 17112760320,
            "99.990000" : 17112760320
          }
        },
        "lat_ns" : {
          "min" : 889591192,
          "max" : 115698927422,
          "mean" : 19126028301.693882,
          "stddev" : 22641963732.932507,
          "N" : 32055
        },
        "bw_min" : 128,
        "bw_max" : 5584,
        "bw_agg" : 100.000000,
        "bw_mean" : 877.251623,
        "bw_dev" : 66.629388,
        "bw_samples" : 4374,
        "iops_min" : 32,
        "iops_max" : 1396,
        "iops_mean" : 219.312906,
        "iops_stddev" : 16.657347,
        "iops_samples" : 4374
      },
      "trim" : {
        "io_bytes" : 0,
        "io_kbytes" : 0,
        "bw_bytes" : 0,
        "bw" : 0,
        "iops" : 0.000000,
        "runtime" : 0,
        "total_ios" : 0,
        "short_ios" : 0,
        "drop_ios" : 0,
        "slat_ns" : {
          "min" : 0,
          "max" : 0,
          "mean" : 0.000000,
          "stddev" : 0.000000,
          "N" : 0
        },
        "clat_ns" : {
          "min" : 0,
          "max" : 0,
          "mean" : 0.000000,
          "stddev" : 0.000000,
          "N" : 0
        },
        "lat_ns" : {
          "min" : 0,
          "max" : 0,
          "mean" : 0.000000,
          "stddev" : 0.000000,
          "N" : 0
        },
        "bw_min" : 0,
        "bw_max" : 0,
        "bw_agg" : 0.000000,
        "bw_mean" : 0.000000,
        "bw_dev" : 0.000000,
        "bw_samples" : 0,
        "iops_min" : 0,
        "iops_max" : 0,
        "iops_mean" : 0.000000,
        "iops_stddev" : 0.000000,
        "iops_samples" : 0
      },
      "sync" : {
        "total_ios" : 0,
        "lat_ns" : {
          "min" : 0,
          "max" : 0,
          "mean" : 0.000000,
          "stddev" : 0.000000,
          "N" : 0
        }
      },
      "job_runtime" : 4810852,
      "usr_cpu" : 0.031928,
      "sys_cpu" : 0.188885,
      "ctx" : 32054,
      "majf" : 0,
      "minf" : 657,
      "iodepth_level" : {
        "1" : 0.100000,
        "2" : 0.100000,
        "4" : 0.100052,
        "8" : 0.200103,
        "16" : 0.400206,
        "32" : 0.800413,
        ">=64" : 98.424187
      },
      "iodepth_submit" : {
        "0" : 0.000000,
        "4" : 100.000000,
        "8" : 0.000000,
        "16" : 0.000000,
        "32" : 0.000000,
        "64" : 0.000000,
        ">=64" : 0.000000
      },
      "iodepth_complete" : {
        "0" : 0.000000,
        "4" : 99.973290,
        "8" : 0.000000,
        "16" : 0.000000,
        "32" : 0.000000,
        "64" : 0.000000,
        ">=64" : 0.100000
      },
      "latency_ns" : {
        "2" : 0.000000,
        "4" : 0.000000,
        "10" : 0.000000,
        "20" : 0.000000,
        "50" : 0.000000,
        "100" : 0.000000,
        "250" : 0.000000,
        "500" : 0.000000,
        "750" : 0.000000,
        "1000" : 0.000000
      },
      "latency_us" : {
        "2" : 0.000000,
        "4" : 0.000000,
        "10" : 0.000000,
        "20" : 0.000000,
        "50" : 0.025013,
        "100" : 0.000000,
        "250" : 0.000000,
        "500" : 0.000000,
        "750" : 0.000000,
        "1000" : 0.000000
      },
      "latency_ms" : {
        "2" : 0.000000,
        "4" : 0.000000,
        "10" : 0.000000,
        "20" : 0.000000,
        "50" : 0.000000,
        "100" : 0.000000,
        "250" : 0.000000,
        "500" : 0.000000,
        "750" : 0.010000,
        "1000" : 0.010000,
        "2000" : 9.339191,
        ">=2000" : 90.627980
      },
      "latency_depth" : 256,
      "latency_target" : 0,
      "latency_percentile" : 100.000000,
      "latency_window" : 0
    }
  ]
}
