{
  "fio version" : "fio-3.27",
  "timestamp" : 1627031994,
  "timestamp_ms" : 1627031994130,
  "time" : "Fri Jul 23 11:19:54 2021",
  "jobs" : [
    {
      "jobname" : "randrw",
      "groupid" : 0,
      "error" : 0,
      "eta" : 0,
      "elapsed" : 302,
      "job options" : {
        "bs" : "4K",
        "iodepth" : "256",
        "direct" : "0",
        "ioengine" : "libaio",
        "time_based" : "1",
        "runtime" : "300",
        "numjobs" : "64",
        "size" : "1g",
        "name" : "randrw",
        "rw" : "randrw",
        "directory" : "/scratch/snx2000/ccocha/randrw/150_node",
        "filename_format" : "$jobname.21.$jobnum.$filenum"
      },
      "read" : {
        "io_bytes" : 51187712,
        "io_kbytes" : 49988,
        "bw_bytes" : 169851,
        "bw" : 165,
        "iops" : 41.467575,
        "runtime" : 301368,
        "total_ios" : 12497,
        "short_ios" : 0,
        "drop_ios" : 0,
        "slat_ns" : {
          "min" : 80379206,
          "max" : 89394687083,
          "mean" : 1540047192.503801,
          "stddev" : 4501529067.644715,
          "N" : 12497
        },
        "clat_ns" : {
          "min" : 21270,
          "max" : 301140030289,
          "mean" : 151381956151.255615,
          "stddev" : 82889998136.310303,
          "N" : 12497,
          "percentile" : {
            "1.000000" : 2298478592,
            "5.000000" : 15502147584,
            "10.000000" : 17112760320,
            "20.000000" : 17112760320,
            "30.000000" : 17112760320,
            "40.000000" : 17112760320,
            "50.000000" : 17112760320,
            "60.000000" : 17112760320,
            "70.000000" : 17112760320,
            "80.000000" : 17112760320,
            "90.000000" : 17112760320,
            "95.000000" : 17112760320,
            "99.000000" : 17112760320,
            "99.500000" : 17112760320,
            "99.900000" : 17112760320,
            "99.950000" : 17112760320,
            "99.990000" : 17112760320
          }
        },
        "lat_ns" : {
          "min" : 879459911,
          "max" : 301230961918,
          "mean" : 152922007676.991852,
          "stddev" : 82731464891.055725,
          "N" : 12497
        },
        "bw_min" : 472,
        "bw_max" : 2008,
        "bw_agg" : 100.000000,
        "bw_mean" : 709.539072,
        "bw_dev" : 6.773625,
        "bw_samples" : 2904,
        "iops_min" : 118,
        "iops_max" : 502,
        "iops_mean" : 177.384768,
        "iops_stddev" : 1.693406,
        "iops_samples" : 2904
      },
      "write" : {
        "io_bytes" : 50810880,
        "io_kbytes" : 49620,
        "bw_bytes" : 168600,
        "bw" : 164,
        "iops" : 41.162300,
        "runtime" : 301368,
        "total_ios" : 12405,
        "short_ios" : 0,
        "drop_ios" : 0,
        "slat_ns" : {
          "min" : 75571,
          "max" : 3477554,
          "mean" : 144526.231439,
          "stddev" : 124823.173412,
          "N" : 12405
        },
        "clat_ns" : {
          "min" : 879470171,
          "max" : 301214647855,
          "mean" : 152369856897.423767,
          "stddev" : 82567327325.710220,
          "N" : 12405,
          "percentile" : {
            "1.000000" : 4932501504,
            "5.000000" : 17112760320,
            "10.000000" : 17112760320,
            "20.000000" : 17112760320,
            "30.000000" : 17112760320,
            "40.000000" : 17112760320,
            "50.000000" : 17112760320,
            "60.000000" : 17112760320,
            "70.000000" : 17112760320,
            "80.000000" : 17112760320,
            "90.000000" : 17112760320,
            "95.000000" : 17112760320,
            "99.000000" : 17112760320,
            "99.500000" : 17112760320,
            "99.900000" : 17112760320,
            "99.950000" : 17112760320,
            "99.990000" : 17112760320
          }
        },
        "lat_ns" : {
          "min" : 879563811,
          "max" : 301216256376,
          "mean" : 152370002825.966095,
          "stddev" : 82567324212.091400,
          "N" : 12405
        },
        "bw_min" : 464,
        "bw_max" : 2064,
        "bw_agg" : 100.000000,
        "bw_mean" : 687.316260,
        "bw_dev" : 7.002726,
        "bw_samples" : 2909,
        "iops_min" : 116,
        "iops_max" : 516,
        "iops_mean" : 171.829065,
        "iops_stddev" : 1.750681,
        "iops_samples" : 2909
      },
      "trim" : {
        "io_bytes" : 0,
        "io_kbytes" : 0,
        "bw_bytes" : 0,
        "bw" : 0,
        "iops" : 0.000000,
        "runtime" : 0,
        "total_ios" : 0,
        "short_ios" : 0,
        "drop_ios" : 0,
        "slat_ns" : {
          "min" : 0,
          "max" : 0,
          "mean" : 0.000000,
          "stddev" : 0.000000,
          "N" : 0
        },
        "clat_ns" : {
          "min" : 0,
          "max" : 0,
          "mean" : 0.000000,
          "stddev" : 0.000000,
          "N" : 0
        },
        "lat_ns" : {
          "min" : 0,
          "max" : 0,
          "mean" : 0.000000,
          "stddev" : 0.000000,
          "N" : 0
        },
        "bw_min" : 0,
        "bw_max" : 0,
        "bw_agg" : 0.000000,
        "bw_mean" : 0.000000,
        "bw_dev" : 0.000000,
        "bw_samples" : 0,
        "iops_min" : 0,
        "iops_max" : 0,
        "iops_mean" : 0.000000,
        "iops_stddev" : 0.000000,
        "iops_samples" : 0
      },
      "sync" : {
        "total_ios" : 0,
        "lat_ns" : {
          "min" : 0,
          "max" : 0,
          "mean" : 0.000000,
          "stddev" : 0.000000,
          "N" : 0
        }
      },
      "job_runtime" : 19248569,
      "usr_cpu" : 0.002779,
      "sys_cpu" : 0.022085,
      "ctx" : 13190,
      "majf" : 0,
      "minf" : 2604,
      "iodepth_level" : {
        "1" : 0.257007,
        "2" : 0.514015,
        "4" : 1.028030,
        "8" : 2.056060,
        "16" : 4.112120,
        "32" : 8.224239,
        ">=64" : 83.808529
      },
      "iodepth_submit" : {
        "0" : 0.000000,
        "4" : 100.000000,
        "8" : 0.000000,
        "16" : 0.000000,
        "32" : 0.000000,
        "64" : 0.000000,
        ">=64" : 0.000000
      },
      "iodepth_complete" : {
        "0" : 0.000000,
        "4" : 99.279604,
        "8" : 0.000000,
        "16" : 0.000000,
        "32" : 0.000000,
        "64" : 0.000000,
        ">=64" : 0.720396
      },
      "latency_ns" : {
        "2" : 0.000000,
        "4" : 0.000000,
        "10" : 0.000000,
        "20" : 0.000000,
        "50" : 0.000000,
        "100" : 0.000000,
        "250" : 0.000000,
        "500" : 0.000000,
        "750" : 0.000000,
        "1000" : 0.000000
      },
      "latency_us" : {
        "2" : 0.000000,
        "4" : 0.000000,
        "10" : 0.000000,
        "20" : 0.000000,
        "50" : 0.252992,
        "100" : 0.010000,
        "250" : 0.000000,
        "500" : 0.000000,
        "750" : 0.000000,
        "1000" : 0.000000
      },
      "latency_ms" : {
        "2" : 0.000000,
        "4" : 0.000000,
        "10" : 0.000000,
        "20" : 0.000000,
        "50" : 0.000000,
        "100" : 0.000000,
        "250" : 0.000000,
        "500" : 0.000000,
        "750" : 0.000000,
        "1000" : 0.048189,
        "2000" : 0.305196,
        ">=2000" : 99.389607
      },
      "latency_depth" : 256,
      "latency_target" : 0,
      "latency_percentile" : 100.000000,
      "latency_window" : 0
    }
  ]
}
