{
  "fio version" : "fio-3.27",
  "timestamp" : 1627029850,
  "timestamp_ms" : 1627029850752,
  "time" : "Fri Jul 23 10:44:10 2021",
  "jobs" : [
    {
      "jobname" : "randrw",
      "groupid" : 0,
      "error" : 0,
      "eta" : 0,
      "elapsed" : 301,
      "job options" : {
        "bs" : "4K",
        "iodepth" : "256",
        "direct" : "0",
        "ioengine" : "libaio",
        "time_based" : "1",
        "runtime" : "300",
        "numjobs" : "8",
        "size" : "1g",
        "name" : "randrw",
        "rw" : "randrw",
        "directory" : "/scratch/snx2000/ccocha/randrw/150_node",
        "filename_format" : "$jobname.78.$jobnum.$filenum"
      },
      "read" : {
        "io_bytes" : 81682432,
        "io_kbytes" : 79768,
        "bw_bytes" : 271768,
        "bw" : 265,
        "iops" : 66.349702,
        "runtime" : 300559,
        "total_ios" : 19942,
        "short_ios" : 0,
        "drop_ios" : 0,
        "slat_ns" : {
          "min" : 550945,
          "max" : 49685627957,
          "mean" : 120267022.473674,
          "stddev" : 905431312.924290,
          "N" : 19942
        },
        "clat_ns" : {
          "min" : 17030,
          "max" : 98087789459,
          "mean" : 15116801666.048246,
          "stddev" : 15961066810.031187,
          "N" : 19942,
          "percentile" : {
            "1.000000" : 1451229184,
            "5.000000" : 1602224128,
            "10.000000" : 1702887424,
            "20.000000" : 1920991232,
            "30.000000" : 9999220736,
            "40.000000" : 11072962560,
            "50.000000" : 12012486656,
            "60.000000" : 14159970304,
            "70.000000" : 17112760320,
            "80.000000" : 17112760320,
            "90.000000" : 17112760320,
            "95.000000" : 17112760320,
            "99.000000" : 17112760320,
            "99.500000" : 17112760320,
            "99.900000" : 17112760320,
            "99.950000" : 17112760320,
            "99.990000" : 17112760320
          }
        },
        "lat_ns" : {
          "min" : 74664995,
          "max" : 98223349165,
          "mean" : 15237071929.293398,
          "stddev" : 16031597120.867659,
          "N" : 19942
        },
        "bw_min" : 64,
        "bw_max" : 3304,
        "bw_agg" : 100.000000,
        "bw_mean" : 461.705393,
        "bw_dev" : 72.368513,
        "bw_samples" : 2600,
        "iops_min" : 16,
        "iops_max" : 826,
        "iops_mean" : 115.426348,
        "iops_stddev" : 18.092128,
        "iops_samples" : 2600
      },
      "write" : {
        "io_bytes" : 82829312,
        "io_kbytes" : 80888,
        "bw_bytes" : 275584,
        "bw" : 269,
        "iops" : 67.281299,
        "runtime" : 300559,
        "total_ios" : 20222,
        "short_ios" : 0,
        "drop_ios" : 0,
        "slat_ns" : {
          "min" : 75061,
          "max" : 1878358,
          "mean" : 118466.827762,
          "stddev" : 48778.397004,
          "N" : 20222
        },
        "clat_ns" : {
          "min" : 147811504,
          "max" : 98131348102,
          "mean" : 15303271779.055567,
          "stddev" : 16412568417.637640,
          "N" : 20222,
          "percentile" : {
            "1.000000" : 1451229184,
            "5.000000" : 1602224128,
            "10.000000" : 1702887424,
            "20.000000" : 1920991232,
            "30.000000" : 9999220736,
            "40.000000" : 11072962560,
            "50.000000" : 12012486656,
            "60.000000" : 14294188032,
            "70.000000" : 17112760320,
            "80.000000" : 17112760320,
            "90.000000" : 17112760320,
            "95.000000" : 17112760320,
            "99.000000" : 17112760320,
            "99.500000" : 17112760320,
            "99.900000" : 17112760320,
            "99.950000" : 17112760320,
            "99.990000" : 17112760320
          }
        },
        "lat_ns" : {
          "min" : 147972016,
          "max" : 98131426903,
          "mean" : 15303391442.557060,
          "stddev" : 16412569164.017445,
          "N" : 20222
        },
        "bw_min" : 64,
        "bw_max" : 3208,
        "bw_agg" : 100.000000,
        "bw_mean" : 472.371801,
        "bw_dev" : 73.770092,
        "bw_samples" : 2584,
        "iops_min" : 16,
        "iops_max" : 802,
        "iops_mean" : 118.092950,
        "iops_stddev" : 18.442523,
        "iops_samples" : 2584
      },
      "trim" : {
        "io_bytes" : 0,
        "io_kbytes" : 0,
        "bw_bytes" : 0,
        "bw" : 0,
        "iops" : 0.000000,
        "runtime" : 0,
        "total_ios" : 0,
        "short_ios" : 0,
        "drop_ios" : 0,
        "slat_ns" : {
          "min" : 0,
          "max" : 0,
          "mean" : 0.000000,
          "stddev" : 0.000000,
          "N" : 0
        },
        "clat_ns" : {
          "min" : 0,
          "max" : 0,
          "mean" : 0.000000,
          "stddev" : 0.000000,
          "N" : 0
        },
        "lat_ns" : {
          "min" : 0,
          "max" : 0,
          "mean" : 0.000000,
          "stddev" : 0.000000,
          "N" : 0
        },
        "bw_min" : 0,
        "bw_max" : 0,
        "bw_agg" : 0.000000,
        "bw_mean" : 0.000000,
        "bw_dev" : 0.000000,
        "bw_samples" : 0,
        "iops_min" : 0,
        "iops_max" : 0,
        "iops_mean" : 0.000000,
        "iops_stddev" : 0.000000,
        "iops_samples" : 0
      },
      "sync" : {
        "total_ios" : 0,
        "lat_ns" : {
          "min" : 0,
          "max" : 0,
          "mean" : 0.000000,
          "stddev" : 0.000000,
          "N" : 0
        }
      },
      "job_runtime" : 2401518,
      "usr_cpu" : 0.035020,
      "sys_cpu" : 0.236767,
      "ctx" : 19997,
      "majf" : 0,
      "minf" : 337,
      "iodepth_level" : {
        "1" : 0.100000,
        "2" : 0.100000,
        "4" : 0.100000,
        "8" : 0.159347,
        "16" : 0.318693,
        "32" : 0.637387,
        ">=64" : 98.745145
      },
      "iodepth_submit" : {
        "0" : 0.000000,
        "4" : 100.000000,
        "8" : 0.000000,
        "16" : 0.000000,
        "32" : 0.000000,
        "64" : 0.000000,
        ">=64" : 0.000000
      },
      "iodepth_complete" : {
        "0" : 0.000000,
        "4" : 99.979020,
        "8" : 0.000000,
        "16" : 0.000000,
        "32" : 0.000000,
        "64" : 0.000000,
        ">=64" : 0.100000
      },
      "latency_ns" : {
        "2" : 0.000000,
        "4" : 0.000000,
        "10" : 0.000000,
        "20" : 0.000000,
        "50" : 0.000000,
        "100" : 0.000000,
        "250" : 0.000000,
        "500" : 0.000000,
        "750" : 0.000000,
        "1000" : 0.000000
      },
      "latency_us" : {
        "2" : 0.000000,
        "4" : 0.000000,
        "10" : 0.000000,
        "20" : 0.010000,
        "50" : 0.017429,
        "100" : 0.000000,
        "250" : 0.000000,
        "500" : 0.000000,
        "750" : 0.000000,
        "1000" : 0.000000
      },
      "latency_ms" : {
        "2" : 0.000000,
        "4" : 0.000000,
        "10" : 0.000000,
        "20" : 0.000000,
        "50" : 0.000000,
        "100" : 0.010000,
        "250" : 0.024898,
        "500" : 0.024898,
        "750" : 0.124490,
        "1000" : 0.171796,
        "2000" : 21.096006,
        ">=2000" : 78.535504
      },
      "latency_depth" : 256,
      "latency_target" : 0,
      "latency_percentile" : 100.000000,
      "latency_window" : 0
    }
  ]
}
