{
  "fio version" : "fio-3.27",
  "timestamp" : 1627029068,
  "timestamp_ms" : 1627029068096,
  "time" : "Fri Jul 23 10:31:08 2021",
  "jobs" : [
    {
      "jobname" : "randrw",
      "groupid" : 0,
      "error" : 0,
      "eta" : 0,
      "elapsed" : 301,
      "job options" : {
        "bs" : "4K",
        "iodepth" : "256",
        "direct" : "0",
        "ioengine" : "libaio",
        "time_based" : "1",
        "runtime" : "300",
        "numjobs" : "2",
        "size" : "1g",
        "name" : "randrw",
        "rw" : "randrw",
        "directory" : "/scratch/snx2000/ccocha/randrw/150_node",
        "filename_format" : "$jobname.110.$jobnum.$filenum"
      },
      "read" : {
        "io_bytes" : 75726848,
        "io_kbytes" : 73952,
        "bw_bytes" : 252352,
        "bw" : 246,
        "iops" : 61.609416,
        "runtime" : 300084,
        "total_ios" : 18488,
        "short_ios" : 0,
        "drop_ios" : 0,
        "slat_ns" : {
          "min" : 487830,
          "max" : 12191701100,
          "mean" : 32312466.075563,
          "stddev" : 168151903.173267,
          "N" : 18488
        },
        "clat_ns" : {
          "min" : 26760,
          "max" : 31368189696,
          "mean" : 4097232949.997016,
          "stddev" : 3560062847.704481,
          "N" : 18488,
          "percentile" : {
            "1.000000" : 742391808,
            "5.000000" : 843055104,
            "10.000000" : 910163968,
            "20.000000" : 1535115264,
            "30.000000" : 2667577344,
            "40.000000" : 3305111552,
            "50.000000" : 3808428032,
            "60.000000" : 4328521728,
            "70.000000" : 4932501504,
            "80.000000" : 5402263552,
            "90.000000" : 6543114240,
            "95.000000" : 7818182656,
            "99.000000" : 17112760320,
            "99.500000" : 17112760320,
            "99.900000" : 17112760320,
            "99.950000" : 17112760320,
            "99.990000" : 17112760320
          }
        },
        "lat_ns" : {
          "min" : 149424087,
          "max" : 31391523083,
          "mean" : 4129548314.641869,
          "stddev" : 3572136102.774055,
          "N" : 18488
        },
        "bw_min" : 16,
        "bw_max" : 1472,
        "bw_agg" : 100.000000,
        "bw_mean" : 283.393344,
        "bw_dev" : 132.207482,
        "bw_samples" : 1030,
        "iops_min" : 4,
        "iops_max" : 368,
        "iops_mean" : 70.847835,
        "iops_stddev" : 33.051102,
        "iops_samples" : 1030
      },
      "write" : {
        "io_bytes" : 76189696,
        "io_kbytes" : 74404,
        "bw_bytes" : 253894,
        "bw" : 247,
        "iops" : 61.985977,
        "runtime" : 300084,
        "total_ios" : 18601,
        "short_ios" : 0,
        "drop_ios" : 0,
        "slat_ns" : {
          "min" : 75620,
          "max" : 1835412,
          "mean" : 110813.402774,
          "stddev" : 44419.594146,
          "N" : 18601
        },
        "clat_ns" : {
          "min" : 168200320,
          "max" : 31368138026,
          "mean" : 4142371835.610177,
          "stddev" : 3693753775.941811,
          "N" : 18601,
          "percentile" : {
            "1.000000" : 750780416,
            "5.000000" : 843055104,
            "10.000000" : 910163968,
            "20.000000" : 1501560832,
            "30.000000" : 2667577344,
            "40.000000" : 3271557120,
            "50.000000" : 3841982464,
            "60.000000" : 4328521728,
            "70.000000" : 4932501504,
            "80.000000" : 5469372416,
            "90.000000" : 6610223104,
            "95.000000" : 7952400384,
            "99.000000" : 17112760320,
            "99.500000" : 17112760320,
            "99.900000" : 17112760320,
            "99.950000" : 17112760320,
            "99.990000" : 17112760320
          }
        },
        "lat_ns" : {
          "min" : 168284910,
          "max" : 31368270166,
          "mean" : 4142483801.840284,
          "stddev" : 3693752537.578789,
          "N" : 18601
        },
        "bw_min" : 16,
        "bw_max" : 1488,
        "bw_agg" : 100.000000,
        "bw_mean" : 282.411511,
        "bw_dev" : 137.369063,
        "bw_samples" : 1040,
        "iops_min" : 4,
        "iops_max" : 372,
        "iops_mean" : 70.602878,
        "iops_stddev" : 34.342266,
        "iops_samples" : 1040
      },
      "trim" : {
        "io_bytes" : 0,
        "io_kbytes" : 0,
        "bw_bytes" : 0,
        "bw" : 0,
        "iops" : 0.000000,
        "runtime" : 0,
        "total_ios" : 0,
        "short_ios" : 0,
        "drop_ios" : 0,
        "slat_ns" : {
          "min" : 0,
          "max" : 0,
          "mean" : 0.000000,
          "stddev" : 0.000000,
          "N" : 0
        },
        "clat_ns" : {
          "min" : 0,
          "max" : 0,
          "mean" : 0.000000,
          "stddev" : 0.000000,
          "N" : 0
        },
        "lat_ns" : {
          "min" : 0,
          "max" : 0,
          "mean" : 0.000000,
          "stddev" : 0.000000,
          "N" : 0
        },
        "bw_min" : 0,
        "bw_max" : 0,
        "bw_agg" : 0.000000,
        "bw_mean" : 0.000000,
        "bw_dev" : 0.000000,
        "bw_samples" : 0,
        "iops_min" : 0,
        "iops_max" : 0,
        "iops_mean" : 0.000000,
        "iops_stddev" : 0.000000,
        "iops_samples" : 0
      },
      "sync" : {
        "total_ios" : 0,
        "lat_ns" : {
          "min" : 0,
          "max" : 0,
          "mean" : 0.000000,
          "stddev" : 0.000000,
          "N" : 0
        }
      },
      "job_runtime" : 600102,
      "usr_cpu" : 0.120813,
      "sys_cpu" : 0.815361,
      "ctx" : 18504,
      "majf" : 0,
      "minf" : 85,
      "iodepth_level" : {
        "1" : 0.100000,
        "2" : 0.100000,
        "4" : 0.100000,
        "8" : 0.100000,
        "16" : 0.100000,
        "32" : 0.172558,
        ">=64" : 99.660277
      },
      "iodepth_submit" : {
        "0" : 0.000000,
        "4" : 100.000000,
        "8" : 0.000000,
        "16" : 0.000000,
        "32" : 0.000000,
        "64" : 0.000000,
        ">=64" : 0.000000
      },
      "iodepth_complete" : {
        "0" : 0.000000,
        "4" : 99.994533,
        "8" : 0.000000,
        "16" : 0.000000,
        "32" : 0.000000,
        "64" : 0.000000,
        ">=64" : 0.100000
      },
      "latency_ns" : {
        "2" : 0.000000,
        "4" : 0.000000,
        "10" : 0.000000,
        "20" : 0.000000,
        "50" : 0.000000,
        "100" : 0.000000,
        "250" : 0.000000,
        "500" : 0.000000,
        "750" : 0.000000,
        "1000" : 0.000000
      },
      "latency_us" : {
        "2" : 0.000000,
        "4" : 0.000000,
        "10" : 0.000000,
        "20" : 0.000000,
        "50" : 0.010000,
        "100" : 0.000000,
        "250" : 0.000000,
        "500" : 0.000000,
        "750" : 0.000000,
        "1000" : 0.000000
      },
      "latency_ms" : {
        "2" : 0.000000,
        "4" : 0.000000,
        "10" : 0.000000,
        "20" : 0.000000,
        "50" : 0.000000,
        "100" : 0.000000,
        "250" : 0.088975,
        "500" : 0.037747,
        "750" : 0.965246,
        "1000" : 13.588935,
        "2000" : 8.209981,
        ">=2000" : 77.103723
      },
      "latency_depth" : 256,
      "latency_target" : 0,
      "latency_percentile" : 100.000000,
      "latency_window" : 0
    }
  ]
}
