{
  "fio version" : "fio-3.27",
  "timestamp" : 1627019553,
  "timestamp_ms" : 1627019553433,
  "time" : "Fri Jul 23 07:52:33 2021",
  "jobs" : [
    {
      "jobname" : "randrw",
      "groupid" : 0,
      "error" : 0,
      "eta" : 0,
      "elapsed" : 301,
      "job options" : {
        "bs" : "4K",
        "iodepth" : "256",
        "direct" : "0",
        "ioengine" : "libaio",
        "time_based" : "1",
        "runtime" : "300",
        "numjobs" : "16",
        "size" : "1g",
        "name" : "randrw",
        "rw" : "randrw",
        "directory" : "/scratch/snx2000/ccocha/randrw/64_node",
        "filename_format" : "$jobname.23.$jobnum.$filenum"
      },
      "read" : {
        "io_bytes" : 208625664,
        "io_kbytes" : 203736,
        "bw_bytes" : 694238,
        "bw" : 677,
        "iops" : 169.491864,
        "runtime" : 300510,
        "total_ios" : 50934,
        "short_ios" : 0,
        "drop_ios" : 0,
        "slat_ns" : {
          "min" : 505976,
          "max" : 47938458347,
          "mean" : 94114642.247654,
          "stddev" : 747109650.107869,
          "N" : 50934
        },
        "clat_ns" : {
          "min" : 17481,
          "max" : 95146863828,
          "mean" : 12036170670.704990,
          "stddev" : 15437368656.435131,
          "N" : 50934,
          "percentile" : {
            "1.000000" : 1249902592,
            "5.000000" : 1417674752,
            "10.000000" : 1501560832,
            "20.000000" : 1686110208,
            "30.000000" : 8791261184,
            "40.000000" : 9999220736,
            "50.000000" : 10536091648,
            "60.000000" : 11207180288,
            "70.000000" : 11878268928,
            "80.000000" : 13220446208,
            "90.000000" : 15770583040,
            "95.000000" : 17112760320,
            "99.000000" : 17112760320,
            "99.500000" : 17112760320,
            "99.900000" : 17112760320,
            "99.950000" : 17112760320,
            "99.990000" : 17112760320
          }
        },
        "lat_ns" : {
          "min" : 6386687,
          "max" : 95179550357,
          "mean" : 12130288394.461147,
          "stddev" : 15499502741.270494,
          "N" : 50934
        },
        "bw_min" : 128,
        "bw_max" : 7488,
        "bw_agg" : 100.000000,
        "bw_mean" : 1049.692607,
        "bw_dev" : 77.515821,
        "bw_samples" : 5955,
        "iops_min" : 32,
        "iops_max" : 1872,
        "iops_mean" : 262.423152,
        "iops_stddev" : 19.378955,
        "iops_samples" : 5955
      },
      "write" : {
        "io_bytes" : 210157568,
        "io_kbytes" : 205232,
        "bw_bytes" : 699336,
        "bw" : 682,
        "iops" : 170.736415,
        "runtime" : 300510,
        "total_ios" : 51308,
        "short_ios" : 0,
        "drop_ios" : 0,
        "slat_ns" : {
          "min" : 75561,
          "max" : 2273387,
          "mean" : 116385.963826,
          "stddev" : 43968.467735,
          "N" : 51308
        },
        "clat_ns" : {
          "min" : 6396718,
          "max" : 95166348446,
          "mean" : 11858060593.849941,
          "stddev" : 15119619763.199980,
          "N" : 51308,
          "percentile" : {
            "1.000000" : 1266679808,
            "5.000000" : 1400897536,
            "10.000000" : 1501560832,
            "20.000000" : 1669332992,
            "30.000000" : 8556380160,
            "40.000000" : 9999220736,
            "50.000000" : 10536091648,
            "60.000000" : 11072962560,
            "70.000000" : 12012486656,
            "80.000000" : 13354663936,
            "90.000000" : 15636365312,
            "95.000000" : 17112760320,
            "99.000000" : 17112760320,
            "99.500000" : 17112760320,
            "99.900000" : 17112760320,
            "99.950000" : 17112760320,
            "99.990000" : 17112760320
          }
        },
        "lat_ns" : {
          "min" : 6478209,
          "max" : 95166428547,
          "mean" : 11858178259.164255,
          "stddev" : 15119619855.658985,
          "N" : 51308
        },
        "bw_min" : 128,
        "bw_max" : 7280,
        "bw_agg" : 100.000000,
        "bw_mean" : 1061.680485,
        "bw_dev" : 79.180435,
        "bw_samples" : 5928,
        "iops_min" : 32,
        "iops_max" : 1820,
        "iops_mean" : 265.420121,
        "iops_stddev" : 19.795109,
        "iops_samples" : 5928
      },
      "trim" : {
        "io_bytes" : 0,
        "io_kbytes" : 0,
        "bw_bytes" : 0,
        "bw" : 0,
        "iops" : 0.000000,
        "runtime" : 0,
        "total_ios" : 0,
        "short_ios" : 0,
        "drop_ios" : 0,
        "slat_ns" : {
          "min" : 0,
          "max" : 0,
          "mean" : 0.000000,
          "stddev" : 0.000000,
          "N" : 0
        },
        "clat_ns" : {
          "min" : 0,
          "max" : 0,
          "mean" : 0.000000,
          "stddev" : 0.000000,
          "N" : 0
        },
        "lat_ns" : {
          "min" : 0,
          "max" : 0,
          "mean" : 0.000000,
          "stddev" : 0.000000,
          "N" : 0
        },
        "bw_min" : 0,
        "bw_max" : 0,
        "bw_agg" : 0.000000,
        "bw_mean" : 0.000000,
        "bw_dev" : 0.000000,
        "bw_samples" : 0,
        "iops_min" : 0,
        "iops_max" : 0,
        "iops_mean" : 0.000000,
        "iops_stddev" : 0.000000,
        "iops_samples" : 0
      },
      "sync" : {
        "total_ios" : 0,
        "lat_ns" : {
          "min" : 0,
          "max" : 0,
          "mean" : 0.000000,
          "stddev" : 0.000000,
          "N" : 0
        }
      },
      "job_runtime" : 4801517,
      "usr_cpu" : 0.041529,
      "sys_cpu" : 0.294324,
      "ctx" : 51082,
      "majf" : 0,
      "minf" : 678,
      "iodepth_level" : {
        "1" : 0.100000,
        "2" : 0.100000,
        "4" : 0.100000,
        "8" : 0.125193,
        "16" : 0.250386,
        "32" : 0.500773,
        ">=64" : 99.014104
      },
      "iodepth_submit" : {
        "0" : 0.000000,
        "4" : 100.000000,
        "8" : 0.000000,
        "16" : 0.000000,
        "32" : 0.000000,
        "64" : 0.000000,
        ">=64" : 0.000000
      },
      "iodepth_complete" : {
        "0" : 0.000000,
        "4" : 99.983703,
        "8" : 0.000000,
        "16" : 0.000000,
        "32" : 0.000000,
        "64" : 0.000000,
        ">=64" : 0.100000
      },
      "latency_ns" : {
        "2" : 0.000000,
        "4" : 0.000000,
        "10" : 0.000000,
        "20" : 0.000000,
        "50" : 0.000000,
        "100" : 0.000000,
        "250" : 0.000000,
        "500" : 0.000000,
        "750" : 0.000000,
        "1000" : 0.000000
      },
      "latency_us" : {
        "2" : 0.000000,
        "4" : 0.000000,
        "10" : 0.000000,
        "20" : 0.010000,
        "50" : 0.010000,
        "100" : 0.010000,
        "250" : 0.000000,
        "500" : 0.000000,
        "750" : 0.000000,
        "1000" : 0.000000
      },
      "latency_ms" : {
        "2" : 0.000000,
        "4" : 0.000000,
        "10" : 0.010000,
        "20" : 0.010000,
        "50" : 0.021518,
        "100" : 0.012715,
        "250" : 0.040101,
        "500" : 0.077268,
        "750" : 0.117369,
        "1000" : 0.089005,
        "2000" : 23.471763,
        ">=2000" : 76.144833
      },
      "latency_depth" : 256,
      "latency_target" : 0,
      "latency_percentile" : 100.000000,
      "latency_window" : 0
    }
  ]
}
