{
  "fio version" : "fio-3.27",
  "timestamp" : 1627023154,
  "timestamp_ms" : 1627023154303,
  "time" : "Fri Jul 23 08:52:34 2021",
  "jobs" : [
    {
      "jobname" : "randrw",
      "groupid" : 0,
      "error" : 0,
      "eta" : 0,
      "elapsed" : 302,
      "job options" : {
        "bs" : "4K",
        "iodepth" : "256",
        "direct" : "0",
        "ioengine" : "libaio",
        "time_based" : "1",
        "runtime" : "300",
        "numjobs" : "16",
        "size" : "1g",
        "name" : "randrw",
        "rw" : "randrw",
        "directory" : "/scratch/snx2000/ccocha/randrw/96_node",
        "filename_format" : "$jobname.60.$jobnum.$filenum"
      },
      "read" : {
        "io_bytes" : 128327680,
        "io_kbytes" : 125320,
        "bw_bytes" : 426214,
        "bw" : 416,
        "iops" : 104.056303,
        "runtime" : 301087,
        "total_ios" : 31330,
        "short_ios" : 0,
        "drop_ios" : 0,
        "slat_ns" : {
          "min" : 523836,
          "max" : 69287925763,
          "mean" : 153303511.105298,
          "stddev" : 1424161156.565627,
          "N" : 31330
        },
        "clat_ns" : {
          "min" : 17120,
          "max" : 115851957149,
          "mean" : 19325297477.755707,
          "stddev" : 22710284452.718349,
          "N" : 31330,
          "percentile" : {
            "1.000000" : 1702887424,
            "5.000000" : 1937768448,
            "10.000000" : 2088763392,
            "20.000000" : 2432696320,
            "30.000000" : 4798283776,
            "40.000000" : 13488881664,
            "50.000000" : 17112760320,
            "60.000000" : 17112760320,
            "70.000000" : 17112760320,
            "80.000000" : 17112760320,
            "90.000000" : 17112760320,
            "95.000000" : 17112760320,
            "99.000000" : 17112760320,
            "99.500000" : 17112760320,
            "99.900000" : 17112760320,
            "99.950000" : 17112760320,
            "99.990000" : 17112760320
          }
        },
        "lat_ns" : {
          "min" : 71620576,
          "max" : 117419748402,
          "mean" : 19478604196.780910,
          "stddev" : 22804187735.883453,
          "N" : 31330
        },
        "bw_min" : 128,
        "bw_max" : 5688,
        "bw_agg" : 100.000000,
        "bw_mean" : 842.299452,
        "bw_dev" : 63.234949,
        "bw_samples" : 4426,
        "iops_min" : 32,
        "iops_max" : 1422,
        "iops_mean" : 210.574863,
        "iops_stddev" : 15.808737,
        "iops_samples" : 4426
      },
      "write" : {
        "io_bytes" : 128741376,
        "io_kbytes" : 125724,
        "bw_bytes" : 427588,
        "bw" : 417,
        "iops" : 104.391754,
        "runtime" : 301087,
        "total_ios" : 31431,
        "short_ios" : 0,
        "drop_ios" : 0,
        "slat_ns" : {
          "min" : 74951,
          "max" : 1709299,
          "mean" : 118918.947472,
          "stddev" : 48076.761763,
          "N" : 31431
        },
        "clat_ns" : {
          "min" : 71631096,
          "max" : 115493167571,
          "mean" : 19605376018.975632,
          "stddev" : 23327923142.833546,
          "N" : 31431,
          "percentile" : {
            "1.000000" : 1719664640,
            "5.000000" : 1937768448,
            "10.000000" : 2088763392,
            "20.000000" : 2466250752,
            "30.000000" : 4395630592,
            "40.000000" : 13488881664,
            "50.000000" : 17112760320,
            "60.000000" : 17112760320,
            "70.000000" : 17112760320,
            "80.000000" : 17112760320,
            "90.000000" : 17112760320,
            "95.000000" : 17112760320,
            "99.000000" : 17112760320,
            "99.500000" : 17112760320,
            "99.900000" : 17112760320,
            "99.950000" : 17112760320,
            "99.990000" : 17112760320
          }
        },
        "lat_ns" : {
          "min" : 71720767,
          "max" : 115493264452,
          "mean" : 19605496133.898472,
          "stddev" : 23327922713.851562,
          "N" : 31431
        },
        "bw_min" : 128,
        "bw_max" : 5456,
        "bw_agg" : 100.000000,
        "bw_mean" : 842.199654,
        "bw_dev" : 63.156902,
        "bw_samples" : 4451,
        "iops_min" : 32,
        "iops_max" : 1364,
        "iops_mean" : 210.549914,
        "iops_stddev" : 15.789225,
        "iops_samples" : 4451
      },
      "trim" : {
        "io_bytes" : 0,
        "io_kbytes" : 0,
        "bw_bytes" : 0,
        "bw" : 0,
        "iops" : 0.000000,
        "runtime" : 0,
        "total_ios" : 0,
        "short_ios" : 0,
        "drop_ios" : 0,
        "slat_ns" : {
          "min" : 0,
          "max" : 0,
          "mean" : 0.000000,
          "stddev" : 0.000000,
          "N" : 0
        },
        "clat_ns" : {
          "min" : 0,
          "max" : 0,
          "mean" : 0.000000,
          "stddev" : 0.000000,
          "N" : 0
        },
        "lat_ns" : {
          "min" : 0,
          "max" : 0,
          "mean" : 0.000000,
          "stddev" : 0.000000,
          "N" : 0
        },
        "bw_min" : 0,
        "bw_max" : 0,
        "bw_agg" : 0.000000,
        "bw_mean" : 0.000000,
        "bw_dev" : 0.000000,
        "bw_samples" : 0,
        "iops_min" : 0,
        "iops_max" : 0,
        "iops_mean" : 0.000000,
        "iops_stddev" : 0.000000,
        "iops_samples" : 0
      },
      "sync" : {
        "total_ios" : 0,
        "lat_ns" : {
          "min" : 0,
          "max" : 0,
          "mean" : 0.000000,
          "stddev" : 0.000000,
          "N" : 0
        }
      },
      "job_runtime" : 4807942,
      "usr_cpu" : 0.026789,
      "sys_cpu" : 0.185818,
      "ctx" : 31486,
      "majf" : 0,
      "minf" : 660,
      "iodepth_level" : {
        "1" : 0.100000,
        "2" : 0.100000,
        "4" : 0.101974,
        "8" : 0.203948,
        "16" : 0.407897,
        "32" : 0.815793,
        ">=64" : 98.393907
      },
      "iodepth_submit" : {
        "0" : 0.000000,
        "4" : 100.000000,
        "8" : 0.000000,
        "16" : 0.000000,
        "32" : 0.000000,
        "64" : 0.000000,
        ">=64" : 0.000000
      },
      "iodepth_complete" : {
        "0" : 0.000000,
        "4" : 99.972741,
        "8" : 0.000000,
        "16" : 0.000000,
        "32" : 0.000000,
        "64" : 0.000000,
        ">=64" : 0.100000
      },
      "latency_ns" : {
        "2" : 0.000000,
        "4" : 0.000000,
        "10" : 0.000000,
        "20" : 0.000000,
        "50" : 0.000000,
        "100" : 0.000000,
        "250" : 0.000000,
        "500" : 0.000000,
        "750" : 0.000000,
        "1000" : 0.000000
      },
      "latency_us" : {
        "2" : 0.000000,
        "4" : 0.000000,
        "10" : 0.000000,
        "20" : 0.010000,
        "50" : 0.020714,
        "100" : 0.010000,
        "250" : 0.000000,
        "500" : 0.000000,
        "750" : 0.000000,
        "1000" : 0.000000
      },
      "latency_ms" : {
        "2" : 0.000000,
        "4" : 0.000000,
        "10" : 0.000000,
        "20" : 0.000000,
        "50" : 0.000000,
        "100" : 0.010000,
        "250" : 0.010000,
        "500" : 0.015933,
        "750" : 0.047800,
        "1000" : 0.019120,
        "2000" : 6.468986,
        ">=2000" : 93.416294
      },
      "latency_depth" : 256,
      "latency_target" : 0,
      "latency_percentile" : 100.000000,
      "latency_window" : 0
    }
  ]
}
