{
  "fio version" : "fio-3.27",
  "timestamp" : 1627025125,
  "timestamp_ms" : 1627025125860,
  "time" : "Fri Jul 23 09:25:25 2021",
  "jobs" : [
    {
      "jobname" : "randrw",
      "groupid" : 0,
      "error" : 0,
      "eta" : 0,
      "elapsed" : 301,
      "job options" : {
        "bs" : "4K",
        "iodepth" : "256",
        "direct" : "0",
        "ioengine" : "libaio",
        "time_based" : "1",
        "runtime" : "300",
        "numjobs" : "1",
        "size" : "1g",
        "name" : "randrw",
        "rw" : "randrw",
        "directory" : "/scratch/snx2000/ccocha/randrw/128_node",
        "filename_format" : "$jobname.74.$jobnum.$filenum"
      },
      "read" : {
        "io_bytes" : 79564800,
        "io_kbytes" : 77700,
        "bw_bytes" : 265185,
        "bw" : 258,
        "iops" : 64.742662,
        "runtime" : 300034,
        "total_ios" : 19425,
        "short_ios" : 0,
        "drop_ios" : 0,
        "slat_ns" : {
          "min" : 458081,
          "max" : 1530666086,
          "mean" : 15308475.054106,
          "stddev" : 37154111.134640,
          "N" : 19425
        },
        "clat_ns" : {
          "min" : 26900,
          "max" : 14391428687,
          "mean" : 1962813090.072529,
          "stddev" : 1211861314.005751,
          "N" : 19425,
          "percentile" : {
            "1.000000" : 641728512,
            "5.000000" : 700448768,
            "10.000000" : 784334848,
            "20.000000" : 1317011456,
            "30.000000" : 1551892480,
            "40.000000" : 1702887424,
            "50.000000" : 1837105152,
            "60.000000" : 2021654528,
            "70.000000" : 2197815296,
            "80.000000" : 2399141888,
            "90.000000" : 2768240640,
            "95.000000" : 3103784960,
            "99.000000" : 5469372416,
            "99.500000" : 12012486656,
            "99.900000" : 14428405760,
            "99.950000" : 14428405760,
            "99.990000" : 14428405760
          }
        },
        "lat_ns" : {
          "min" : 86871121,
          "max" : 14399388470,
          "mean" : 1978124142.079182,
          "stddev" : 1216332972.371797,
          "N" : 19425
        },
        "bw_min" : 8,
        "bw_max" : 896,
        "bw_agg" : 100.000000,
        "bw_mean" : 266.020725,
        "bw_dev" : 167.675445,
        "bw_samples" : 579,
        "iops_min" : 2,
        "iops_max" : 224,
        "iops_mean" : 66.504318,
        "iops_stddev" : 41.917466,
        "iops_samples" : 579
      },
      "write" : {
        "io_bytes" : 79650816,
        "io_kbytes" : 77784,
        "bw_bytes" : 265472,
        "bw" : 259,
        "iops" : 64.812655,
        "runtime" : 300034,
        "total_ios" : 19446,
        "short_ios" : 0,
        "drop_ios" : 0,
        "slat_ns" : {
          "min" : 75340,
          "max" : 808862,
          "mean" : 104770.805410,
          "stddev" : 40724.521013,
          "N" : 19446
        },
        "clat_ns" : {
          "min" : 86881921,
          "max" : 14396290641,
          "mean" : 1968056731.986270,
          "stddev" : 1209740177.765147,
          "N" : 19446,
          "percentile" : {
            "1.000000" : 633339904,
            "5.000000" : 700448768,
            "10.000000" : 767557632,
            "20.000000" : 1317011456,
            "30.000000" : 1551892480,
            "40.000000" : 1702887424,
            "50.000000" : 1853882368,
            "60.000000" : 2021654528,
            "70.000000" : 2197815296,
            "80.000000" : 2432696320,
            "90.000000" : 2768240640,
            "95.000000" : 3137339392,
            "99.000000" : 5402263552,
            "99.500000" : 10938744832,
            "99.900000" : 14428405760,
            "99.950000" : 14428405760,
            "99.990000" : 14428405760
          }
        },
        "lat_ns" : {
          "min" : 86995241,
          "max" : 14396384721,
          "mean" : 1968162645.467712,
          "stddev" : 1209739155.321757,
          "N" : 19446
        },
        "bw_min" : 8,
        "bw_max" : 856,
        "bw_agg" : 100.000000,
        "bw_mean" : 265.648276,
        "bw_dev" : 170.928159,
        "bw_samples" : 580,
        "iops_min" : 2,
        "iops_max" : 214,
        "iops_mean" : 66.410345,
        "iops_stddev" : 42.729384,
        "iops_samples" : 580
      },
      "trim" : {
        "io_bytes" : 0,
        "io_kbytes" : 0,
        "bw_bytes" : 0,
        "bw" : 0,
        "iops" : 0.000000,
        "runtime" : 0,
        "total_ios" : 0,
        "short_ios" : 0,
        "drop_ios" : 0,
        "slat_ns" : {
          "min" : 0,
          "max" : 0,
          "mean" : 0.000000,
          "stddev" : 0.000000,
          "N" : 0
        },
        "clat_ns" : {
          "min" : 0,
          "max" : 0,
          "mean" : 0.000000,
          "stddev" : 0.000000,
          "N" : 0
        },
        "lat_ns" : {
          "min" : 0,
          "max" : 0,
          "mean" : 0.000000,
          "stddev" : 0.000000,
          "N" : 0
        },
        "bw_min" : 0,
        "bw_max" : 0,
        "bw_agg" : 0.000000,
        "bw_mean" : 0.000000,
        "bw_dev" : 0.000000,
        "bw_samples" : 0,
        "iops_min" : 0,
        "iops_max" : 0,
        "iops_mean" : 0.000000,
        "iops_stddev" : 0.000000,
        "iops_samples" : 0
      },
      "sync" : {
        "total_ios" : 0,
        "lat_ns" : {
          "min" : 0,
          "max" : 0,
          "mean" : 0.000000,
          "stddev" : 0.000000,
          "N" : 0
        }
      },
      "job_runtime" : 300033,
      "usr_cpu" : 0.258972,
      "sys_cpu" : 1.589825,
      "ctx" : 19434,
      "majf" : 0,
      "minf" : 41,
      "iodepth_level" : {
        "1" : 0.100000,
        "2" : 0.100000,
        "4" : 0.100000,
        "8" : 0.100000,
        "16" : 0.100000,
        "32" : 0.100000,
        ">=64" : 99.837925
      },
      "iodepth_submit" : {
        "0" : 0.000000,
        "4" : 100.000000,
        "8" : 0.000000,
        "16" : 0.000000,
        "32" : 0.000000,
        "64" : 0.000000,
        ">=64" : 0.000000
      },
      "iodepth_complete" : {
        "0" : 0.000000,
        "4" : 99.997410,
        "8" : 0.000000,
        "16" : 0.000000,
        "32" : 0.000000,
        "64" : 0.000000,
        ">=64" : 0.100000
      },
      "latency_ns" : {
        "2" : 0.000000,
        "4" : 0.000000,
        "10" : 0.000000,
        "20" : 0.000000,
        "50" : 0.000000,
        "100" : 0.000000,
        "250" : 0.000000,
        "500" : 0.000000,
        "750" : 0.000000,
        "1000" : 0.000000
      },
      "latency_us" : {
        "2" : 0.000000,
        "4" : 0.000000,
        "10" : 0.000000,
        "20" : 0.000000,
        "50" : 0.010000,
        "100" : 0.000000,
        "250" : 0.000000,
        "500" : 0.000000,
        "750" : 0.000000,
        "1000" : 0.000000
      },
      "latency_ms" : {
        "2" : 0.000000,
        "4" : 0.000000,
        "10" : 0.000000,
        "20" : 0.000000,
        "50" : 0.000000,
        "100" : 0.010290,
        "250" : 0.144066,
        "500" : 0.115768,
        "750" : 8.867793,
        "1000" : 3.820329,
        "2000" : 46.196393,
        ">=2000" : 40.842788
      },
      "latency_depth" : 256,
      "latency_target" : 0,
      "latency_percentile" : 100.000000,
      "latency_window" : 0
    }
  ]
}
