{
  "fio version" : "fio-3.27",
  "timestamp" : 1627438108,
  "timestamp_ms" : 1627438108803,
  "time" : "Wed Jul 28 04:08:28 2021",
  "jobs" : [
    {
      "jobname" : "seq-read",
      "groupid" : 0,
      "error" : 0,
      "eta" : 0,
      "elapsed" : 301,
      "job options" : {
        "bs" : "4K",
        "iodepth" : "256",
        "direct" : "1",
        "ioengine" : "libaio",
        "time_based" : "1",
        "runtime" : "300",
        "numjobs" : "8",
        "size" : "1g",
        "name" : "seq-read",
        "rw" : "read",
        "directory" : "/scratch/snx2000/ccocha/seqread/150_node/",
        "filename_format" : "$jobname.102.$jobnum.$filenum"
      },
      "read" : {
        "io_bytes" : 4345085952,
        "io_kbytes" : 4243248,
        "bw_bytes" : 14483571,
        "bw" : 14144,
        "iops" : 3536.028213,
        "runtime" : 300001,
        "total_ios" : 1060812,
        "short_ios" : 0,
        "drop_ios" : 0,
        "slat_ns" : {
          "min" : 449734,
          "max" : 75984448,
          "mean" : 2241031.194137,
          "stddev" : 904485.981670,
          "N" : 1060812
        },
        "clat_ns" : {
          "min" : 12870,
          "max" : 841895329,
          "mean" : 576319734.260862,
          "stddev" : 37874627.422168,
          "N" : 1060812,
          "percentile" : {
            "1.000000" : 492830720,
            "5.000000" : 526385152,
            "10.000000" : 541065216,
            "20.000000" : 557842432,
            "30.000000" : 566231040,
            "40.000000" : 574619648,
            "50.000000" : 574619648,
            "60.000000" : 583008256,
            "70.000000" : 591396864,
            "80.000000" : 599785472,
            "90.000000" : 616562688,
            "95.000000" : 624951296,
            "99.000000" : 650117120,
            "99.500000" : 658505728,
            "99.900000" : 700448768,
            "99.950000" : 725614592,
            "99.990000" : 826277888
          }
        },
        "lat_ns" : {
          "min" : 537126,
          "max" : 844099471,
          "mean" : 578563577.640970,
          "stddev" : 37983910.658268,
          "N" : 1060812
        },
        "bw_min" : 10376,
        "bw_max" : 16392,
        "bw_agg" : 99.900225,
        "bw_mean" : 14130.354515,
        "bw_dev" : 81.101793,
        "bw_samples" : 4784,
        "iops_min" : 2594,
        "iops_max" : 4098,
        "iops_mean" : 3532.591973,
        "iops_stddev" : 20.275608,
        "iops_samples" : 4784
      },
      "write" : {
        "io_bytes" : 0,
        "io_kbytes" : 0,
        "bw_bytes" : 0,
        "bw" : 0,
        "iops" : 0.000000,
        "runtime" : 0,
        "total_ios" : 0,
        "short_ios" : 0,
        "drop_ios" : 0,
        "slat_ns" : {
          "min" : 0,
          "max" : 0,
          "mean" : 0.000000,
          "stddev" : 0.000000,
          "N" : 0
        },
        "clat_ns" : {
          "min" : 0,
          "max" : 0,
          "mean" : 0.000000,
          "stddev" : 0.000000,
          "N" : 0
        },
        "lat_ns" : {
          "min" : 0,
          "max" : 0,
          "mean" : 0.000000,
          "stddev" : 0.000000,
          "N" : 0
        },
        "bw_min" : 0,
        "bw_max" : 0,
        "bw_agg" : 0.000000,
        "bw_mean" : 0.000000,
        "bw_dev" : 0.000000,
        "bw_samples" : 0,
        "iops_min" : 0,
        "iops_max" : 0,
        "iops_mean" : 0.000000,
        "iops_stddev" : 0.000000,
        "iops_samples" : 0
      },
      "trim" : {
        "io_bytes" : 0,
        "io_kbytes" : 0,
        "bw_bytes" : 0,
        "bw" : 0,
        "iops" : 0.000000,
        "runtime" : 0,
        "total_ios" : 0,
        "short_ios" : 0,
        "drop_ios" : 0,
        "slat_ns" : {
          "min" : 0,
          "max" : 0,
          "mean" : 0.000000,
          "stddev" : 0.000000,
          "N" : 0
        },
        "clat_ns" : {
          "min" : 0,
          "max" : 0,
          "mean" : 0.000000,
          "stddev" : 0.000000,
          "N" : 0
        },
        "lat_ns" : {
          "min" : 0,
          "max" : 0,
          "mean" : 0.000000,
          "stddev" : 0.000000,
          "N" : 0
        },
        "bw_min" : 0,
        "bw_max" : 0,
        "bw_agg" : 0.000000,
        "bw_mean" : 0.000000,
        "bw_dev" : 0.000000,
        "bw_samples" : 0,
        "iops_min" : 0,
        "iops_max" : 0,
        "iops_mean" : 0.000000,
        "iops_stddev" : 0.000000,
        "iops_samples" : 0
      },
      "sync" : {
        "total_ios" : 0,
        "lat_ns" : {
          "min" : 0,
          "max" : 0,
          "mean" : 0.000000,
          "stddev" : 0.000000,
          "N" : 0
        }
      },
      "job_runtime" : 2400000,
      "usr_cpu" : 1.043292,
      "sys_cpu" : 6.881958,
      "ctx" : 1060956,
      "majf" : 0,
      "minf" : 2368,
      "iodepth_level" : {
        "1" : 0.100000,
        "2" : 0.100000,
        "4" : 0.100000,
        "8" : 0.100000,
        "16" : 0.100000,
        "32" : 0.100000,
        ">=64" : 99.952489
      },
      "iodepth_submit" : {
        "0" : 0.000000,
        "4" : 100.000000,
        "8" : 0.000000,
        "16" : 0.000000,
        "32" : 0.000000,
        "64" : 0.000000,
        ">=64" : 0.000000
      },
      "iodepth_complete" : {
        "0" : 0.000000,
        "4" : 99.999244,
        "8" : 0.000000,
        "16" : 0.000000,
        "32" : 0.000000,
        "64" : 0.000000,
        ">=64" : 0.100000
      },
      "latency_ns" : {
        "2" : 0.000000,
        "4" : 0.000000,
        "10" : 0.000000,
        "20" : 0.000000,
        "50" : 0.000000,
        "100" : 0.000000,
        "250" : 0.000000,
        "500" : 0.000000,
        "750" : 0.000000,
        "1000" : 0.000000
      },
      "latency_us" : {
        "2" : 0.000000,
        "4" : 0.000000,
        "10" : 0.000000,
        "20" : 0.010000,
        "50" : 0.010000,
        "100" : 0.000000,
        "250" : 0.000000,
        "500" : 0.000000,
        "750" : 0.010000,
        "1000" : 0.000000
      },
      "latency_ms" : {
        "2" : 0.010000,
        "4" : 0.010000,
        "10" : 0.010000,
        "20" : 0.010464,
        "50" : 0.024604,
        "100" : 0.042986,
        "250" : 0.150168,
        "500" : 1.469346,
        "750" : 98.263783,
        "1000" : 0.028563,
        "2000" : 0.000000,
        ">=2000" : 0.000000
      },
      "latency_depth" : 256,
      "latency_target" : 0,
      "latency_percentile" : 100.000000,
      "latency_window" : 0
    }
  ]
}
