{
  "fio version" : "fio-3.27",
  "timestamp" : 1627023799,
  "timestamp_ms" : 1627023799422,
  "time" : "Fri Jul 23 09:03:19 2021",
  "jobs" : [
    {
      "jobname" : "randrw",
      "groupid" : 0,
      "error" : 0,
      "eta" : 0,
      "elapsed" : 302,
      "job options" : {
        "bs" : "4K",
        "iodepth" : "256",
        "direct" : "0",
        "ioengine" : "libaio",
        "time_based" : "1",
        "runtime" : "300",
        "numjobs" : "32",
        "size" : "1g",
        "name" : "randrw",
        "rw" : "randrw",
        "directory" : "/scratch/snx2000/ccocha/randrw/96_node",
        "filename_format" : "$jobname.81.$jobnum.$filenum"
      },
      "read" : {
        "io_bytes" : 104468480,
        "io_kbytes" : 102020,
        "bw_bytes" : 346971,
        "bw" : 338,
        "iops" : 84.709735,
        "runtime" : 301087,
        "total_ios" : 25505,
        "short_ios" : 0,
        "drop_ios" : 0,
        "slat_ns" : {
          "min" : 558791,
          "max" : 75112827269,
          "mean" : 376752692.490688,
          "stddev" : 2126287100.651780,
          "N" : 25505
        },
        "clat_ns" : {
          "min" : 17850,
          "max" : 144347618202,
          "mean" : 47354565349.906136,
          "stddev" : 35633537210.682724,
          "N" : 25505,
          "percentile" : {
            "1.000000" : 2231369728,
            "5.000000" : 3472883712,
            "10.000000" : 4278190080,
            "20.000000" : 4932501504,
            "30.000000" : 13757317120,
            "40.000000" : 17112760320,
            "50.000000" : 17112760320,
            "60.000000" : 17112760320,
            "70.000000" : 17112760320,
            "80.000000" : 17112760320,
            "90.000000" : 17112760320,
            "95.000000" : 17112760320,
            "99.000000" : 17112760320,
            "99.500000" : 17112760320,
            "99.900000" : 17112760320,
            "99.950000" : 17112760320,
            "99.990000" : 17112760320
          }
        },
        "lat_ns" : {
          "min" : 348651006,
          "max" : 144418905397,
          "mean" : 47731321776.610275,
          "stddev" : 35790296975.344765,
          "N" : 25505
        },
        "bw_min" : 256,
        "bw_max" : 5096,
        "bw_agg" : 100.000000,
        "bw_mean" : 718.579616,
        "bw_dev" : 25.444629,
        "bw_samples" : 7629,
        "iops_min" : 64,
        "iops_max" : 1274,
        "iops_mean" : 179.644904,
        "iops_stddev" : 6.361157,
        "iops_samples" : 7629
      },
      "write" : {
        "io_bytes" : 105287680,
        "io_kbytes" : 102820,
        "bw_bytes" : 349691,
        "bw" : 341,
        "iops" : 85.373995,
        "runtime" : 301087,
        "total_ios" : 25705,
        "short_ios" : 0,
        "drop_ios" : 0,
        "slat_ns" : {
          "min" : 75190,
          "max" : 3498900,
          "mean" : 128989.805719,
          "stddev" : 70460.551661,
          "N" : 25705
        },
        "clat_ns" : {
          "min" : 348666086,
          "max" : 144400743125,
          "mean" : 48119665066.251465,
          "stddev" : 35734598284.164490,
          "N" : 25705,
          "percentile" : {
            "1.000000" : 2264924160,
            "5.000000" : 3472883712,
            "10.000000" : 4328521728,
            "20.000000" : 4999610368,
            "30.000000" : 17112760320,
            "40.000000" : 17112760320,
            "50.000000" : 17112760320,
            "60.000000" : 17112760320,
            "70.000000" : 17112760320,
            "80.000000" : 17112760320,
            "90.000000" : 17112760320,
            "95.000000" : 17112760320,
            "99.000000" : 17112760320,
            "99.500000" : 17112760320,
            "99.900000" : 17112760320,
            "99.950000" : 17112760320,
            "99.990000" : 17112760320
          }
        },
        "lat_ns" : {
          "min" : 348786586,
          "max" : 144400938316,
          "mean" : 48119795326.779633,
          "stddev" : 35734595971.712105,
          "N" : 25705
        },
        "bw_min" : 256,
        "bw_max" : 5088,
        "bw_agg" : 100.000000,
        "bw_mean" : 725.070889,
        "bw_dev" : 25.128540,
        "bw_samples" : 7631,
        "iops_min" : 64,
        "iops_max" : 1272,
        "iops_mean" : 181.267722,
        "iops_stddev" : 6.282135,
        "iops_samples" : 7631
      },
      "trim" : {
        "io_bytes" : 0,
        "io_kbytes" : 0,
        "bw_bytes" : 0,
        "bw" : 0,
        "iops" : 0.000000,
        "runtime" : 0,
        "total_ios" : 0,
        "short_ios" : 0,
        "drop_ios" : 0,
        "slat_ns" : {
          "min" : 0,
          "max" : 0,
          "mean" : 0.000000,
          "stddev" : 0.000000,
          "N" : 0
        },
        "clat_ns" : {
          "min" : 0,
          "max" : 0,
          "mean" : 0.000000,
          "stddev" : 0.000000,
          "N" : 0
        },
        "lat_ns" : {
          "min" : 0,
          "max" : 0,
          "mean" : 0.000000,
          "stddev" : 0.000000,
          "N" : 0
        },
        "bw_min" : 0,
        "bw_max" : 0,
        "bw_agg" : 0.000000,
        "bw_mean" : 0.000000,
        "bw_dev" : 0.000000,
        "bw_samples" : 0,
        "iops_min" : 0,
        "iops_max" : 0,
        "iops_mean" : 0.000000,
        "iops_stddev" : 0.000000,
        "iops_samples" : 0
      },
      "sync" : {
        "total_ios" : 0,
        "lat_ns" : {
          "min" : 0,
          "max" : 0,
          "mean" : 0.000000,
          "stddev" : 0.000000,
          "N" : 0
        }
      },
      "job_runtime" : 9613497,
      "usr_cpu" : 0.012316,
      "sys_cpu" : 0.081947,
      "ctx" : 25818,
      "majf" : 0,
      "minf" : 1320,
      "iodepth_level" : {
        "1" : 0.100000,
        "2" : 0.124976,
        "4" : 0.249951,
        "8" : 0.499902,
        "16" : 0.999805,
        "32" : 1.999609,
        ">=64" : 96.063269
      },
      "iodepth_submit" : {
        "0" : 0.000000,
        "4" : 100.000000,
        "8" : 0.000000,
        "16" : 0.000000,
        "32" : 0.000000,
        "64" : 0.000000,
        ">=64" : 0.000000
      },
      "iodepth_complete" : {
        "0" : 0.000000,
        "4" : 99.925723,
        "8" : 0.000000,
        "16" : 0.000000,
        "32" : 0.000000,
        "64" : 0.000000,
        ">=64" : 0.100000
      },
      "latency_ns" : {
        "2" : 0.000000,
        "4" : 0.000000,
        "10" : 0.000000,
        "20" : 0.000000,
        "50" : 0.000000,
        "100" : 0.000000,
        "250" : 0.000000,
        "500" : 0.000000,
        "750" : 0.000000,
        "1000" : 0.000000
      },
      "latency_us" : {
        "2" : 0.000000,
        "4" : 0.000000,
        "10" : 0.000000,
        "20" : 0.010000,
        "50" : 0.058582,
        "100" : 0.000000,
        "250" : 0.000000,
        "500" : 0.000000,
        "750" : 0.000000,
        "1000" : 0.000000
      },
      "latency_ms" : {
        "2" : 0.000000,
        "4" : 0.000000,
        "10" : 0.000000,
        "20" : 0.000000,
        "50" : 0.000000,
        "100" : 0.000000,
        "250" : 0.000000,
        "500" : 0.035149,
        "750" : 0.060535,
        "1000" : 0.066393,
        "2000" : 0.423745,
        ">=2000" : 99.351689
      },
      "latency_depth" : 256,
      "latency_target" : 0,
      "latency_percentile" : 100.000000,
      "latency_window" : 0
    }
  ]
}
