{
  "fio version" : "fio-3.27",
  "timestamp" : 1627434016,
  "timestamp_ms" : 1627434016426,
  "time" : "Wed Jul 28 03:00:16 2021",
  "jobs" : [
    {
      "jobname" : "seq-read",
      "groupid" : 0,
      "error" : 0,
      "eta" : 0,
      "elapsed" : 301,
      "job options" : {
        "bs" : "4K",
        "iodepth" : "256",
        "direct" : "1",
        "ioengine" : "libaio",
        "time_based" : "1",
        "runtime" : "300",
        "numjobs" : "4",
        "size" : "1g",
        "name" : "seq-read",
        "rw" : "read",
        "directory" : "/scratch/snx2000/ccocha/seqread/128_node/",
        "filename_format" : "$jobname.36.$jobnum.$filenum"
      },
      "read" : {
        "io_bytes" : 5016764416,
        "io_kbytes" : 4899184,
        "bw_bytes" : 16722436,
        "bw" : 16330,
        "iops" : 4082.626116,
        "runtime" : 300002,
        "total_ios" : 1224796,
        "short_ios" : 0,
        "drop_ios" : 0,
        "slat_ns" : {
          "min" : 396537,
          "max" : 61491044,
          "mean" : 958840.830495,
          "stddev" : 997856.736705,
          "N" : 1224796
        },
        "clat_ns" : {
          "min" : 13090,
          "max" : 452430736,
          "mean" : 249713326.614365,
          "stddev" : 27822547.865619,
          "N" : 1224796,
          "percentile" : {
            "1.000000" : 206569472,
            "5.000000" : 217055232,
            "10.000000" : 221249536,
            "20.000000" : 227540992,
            "30.000000" : 231735296,
            "40.000000" : 238026752,
            "50.000000" : 244318208,
            "60.000000" : 250609664,
            "70.000000" : 258998272,
            "80.000000" : 270532608,
            "90.000000" : 287309824,
            "95.000000" : 304087040,
            "99.000000" : 333447168,
            "99.500000" : 350224384,
            "99.900000" : 383778816,
            "99.950000" : 392167424,
            "99.990000" : 413138944
          }
        },
        "lat_ns" : {
          "min" : 767103,
          "max" : 453128288,
          "mean" : 250674916.959370,
          "stddev" : 27893378.889770,
          "N" : 1224796
        },
        "bw_min" : 6160,
        "bw_max" : 20481,
        "bw_agg" : 99.984667,
        "bw_mean" : 16328.484686,
        "bw_dev" : 318.770179,
        "bw_samples" : 2397,
        "iops_min" : 1540,
        "iops_max" : 5120,
        "iops_mean" : 4081.801564,
        "iops_stddev" : 79.740462,
        "iops_samples" : 2397
      },
      "write" : {
        "io_bytes" : 0,
        "io_kbytes" : 0,
        "bw_bytes" : 0,
        "bw" : 0,
        "iops" : 0.000000,
        "runtime" : 0,
        "total_ios" : 0,
        "short_ios" : 0,
        "drop_ios" : 0,
        "slat_ns" : {
          "min" : 0,
          "max" : 0,
          "mean" : 0.000000,
          "stddev" : 0.000000,
          "N" : 0
        },
        "clat_ns" : {
          "min" : 0,
          "max" : 0,
          "mean" : 0.000000,
          "stddev" : 0.000000,
          "N" : 0
        },
        "lat_ns" : {
          "min" : 0,
          "max" : 0,
          "mean" : 0.000000,
          "stddev" : 0.000000,
          "N" : 0
        },
        "bw_min" : 0,
        "bw_max" : 0,
        "bw_agg" : 0.000000,
        "bw_mean" : 0.000000,
        "bw_dev" : 0.000000,
        "bw_samples" : 0,
        "iops_min" : 0,
        "iops_max" : 0,
        "iops_mean" : 0.000000,
        "iops_stddev" : 0.000000,
        "iops_samples" : 0
      },
      "trim" : {
        "io_bytes" : 0,
        "io_kbytes" : 0,
        "bw_bytes" : 0,
        "bw" : 0,
        "iops" : 0.000000,
        "runtime" : 0,
        "total_ios" : 0,
        "short_ios" : 0,
        "drop_ios" : 0,
        "slat_ns" : {
          "min" : 0,
          "max" : 0,
          "mean" : 0.000000,
          "stddev" : 0.000000,
          "N" : 0
        },
        "clat_ns" : {
          "min" : 0,
          "max" : 0,
          "mean" : 0.000000,
          "stddev" : 0.000000,
          "N" : 0
        },
        "lat_ns" : {
          "min" : 0,
          "max" : 0,
          "mean" : 0.000000,
          "stddev" : 0.000000,
          "N" : 0
        },
        "bw_min" : 0,
        "bw_max" : 0,
        "bw_agg" : 0.000000,
        "bw_mean" : 0.000000,
        "bw_dev" : 0.000000,
        "bw_samples" : 0,
        "iops_min" : 0,
        "iops_max" : 0,
        "iops_mean" : 0.000000,
        "iops_stddev" : 0.000000,
        "iops_samples" : 0
      },
      "sync" : {
        "total_ios" : 0,
        "lat_ns" : {
          "min" : 0,
          "max" : 0,
          "mean" : 0.000000,
          "stddev" : 0.000000,
          "N" : 0
        }
      },
      "job_runtime" : 1200001,
      "usr_cpu" : 2.433748,
      "sys_cpu" : 15.610320,
      "ctx" : 1224946,
      "majf" : 0,
      "minf" : 1185,
      "iodepth_level" : {
        "1" : 0.100000,
        "2" : 0.100000,
        "4" : 0.100000,
        "8" : 0.100000,
        "16" : 0.100000,
        "32" : 0.100000,
        ">=64" : 99.979425
      },
      "iodepth_submit" : {
        "0" : 0.000000,
        "4" : 100.000000,
        "8" : 0.000000,
        "16" : 0.000000,
        "32" : 0.000000,
        "64" : 0.000000,
        ">=64" : 0.000000
      },
      "iodepth_complete" : {
        "0" : 0.000000,
        "4" : 99.999673,
        "8" : 0.000000,
        "16" : 0.000000,
        "32" : 0.000000,
        "64" : 0.000000,
        ">=64" : 0.100000
      },
      "latency_ns" : {
        "2" : 0.000000,
        "4" : 0.000000,
        "10" : 0.000000,
        "20" : 0.000000,
        "50" : 0.000000,
        "100" : 0.000000,
        "250" : 0.000000,
        "500" : 0.000000,
        "750" : 0.000000,
        "1000" : 0.000000
      },
      "latency_us" : {
        "2" : 0.000000,
        "4" : 0.000000,
        "10" : 0.000000,
        "20" : 0.010000,
        "50" : 0.010000,
        "100" : 0.000000,
        "250" : 0.000000,
        "500" : 0.000000,
        "750" : 0.000000,
        "1000" : 0.010000
      },
      "latency_ms" : {
        "2" : 0.010000,
        "4" : 0.010000,
        "10" : 0.010000,
        "20" : 0.010000,
        "50" : 0.011839,
        "100" : 0.015921,
        "250" : 58.232473,
        "500" : 41.732011,
        "750" : 0.000000,
        "1000" : 0.000000,
        "2000" : 0.000000,
        ">=2000" : 0.000000
      },
      "latency_depth" : 256,
      "latency_target" : 0,
      "latency_percentile" : 100.000000,
      "latency_window" : 0
    }
  ]
}
