{
  "fio version" : "fio-3.27",
  "timestamp" : 1627430005,
  "timestamp_ms" : 1627430005816,
  "time" : "Wed Jul 28 01:53:25 2021",
  "jobs" : [
    {
      "jobname" : "seq-read",
      "groupid" : 0,
      "error" : 0,
      "eta" : 0,
      "elapsed" : 301,
      "job options" : {
        "bs" : "4K",
        "iodepth" : "256",
        "direct" : "1",
        "ioengine" : "libaio",
        "time_based" : "1",
        "runtime" : "300",
        "numjobs" : "2",
        "size" : "1g",
        "name" : "seq-read",
        "rw" : "read",
        "directory" : "/scratch/snx2000/ccocha/seqread/96_node/",
        "filename_format" : "$jobname.83.$jobnum.$filenum"
      },
      "read" : {
        "io_bytes" : 3594305536,
        "io_kbytes" : 3510064,
        "bw_bytes" : 11980978,
        "bw" : 11700,
        "iops" : 2925.043583,
        "runtime" : 300001,
        "total_ios" : 877516,
        "short_ios" : 0,
        "drop_ios" : 0,
        "slat_ns" : {
          "min" : 366165,
          "max" : 103192637,
          "mean" : 668337.662030,
          "stddev" : 993800.295399,
          "N" : 877516
        },
        "clat_ns" : {
          "min" : 13231,
          "max" : 397495203,
          "mean" : 174294548.966012,
          "stddev" : 27173223.151883,
          "N" : 877516,
          "percentile" : {
            "1.000000" : 139460608,
            "5.000000" : 145752064,
            "10.000000" : 147849216,
            "20.000000" : 154140672,
            "30.000000" : 158334976,
            "40.000000" : 162529280,
            "50.000000" : 168820736,
            "60.000000" : 173015040,
            "70.000000" : 179306496,
            "80.000000" : 189792256,
            "90.000000" : 206569472,
            "95.000000" : 227540992,
            "99.000000" : 274726912,
            "99.500000" : 295698432,
            "99.900000" : 346030080,
            "99.950000" : 350224384,
            "99.990000" : 371195904
          }
        },
        "lat_ns" : {
          "min" : 484146,
          "max" : 398247862,
          "mean" : 174964843.842098,
          "stddev" : 27235287.786650,
          "N" : 877516
        },
        "bw_min" : 6752,
        "bw_max" : 14416,
        "bw_agg" : 99.981421,
        "bw_mean" : 11698.843072,
        "bw_dev" : 559.657158,
        "bw_samples" : 1198,
        "iops_min" : 1688,
        "iops_max" : 3604,
        "iops_mean" : 2924.616027,
        "iops_stddev" : 139.926922,
        "iops_samples" : 1198
      },
      "write" : {
        "io_bytes" : 0,
        "io_kbytes" : 0,
        "bw_bytes" : 0,
        "bw" : 0,
        "iops" : 0.000000,
        "runtime" : 0,
        "total_ios" : 0,
        "short_ios" : 0,
        "drop_ios" : 0,
        "slat_ns" : {
          "min" : 0,
          "max" : 0,
          "mean" : 0.000000,
          "stddev" : 0.000000,
          "N" : 0
        },
        "clat_ns" : {
          "min" : 0,
          "max" : 0,
          "mean" : 0.000000,
          "stddev" : 0.000000,
          "N" : 0
        },
        "lat_ns" : {
          "min" : 0,
          "max" : 0,
          "mean" : 0.000000,
          "stddev" : 0.000000,
          "N" : 0
        },
        "bw_min" : 0,
        "bw_max" : 0,
        "bw_agg" : 0.000000,
        "bw_mean" : 0.000000,
        "bw_dev" : 0.000000,
        "bw_samples" : 0,
        "iops_min" : 0,
        "iops_max" : 0,
        "iops_mean" : 0.000000,
        "iops_stddev" : 0.000000,
        "iops_samples" : 0
      },
      "trim" : {
        "io_bytes" : 0,
        "io_kbytes" : 0,
        "bw_bytes" : 0,
        "bw" : 0,
        "iops" : 0.000000,
        "runtime" : 0,
        "total_ios" : 0,
        "short_ios" : 0,
        "drop_ios" : 0,
        "slat_ns" : {
          "min" : 0,
          "max" : 0,
          "mean" : 0.000000,
          "stddev" : 0.000000,
          "N" : 0
        },
        "clat_ns" : {
          "min" : 0,
          "max" : 0,
          "mean" : 0.000000,
          "stddev" : 0.000000,
          "N" : 0
        },
        "lat_ns" : {
          "min" : 0,
          "max" : 0,
          "mean" : 0.000000,
          "stddev" : 0.000000,
          "N" : 0
        },
        "bw_min" : 0,
        "bw_max" : 0,
        "bw_agg" : 0.000000,
        "bw_mean" : 0.000000,
        "bw_dev" : 0.000000,
        "bw_samples" : 0,
        "iops_min" : 0,
        "iops_max" : 0,
        "iops_mean" : 0.000000,
        "iops_stddev" : 0.000000,
        "iops_samples" : 0
      },
      "sync" : {
        "total_ios" : 0,
        "lat_ns" : {
          "min" : 0,
          "max" : 0,
          "mean" : 0.000000,
          "stddev" : 0.000000,
          "N" : 0
        }
      },
      "job_runtime" : 600000,
      "usr_cpu" : 2.157833,
      "sys_cpu" : 17.934500,
      "ctx" : 877567,
      "majf" : 0,
      "minf" : 591,
      "iodepth_level" : {
        "1" : 0.100000,
        "2" : 0.100000,
        "4" : 0.100000,
        "8" : 0.100000,
        "16" : 0.100000,
        "32" : 0.100000,
        ">=64" : 99.985641
      },
      "iodepth_submit" : {
        "0" : 0.000000,
        "4" : 100.000000,
        "8" : 0.000000,
        "16" : 0.000000,
        "32" : 0.000000,
        "64" : 0.000000,
        ">=64" : 0.000000
      },
      "iodepth_complete" : {
        "0" : 0.000000,
        "4" : 99.999772,
        "8" : 0.000000,
        "16" : 0.000000,
        "32" : 0.000000,
        "64" : 0.000000,
        ">=64" : 0.100000
      },
      "latency_ns" : {
        "2" : 0.000000,
        "4" : 0.000000,
        "10" : 0.000000,
        "20" : 0.000000,
        "50" : 0.000000,
        "100" : 0.000000,
        "250" : 0.000000,
        "500" : 0.000000,
        "750" : 0.000000,
        "1000" : 0.000000
      },
      "latency_us" : {
        "2" : 0.000000,
        "4" : 0.000000,
        "10" : 0.000000,
        "20" : 0.010000,
        "50" : 0.010000,
        "100" : 0.000000,
        "250" : 0.000000,
        "500" : 0.010000,
        "750" : 0.010000,
        "1000" : 0.000000
      },
      "latency_ms" : {
        "2" : 0.010000,
        "4" : 0.010000,
        "10" : 0.010000,
        "20" : 0.010000,
        "50" : 0.011966,
        "100" : 0.019259,
        "250" : 97.721865,
        "500" : 2.238364,
        "750" : 0.000000,
        "1000" : 0.000000,
        "2000" : 0.000000,
        ">=2000" : 0.000000
      },
      "latency_depth" : 256,
      "latency_target" : 0,
      "latency_percentile" : 100.000000,
      "latency_window" : 0
    }
  ]
}
