{
  "fio version" : "fio-3.27",
  "timestamp" : 1627030354,
  "timestamp_ms" : 1627030354217,
  "time" : "Fri Jul 23 10:52:34 2021",
  "jobs" : [
    {
      "jobname" : "randrw",
      "groupid" : 0,
      "error" : 0,
      "eta" : 0,
      "elapsed" : 302,
      "job options" : {
        "bs" : "4K",
        "iodepth" : "256",
        "direct" : "0",
        "ioengine" : "libaio",
        "time_based" : "1",
        "runtime" : "300",
        "numjobs" : "16",
        "size" : "1g",
        "name" : "randrw",
        "rw" : "randrw",
        "directory" : "/scratch/snx2000/ccocha/randrw/150_node",
        "filename_format" : "$jobname.31.$jobnum.$filenum"
      },
      "read" : {
        "io_bytes" : 71999488,
        "io_kbytes" : 70312,
        "bw_bytes" : 239320,
        "bw" : 233,
        "iops" : 58.427788,
        "runtime" : 300850,
        "total_ios" : 17578,
        "short_ios" : 0,
        "drop_ios" : 0,
        "slat_ns" : {
          "min" : 496432,
          "max" : 92450299627,
          "mean" : 273343880.877119,
          "stddev" : 2381487754.044528,
          "N" : 17578
        },
        "clat_ns" : {
          "min" : 24990,
          "max" : 137469088296,
          "mean" : 34321075447.896347,
          "stddev" : 31396834017.349815,
          "N" : 17578,
          "percentile" : {
            "1.000000" : 2969567232,
            "5.000000" : 3439329280,
            "10.000000" : 3674210304,
            "20.000000" : 3976200192,
            "30.000000" : 6878658560,
            "40.000000" : 17112760320,
            "50.000000" : 17112760320,
            "60.000000" : 17112760320,
            "70.000000" : 17112760320,
            "80.000000" : 17112760320,
            "90.000000" : 17112760320,
            "95.000000" : 17112760320,
            "99.000000" : 17112760320,
            "99.500000" : 17112760320,
            "99.900000" : 17112760320,
            "99.950000" : 17112760320,
            "99.990000" : 17112760320
          }
        },
        "lat_ns" : {
          "min" : 724752164,
          "max" : 137913359306,
          "mean" : 34594422780.633575,
          "stddev" : 31520650232.857128,
          "N" : 17578
        },
        "bw_min" : 128,
        "bw_max" : 3400,
        "bw_agg" : 100.000000,
        "bw_mean" : 564.028735,
        "bw_dev" : 38.173550,
        "bw_samples" : 3524,
        "iops_min" : 32,
        "iops_max" : 850,
        "iops_mean" : 141.007184,
        "iops_stddev" : 9.543388,
        "iops_samples" : 3524
      },
      "write" : {
        "io_bytes" : 72994816,
        "io_kbytes" : 71284,
        "bw_bytes" : 242628,
        "bw" : 236,
        "iops" : 59.235499,
        "runtime" : 300850,
        "total_ios" : 17821,
        "short_ios" : 0,
        "drop_ios" : 0,
        "slat_ns" : {
          "min" : 75450,
          "max" : 1929378,
          "mean" : 121238.850008,
          "stddev" : 55707.605349,
          "N" : 17821
        },
        "clat_ns" : {
          "min" : 724762484,
          "max" : 137369693015,
          "mean" : 34570633289.099327,
          "stddev" : 31615965865.873787,
          "N" : 17821,
          "percentile" : {
            "1.000000" : 3003121664,
            "5.000000" : 3439329280,
            "10.000000" : 3674210304,
            "20.000000" : 4009754624,
            "30.000000" : 7147094016,
            "40.000000" : 17112760320,
            "50.000000" : 17112760320,
            "60.000000" : 17112760320,
            "70.000000" : 17112760320,
            "80.000000" : 17112760320,
            "90.000000" : 17112760320,
            "95.000000" : 17112760320,
            "99.000000" : 17112760320,
            "99.500000" : 17112760320,
            "99.900000" : 17112760320,
            "99.950000" : 17112760320,
            "99.990000" : 17112760320
          }
        },
        "lat_ns" : {
          "min" : 724843175,
          "max" : 137369815955,
          "mean" : 34570755735.147415,
          "stddev" : 31615964626.209812,
          "N" : 17821
        },
        "bw_min" : 128,
        "bw_max" : 3128,
        "bw_agg" : 100.000000,
        "bw_mean" : 566.047637,
        "bw_dev" : 37.946070,
        "bw_samples" : 3568,
        "iops_min" : 32,
        "iops_max" : 782,
        "iops_mean" : 141.511909,
        "iops_stddev" : 9.486517,
        "iops_samples" : 3568
      },
      "trim" : {
        "io_bytes" : 0,
        "io_kbytes" : 0,
        "bw_bytes" : 0,
        "bw" : 0,
        "iops" : 0.000000,
        "runtime" : 0,
        "total_ios" : 0,
        "short_ios" : 0,
        "drop_ios" : 0,
        "slat_ns" : {
          "min" : 0,
          "max" : 0,
          "mean" : 0.000000,
          "stddev" : 0.000000,
          "N" : 0
        },
        "clat_ns" : {
          "min" : 0,
          "max" : 0,
          "mean" : 0.000000,
          "stddev" : 0.000000,
          "N" : 0
        },
        "lat_ns" : {
          "min" : 0,
          "max" : 0,
          "mean" : 0.000000,
          "stddev" : 0.000000,
          "N" : 0
        },
        "bw_min" : 0,
        "bw_max" : 0,
        "bw_agg" : 0.000000,
        "bw_mean" : 0.000000,
        "bw_dev" : 0.000000,
        "bw_samples" : 0,
        "iops_min" : 0,
        "iops_max" : 0,
        "iops_mean" : 0.000000,
        "iops_stddev" : 0.000000,
        "iops_samples" : 0
      },
      "sync" : {
        "total_ios" : 0,
        "lat_ns" : {
          "min" : 0,
          "max" : 0,
          "mean" : 0.000000,
          "stddev" : 0.000000,
          "N" : 0
        }
      },
      "job_runtime" : 4807694,
      "usr_cpu" : 0.013936,
      "sys_cpu" : 0.110448,
      "ctx" : 17707,
      "majf" : 0,
      "minf" : 657,
      "iodepth_level" : {
        "1" : 0.100000,
        "2" : 0.100000,
        "4" : 0.180796,
        "8" : 0.361592,
        "16" : 0.723184,
        "32" : 1.446369,
        ">=64" : 97.152462
      },
      "iodepth_submit" : {
        "0" : 0.000000,
        "4" : 100.000000,
        "8" : 0.000000,
        "16" : 0.000000,
        "32" : 0.000000,
        "64" : 0.000000,
        ">=64" : 0.000000
      },
      "iodepth_complete" : {
        "0" : 0.000000,
        "4" : 99.948939,
        "8" : 0.000000,
        "16" : 0.000000,
        "32" : 0.000000,
        "64" : 0.000000,
        ">=64" : 0.100000
      },
      "latency_ns" : {
        "2" : 0.000000,
        "4" : 0.000000,
        "10" : 0.000000,
        "20" : 0.000000,
        "50" : 0.000000,
        "100" : 0.000000,
        "250" : 0.000000,
        "500" : 0.000000,
        "750" : 0.000000,
        "1000" : 0.000000
      },
      "latency_us" : {
        "2" : 0.000000,
        "4" : 0.000000,
        "10" : 0.000000,
        "20" : 0.000000,
        "50" : 0.045199,
        "100" : 0.000000,
        "250" : 0.000000,
        "500" : 0.000000,
        "750" : 0.000000,
        "1000" : 0.000000
      },
      "latency_ms" : {
        "2" : 0.000000,
        "4" : 0.000000,
        "10" : 0.000000,
        "20" : 0.000000,
        "50" : 0.000000,
        "100" : 0.000000,
        "250" : 0.000000,
        "500" : 0.000000,
        "750" : 0.011300,
        "1000" : 0.014125,
        "2000" : 0.135597,
        ">=2000" : 99.793779
      },
      "latency_depth" : 256,
      "latency_target" : 0,
      "latency_percentile" : 100.000000,
      "latency_window" : 0
    }
  ]
}
