{
  "fio version" : "fio-3.27",
  "timestamp" : 1627435598,
  "timestamp_ms" : 1627435598466,
  "time" : "Wed Jul 28 03:26:38 2021",
  "jobs" : [
    {
      "jobname" : "seq-read",
      "groupid" : 0,
      "error" : 0,
      "eta" : 0,
      "elapsed" : 302,
      "job options" : {
        "bs" : "4K",
        "iodepth" : "256",
        "direct" : "1",
        "ioengine" : "libaio",
        "time_based" : "1",
        "runtime" : "300",
        "numjobs" : "32",
        "size" : "1g",
        "name" : "seq-read",
        "rw" : "read",
        "directory" : "/scratch/snx2000/ccocha/seqread/128_node/",
        "filename_format" : "$jobname.5.$jobnum.$filenum"
      },
      "read" : {
        "io_bytes" : 4031213568,
        "io_kbytes" : 3936732,
        "bw_bytes" : 13401774,
        "bw" : 13087,
        "iops" : 3271.917606,
        "runtime" : 300797,
        "total_ios" : 984183,
        "short_ios" : 0,
        "drop_ios" : 0,
        "slat_ns" : {
          "min" : 504437,
          "max" : 1491457202,
          "mean" : 9732989.334465,
          "stddev" : 35246816.197996,
          "N" : 984183
        },
        "clat_ns" : {
          "min" : 13930,
          "max" : 48455915932,
          "mean" : 2481508978.308874,
          "stddev" : 3053741793.199585,
          "N" : 984183,
          "percentile" : {
            "1.000000" : 1266679808,
            "5.000000" : 1535115264,
            "10.000000" : 1669332992,
            "20.000000" : 1753219072,
            "30.000000" : 1803550720,
            "40.000000" : 1853882368,
            "50.000000" : 1887436800,
            "60.000000" : 1954545664,
            "70.000000" : 2071986176,
            "80.000000" : 2298478592,
            "90.000000" : 2835349504,
            "95.000000" : 4462739456,
            "99.000000" : 17112760320,
            "99.500000" : 17112760320,
            "99.900000" : 17112760320,
            "99.950000" : 17112760320,
            "99.990000" : 17112760320
          }
        },
        "lat_ns" : {
          "min" : 1434260,
          "max" : 48462455542,
          "mean" : 2491245137.735051,
          "stddev" : 3064941138.621051,
          "N" : 984183
        },
        "bw_min" : 1304,
        "bw_max" : 25925,
        "bw_agg" : 100.000000,
        "bw_mean" : 13478.511946,
        "bw_dev" : 160.731293,
        "bw_samples" : 17940,
        "iops_min" : 326,
        "iops_max" : 6480,
        "iops_mean" : 3368.667226,
        "iops_stddev" : 40.168697,
        "iops_samples" : 17940
      },
      "write" : {
        "io_bytes" : 0,
        "io_kbytes" : 0,
        "bw_bytes" : 0,
        "bw" : 0,
        "iops" : 0.000000,
        "runtime" : 0,
        "total_ios" : 0,
        "short_ios" : 0,
        "drop_ios" : 0,
        "slat_ns" : {
          "min" : 0,
          "max" : 0,
          "mean" : 0.000000,
          "stddev" : 0.000000,
          "N" : 0
        },
        "clat_ns" : {
          "min" : 0,
          "max" : 0,
          "mean" : 0.000000,
          "stddev" : 0.000000,
          "N" : 0
        },
        "lat_ns" : {
          "min" : 0,
          "max" : 0,
          "mean" : 0.000000,
          "stddev" : 0.000000,
          "N" : 0
        },
        "bw_min" : 0,
        "bw_max" : 0,
        "bw_agg" : 0.000000,
        "bw_mean" : 0.000000,
        "bw_dev" : 0.000000,
        "bw_samples" : 0,
        "iops_min" : 0,
        "iops_max" : 0,
        "iops_mean" : 0.000000,
        "iops_stddev" : 0.000000,
        "iops_samples" : 0
      },
      "trim" : {
        "io_bytes" : 0,
        "io_kbytes" : 0,
        "bw_bytes" : 0,
        "bw" : 0,
        "iops" : 0.000000,
        "runtime" : 0,
        "total_ios" : 0,
        "short_ios" : 0,
        "drop_ios" : 0,
        "slat_ns" : {
          "min" : 0,
          "max" : 0,
          "mean" : 0.000000,
          "stddev" : 0.000000,
          "N" : 0
        },
        "clat_ns" : {
          "min" : 0,
          "max" : 0,
          "mean" : 0.000000,
          "stddev" : 0.000000,
          "N" : 0
        },
        "lat_ns" : {
          "min" : 0,
          "max" : 0,
          "mean" : 0.000000,
          "stddev" : 0.000000,
          "N" : 0
        },
        "bw_min" : 0,
        "bw_max" : 0,
        "bw_agg" : 0.000000,
        "bw_mean" : 0.000000,
        "bw_dev" : 0.000000,
        "bw_samples" : 0,
        "iops_min" : 0,
        "iops_max" : 0,
        "iops_mean" : 0.000000,
        "iops_stddev" : 0.000000,
        "iops_samples" : 0
      },
      "sync" : {
        "total_ios" : 0,
        "lat_ns" : {
          "min" : 0,
          "max" : 0,
          "mean" : 0.000000,
          "stddev" : 0.000000,
          "N" : 0
        }
      },
      "job_runtime" : 9601510,
      "usr_cpu" : 0.272384,
      "sys_cpu" : 1.689161,
      "ctx" : 984466,
      "majf" : 0,
      "minf" : 9481,
      "iodepth_level" : {
        "1" : 0.100000,
        "2" : 0.100000,
        "4" : 0.100000,
        "8" : 0.100000,
        "16" : 0.100000,
        "32" : 0.104046,
        ">=64" : 99.795160
      },
      "iodepth_submit" : {
        "0" : 0.000000,
        "4" : 100.000000,
        "8" : 0.000000,
        "16" : 0.000000,
        "32" : 0.000000,
        "64" : 0.000000,
        ">=64" : 0.000000
      },
      "iodepth_complete" : {
        "0" : 0.000000,
        "4" : 99.996721,
        "8" : 0.000000,
        "16" : 0.000000,
        "32" : 0.000000,
        "64" : 0.000000,
        ">=64" : 0.100000
      },
      "latency_ns" : {
        "2" : 0.000000,
        "4" : 0.000000,
        "10" : 0.000000,
        "20" : 0.000000,
        "50" : 0.000000,
        "100" : 0.000000,
        "250" : 0.000000,
        "500" : 0.000000,
        "750" : 0.000000,
        "1000" : 0.000000
      },
      "latency_us" : {
        "2" : 0.000000,
        "4" : 0.000000,
        "10" : 0.000000,
        "20" : 0.010000,
        "50" : 0.010000,
        "100" : 0.000000,
        "250" : 0.000000,
        "500" : 0.000000,
        "750" : 0.000000,
        "1000" : 0.000000
      },
      "latency_ms" : {
        "2" : 0.010000,
        "4" : 0.010000,
        "10" : 0.010000,
        "20" : 0.010000,
        "50" : 0.029060,
        "100" : 0.043285,
        "250" : 0.101302,
        "500" : 0.109939,
        "750" : 0.089008,
        "1000" : 0.098152,
        "2000" : 64.612476,
        ">=2000" : 34.896051
      },
      "latency_depth" : 256,
      "latency_target" : 0,
      "latency_percentile" : 100.000000,
      "latency_window" : 0
    }
  ]
}
