{
  "fio version" : "fio-3.27",
  "timestamp" : 1627031000,
  "timestamp_ms" : 1627031000430,
  "time" : "Fri Jul 23 11:03:20 2021",
  "jobs" : [
    {
      "jobname" : "randrw",
      "groupid" : 0,
      "error" : 0,
      "eta" : 0,
      "elapsed" : 302,
      "job options" : {
        "bs" : "4K",
        "iodepth" : "256",
        "direct" : "0",
        "ioengine" : "libaio",
        "time_based" : "1",
        "runtime" : "300",
        "numjobs" : "32",
        "size" : "1g",
        "name" : "randrw",
        "rw" : "randrw",
        "directory" : "/scratch/snx2000/ccocha/randrw/150_node",
        "filename_format" : "$jobname.2.$jobnum.$filenum"
      },
      "read" : {
        "io_bytes" : 62472192,
        "io_kbytes" : 61008,
        "bw_bytes" : 207811,
        "bw" : 202,
        "iops" : 50.735147,
        "runtime" : 300620,
        "total_ios" : 15252,
        "short_ios" : 0,
        "drop_ios" : 0,
        "slat_ns" : {
          "min" : 32357444,
          "max" : 63881264286,
          "mean" : 629861405.375295,
          "stddev" : 2619431589.147078,
          "N" : 15252
        },
        "clat_ns" : {
          "min" : 18511,
          "max" : 160122065605,
          "mean" : 79236770728.681396,
          "stddev" : 33789160027.778442,
          "N" : 15252,
          "percentile" : {
            "1.000000" : 6543114240,
            "5.000000" : 8925478912,
            "10.000000" : 17112760320,
            "20.000000" : 17112760320,
            "30.000000" : 17112760320,
            "40.000000" : 17112760320,
            "50.000000" : 17112760320,
            "60.000000" : 17112760320,
            "70.000000" : 17112760320,
            "80.000000" : 17112760320,
            "90.000000" : 17112760320,
            "95.000000" : 17112760320,
            "99.000000" : 17112760320,
            "99.500000" : 17112760320,
            "99.900000" : 17112760320,
            "99.950000" : 17112760320,
            "99.990000" : 17112760320
          }
        },
        "lat_ns" : {
          "min" : 372342493,
          "max" : 160284137077,
          "mean" : 79866636205.747208,
          "stddev" : 33807645547.027901,
          "N" : 15252
        },
        "bw_min" : 256,
        "bw_max" : 2200,
        "bw_agg" : 100.000000,
        "bw_mean" : 478.506712,
        "bw_dev" : 10.572665,
        "bw_samples" : 5985,
        "iops_min" : 64,
        "iops_max" : 550,
        "iops_mean" : 119.626678,
        "iops_stddev" : 2.643166,
        "iops_samples" : 5985
      },
      "write" : {
        "io_bytes" : 62918656,
        "io_kbytes" : 61444,
        "bw_bytes" : 209296,
        "bw" : 204,
        "iops" : 51.097731,
        "runtime" : 300620,
        "total_ios" : 15361,
        "short_ios" : 0,
        "drop_ios" : 0,
        "slat_ns" : {
          "min" : 75411,
          "max" : 1807146,
          "mean" : 129847.639411,
          "stddev" : 64796.267271,
          "N" : 15361
        },
        "clat_ns" : {
          "min" : 473321190,
          "max" : 160122121276,
          "mean" : 78652199405.188995,
          "stddev" : 33263116940.265011,
          "N" : 15361,
          "percentile" : {
            "1.000000" : 6744440832,
            "5.000000" : 9059696640,
            "10.000000" : 17112760320,
            "20.000000" : 17112760320,
            "30.000000" : 17112760320,
            "40.000000" : 17112760320,
            "50.000000" : 17112760320,
            "60.000000" : 17112760320,
            "70.000000" : 17112760320,
            "80.000000" : 17112760320,
            "90.000000" : 17112760320,
            "95.000000" : 17112760320,
            "99.000000" : 17112760320,
            "99.500000" : 17112760320,
            "99.900000" : 17112760320,
            "99.950000" : 17112760320,
            "99.990000" : 17112760320
          }
        },
        "lat_ns" : {
          "min" : 473497851,
          "max" : 160122259177,
          "mean" : 78652330542.841461,
          "stddev" : 33263113058.274155,
          "N" : 15361
        },
        "bw_min" : 256,
        "bw_max" : 2208,
        "bw_agg" : 100.000000,
        "bw_mean" : 481.877038,
        "bw_dev" : 10.450368,
        "bw_samples" : 5956,
        "iops_min" : 64,
        "iops_max" : 552,
        "iops_mean" : 120.469260,
        "iops_stddev" : 2.612592,
        "iops_samples" : 5956
      },
      "trim" : {
        "io_bytes" : 0,
        "io_kbytes" : 0,
        "bw_bytes" : 0,
        "bw" : 0,
        "iops" : 0.000000,
        "runtime" : 0,
        "total_ios" : 0,
        "short_ios" : 0,
        "drop_ios" : 0,
        "slat_ns" : {
          "min" : 0,
          "max" : 0,
          "mean" : 0.000000,
          "stddev" : 0.000000,
          "N" : 0
        },
        "clat_ns" : {
          "min" : 0,
          "max" : 0,
          "mean" : 0.000000,
          "stddev" : 0.000000,
          "N" : 0
        },
        "lat_ns" : {
          "min" : 0,
          "max" : 0,
          "mean" : 0.000000,
          "stddev" : 0.000000,
          "N" : 0
        },
        "bw_min" : 0,
        "bw_max" : 0,
        "bw_agg" : 0.000000,
        "bw_mean" : 0.000000,
        "bw_dev" : 0.000000,
        "bw_samples" : 0,
        "iops_min" : 0,
        "iops_max" : 0,
        "iops_mean" : 0.000000,
        "iops_stddev" : 0.000000,
        "iops_samples" : 0
      },
      "sync" : {
        "total_ios" : 0,
        "lat_ns" : {
          "min" : 0,
          "max" : 0,
          "mean" : 0.000000,
          "stddev" : 0.000000,
          "N" : 0
        }
      },
      "job_runtime" : 9609360,
      "usr_cpu" : 0.007566,
      "sys_cpu" : 0.050867,
      "ctx" : 15581,
      "majf" : 0,
      "minf" : 1307,
      "iodepth_level" : {
        "1" : 0.104531,
        "2" : 0.209062,
        "4" : 0.418123,
        "8" : 0.836246,
        "16" : 1.672492,
        "32" : 3.344984,
        ">=64" : 93.414562
      },
      "iodepth_submit" : {
        "0" : 0.000000,
        "4" : 100.000000,
        "8" : 0.000000,
        "16" : 0.000000,
        "32" : 0.000000,
        "64" : 0.000000,
        ">=64" : 0.000000
      },
      "iodepth_complete" : {
        "0" : 0.000000,
        "4" : 99.857683,
        "8" : 0.000000,
        "16" : 0.000000,
        "32" : 0.000000,
        "64" : 0.000000,
        ">=64" : 0.142317
      },
      "latency_ns" : {
        "2" : 0.000000,
        "4" : 0.000000,
        "10" : 0.000000,
        "20" : 0.000000,
        "50" : 0.000000,
        "100" : 0.000000,
        "250" : 0.000000,
        "500" : 0.000000,
        "750" : 0.000000,
        "1000" : 0.000000
      },
      "latency_us" : {
        "2" : 0.000000,
        "4" : 0.000000,
        "10" : 0.000000,
        "20" : 0.010000,
        "50" : 0.101264,
        "100" : 0.000000,
        "250" : 0.000000,
        "500" : 0.000000,
        "750" : 0.000000,
        "1000" : 0.000000
      },
      "latency_ms" : {
        "2" : 0.000000,
        "4" : 0.000000,
        "10" : 0.000000,
        "20" : 0.000000,
        "50" : 0.000000,
        "100" : 0.000000,
        "250" : 0.000000,
        "500" : 0.019600,
        "750" : 0.026133,
        "1000" : 0.094731,
        "2000" : 0.065332,
        ">=2000" : 99.689674
      },
      "latency_depth" : 256,
      "latency_target" : 0,
      "latency_percentile" : 100.000000,
      "latency_window" : 0
    }
  ]
}
