{
  "fio version" : "fio-3.27",
  "timestamp" : 1627031993,
  "timestamp_ms" : 1627031993786,
  "time" : "Fri Jul 23 11:19:53 2021",
  "jobs" : [
    {
      "jobname" : "randrw",
      "groupid" : 0,
      "error" : 0,
      "eta" : 0,
      "elapsed" : 303,
      "job options" : {
        "bs" : "4K",
        "iodepth" : "256",
        "direct" : "0",
        "ioengine" : "libaio",
        "time_based" : "1",
        "runtime" : "300",
        "numjobs" : "64",
        "size" : "1g",
        "name" : "randrw",
        "rw" : "randrw",
        "directory" : "/scratch/snx2000/ccocha/randrw/150_node",
        "filename_format" : "$jobname.56.$jobnum.$filenum"
      },
      "read" : {
        "io_bytes" : 51793920,
        "io_kbytes" : 50580,
        "bw_bytes" : 171614,
        "bw" : 167,
        "iops" : 41.898192,
        "runtime" : 301803,
        "total_ios" : 12645,
        "short_ios" : 0,
        "drop_ios" : 0,
        "slat_ns" : {
          "min" : 55266161,
          "max" : 88856903594,
          "mean" : 1522207589.091341,
          "stddev" : 4602820297.381855,
          "N" : 12645
        },
        "clat_ns" : {
          "min" : 19070,
          "max" : 300129969959,
          "mean" : 155713465784.408447,
          "stddev" : 85524286346.435516,
          "N" : 12645,
          "percentile" : {
            "1.000000" : 2801795072,
            "5.000000" : 16173236224,
            "10.000000" : 17112760320,
            "20.000000" : 17112760320,
            "30.000000" : 17112760320,
            "40.000000" : 17112760320,
            "50.000000" : 17112760320,
            "60.000000" : 17112760320,
            "70.000000" : 17112760320,
            "80.000000" : 17112760320,
            "90.000000" : 17112760320,
            "95.000000" : 17112760320,
            "99.000000" : 17112760320,
            "99.500000" : 17112760320,
            "99.900000" : 17112760320,
            "99.950000" : 17112760320,
            "99.990000" : 17112760320
          }
        },
        "lat_ns" : {
          "min" : 1190261413,
          "max" : 300275018207,
          "mean" : 157235677715.694000,
          "stddev" : 85326064865.610245,
          "N" : 12645
        },
        "bw_min" : 512,
        "bw_max" : 2160,
        "bw_agg" : 100.000000,
        "bw_mean" : 770.360389,
        "bw_dev" : 6.699429,
        "bw_samples" : 2925,
        "iops_min" : 128,
        "iops_max" : 540,
        "iops_mean" : 192.590097,
        "iops_stddev" : 1.674857,
        "iops_samples" : 2925
      },
      "write" : {
        "io_bytes" : 51339264,
        "io_kbytes" : 50136,
        "bw_bytes" : 170108,
        "bw" : 166,
        "iops" : 41.530402,
        "runtime" : 301803,
        "total_ios" : 12534,
        "short_ios" : 0,
        "drop_ios" : 0,
        "slat_ns" : {
          "min" : 75540,
          "max" : 5396373,
          "mean" : 145073.578666,
          "stddev" : 163137.268022,
          "N" : 12534
        },
        "clat_ns" : {
          "min" : 1190273093,
          "max" : 300275098268,
          "mean" : 156353426190.104889,
          "stddev" : 85792758826.741287,
          "N" : 12534,
          "percentile" : {
            "1.000000" : 4211081216,
            "5.000000" : 17112760320,
            "10.000000" : 17112760320,
            "20.000000" : 17112760320,
            "30.000000" : 17112760320,
            "40.000000" : 17112760320,
            "50.000000" : 17112760320,
            "60.000000" : 17112760320,
            "70.000000" : 17112760320,
            "80.000000" : 17112760320,
            "90.000000" : 17112760320,
            "95.000000" : 17112760320,
            "99.000000" : 17112760320,
            "99.500000" : 17112760320,
            "99.900000" : 17112760320,
            "99.950000" : 17112760320,
            "99.990000" : 17112760320
          }
        },
        "lat_ns" : {
          "min" : 1190418434,
          "max" : 300275186088,
          "mean" : 156353572623.690002,
          "stddev" : 85792756003.875793,
          "N" : 12534
        },
        "bw_min" : 511,
        "bw_max" : 2304,
        "bw_agg" : 100.000000,
        "bw_mean" : 770.206809,
        "bw_dev" : 6.939334,
        "bw_samples" : 2936,
        "iops_min" : 127,
        "iops_max" : 576,
        "iops_mean" : 192.542981,
        "iops_stddev" : 1.735116,
        "iops_samples" : 2936
      },
      "trim" : {
        "io_bytes" : 0,
        "io_kbytes" : 0,
        "bw_bytes" : 0,
        "bw" : 0,
        "iops" : 0.000000,
        "runtime" : 0,
        "total_ios" : 0,
        "short_ios" : 0,
        "drop_ios" : 0,
        "slat_ns" : {
          "min" : 0,
          "max" : 0,
          "mean" : 0.000000,
          "stddev" : 0.000000,
          "N" : 0
        },
        "clat_ns" : {
          "min" : 0,
          "max" : 0,
          "mean" : 0.000000,
          "stddev" : 0.000000,
          "N" : 0
        },
        "lat_ns" : {
          "min" : 0,
          "max" : 0,
          "mean" : 0.000000,
          "stddev" : 0.000000,
          "N" : 0
        },
        "bw_min" : 0,
        "bw_max" : 0,
        "bw_agg" : 0.000000,
        "bw_mean" : 0.000000,
        "bw_dev" : 0.000000,
        "bw_samples" : 0,
        "iops_min" : 0,
        "iops_max" : 0,
        "iops_mean" : 0.000000,
        "iops_stddev" : 0.000000,
        "iops_samples" : 0
      },
      "sync" : {
        "total_ios" : 0,
        "lat_ns" : {
          "min" : 0,
          "max" : 0,
          "mean" : 0.000000,
          "stddev" : 0.000000,
          "N" : 0
        }
      },
      "job_runtime" : 19250949,
      "usr_cpu" : 0.003044,
      "sys_cpu" : 0.021796,
      "ctx" : 13342,
      "majf" : 0,
      "minf" : 2592,
      "iodepth_level" : {
        "1" : 0.254180,
        "2" : 0.508360,
        "4" : 1.016720,
        "8" : 2.033441,
        "16" : 4.066881,
        "32" : 8.133762,
        ">=64" : 83.986656
      },
      "iodepth_submit" : {
        "0" : 0.000000,
        "4" : 100.000000,
        "8" : 0.000000,
        "16" : 0.000000,
        "32" : 0.000000,
        "64" : 0.000000,
        ">=64" : 0.000000
      },
      "iodepth_complete" : {
        "0" : 0.000000,
        "4" : 99.282752,
        "8" : 0.000000,
        "16" : 0.000000,
        "32" : 0.000000,
        "64" : 0.000000,
        ">=64" : 0.717248
      },
      "latency_ns" : {
        "2" : 0.000000,
        "4" : 0.000000,
        "10" : 0.000000,
        "20" : 0.000000,
        "50" : 0.000000,
        "100" : 0.000000,
        "250" : 0.000000,
        "500" : 0.000000,
        "750" : 0.000000,
        "1000" : 0.000000
      },
      "latency_us" : {
        "2" : 0.000000,
        "4" : 0.000000,
        "10" : 0.000000,
        "20" : 0.010000,
        "50" : 0.250209,
        "100" : 0.000000,
        "250" : 0.000000,
        "500" : 0.000000,
        "750" : 0.000000,
        "1000" : 0.000000
      },
      "latency_ms" : {
        "2" : 0.000000,
        "4" : 0.000000,
        "10" : 0.000000,
        "20" : 0.000000,
        "50" : 0.000000,
        "100" : 0.000000,
        "250" : 0.000000,
        "500" : 0.000000,
        "750" : 0.000000,
        "1000" : 0.000000,
        "2000" : 0.409071,
        ">=2000" : 99.336749
      },
      "latency_depth" : 256,
      "latency_target" : 0,
      "latency_percentile" : 100.000000,
      "latency_window" : 0
    }
  ]
}
