{
  "fio version" : "fio-3.27",
  "timestamp" : 1627025125,
  "timestamp_ms" : 1627025125894,
  "time" : "Fri Jul 23 09:25:25 2021",
  "jobs" : [
    {
      "jobname" : "randrw",
      "groupid" : 0,
      "error" : 0,
      "eta" : 0,
      "elapsed" : 301,
      "job options" : {
        "bs" : "4K",
        "iodepth" : "256",
        "direct" : "0",
        "ioengine" : "libaio",
        "time_based" : "1",
        "runtime" : "300",
        "numjobs" : "1",
        "size" : "1g",
        "name" : "randrw",
        "rw" : "randrw",
        "directory" : "/scratch/snx2000/ccocha/randrw/128_node",
        "filename_format" : "$jobname.108.$jobnum.$filenum"
      },
      "read" : {
        "io_bytes" : 85770240,
        "io_kbytes" : 83760,
        "bw_bytes" : 285896,
        "bw" : 279,
        "iops" : 69.799069,
        "runtime" : 300004,
        "total_ios" : 20940,
        "short_ios" : 0,
        "drop_ios" : 0,
        "slat_ns" : {
          "min" : 470892,
          "max" : 1028364617,
          "mean" : 14189108.133429,
          "stddev" : 39362546.028933,
          "N" : 20940
        },
        "clat_ns" : {
          "min" : 27730,
          "max" : 12808612081,
          "mean" : 1821985228.143606,
          "stddev" : 1353531111.162099,
          "N" : 20940,
          "percentile" : {
            "1.000000" : 599785472,
            "5.000000" : 658505728,
            "10.000000" : 717225984,
            "20.000000" : 809500672,
            "30.000000" : 994050048,
            "40.000000" : 1283457024,
            "50.000000" : 1619001344,
            "60.000000" : 1887436800,
            "70.000000" : 2122317824,
            "80.000000" : 2432696320,
            "90.000000" : 2902458368,
            "95.000000" : 3439329280,
            "99.000000" : 6945767424,
            "99.500000" : 10670309376,
            "99.900000" : 12817793024,
            "99.950000" : 12817793024,
            "99.990000" : 12817793024
          }
        },
        "lat_ns" : {
          "min" : 4350063,
          "max" : 12813274134,
          "mean" : 1836176938.208217,
          "stddev" : 1358659115.610937,
          "N" : 20940
        },
        "bw_min" : 8,
        "bw_max" : 1032,
        "bw_agg" : 100.000000,
        "bw_mean" : 292.954225,
        "bw_dev" : 212.351315,
        "bw_samples" : 568,
        "iops_min" : 2,
        "iops_max" : 258,
        "iops_mean" : 73.235915,
        "iops_stddev" : 53.083681,
        "iops_samples" : 568
      },
      "write" : {
        "io_bytes" : 85798912,
        "io_kbytes" : 83788,
        "bw_bytes" : 285992,
        "bw" : 279,
        "iops" : 69.822402,
        "runtime" : 300004,
        "total_ios" : 20947,
        "short_ios" : 0,
        "drop_ios" : 0,
        "slat_ns" : {
          "min" : 75310,
          "max" : 530362,
          "mean" : 105312.544278,
          "stddev" : 40266.435130,
          "N" : 20947
        },
        "clat_ns" : {
          "min" : 4361543,
          "max" : 12812183751,
          "mean" : 1826525320.817923,
          "stddev" : 1370884614.539833,
          "N" : 20947,
          "percentile" : {
            "1.000000" : 599785472,
            "5.000000" : 658505728,
            "10.000000" : 717225984,
            "20.000000" : 809500672,
            "30.000000" : 985661440,
            "40.000000" : 1266679808,
            "50.000000" : 1619001344,
            "60.000000" : 1870659584,
            "70.000000" : 2139095040,
            "80.000000" : 2432696320,
            "90.000000" : 2902458368,
            "95.000000" : 3573547008,
            "99.000000" : 6945767424,
            "99.500000" : 9059696640,
            "99.900000" : 12817793024,
            "99.950000" : 12817793024,
            "99.990000" : 12817793024
          }
        },
        "lat_ns" : {
          "min" : 4554623,
          "max" : 12812268502,
          "mean" : 1826631801.918272,
          "stddev" : 1370885404.611325,
          "N" : 20947
        },
        "bw_min" : 8,
        "bw_max" : 952,
        "bw_agg" : 100.000000,
        "bw_mean" : 292.121053,
        "bw_dev" : 212.092581,
        "bw_samples" : 570,
        "iops_min" : 2,
        "iops_max" : 238,
        "iops_mean" : 73.028070,
        "iops_stddev" : 53.019769,
        "iops_samples" : 570
      },
      "trim" : {
        "io_bytes" : 0,
        "io_kbytes" : 0,
        "bw_bytes" : 0,
        "bw" : 0,
        "iops" : 0.000000,
        "runtime" : 0,
        "total_ios" : 0,
        "short_ios" : 0,
        "drop_ios" : 0,
        "slat_ns" : {
          "min" : 0,
          "max" : 0,
          "mean" : 0.000000,
          "stddev" : 0.000000,
          "N" : 0
        },
        "clat_ns" : {
          "min" : 0,
          "max" : 0,
          "mean" : 0.000000,
          "stddev" : 0.000000,
          "N" : 0
        },
        "lat_ns" : {
          "min" : 0,
          "max" : 0,
          "mean" : 0.000000,
          "stddev" : 0.000000,
          "N" : 0
        },
        "bw_min" : 0,
        "bw_max" : 0,
        "bw_agg" : 0.000000,
        "bw_mean" : 0.000000,
        "bw_dev" : 0.000000,
        "bw_samples" : 0,
        "iops_min" : 0,
        "iops_max" : 0,
        "iops_mean" : 0.000000,
        "iops_stddev" : 0.000000,
        "iops_samples" : 0
      },
      "sync" : {
        "total_ios" : 0,
        "lat_ns" : {
          "min" : 0,
          "max" : 0,
          "mean" : 0.000000,
          "stddev" : 0.000000,
          "N" : 0
        }
      },
      "job_runtime" : 300003,
      "usr_cpu" : 0.248331,
      "sys_cpu" : 1.740649,
      "ctx" : 20951,
      "majf" : 0,
      "minf" : 44,
      "iodepth_level" : {
        "1" : 0.100000,
        "2" : 0.100000,
        "4" : 0.100000,
        "8" : 0.100000,
        "16" : 0.100000,
        "32" : 0.100000,
        ">=64" : 99.849595
      },
      "iodepth_submit" : {
        "0" : 0.000000,
        "4" : 100.000000,
        "8" : 0.000000,
        "16" : 0.000000,
        "32" : 0.000000,
        "64" : 0.000000,
        ">=64" : 0.000000
      },
      "iodepth_complete" : {
        "0" : 0.000000,
        "4" : 99.997598,
        "8" : 0.000000,
        "16" : 0.000000,
        "32" : 0.000000,
        "64" : 0.000000,
        ">=64" : 0.100000
      },
      "latency_ns" : {
        "2" : 0.000000,
        "4" : 0.000000,
        "10" : 0.000000,
        "20" : 0.000000,
        "50" : 0.000000,
        "100" : 0.000000,
        "250" : 0.000000,
        "500" : 0.000000,
        "750" : 0.000000,
        "1000" : 0.000000
      },
      "latency_us" : {
        "2" : 0.000000,
        "4" : 0.000000,
        "10" : 0.000000,
        "20" : 0.000000,
        "50" : 0.010000,
        "100" : 0.000000,
        "250" : 0.000000,
        "500" : 0.000000,
        "750" : 0.000000,
        "1000" : 0.000000
      },
      "latency_ms" : {
        "2" : 0.000000,
        "4" : 0.000000,
        "10" : 0.010000,
        "20" : 0.010000,
        "50" : 0.010000,
        "100" : 0.014324,
        "250" : 0.014324,
        "500" : 0.190990,
        "750" : 13.467186,
        "1000" : 16.745052,
        "2000" : 34.784062,
        ">=2000" : 34.764963
      },
      "latency_depth" : 256,
      "latency_target" : 0,
      "latency_percentile" : 100.000000,
      "latency_window" : 0
    }
  ]
}
