{
  "fio version" : "fio-3.27",
  "timestamp" : 1627031000,
  "timestamp_ms" : 1627031000482,
  "time" : "Fri Jul 23 11:03:20 2021",
  "jobs" : [
    {
      "jobname" : "randrw",
      "groupid" : 0,
      "error" : 0,
      "eta" : 0,
      "elapsed" : 302,
      "job options" : {
        "bs" : "4K",
        "iodepth" : "256",
        "direct" : "0",
        "ioengine" : "libaio",
        "time_based" : "1",
        "runtime" : "300",
        "numjobs" : "32",
        "size" : "1g",
        "name" : "randrw",
        "rw" : "randrw",
        "directory" : "/scratch/snx2000/ccocha/randrw/150_node",
        "filename_format" : "$jobname.136.$jobnum.$filenum"
      },
      "read" : {
        "io_bytes" : 63840256,
        "io_kbytes" : 62344,
        "bw_bytes" : 212146,
        "bw" : 207,
        "iops" : 51.793636,
        "runtime" : 300925,
        "total_ios" : 15586,
        "short_ios" : 0,
        "drop_ios" : 0,
        "slat_ns" : {
          "min" : 5601194,
          "max" : 67985019786,
          "mean" : 616590232.049917,
          "stddev" : 2523589827.764386,
          "N" : 15586
        },
        "clat_ns" : {
          "min" : 20400,
          "max" : 162114644564,
          "mean" : 77608760022.104919,
          "stddev" : 34850550705.525490,
          "N" : 15586,
          "percentile" : {
            "1.000000" : 6610223104,
            "5.000000" : 8355053568,
            "10.000000" : 17112760320,
            "20.000000" : 17112760320,
            "30.000000" : 17112760320,
            "40.000000" : 17112760320,
            "50.000000" : 17112760320,
            "60.000000" : 17112760320,
            "70.000000" : 17112760320,
            "80.000000" : 17112760320,
            "90.000000" : 17112760320,
            "95.000000" : 17112760320,
            "99.000000" : 17112760320,
            "99.500000" : 17112760320,
            "99.900000" : 17112760320,
            "99.950000" : 17112760320,
            "99.990000" : 17112760320
          }
        },
        "lat_ns" : {
          "min" : 727979501,
          "max" : 162373249729,
          "mean" : 78225354286.639542,
          "stddev" : 34897156603.894600,
          "N" : 15586
        },
        "bw_min" : 256,
        "bw_max" : 2400,
        "bw_agg" : 100.000000,
        "bw_mean" : 487.760468,
        "bw_dev" : 11.005400,
        "bw_samples" : 6051,
        "iops_min" : 64,
        "iops_max" : 600,
        "iops_mean" : 121.940117,
        "iops_stddev" : 2.751350,
        "iops_samples" : 6051
      },
      "write" : {
        "io_bytes" : 64225280,
        "io_kbytes" : 62720,
        "bw_bytes" : 213426,
        "bw" : 208,
        "iops" : 52.106006,
        "runtime" : 300925,
        "total_ios" : 15680,
        "short_ios" : 0,
        "drop_ios" : 0,
        "slat_ns" : {
          "min" : 75410,
          "max" : 1985582,
          "mean" : 129758.717793,
          "stddev" : 67376.419764,
          "N" : 15680
        },
        "clat_ns" : {
          "min" : 727990241,
          "max" : 161993857257,
          "mean" : 77208330399.040924,
          "stddev" : 34567609966.217995,
          "N" : 15680,
          "percentile" : {
            "1.000000" : 6811549696,
            "5.000000" : 8422162432,
            "10.000000" : 17112760320,
            "20.000000" : 17112760320,
            "30.000000" : 17112760320,
            "40.000000" : 17112760320,
            "50.000000" : 17112760320,
            "60.000000" : 17112760320,
            "70.000000" : 17112760320,
            "80.000000" : 17112760320,
            "90.000000" : 17112760320,
            "95.000000" : 17112760320,
            "99.000000" : 17112760320,
            "99.500000" : 17112760320,
            "99.900000" : 17112760320,
            "99.950000" : 17112760320,
            "99.990000" : 17112760320
          }
        },
        "lat_ns" : {
          "min" : 728073611,
          "max" : 161993938677,
          "mean" : 77208461442.549149,
          "stddev" : 34567605431.577896,
          "N" : 15680
        },
        "bw_min" : 256,
        "bw_max" : 2496,
        "bw_agg" : 100.000000,
        "bw_mean" : 490.443392,
        "bw_dev" : 11.254692,
        "bw_samples" : 6021,
        "iops_min" : 64,
        "iops_max" : 624,
        "iops_mean" : 122.610848,
        "iops_stddev" : 2.813673,
        "iops_samples" : 6021
      },
      "trim" : {
        "io_bytes" : 0,
        "io_kbytes" : 0,
        "bw_bytes" : 0,
        "bw" : 0,
        "iops" : 0.000000,
        "runtime" : 0,
        "total_ios" : 0,
        "short_ios" : 0,
        "drop_ios" : 0,
        "slat_ns" : {
          "min" : 0,
          "max" : 0,
          "mean" : 0.000000,
          "stddev" : 0.000000,
          "N" : 0
        },
        "clat_ns" : {
          "min" : 0,
          "max" : 0,
          "mean" : 0.000000,
          "stddev" : 0.000000,
          "N" : 0
        },
        "lat_ns" : {
          "min" : 0,
          "max" : 0,
          "mean" : 0.000000,
          "stddev" : 0.000000,
          "N" : 0
        },
        "bw_min" : 0,
        "bw_max" : 0,
        "bw_agg" : 0.000000,
        "bw_mean" : 0.000000,
        "bw_dev" : 0.000000,
        "bw_samples" : 0,
        "iops_min" : 0,
        "iops_max" : 0,
        "iops_mean" : 0.000000,
        "iops_stddev" : 0.000000,
        "iops_samples" : 0
      },
      "sync" : {
        "total_ios" : 0,
        "lat_ns" : {
          "min" : 0,
          "max" : 0,
          "mean" : 0.000000,
          "stddev" : 0.000000,
          "N" : 0
        }
      },
      "job_runtime" : 9612973,
      "usr_cpu" : 0.007188,
      "sys_cpu" : 0.052616,
      "ctx" : 15893,
      "majf" : 0,
      "minf" : 1309,
      "iodepth_level" : {
        "1" : 0.102348,
        "2" : 0.204695,
        "4" : 0.409390,
        "8" : 0.818781,
        "16" : 1.637562,
        "32" : 3.275123,
        ">=64" : 93.552101
      },
      "iodepth_submit" : {
        "0" : 0.000000,
        "4" : 100.000000,
        "8" : 0.000000,
        "16" : 0.000000,
        "32" : 0.000000,
        "64" : 0.000000,
        ">=64" : 0.000000
      },
      "iodepth_complete" : {
        "0" : 0.000000,
        "4" : 99.861699,
        "8" : 0.000000,
        "16" : 0.000000,
        "32" : 0.000000,
        "64" : 0.000000,
        ">=64" : 0.138301
      },
      "latency_ns" : {
        "2" : 0.000000,
        "4" : 0.000000,
        "10" : 0.000000,
        "20" : 0.000000,
        "50" : 0.000000,
        "100" : 0.000000,
        "250" : 0.000000,
        "500" : 0.000000,
        "750" : 0.000000,
        "1000" : 0.000000
      },
      "latency_us" : {
        "2" : 0.000000,
        "4" : 0.000000,
        "10" : 0.000000,
        "20" : 0.000000,
        "50" : 0.102348,
        "100" : 0.000000,
        "250" : 0.000000,
        "500" : 0.000000,
        "750" : 0.000000,
        "1000" : 0.000000
      },
      "latency_ms" : {
        "2" : 0.000000,
        "4" : 0.000000,
        "10" : 0.000000,
        "20" : 0.000000,
        "50" : 0.000000,
        "100" : 0.000000,
        "250" : 0.000000,
        "500" : 0.000000,
        "750" : 0.019190,
        "1000" : 0.102348,
        "2000" : 0.102348,
        ">=2000" : 99.673767
      },
      "latency_depth" : 256,
      "latency_target" : 0,
      "latency_percentile" : 100.000000,
      "latency_window" : 0
    }
  ]
}
