{
  "fio version" : "fio-3.27",
  "timestamp" : 1627022650,
  "timestamp_ms" : 1627022650106,
  "time" : "Fri Jul 23 08:44:10 2021",
  "jobs" : [
    {
      "jobname" : "randrw",
      "groupid" : 0,
      "error" : 0,
      "eta" : 0,
      "elapsed" : 301,
      "job options" : {
        "bs" : "4K",
        "iodepth" : "256",
        "direct" : "0",
        "ioengine" : "libaio",
        "time_based" : "1",
        "runtime" : "300",
        "numjobs" : "8",
        "size" : "1g",
        "name" : "randrw",
        "rw" : "randrw",
        "directory" : "/scratch/snx2000/ccocha/randrw/96_node",
        "filename_format" : "$jobname.23.$jobnum.$filenum"
      },
      "read" : {
        "io_bytes" : 125186048,
        "io_kbytes" : 122252,
        "bw_bytes" : 417136,
        "bw" : 407,
        "iops" : 101.840004,
        "runtime" : 300108,
        "total_ios" : 30563,
        "short_ios" : 0,
        "drop_ios" : 0,
        "slat_ns" : {
          "min" : 506404,
          "max" : 36180326992,
          "mean" : 78382511.909531,
          "stddev" : 503729999.081633,
          "N" : 30563
        },
        "clat_ns" : {
          "min" : 18420,
          "max" : 66395834624,
          "mean" : 9933558383.640930,
          "stddev" : 9852707062.480591,
          "N" : 30563,
          "percentile" : {
            "1.000000" : 1115684864,
            "5.000000" : 1216348160,
            "10.000000" : 1283457024,
            "20.000000" : 1468006400,
            "30.000000" : 8355053568,
            "40.000000" : 9193914368,
            "50.000000" : 9730785280,
            "60.000000" : 10133438464,
            "70.000000" : 10670309376,
            "80.000000" : 11475615744,
            "90.000000" : 12952010752,
            "95.000000" : 14562623488,
            "99.000000" : 17112760320,
            "99.500000" : 17112760320,
            "99.900000" : 17112760320,
            "99.950000" : 17112760320,
            "99.990000" : 17112760320
          }
        },
        "lat_ns" : {
          "min" : 4532214,
          "max" : 66406023891,
          "mean" : 10011944018.683357,
          "stddev" : 9892356837.062847,
          "N" : 30563
        },
        "bw_min" : 64,
        "bw_max" : 4080,
        "bw_agg" : 100.000000,
        "bw_mean" : 545.535993,
        "bw_dev" : 78.358714,
        "bw_samples" : 3457,
        "iops_min" : 16,
        "iops_max" : 1020,
        "iops_mean" : 136.383998,
        "iops_stddev" : 19.589679,
        "iops_samples" : 3457
      },
      "write" : {
        "io_bytes" : 127066112,
        "io_kbytes" : 124088,
        "bw_bytes" : 423401,
        "bw" : 413,
        "iops" : 103.369454,
        "runtime" : 300108,
        "total_ios" : 31022,
        "short_ios" : 0,
        "drop_ios" : 0,
        "slat_ns" : {
          "min" : 75220,
          "max" : 1580402,
          "mean" : 115993.301238,
          "stddev" : 44745.696974,
          "N" : 31022
        },
        "clat_ns" : {
          "min" : 22120066,
          "max" : 66272201143,
          "mean" : 9905146068.735924,
          "stddev" : 9928218614.690678,
          "N" : 31022,
          "percentile" : {
            "1.000000" : 1115684864,
            "5.000000" : 1216348160,
            "10.000000" : 1283457024,
            "20.000000" : 1451229184,
            "30.000000" : 8287944704,
            "40.000000" : 9193914368,
            "50.000000" : 9730785280,
            "60.000000" : 10133438464,
            "70.000000" : 10670309376,
            "80.000000" : 11475615744,
            "90.000000" : 12952010752,
            "95.000000" : 14696841216,
            "99.000000" : 17112760320,
            "99.500000" : 17112760320,
            "99.900000" : 17112760320,
            "99.950000" : 17112760320,
            "99.990000" : 17112760320
          }
        },
        "lat_ns" : {
          "min" : 22307348,
          "max" : 66272282864,
          "mean" : 9905263273.127605,
          "stddev" : 9928217960.124889,
          "N" : 31022
        },
        "bw_min" : 64,
        "bw_max" : 4104,
        "bw_agg" : 100.000000,
        "bw_mean" : 553.951229,
        "bw_dev" : 80.625377,
        "bw_samples" : 3456,
        "iops_min" : 16,
        "iops_max" : 1026,
        "iops_mean" : 138.450309,
        "iops_stddev" : 20.155428,
        "iops_samples" : 3457
      },
      "trim" : {
        "io_bytes" : 0,
        "io_kbytes" : 0,
        "bw_bytes" : 0,
        "bw" : 0,
        "iops" : 0.000000,
        "runtime" : 0,
        "total_ios" : 0,
        "short_ios" : 0,
        "drop_ios" : 0,
        "slat_ns" : {
          "min" : 0,
          "max" : 0,
          "mean" : 0.000000,
          "stddev" : 0.000000,
          "N" : 0
        },
        "clat_ns" : {
          "min" : 0,
          "max" : 0,
          "mean" : 0.000000,
          "stddev" : 0.000000,
          "N" : 0
        },
        "lat_ns" : {
          "min" : 0,
          "max" : 0,
          "mean" : 0.000000,
          "stddev" : 0.000000,
          "N" : 0
        },
        "bw_min" : 0,
        "bw_max" : 0,
        "bw_agg" : 0.000000,
        "bw_mean" : 0.000000,
        "bw_dev" : 0.000000,
        "bw_samples" : 0,
        "iops_min" : 0,
        "iops_max" : 0,
        "iops_mean" : 0.000000,
        "iops_stddev" : 0.000000,
        "iops_samples" : 0
      },
      "sync" : {
        "total_ios" : 0,
        "lat_ns" : {
          "min" : 0,
          "max" : 0,
          "mean" : 0.000000,
          "stddev" : 0.000000,
          "N" : 0
        }
      },
      "job_runtime" : 2400329,
      "usr_cpu" : 0.052618,
      "sys_cpu" : 0.351785,
      "ctx" : 30616,
      "majf" : 0,
      "minf" : 344,
      "iodepth_level" : {
        "1" : 0.100000,
        "2" : 0.100000,
        "4" : 0.100000,
        "8" : 0.103921,
        "16" : 0.207843,
        "32" : 0.415686,
        ">=64" : 99.181619
      },
      "iodepth_submit" : {
        "0" : 0.000000,
        "4" : 100.000000,
        "8" : 0.000000,
        "16" : 0.000000,
        "32" : 0.000000,
        "64" : 0.000000,
        ">=64" : 0.000000
      },
      "iodepth_complete" : {
        "0" : 0.000000,
        "4" : 99.986567,
        "8" : 0.000000,
        "16" : 0.000000,
        "32" : 0.000000,
        "64" : 0.000000,
        ">=64" : 0.100000
      },
      "latency_ns" : {
        "2" : 0.000000,
        "4" : 0.000000,
        "10" : 0.000000,
        "20" : 0.000000,
        "50" : 0.000000,
        "100" : 0.000000,
        "250" : 0.000000,
        "500" : 0.000000,
        "750" : 0.000000,
        "1000" : 0.000000
      },
      "latency_us" : {
        "2" : 0.000000,
        "4" : 0.000000,
        "10" : 0.000000,
        "20" : 0.010000,
        "50" : 0.011366,
        "100" : 0.000000,
        "250" : 0.000000,
        "500" : 0.000000,
        "750" : 0.000000,
        "1000" : 0.000000
      },
      "latency_ms" : {
        "2" : 0.000000,
        "4" : 0.000000,
        "10" : 0.010000,
        "20" : 0.010000,
        "50" : 0.025980,
        "100" : 0.040594,
        "250" : 0.123407,
        "500" : 0.082812,
        "750" : 0.103921,
        "1000" : 0.178615,
        "2000" : 20.397824,
        ">=2000" : 79.030608
      },
      "latency_depth" : 256,
      "latency_target" : 0,
      "latency_percentile" : 100.000000,
      "latency_window" : 0
    }
  ]
}
