{
  "fio version" : "fio-3.27",
  "timestamp" : 1627028726,
  "timestamp_ms" : 1627028726300,
  "time" : "Fri Jul 23 10:25:26 2021",
  "jobs" : [
    {
      "jobname" : "randrw",
      "groupid" : 0,
      "error" : 0,
      "eta" : 0,
      "elapsed" : 301,
      "job options" : {
        "bs" : "4K",
        "iodepth" : "256",
        "direct" : "0",
        "ioengine" : "libaio",
        "time_based" : "1",
        "runtime" : "300",
        "numjobs" : "1",
        "size" : "1g",
        "name" : "randrw",
        "rw" : "randrw",
        "directory" : "/scratch/snx2000/ccocha/randrw/150_node",
        "filename_format" : "$jobname.107.$jobnum.$filenum"
      },
      "read" : {
        "io_bytes" : 70725632,
        "io_kbytes" : 69068,
        "bw_bytes" : 235585,
        "bw" : 230,
        "iops" : 57.516022,
        "runtime" : 300212,
        "total_ios" : 17267,
        "short_ios" : 0,
        "drop_ios" : 0,
        "slat_ns" : {
          "min" : 481277,
          "max" : 5576336788,
          "mean" : 17251842.809984,
          "stddev" : 57613617.387643,
          "N" : 17267
        },
        "clat_ns" : {
          "min" : 26750,
          "max" : 16912045479,
          "mean" : 2216508976.692129,
          "stddev" : 1467517953.450474,
          "N" : 17267,
          "percentile" : {
            "1.000000" : 683671552,
            "5.000000" : 742391808,
            "10.000000" : 893386752,
            "20.000000" : 1518338048,
            "30.000000" : 1736441856,
            "40.000000" : 1887436800,
            "50.000000" : 2038431744,
            "60.000000" : 2264924160,
            "70.000000" : 2466250752,
            "80.000000" : 2734686208,
            "90.000000" : 3137339392,
            "95.000000" : 3506438144,
            "99.000000" : 5939134464,
            "99.500000" : 16441671680,
            "99.900000" : 16710107136,
            "99.950000" : 16844324864,
            "99.990000" : 16844324864
          }
        },
        "lat_ns" : {
          "min" : 213910308,
          "max" : 16917659406,
          "mean" : 2233763252.163195,
          "stddev" : 1472614931.269366,
          "N" : 17267
        },
        "bw_min" : 8,
        "bw_max" : 816,
        "bw_agg" : 100.000000,
        "bw_mean" : 237.518198,
        "bw_dev" : 156.041072,
        "bw_samples" : 577,
        "iops_min" : 2,
        "iops_max" : 204,
        "iops_mean" : 59.376083,
        "iops_stddev" : 39.003013,
        "iops_samples" : 577
      },
      "write" : {
        "io_bytes" : 70688768,
        "io_kbytes" : 69032,
        "bw_bytes" : 235462,
        "bw" : 229,
        "iops" : 57.486043,
        "runtime" : 300212,
        "total_ios" : 17258,
        "short_ios" : 0,
        "drop_ios" : 0,
        "slat_ns" : {
          "min" : 75451,
          "max" : 566167,
          "mean" : 102818.980299,
          "stddev" : 39295.101206,
          "N" : 17258
        },
        "clat_ns" : {
          "min" : 277525091,
          "max" : 16889203125,
          "mean" : 2212413725.174473,
          "stddev" : 1435255972.993836,
          "N" : 17258,
          "percentile" : {
            "1.000000" : 683671552,
            "5.000000" : 742391808,
            "10.000000" : 851443712,
            "20.000000" : 1518338048,
            "30.000000" : 1736441856,
            "40.000000" : 1887436800,
            "50.000000" : 2038431744,
            "60.000000" : 2264924160,
            "70.000000" : 2499805184,
            "80.000000" : 2734686208,
            "90.000000" : 3137339392,
            "95.000000" : 3539992576,
            "99.000000" : 5872025600,
            "99.500000" : 16441671680,
            "99.900000" : 16710107136,
            "99.950000" : 16844324864,
            "99.990000" : 16844324864
          }
        },
        "lat_ns" : {
          "min" : 277608092,
          "max" : 16889289266,
          "mean" : 2212517671.612709,
          "stddev" : 1435256200.752695,
          "N" : 17258
        },
        "bw_min" : 8,
        "bw_max" : 840,
        "bw_agg" : 100.000000,
        "bw_mean" : 239.298429,
        "bw_dev" : 155.935324,
        "bw_samples" : 573,
        "iops_min" : 2,
        "iops_max" : 210,
        "iops_mean" : 59.821990,
        "iops_stddev" : 38.978429,
        "iops_samples" : 573
      },
      "trim" : {
        "io_bytes" : 0,
        "io_kbytes" : 0,
        "bw_bytes" : 0,
        "bw" : 0,
        "iops" : 0.000000,
        "runtime" : 0,
        "total_ios" : 0,
        "short_ios" : 0,
        "drop_ios" : 0,
        "slat_ns" : {
          "min" : 0,
          "max" : 0,
          "mean" : 0.000000,
          "stddev" : 0.000000,
          "N" : 0
        },
        "clat_ns" : {
          "min" : 0,
          "max" : 0,
          "mean" : 0.000000,
          "stddev" : 0.000000,
          "N" : 0
        },
        "lat_ns" : {
          "min" : 0,
          "max" : 0,
          "mean" : 0.000000,
          "stddev" : 0.000000,
          "N" : 0
        },
        "bw_min" : 0,
        "bw_max" : 0,
        "bw_agg" : 0.000000,
        "bw_mean" : 0.000000,
        "bw_dev" : 0.000000,
        "bw_samples" : 0,
        "iops_min" : 0,
        "iops_max" : 0,
        "iops_mean" : 0.000000,
        "iops_stddev" : 0.000000,
        "iops_samples" : 0
      },
      "sync" : {
        "total_ios" : 0,
        "lat_ns" : {
          "min" : 0,
          "max" : 0,
          "mean" : 0.000000,
          "stddev" : 0.000000,
          "N" : 0
        }
      },
      "job_runtime" : 300211,
      "usr_cpu" : 0.203190,
      "sys_cpu" : 1.398017,
      "ctx" : 17280,
      "majf" : 0,
      "minf" : 42,
      "iodepth_level" : {
        "1" : 0.100000,
        "2" : 0.100000,
        "4" : 0.100000,
        "8" : 0.100000,
        "16" : 0.100000,
        "32" : 0.100000,
        ">=64" : 99.817524
      },
      "iodepth_submit" : {
        "0" : 0.000000,
        "4" : 100.000000,
        "8" : 0.000000,
        "16" : 0.000000,
        "32" : 0.000000,
        "64" : 0.000000,
        ">=64" : 0.000000
      },
      "iodepth_complete" : {
        "0" : 0.000000,
        "4" : 99.997082,
        "8" : 0.000000,
        "16" : 0.000000,
        "32" : 0.000000,
        "64" : 0.000000,
        ">=64" : 0.100000
      },
      "latency_ns" : {
        "2" : 0.000000,
        "4" : 0.000000,
        "10" : 0.000000,
        "20" : 0.000000,
        "50" : 0.000000,
        "100" : 0.000000,
        "250" : 0.000000,
        "500" : 0.000000,
        "750" : 0.000000,
        "1000" : 0.000000
      },
      "latency_us" : {
        "2" : 0.000000,
        "4" : 0.000000,
        "10" : 0.000000,
        "20" : 0.000000,
        "50" : 0.010000,
        "100" : 0.000000,
        "250" : 0.000000,
        "500" : 0.000000,
        "750" : 0.000000,
        "1000" : 0.000000
      },
      "latency_ms" : {
        "2" : 0.000000,
        "4" : 0.000000,
        "10" : 0.000000,
        "20" : 0.000000,
        "50" : 0.000000,
        "100" : 0.000000,
        "250" : 0.010000,
        "500" : 0.052136,
        "750" : 5.622013,
        "1000" : 5.167270,
        "2000" : 36.735699,
        ">=2000" : 52.414193
      },
      "latency_depth" : 256,
      "latency_target" : 0,
      "latency_percentile" : 100.000000,
      "latency_window" : 0
    }
  ]
}
