{
  "fio version" : "fio-3.27",
  "timestamp" : 1627031000,
  "timestamp_ms" : 1627031000338,
  "time" : "Fri Jul 23 11:03:20 2021",
  "jobs" : [
    {
      "jobname" : "randrw",
      "groupid" : 0,
      "error" : 0,
      "eta" : 0,
      "elapsed" : 302,
      "job options" : {
        "bs" : "4K",
        "iodepth" : "256",
        "direct" : "0",
        "ioengine" : "libaio",
        "time_based" : "1",
        "runtime" : "300",
        "numjobs" : "32",
        "size" : "1g",
        "name" : "randrw",
        "rw" : "randrw",
        "directory" : "/scratch/snx2000/ccocha/randrw/150_node",
        "filename_format" : "$jobname.129.$jobnum.$filenum"
      },
      "read" : {
        "io_bytes" : 67477504,
        "io_kbytes" : 65896,
        "bw_bytes" : 224468,
        "bw" : 219,
        "iops" : 54.801903,
        "runtime" : 300610,
        "total_ios" : 16474,
        "short_ios" : 0,
        "drop_ios" : 0,
        "slat_ns" : {
          "min" : 16063771,
          "max" : 54933297975,
          "mean" : 583121057.655032,
          "stddev" : 2129387006.248992,
          "N" : 16474
        },
        "clat_ns" : {
          "min" : 18001,
          "max" : 160281801958,
          "mean" : 73505322427.794144,
          "stddev" : 33886308676.163219,
          "N" : 16474,
          "percentile" : {
            "1.000000" : 6207569920,
            "5.000000" : 7885291520,
            "10.000000" : 17112760320,
            "20.000000" : 17112760320,
            "30.000000" : 17112760320,
            "40.000000" : 17112760320,
            "50.000000" : 17112760320,
            "60.000000" : 17112760320,
            "70.000000" : 17112760320,
            "80.000000" : 17112760320,
            "90.000000" : 17112760320,
            "95.000000" : 17112760320,
            "99.000000" : 17112760320,
            "99.500000" : 17112760320,
            "99.900000" : 17112760320,
            "99.950000" : 17112760320,
            "99.990000" : 17112760320
          }
        },
        "lat_ns" : {
          "min" : 393913958,
          "max" : 161305776483,
          "mean" : 74088447387.214417,
          "stddev" : 33940782927.733765,
          "N" : 16474
        },
        "bw_min" : 256,
        "bw_max" : 2528,
        "bw_agg" : 100.000000,
        "bw_mean" : 484.873282,
        "bw_dev" : 11.092308,
        "bw_samples" : 6522,
        "iops_min" : 64,
        "iops_max" : 632,
        "iops_mean" : 121.218320,
        "iops_stddev" : 2.773077,
        "iops_samples" : 6522
      },
      "write" : {
        "io_bytes" : 67596288,
        "io_kbytes" : 66012,
        "bw_bytes" : 224863,
        "bw" : 219,
        "iops" : 54.898373,
        "runtime" : 300610,
        "total_ios" : 16503,
        "short_ios" : 0,
        "drop_ios" : 0,
        "slat_ns" : {
          "min" : 74760,
          "max" : 3043493,
          "mean" : 129377.587530,
          "stddev" : 71764.112196,
          "N" : 16503
        },
        "clat_ns" : {
          "min" : 472364119,
          "max" : 160867744973,
          "mean" : 73266343903.116776,
          "stddev" : 33184616616.873619,
          "N" : 16503,
          "percentile" : {
            "1.000000" : 6811549696,
            "5.000000" : 7952400384,
            "10.000000" : 17112760320,
            "20.000000" : 17112760320,
            "30.000000" : 17112760320,
            "40.000000" : 17112760320,
            "50.000000" : 17112760320,
            "60.000000" : 17112760320,
            "70.000000" : 17112760320,
            "80.000000" : 17112760320,
            "90.000000" : 17112760320,
            "95.000000" : 17112760320,
            "99.000000" : 17112760320,
            "99.500000" : 17112760320,
            "99.900000" : 17112760320,
            "99.950000" : 17112760320,
            "99.990000" : 17112760320
          }
        },
        "lat_ns" : {
          "min" : 472553441,
          "max" : 160867901504,
          "mean" : 73266474534.618561,
          "stddev" : 33184611543.527119,
          "N" : 16503
        },
        "bw_min" : 256,
        "bw_max" : 2568,
        "bw_agg" : 100.000000,
        "bw_mean" : 489.322348,
        "bw_dev" : 11.379301,
        "bw_samples" : 6493,
        "iops_min" : 64,
        "iops_max" : 642,
        "iops_mean" : 122.330587,
        "iops_stddev" : 2.844825,
        "iops_samples" : 6493
      },
      "trim" : {
        "io_bytes" : 0,
        "io_kbytes" : 0,
        "bw_bytes" : 0,
        "bw" : 0,
        "iops" : 0.000000,
        "runtime" : 0,
        "total_ios" : 0,
        "short_ios" : 0,
        "drop_ios" : 0,
        "slat_ns" : {
          "min" : 0,
          "max" : 0,
          "mean" : 0.000000,
          "stddev" : 0.000000,
          "N" : 0
        },
        "clat_ns" : {
          "min" : 0,
          "max" : 0,
          "mean" : 0.000000,
          "stddev" : 0.000000,
          "N" : 0
        },
        "lat_ns" : {
          "min" : 0,
          "max" : 0,
          "mean" : 0.000000,
          "stddev" : 0.000000,
          "N" : 0
        },
        "bw_min" : 0,
        "bw_max" : 0,
        "bw_agg" : 0.000000,
        "bw_mean" : 0.000000,
        "bw_dev" : 0.000000,
        "bw_samples" : 0,
        "iops_min" : 0,
        "iops_max" : 0,
        "iops_mean" : 0.000000,
        "iops_stddev" : 0.000000,
        "iops_samples" : 0
      },
      "sync" : {
        "total_ios" : 0,
        "lat_ns" : {
          "min" : 0,
          "max" : 0,
          "mean" : 0.000000,
          "stddev" : 0.000000,
          "N" : 0
        }
      },
      "job_runtime" : 9609212,
      "usr_cpu" : 0.008169,
      "sys_cpu" : 0.053917,
      "ctx" : 16803,
      "majf" : 0,
      "minf" : 1308,
      "iodepth_level" : {
        "1" : 0.100000,
        "2" : 0.194075,
        "4" : 0.388149,
        "8" : 0.776299,
        "16" : 1.552597,
        "32" : 3.105195,
        ">=64" : 93.886648
      },
      "iodepth_submit" : {
        "0" : 0.000000,
        "4" : 100.000000,
        "8" : 0.000000,
        "16" : 0.000000,
        "32" : 0.000000,
        "64" : 0.000000,
        ">=64" : 0.000000
      },
      "iodepth_complete" : {
        "0" : 0.000000,
        "4" : 99.871222,
        "8" : 0.000000,
        "16" : 0.000000,
        "32" : 0.000000,
        "64" : 0.000000,
        ">=64" : 0.128778
      },
      "latency_ns" : {
        "2" : 0.000000,
        "4" : 0.000000,
        "10" : 0.000000,
        "20" : 0.000000,
        "50" : 0.000000,
        "100" : 0.000000,
        "250" : 0.000000,
        "500" : 0.000000,
        "750" : 0.000000,
        "1000" : 0.000000
      },
      "latency_us" : {
        "2" : 0.000000,
        "4" : 0.000000,
        "10" : 0.000000,
        "20" : 0.010000,
        "50" : 0.090972,
        "100" : 0.000000,
        "250" : 0.000000,
        "500" : 0.000000,
        "750" : 0.000000,
        "1000" : 0.000000
      },
      "latency_ms" : {
        "2" : 0.000000,
        "4" : 0.000000,
        "10" : 0.000000,
        "20" : 0.000000,
        "50" : 0.000000,
        "100" : 0.000000,
        "250" : 0.000000,
        "500" : 0.010000,
        "750" : 0.075810,
        "1000" : 0.045486,
        "2000" : 0.097037,
        ">=2000" : 99.675531
      },
      "latency_depth" : 256,
      "latency_target" : 0,
      "latency_percentile" : 100.000000,
      "latency_window" : 0
    }
  ]
}
