{
  "fio version" : "fio-3.27",
  "timestamp" : 1627024792,
  "timestamp_ms" : 1627024792512,
  "time" : "Fri Jul 23 09:19:52 2021",
  "jobs" : [
    {
      "jobname" : "randrw",
      "groupid" : 0,
      "error" : 0,
      "eta" : 0,
      "elapsed" : 302,
      "job options" : {
        "bs" : "4K",
        "iodepth" : "256",
        "direct" : "0",
        "ioengine" : "libaio",
        "time_based" : "1",
        "runtime" : "300",
        "numjobs" : "64",
        "size" : "1g",
        "name" : "randrw",
        "rw" : "randrw",
        "directory" : "/scratch/snx2000/ccocha/randrw/96_node",
        "filename_format" : "$jobname.40.$jobnum.$filenum"
      },
      "read" : {
        "io_bytes" : 80617472,
        "io_kbytes" : 78728,
        "bw_bytes" : 268136,
        "bw" : 261,
        "iops" : 65.463084,
        "runtime" : 300658,
        "total_ios" : 19682,
        "short_ios" : 0,
        "drop_ios" : 0,
        "slat_ns" : {
          "min" : 40260686,
          "max" : 71454988583,
          "mean" : 976469217.215730,
          "stddev" : 2728276833.721563,
          "N" : 19682
        },
        "clat_ns" : {
          "min" : 17980,
          "max" : 293603785597,
          "mean" : 114054806522.317078,
          "stddev" : 58206853681.692017,
          "N" : 19682,
          "percentile" : {
            "1.000000" : 2432696320,
            "5.000000" : 15502147584,
            "10.000000" : 17112760320,
            "20.000000" : 17112760320,
            "30.000000" : 17112760320,
            "40.000000" : 17112760320,
            "50.000000" : 17112760320,
            "60.000000" : 17112760320,
            "70.000000" : 17112760320,
            "80.000000" : 17112760320,
            "90.000000" : 17112760320,
            "95.000000" : 17112760320,
            "99.000000" : 17112760320,
            "99.500000" : 17112760320,
            "99.900000" : 17112760320,
            "99.950000" : 17112760320,
            "99.990000" : 17112760320
          }
        },
        "lat_ns" : {
          "min" : 418427541,
          "max" : 293690643015,
          "mean" : 115031279844.609055,
          "stddev" : 58261618065.638954,
          "N" : 19682
        },
        "bw_min" : 460,
        "bw_max" : 2635,
        "bw_agg" : 100.000000,
        "bw_mean" : 762.892382,
        "bw_dev" : 6.900566,
        "bw_samples" : 7653,
        "iops_min" : 76,
        "iops_max" : 655,
        "iops_mean" : 185.198399,
        "iops_stddev" : 1.755225,
        "iops_samples" : 7653
      },
      "write" : {
        "io_bytes" : 80773120,
        "io_kbytes" : 78880,
        "bw_bytes" : 268654,
        "bw" : 262,
        "iops" : 65.589474,
        "runtime" : 300658,
        "total_ios" : 19720,
        "short_ios" : 0,
        "drop_ios" : 0,
        "slat_ns" : {
          "min" : 75700,
          "max" : 2306618,
          "mean" : 138201.827890,
          "stddev" : 80215.984127,
          "N" : 19720
        },
        "clat_ns" : {
          "min" : 418438791,
          "max" : 293484918727,
          "mean" : 114112803242.901474,
          "stddev" : 58755153859.485558,
          "N" : 19720,
          "percentile" : {
            "1.000000" : 3170893824,
            "5.000000" : 15367929856,
            "10.000000" : 17112760320,
            "20.000000" : 17112760320,
            "30.000000" : 17112760320,
            "40.000000" : 17112760320,
            "50.000000" : 17112760320,
            "60.000000" : 17112760320,
            "70.000000" : 17112760320,
            "80.000000" : 17112760320,
            "90.000000" : 17112760320,
            "95.000000" : 17112760320,
            "99.000000" : 17112760320,
            "99.500000" : 17112760320,
            "99.900000" : 17112760320,
            "99.950000" : 17112760320,
            "99.990000" : 17112760320
          }
        },
        "lat_ns" : {
          "min" : 418629691,
          "max" : 293485064756,
          "mean" : 114112942826.861832,
          "stddev" : 58755149798.854164,
          "N" : 19720
        },
        "bw_min" : 460,
        "bw_max" : 2779,
        "bw_agg" : 100.000000,
        "bw_mean" : 762.869867,
        "bw_dev" : 7.176325,
        "bw_samples" : 7599,
        "iops_min" : 76,
        "iops_max" : 691,
        "iops_mean" : 185.022939,
        "iops_stddev" : 1.826395,
        "iops_samples" : 7599
      },
      "trim" : {
        "io_bytes" : 0,
        "io_kbytes" : 0,
        "bw_bytes" : 0,
        "bw" : 0,
        "iops" : 0.000000,
        "runtime" : 0,
        "total_ios" : 0,
        "short_ios" : 0,
        "drop_ios" : 0,
        "slat_ns" : {
          "min" : 0,
          "max" : 0,
          "mean" : 0.000000,
          "stddev" : 0.000000,
          "N" : 0
        },
        "clat_ns" : {
          "min" : 0,
          "max" : 0,
          "mean" : 0.000000,
          "stddev" : 0.000000,
          "N" : 0
        },
        "lat_ns" : {
          "min" : 0,
          "max" : 0,
          "mean" : 0.000000,
          "stddev" : 0.000000,
          "N" : 0
        },
        "bw_min" : 0,
        "bw_max" : 0,
        "bw_agg" : 0.000000,
        "bw_mean" : 0.000000,
        "bw_dev" : 0.000000,
        "bw_samples" : 0,
        "iops_min" : 0,
        "iops_max" : 0,
        "iops_mean" : 0.000000,
        "iops_stddev" : 0.000000,
        "iops_samples" : 0
      },
      "sync" : {
        "total_ios" : 0,
        "lat_ns" : {
          "min" : 0,
          "max" : 0,
          "mean" : 0.000000,
          "stddev" : 0.000000,
          "N" : 0
        }
      },
      "job_runtime" : 19222759,
      "usr_cpu" : 0.004443,
      "sys_cpu" : 0.033767,
      "ctx" : 20282,
      "majf" : 0,
      "minf" : 2617,
      "iodepth_level" : {
        "1" : 0.162428,
        "2" : 0.324857,
        "4" : 0.649713,
        "8" : 1.299426,
        "16" : 2.598853,
        "32" : 5.197706,
        ">=64" : 89.767017
      },
      "iodepth_submit" : {
        "0" : 0.000000,
        "4" : 100.000000,
        "8" : 0.000000,
        "16" : 0.000000,
        "32" : 0.000000,
        "64" : 0.000000,
        ">=64" : 0.000000
      },
      "iodepth_complete" : {
        "0" : 0.000000,
        "4" : 99.723494,
        "8" : 0.000000,
        "16" : 0.000000,
        "32" : 0.000000,
        "64" : 0.000000,
        ">=64" : 0.276506
      },
      "latency_ns" : {
        "2" : 0.000000,
        "4" : 0.000000,
        "10" : 0.000000,
        "20" : 0.000000,
        "50" : 0.000000,
        "100" : 0.000000,
        "250" : 0.000000,
        "500" : 0.000000,
        "750" : 0.000000,
        "1000" : 0.000000
      },
      "latency_us" : {
        "2" : 0.000000,
        "4" : 0.000000,
        "10" : 0.000000,
        "20" : 0.010000,
        "50" : 0.154814,
        "100" : 0.000000,
        "250" : 0.000000,
        "500" : 0.000000,
        "750" : 0.000000,
        "1000" : 0.000000
      },
      "latency_ms" : {
        "2" : 0.000000,
        "4" : 0.000000,
        "10" : 0.000000,
        "20" : 0.000000,
        "50" : 0.000000,
        "100" : 0.000000,
        "250" : 0.000000,
        "500" : 0.027917,
        "750" : 0.137049,
        "1000" : 0.071062,
        "2000" : 0.347698,
        ">=2000" : 99.253845
      },
      "latency_depth" : 256,
      "latency_target" : 0,
      "latency_percentile" : 100.000000,
      "latency_window" : 0
    }
  ]
}
