{
  "fio version" : "fio-3.27",
  "timestamp" : 1627022248,
  "timestamp_ms" : 1627022248674,
  "time" : "Fri Jul 23 08:37:28 2021",
  "jobs" : [
    {
      "jobname" : "randrw",
      "groupid" : 0,
      "error" : 0,
      "eta" : 0,
      "elapsed" : 301,
      "job options" : {
        "bs" : "4K",
        "iodepth" : "256",
        "direct" : "0",
        "ioengine" : "libaio",
        "time_based" : "1",
        "runtime" : "300",
        "numjobs" : "4",
        "size" : "1g",
        "name" : "randrw",
        "rw" : "randrw",
        "directory" : "/scratch/snx2000/ccocha/randrw/96_node",
        "filename_format" : "$jobname.38.$jobnum.$filenum"
      },
      "read" : {
        "io_bytes" : 122908672,
        "io_kbytes" : 120028,
        "bw_bytes" : 409387,
        "bw" : 399,
        "iops" : 99.948039,
        "runtime" : 300226,
        "total_ios" : 30007,
        "short_ios" : 0,
        "drop_ios" : 0,
        "slat_ns" : {
          "min" : 480514,
          "max" : 17726888115,
          "mean" : 39855919.294998,
          "stddev" : 221545629.890931,
          "N" : 30007
        },
        "clat_ns" : {
          "min" : 13490,
          "max" : 39284954070,
          "mean" : 5090622134.395675,
          "stddev" : 4538040207.315040,
          "N" : 30007,
          "percentile" : {
            "1.000000" : 801112064,
            "5.000000" : 910163968,
            "10.000000" : 985661440,
            "20.000000" : 1971322880,
            "30.000000" : 3003121664,
            "40.000000" : 3909091328,
            "50.000000" : 4865392640,
            "60.000000" : 5670699008,
            "70.000000" : 6408896512,
            "80.000000" : 7079985152,
            "90.000000" : 7885291520,
            "95.000000" : 8489271296,
            "99.000000" : 17112760320,
            "99.500000" : 17112760320,
            "99.900000" : 17112760320,
            "99.950000" : 17112760320,
            "99.990000" : 17112760320
          }
        },
        "lat_ns" : {
          "min" : 28038744,
          "max" : 39304574206,
          "mean" : 5130481012.151823,
          "stddev" : 4552623487.128148,
          "N" : 30007
        },
        "bw_min" : 32,
        "bw_max" : 2632,
        "bw_agg" : 100.000000,
        "bw_mean" : 478.112470,
        "bw_dev" : 119.480971,
        "bw_samples" : 1980,
        "iops_min" : 8,
        "iops_max" : 658,
        "iops_mean" : 119.528117,
        "iops_stddev" : 29.870243,
        "iops_samples" : 1980
      },
      "write" : {
        "io_bytes" : 124162048,
        "io_kbytes" : 121252,
        "bw_bytes" : 413561,
        "bw" : 403,
        "iops" : 100.967271,
        "runtime" : 300226,
        "total_ios" : 30313,
        "short_ios" : 0,
        "drop_ios" : 0,
        "slat_ns" : {
          "min" : 75090,
          "max" : 2051234,
          "mean" : 112409.357767,
          "stddev" : 44826.539527,
          "N" : 30313
        },
        "clat_ns" : {
          "min" : 73181626,
          "max" : 39304452395,
          "mean" : 5044422511.440669,
          "stddev" : 4441597647.369946,
          "N" : 30313,
          "percentile" : {
            "1.000000" : 801112064,
            "5.000000" : 910163968,
            "10.000000" : 985661440,
            "20.000000" : 1870659584,
            "30.000000" : 2969567232,
            "40.000000" : 3875536896,
            "50.000000" : 4865392640,
            "60.000000" : 5603590144,
            "70.000000" : 6408896512,
            "80.000000" : 7079985152,
            "90.000000" : 7885291520,
            "95.000000" : 8489271296,
            "99.000000" : 17112760320,
            "99.500000" : 17112760320,
            "99.900000" : 17112760320,
            "99.950000" : 17112760320,
            "99.990000" : 17112760320
          }
        },
        "lat_ns" : {
          "min" : 73311357,
          "max" : 39304541305,
          "mean" : 5044536105.618087,
          "stddev" : 4441597027.030122,
          "N" : 30313
        },
        "bw_min" : 32,
        "bw_max" : 2736,
        "bw_agg" : 100.000000,
        "bw_mean" : 485.267795,
        "bw_dev" : 120.430311,
        "bw_samples" : 1973,
        "iops_min" : 8,
        "iops_max" : 684,
        "iops_mean" : 121.316949,
        "iops_stddev" : 30.107578,
        "iops_samples" : 1973
      },
      "trim" : {
        "io_bytes" : 0,
        "io_kbytes" : 0,
        "bw_bytes" : 0,
        "bw" : 0,
        "iops" : 0.000000,
        "runtime" : 0,
        "total_ios" : 0,
        "short_ios" : 0,
        "drop_ios" : 0,
        "slat_ns" : {
          "min" : 0,
          "max" : 0,
          "mean" : 0.000000,
          "stddev" : 0.000000,
          "N" : 0
        },
        "clat_ns" : {
          "min" : 0,
          "max" : 0,
          "mean" : 0.000000,
          "stddev" : 0.000000,
          "N" : 0
        },
        "lat_ns" : {
          "min" : 0,
          "max" : 0,
          "mean" : 0.000000,
          "stddev" : 0.000000,
          "N" : 0
        },
        "bw_min" : 0,
        "bw_max" : 0,
        "bw_agg" : 0.000000,
        "bw_mean" : 0.000000,
        "bw_dev" : 0.000000,
        "bw_samples" : 0,
        "iops_min" : 0,
        "iops_max" : 0,
        "iops_mean" : 0.000000,
        "iops_stddev" : 0.000000,
        "iops_samples" : 0
      },
      "sync" : {
        "total_ios" : 0,
        "lat_ns" : {
          "min" : 0,
          "max" : 0,
          "mean" : 0.000000,
          "stddev" : 0.000000,
          "N" : 0
        }
      },
      "job_runtime" : 1200435,
      "usr_cpu" : 0.109877,
      "sys_cpu" : 0.662427,
      "ctx" : 30043,
      "majf" : 0,
      "minf" : 171,
      "iodepth_level" : {
        "1" : 0.100000,
        "2" : 0.100000,
        "4" : 0.100000,
        "8" : 0.100000,
        "16" : 0.106101,
        "32" : 0.212202,
        ">=64" : 99.582228
      },
      "iodepth_submit" : {
        "0" : 0.000000,
        "4" : 100.000000,
        "8" : 0.000000,
        "16" : 0.000000,
        "32" : 0.000000,
        "64" : 0.000000,
        ">=64" : 0.000000
      },
      "iodepth_complete" : {
        "0" : 0.000000,
        "4" : 99.993255,
        "8" : 0.000000,
        "16" : 0.000000,
        "32" : 0.000000,
        "64" : 0.000000,
        ">=64" : 0.100000
      },
      "latency_ns" : {
        "2" : 0.000000,
        "4" : 0.000000,
        "10" : 0.000000,
        "20" : 0.000000,
        "50" : 0.000000,
        "100" : 0.000000,
        "250" : 0.000000,
        "500" : 0.000000,
        "750" : 0.000000,
        "1000" : 0.000000
      },
      "latency_us" : {
        "2" : 0.000000,
        "4" : 0.000000,
        "10" : 0.000000,
        "20" : 0.010000,
        "50" : 0.010000,
        "100" : 0.000000,
        "250" : 0.000000,
        "500" : 0.000000,
        "750" : 0.000000,
        "1000" : 0.000000
      },
      "latency_ms" : {
        "2" : 0.000000,
        "4" : 0.000000,
        "10" : 0.000000,
        "20" : 0.000000,
        "50" : 0.010000,
        "100" : 0.053050,
        "250" : 0.074602,
        "500" : 0.067971,
        "750" : 0.192308,
        "1000" : 10.593501,
        "2000" : 9.613727,
        ">=2000" : 79.393236
      },
      "latency_depth" : 256,
      "latency_target" : 0,
      "latency_percentile" : 100.000000,
      "latency_window" : 0
    }
  ]
}
