{
  "fio version" : "fio-3.27",
  "timestamp" : 1627028726,
  "timestamp_ms" : 1627028726103,
  "time" : "Fri Jul 23 10:25:26 2021",
  "jobs" : [
    {
      "jobname" : "randrw",
      "groupid" : 0,
      "error" : 0,
      "eta" : 0,
      "elapsed" : 301,
      "job options" : {
        "bs" : "4K",
        "iodepth" : "256",
        "direct" : "0",
        "ioengine" : "libaio",
        "time_based" : "1",
        "runtime" : "300",
        "numjobs" : "1",
        "size" : "1g",
        "name" : "randrw",
        "rw" : "randrw",
        "directory" : "/scratch/snx2000/ccocha/randrw/150_node",
        "filename_format" : "$jobname.37.$jobnum.$filenum"
      },
      "read" : {
        "io_bytes" : 72511488,
        "io_kbytes" : 70812,
        "bw_bytes" : 241702,
        "bw" : 236,
        "iops" : 59.009410,
        "runtime" : 300003,
        "total_ios" : 17703,
        "short_ios" : 0,
        "drop_ios" : 0,
        "slat_ns" : {
          "min" : 474424,
          "max" : 1237227484,
          "mean" : 16809362.018641,
          "stddev" : 36473949.000655,
          "N" : 17703
        },
        "clat_ns" : {
          "min" : 12251,
          "max" : 15490983356,
          "mean" : 2153661461.531780,
          "stddev" : 1339052199.166385,
          "N" : 17703,
          "percentile" : {
            "1.000000" : 658505728,
            "5.000000" : 742391808,
            "10.000000" : 910163968,
            "20.000000" : 1333788672,
            "30.000000" : 1619001344,
            "40.000000" : 1820327936,
            "50.000000" : 2021654528,
            "60.000000" : 2231369728,
            "70.000000" : 2466250752,
            "80.000000" : 2801795072,
            "90.000000" : 3238002688,
            "95.000000" : 3506438144,
            "99.000000" : 4529848320,
            "99.500000" : 14562623488,
            "99.900000" : 15502147584,
            "99.950000" : 15502147584,
            "99.990000" : 15502147584
          }
        },
        "lat_ns" : {
          "min" : 16179242,
          "max" : 15491747662,
          "mean" : 2170473335.281695,
          "stddev" : 1343676264.892275,
          "N" : 17703
        },
        "bw_min" : 8,
        "bw_max" : 896,
        "bw_agg" : 100.000000,
        "bw_mean" : 239.413969,
        "bw_dev" : 164.594063,
        "bw_samples" : 587,
        "iops_min" : 2,
        "iops_max" : 224,
        "iops_mean" : 59.853492,
        "iops_stddev" : 41.148516,
        "iops_samples" : 587
      },
      "write" : {
        "io_bytes" : 72613888,
        "io_kbytes" : 70912,
        "bw_bytes" : 242043,
        "bw" : 236,
        "iops" : 59.092742,
        "runtime" : 300003,
        "total_ios" : 17728,
        "short_ios" : 0,
        "drop_ios" : 0,
        "slat_ns" : {
          "min" : 75711,
          "max" : 861916,
          "mean" : 104406.373139,
          "stddev" : 40388.643109,
          "N" : 17728
        },
        "clat_ns" : {
          "min" : 22565916,
          "max" : 15489604956,
          "mean" : 2159125763.088503,
          "stddev" : 1317332385.772442,
          "N" : 17728,
          "percentile" : {
            "1.000000" : 658505728,
            "5.000000" : 734003200,
            "10.000000" : 876609536,
            "20.000000" : 1317011456,
            "30.000000" : 1619001344,
            "40.000000" : 1837105152,
            "50.000000" : 2038431744,
            "60.000000" : 2231369728,
            "70.000000" : 2499805184,
            "80.000000" : 2801795072,
            "90.000000" : 3271557120,
            "95.000000" : 3539992576,
            "99.000000" : 4529848320,
            "99.500000" : 14428405760,
            "99.900000" : 15502147584,
            "99.950000" : 15502147584,
            "99.990000" : 15502147584
          }
        },
        "lat_ns" : {
          "min" : 22647737,
          "max" : 15489752527,
          "mean" : 2159231294.124491,
          "stddev" : 1317331873.815860,
          "N" : 17728
        },
        "bw_min" : 8,
        "bw_max" : 896,
        "bw_agg" : 100.000000,
        "bw_mean" : 241.500000,
        "bw_dev" : 161.268741,
        "bw_samples" : 582,
        "iops_min" : 2,
        "iops_max" : 224,
        "iops_mean" : 60.374570,
        "iops_stddev" : 40.314477,
        "iops_samples" : 582
      },
      "trim" : {
        "io_bytes" : 0,
        "io_kbytes" : 0,
        "bw_bytes" : 0,
        "bw" : 0,
        "iops" : 0.000000,
        "runtime" : 0,
        "total_ios" : 0,
        "short_ios" : 0,
        "drop_ios" : 0,
        "slat_ns" : {
          "min" : 0,
          "max" : 0,
          "mean" : 0.000000,
          "stddev" : 0.000000,
          "N" : 0
        },
        "clat_ns" : {
          "min" : 0,
          "max" : 0,
          "mean" : 0.000000,
          "stddev" : 0.000000,
          "N" : 0
        },
        "lat_ns" : {
          "min" : 0,
          "max" : 0,
          "mean" : 0.000000,
          "stddev" : 0.000000,
          "N" : 0
        },
        "bw_min" : 0,
        "bw_max" : 0,
        "bw_agg" : 0.000000,
        "bw_mean" : 0.000000,
        "bw_dev" : 0.000000,
        "bw_samples" : 0,
        "iops_min" : 0,
        "iops_max" : 0,
        "iops_mean" : 0.000000,
        "iops_stddev" : 0.000000,
        "iops_samples" : 0
      },
      "sync" : {
        "total_ios" : 0,
        "lat_ns" : {
          "min" : 0,
          "max" : 0,
          "mean" : 0.000000,
          "stddev" : 0.000000,
          "N" : 0
        }
      },
      "job_runtime" : 300002,
      "usr_cpu" : 0.212999,
      "sys_cpu" : 1.464324,
      "ctx" : 17714,
      "majf" : 0,
      "minf" : 44,
      "iodepth_level" : {
        "1" : 0.100000,
        "2" : 0.100000,
        "4" : 0.100000,
        "8" : 0.100000,
        "16" : 0.100000,
        "32" : 0.100000,
        ">=64" : 99.822190
      },
      "iodepth_submit" : {
        "0" : 0.000000,
        "4" : 100.000000,
        "8" : 0.000000,
        "16" : 0.000000,
        "32" : 0.000000,
        "64" : 0.000000,
        ">=64" : 0.000000
      },
      "iodepth_complete" : {
        "0" : 0.000000,
        "4" : 99.997157,
        "8" : 0.000000,
        "16" : 0.000000,
        "32" : 0.000000,
        "64" : 0.000000,
        ">=64" : 0.100000
      },
      "latency_ns" : {
        "2" : 0.000000,
        "4" : 0.000000,
        "10" : 0.000000,
        "20" : 0.000000,
        "50" : 0.000000,
        "100" : 0.000000,
        "250" : 0.000000,
        "500" : 0.000000,
        "750" : 0.000000,
        "1000" : 0.000000
      },
      "latency_us" : {
        "2" : 0.000000,
        "4" : 0.000000,
        "10" : 0.000000,
        "20" : 0.010000,
        "50" : 0.000000,
        "100" : 0.000000,
        "250" : 0.000000,
        "500" : 0.000000,
        "750" : 0.000000,
        "1000" : 0.000000
      },
      "latency_ms" : {
        "2" : 0.000000,
        "4" : 0.000000,
        "10" : 0.000000,
        "20" : 0.010000,
        "50" : 0.028224,
        "100" : 0.053625,
        "250" : 0.011290,
        "500" : 0.045158,
        "750" : 5.300443,
        "1000" : 6.133047,
        "2000" : 37.035365,
        ">=2000" : 51.387203
      },
      "latency_depth" : 256,
      "latency_target" : 0,
      "latency_percentile" : 100.000000,
      "latency_window" : 0
    }
  ]
}
