{
  "fio version" : "fio-3.27",
  "timestamp" : 1627031000,
  "timestamp_ms" : 1627031000802,
  "time" : "Fri Jul 23 11:03:20 2021",
  "jobs" : [
    {
      "jobname" : "randrw",
      "groupid" : 0,
      "error" : 0,
      "eta" : 0,
      "elapsed" : 302,
      "job options" : {
        "bs" : "4K",
        "iodepth" : "256",
        "direct" : "0",
        "ioengine" : "libaio",
        "time_based" : "1",
        "runtime" : "300",
        "numjobs" : "32",
        "size" : "1g",
        "name" : "randrw",
        "rw" : "randrw",
        "directory" : "/scratch/snx2000/ccocha/randrw/150_node",
        "filename_format" : "$jobname.31.$jobnum.$filenum"
      },
      "read" : {
        "io_bytes" : 61648896,
        "io_kbytes" : 60204,
        "bw_bytes" : 204689,
        "bw" : 199,
        "iops" : 49.973106,
        "runtime" : 301182,
        "total_ios" : 15051,
        "short_ios" : 0,
        "drop_ios" : 0,
        "slat_ns" : {
          "min" : 14617200,
          "max" : 68874520589,
          "mean" : 638845051.072553,
          "stddev" : 2612990103.776188,
          "N" : 15051
        },
        "clat_ns" : {
          "min" : 20830,
          "max" : 168178552712,
          "mean" : 80467128282.276764,
          "stddev" : 35115148064.337425,
          "N" : 15051,
          "percentile" : {
            "1.000000" : 6610223104,
            "5.000000" : 8556380160,
            "10.000000" : 17112760320,
            "20.000000" : 17112760320,
            "30.000000" : 17112760320,
            "40.000000" : 17112760320,
            "50.000000" : 17112760320,
            "60.000000" : 17112760320,
            "70.000000" : 17112760320,
            "80.000000" : 17112760320,
            "90.000000" : 17112760320,
            "95.000000" : 17112760320,
            "99.000000" : 17112760320,
            "99.500000" : 17112760320,
            "99.900000" : 17112760320,
            "99.950000" : 17112760320,
            "99.990000" : 17112760320
          }
        },
        "lat_ns" : {
          "min" : 595885750,
          "max" : 169893858185,
          "mean" : 81105977285.559235,
          "stddev" : 35155213339.650925,
          "N" : 15051
        },
        "bw_min" : 256,
        "bw_max" : 2224,
        "bw_agg" : 100.000000,
        "bw_mean" : 479.957984,
        "bw_dev" : 10.539148,
        "bw_samples" : 5850,
        "iops_min" : 64,
        "iops_max" : 556,
        "iops_mean" : 119.989496,
        "iops_stddev" : 2.634787,
        "iops_samples" : 5850
      },
      "write" : {
        "io_bytes" : 61804544,
        "io_kbytes" : 60356,
        "bw_bytes" : 205206,
        "bw" : 200,
        "iops" : 50.099276,
        "runtime" : 301182,
        "total_ios" : 15089,
        "short_ios" : 0,
        "drop_ios" : 0,
        "slat_ns" : {
          "min" : 75481,
          "max" : 3349875,
          "mean" : 131105.885479,
          "stddev" : 83046.389649,
          "N" : 15089
        },
        "clat_ns" : {
          "min" : 595896360,
          "max" : 168474752444,
          "mean" : 80135194587.654114,
          "stddev" : 34634341497.048744,
          "N" : 15089,
          "percentile" : {
            "1.000000" : 7348420608,
            "5.000000" : 8657043456,
            "10.000000" : 17112760320,
            "20.000000" : 17112760320,
            "30.000000" : 17112760320,
            "40.000000" : 17112760320,
            "50.000000" : 17112760320,
            "60.000000" : 17112760320,
            "70.000000" : 17112760320,
            "80.000000" : 17112760320,
            "90.000000" : 17112760320,
            "95.000000" : 17112760320,
            "99.000000" : 17112760320,
            "99.500000" : 17112760320,
            "99.900000" : 17112760320,
            "99.950000" : 17112760320,
            "99.990000" : 17112760320
          }
        },
        "lat_ns" : {
          "min" : 595998240,
          "max" : 168474895945,
          "mean" : 80135326924.666763,
          "stddev" : 34634334343.327919,
          "N" : 15089
        },
        "bw_min" : 256,
        "bw_max" : 2408,
        "bw_agg" : 100.000000,
        "bw_mean" : 480.204695,
        "bw_dev" : 10.750180,
        "bw_samples" : 5843,
        "iops_min" : 64,
        "iops_max" : 602,
        "iops_mean" : 120.051174,
        "iops_stddev" : 2.687545,
        "iops_samples" : 5843
      },
      "trim" : {
        "io_bytes" : 0,
        "io_kbytes" : 0,
        "bw_bytes" : 0,
        "bw" : 0,
        "iops" : 0.000000,
        "runtime" : 0,
        "total_ios" : 0,
        "short_ios" : 0,
        "drop_ios" : 0,
        "slat_ns" : {
          "min" : 0,
          "max" : 0,
          "mean" : 0.000000,
          "stddev" : 0.000000,
          "N" : 0
        },
        "clat_ns" : {
          "min" : 0,
          "max" : 0,
          "mean" : 0.000000,
          "stddev" : 0.000000,
          "N" : 0
        },
        "lat_ns" : {
          "min" : 0,
          "max" : 0,
          "mean" : 0.000000,
          "stddev" : 0.000000,
          "N" : 0
        },
        "bw_min" : 0,
        "bw_max" : 0,
        "bw_agg" : 0.000000,
        "bw_mean" : 0.000000,
        "bw_dev" : 0.000000,
        "bw_samples" : 0,
        "iops_min" : 0,
        "iops_max" : 0,
        "iops_mean" : 0.000000,
        "iops_stddev" : 0.000000,
        "iops_samples" : 0
      },
      "sync" : {
        "total_ios" : 0,
        "lat_ns" : {
          "min" : 0,
          "max" : 0,
          "mean" : 0.000000,
          "stddev" : 0.000000,
          "N" : 0
        }
      },
      "job_runtime" : 9617903,
      "usr_cpu" : 0.006301,
      "sys_cpu" : 0.050926,
      "ctx" : 15358,
      "majf" : 0,
      "minf" : 1306,
      "iodepth_level" : {
        "1" : 0.106171,
        "2" : 0.212342,
        "4" : 0.424685,
        "8" : 0.849370,
        "16" : 1.698739,
        "32" : 3.397478,
        ">=64" : 93.311214
      },
      "iodepth_submit" : {
        "0" : 0.000000,
        "4" : 100.000000,
        "8" : 0.000000,
        "16" : 0.000000,
        "32" : 0.000000,
        "64" : 0.000000,
        ">=64" : 0.000000
      },
      "iodepth_complete" : {
        "0" : 0.000000,
        "4" : 99.854625,
        "8" : 0.000000,
        "16" : 0.000000,
        "32" : 0.000000,
        "64" : 0.000000,
        ">=64" : 0.145375
      },
      "latency_ns" : {
        "2" : 0.000000,
        "4" : 0.000000,
        "10" : 0.000000,
        "20" : 0.000000,
        "50" : 0.000000,
        "100" : 0.000000,
        "250" : 0.000000,
        "500" : 0.000000,
        "750" : 0.000000,
        "1000" : 0.000000
      },
      "latency_us" : {
        "2" : 0.000000,
        "4" : 0.000000,
        "10" : 0.000000,
        "20" : 0.000000,
        "50" : 0.106171,
        "100" : 0.000000,
        "250" : 0.000000,
        "500" : 0.000000,
        "750" : 0.000000,
        "1000" : 0.000000
      },
      "latency_ms" : {
        "2" : 0.000000,
        "4" : 0.000000,
        "10" : 0.000000,
        "20" : 0.000000,
        "50" : 0.000000,
        "100" : 0.000000,
        "250" : 0.000000,
        "500" : 0.000000,
        "750" : 0.029861,
        "1000" : 0.063039,
        "2000" : 0.139350,
        ">=2000" : 99.661579
      },
      "latency_depth" : 256,
      "latency_target" : 0,
      "latency_percentile" : 100.000000,
      "latency_window" : 0
    }
  ]
}
