{
  "fio version" : "fio-3.27",
  "timestamp" : 1627017590,
  "timestamp_ms" : 1627017590883,
  "time" : "Fri Jul 23 07:19:50 2021",
  "jobs" : [
    {
      "jobname" : "randrw",
      "groupid" : 0,
      "error" : 0,
      "eta" : 0,
      "elapsed" : 302,
      "job options" : {
        "bs" : "4K",
        "iodepth" : "256",
        "direct" : "0",
        "ioengine" : "libaio",
        "time_based" : "1",
        "runtime" : "300",
        "numjobs" : "64",
        "size" : "1g",
        "name" : "randrw",
        "rw" : "randrw",
        "directory" : "/scratch/snx2000/ccocha/randrw/32_node",
        "filename_format" : "$jobname.5.$jobnum.$filenum"
      },
      "read" : {
        "io_bytes" : 304300032,
        "io_kbytes" : 297168,
        "bw_bytes" : 1012514,
        "bw" : 988,
        "iops" : 247.195871,
        "runtime" : 300539,
        "total_ios" : 74292,
        "short_ios" : 0,
        "drop_ios" : 0,
        "slat_ns" : {
          "min" : 551434,
          "max" : 59106308386,
          "mean" : 258202836.276934,
          "stddev" : 1217295659.838928,
          "N" : 74292
        },
        "clat_ns" : {
          "min" : 17730,
          "max" : 136315151325,
          "mean" : 32776041746.497189,
          "stddev" : 27022161771.575871,
          "N" : 74292,
          "percentile" : {
            "1.000000" : 1518338048,
            "5.000000" : 2197815296,
            "10.000000" : 2634022912,
            "20.000000" : 4798283776,
            "30.000000" : 17112760320,
            "40.000000" : 17112760320,
            "50.000000" : 17112760320,
            "60.000000" : 17112760320,
            "70.000000" : 17112760320,
            "80.000000" : 17112760320,
            "90.000000" : 17112760320,
            "95.000000" : 17112760320,
            "99.000000" : 17112760320,
            "99.500000" : 17112760320,
            "99.900000" : 17112760320,
            "99.950000" : 17112760320,
            "99.990000" : 17112760320
          }
        },
        "lat_ns" : {
          "min" : 77429485,
          "max" : 136338861189,
          "mean" : 33034248322.761120,
          "stddev" : 27169098025.146145,
          "N" : 74292
        },
        "bw_min" : 449,
        "bw_max" : 14740,
        "bw_agg" : 100.000000,
        "bw_mean" : 1477.925097,
        "bw_dev" : 30.554409,
        "bw_samples" : 21767,
        "iops_min" : 65,
        "iops_max" : 3682,
        "iops_mean" : 368.208537,
        "iops_stddev" : 7.628094,
        "iops_samples" : 21767
      },
      "write" : {
        "io_bytes" : 304361472,
        "io_kbytes" : 297228,
        "bw_bytes" : 1012718,
        "bw" : 988,
        "iops" : 247.245782,
        "runtime" : 300539,
        "total_ios" : 74307,
        "short_ios" : 0,
        "drop_ios" : 0,
        "slat_ns" : {
          "min" : 75790,
          "max" : 1903787553,
          "mean" : 379737.299272,
          "stddev" : 21406810.032940,
          "N" : 74307
        },
        "clat_ns" : {
          "min" : 77440275,
          "max" : 136039511519,
          "mean" : 32956951994.788723,
          "stddev" : 27181786240.142471,
          "N" : 74307,
          "percentile" : {
            "1.000000" : 1535115264,
            "5.000000" : 2197815296,
            "10.000000" : 2634022912,
            "20.000000" : 4798283776,
            "30.000000" : 17112760320,
            "40.000000" : 17112760320,
            "50.000000" : 17112760320,
            "60.000000" : 17112760320,
            "70.000000" : 17112760320,
            "80.000000" : 17112760320,
            "90.000000" : 17112760320,
            "95.000000" : 17112760320,
            "99.000000" : 17112760320,
            "99.500000" : 17112760320,
            "99.900000" : 17112760320,
            "99.950000" : 17112760320,
            "99.990000" : 17112760320
          }
        },
        "lat_ns" : {
          "min" : 77540226,
          "max" : 136039670261,
          "mean" : 32957333039.956627,
          "stddev" : 27181521663.678295,
          "N" : 74307
        },
        "bw_min" : 451,
        "bw_max" : 14512,
        "bw_agg" : 100.000000,
        "bw_mean" : 1479.369342,
        "bw_dev" : 30.712082,
        "bw_samples" : 21785,
        "iops_min" : 67,
        "iops_max" : 3622,
        "iops_mean" : 368.619221,
        "iops_stddev" : 7.666773,
        "iops_samples" : 21785
      },
      "trim" : {
        "io_bytes" : 0,
        "io_kbytes" : 0,
        "bw_bytes" : 0,
        "bw" : 0,
        "iops" : 0.000000,
        "runtime" : 0,
        "total_ios" : 0,
        "short_ios" : 0,
        "drop_ios" : 0,
        "slat_ns" : {
          "min" : 0,
          "max" : 0,
          "mean" : 0.000000,
          "stddev" : 0.000000,
          "N" : 0
        },
        "clat_ns" : {
          "min" : 0,
          "max" : 0,
          "mean" : 0.000000,
          "stddev" : 0.000000,
          "N" : 0
        },
        "lat_ns" : {
          "min" : 0,
          "max" : 0,
          "mean" : 0.000000,
          "stddev" : 0.000000,
          "N" : 0
        },
        "bw_min" : 0,
        "bw_max" : 0,
        "bw_agg" : 0.000000,
        "bw_mean" : 0.000000,
        "bw_dev" : 0.000000,
        "bw_samples" : 0,
        "iops_min" : 0,
        "iops_max" : 0,
        "iops_mean" : 0.000000,
        "iops_stddev" : 0.000000,
        "iops_samples" : 0
      },
      "sync" : {
        "total_ios" : 0,
        "lat_ns" : {
          "min" : 0,
          "max" : 0,
          "mean" : 0.000000,
          "stddev" : 0.000000,
          "N" : 0
        }
      },
      "job_runtime" : 19214079,
      "usr_cpu" : 0.017669,
      "sys_cpu" : 0.119319,
      "ctx" : 75029,
      "majf" : 0,
      "minf" : 2679,
      "iodepth_level" : {
        "1" : 0.100000,
        "2" : 0.100000,
        "4" : 0.172276,
        "8" : 0.344551,
        "16" : 0.689103,
        "32" : 1.378206,
        ">=64" : 97.286657
      },
      "iodepth_submit" : {
        "0" : 0.000000,
        "4" : 100.000000,
        "8" : 0.000000,
        "16" : 0.000000,
        "32" : 0.000000,
        "64" : 0.000000,
        ">=64" : 0.000000
      },
      "iodepth_complete" : {
        "0" : 0.000000,
        "4" : 99.951641,
        "8" : 0.000000,
        "16" : 0.000000,
        "32" : 0.000000,
        "64" : 0.000000,
        ">=64" : 0.100000
      },
      "latency_ns" : {
        "2" : 0.000000,
        "4" : 0.000000,
        "10" : 0.000000,
        "20" : 0.000000,
        "50" : 0.000000,
        "100" : 0.000000,
        "250" : 0.000000,
        "500" : 0.000000,
        "750" : 0.000000,
        "1000" : 0.000000
      },
      "latency_us" : {
        "2" : 0.000000,
        "4" : 0.000000,
        "10" : 0.000000,
        "20" : 0.010000,
        "50" : 0.039704,
        "100" : 0.000000,
        "250" : 0.000000,
        "500" : 0.000000,
        "750" : 0.000000,
        "1000" : 0.000000
      },
      "latency_ms" : {
        "2" : 0.000000,
        "4" : 0.000000,
        "10" : 0.000000,
        "20" : 0.000000,
        "50" : 0.000000,
        "100" : 0.010000,
        "250" : 0.031629,
        "500" : 0.067295,
        "750" : 0.066622,
        "1000" : 0.072006,
        "2000" : 3.024246,
        ">=2000" : 96.689749
      },
      "latency_depth" : 256,
      "latency_target" : 0,
      "latency_percentile" : 100.000000,
      "latency_window" : 0
    }
  ]
}
