{
  "fio version" : "fio-3.27",
  "timestamp" : 1627437676,
  "timestamp_ms" : 1627437676730,
  "time" : "Wed Jul 28 04:01:16 2021",
  "jobs" : [
    {
      "jobname" : "seq-read",
      "groupid" : 0,
      "error" : 0,
      "eta" : 0,
      "elapsed" : 301,
      "job options" : {
        "bs" : "4K",
        "iodepth" : "256",
        "direct" : "1",
        "ioengine" : "libaio",
        "time_based" : "1",
        "runtime" : "300",
        "numjobs" : "4",
        "size" : "1g",
        "name" : "seq-read",
        "rw" : "read",
        "directory" : "/scratch/snx2000/ccocha/seqread/150_node/",
        "filename_format" : "$jobname.130.$jobnum.$filenum"
      },
      "read" : {
        "io_bytes" : 4426567680,
        "io_kbytes" : 4322820,
        "bw_bytes" : 14754979,
        "bw" : 14409,
        "iops" : 3602.289962,
        "runtime" : 300005,
        "total_ios" : 1080705,
        "short_ios" : 0,
        "drop_ios" : 0,
        "slat_ns" : {
          "min" : 412222,
          "max" : 248332688,
          "mean" : 1091241.100169,
          "stddev" : 1003561.437656,
          "N" : 1080705
        },
        "clat_ns" : {
          "min" : 15240,
          "max" : 522944175,
          "mean" : 282979974.383687,
          "stddev" : 25234760.676352,
          "N" : 1080705,
          "percentile" : {
            "1.000000" : 238026752,
            "5.000000" : 250609664,
            "10.000000" : 256901120,
            "20.000000" : 263192576,
            "30.000000" : 270532608,
            "40.000000" : 274726912,
            "50.000000" : 278921216,
            "60.000000" : 287309824,
            "70.000000" : 291504128,
            "80.000000" : 299892736,
            "90.000000" : 316669952,
            "95.000000" : 329252864,
            "99.000000" : 358612992,
            "99.500000" : 367001600,
            "99.900000" : 404750336,
            "99.950000" : 413138944,
            "99.990000" : 501219328
          }
        },
        "lat_ns" : {
          "min" : 569922,
          "max" : 523917458,
          "mean" : 284073696.854762,
          "stddev" : 25295087.865879,
          "N" : 1080705
        },
        "bw_min" : 4592,
        "bw_max" : 17248,
        "bw_agg" : 99.950315,
        "bw_mean" : 14402.096828,
        "bw_dev" : 269.598080,
        "bw_samples" : 2396,
        "iops_min" : 1148,
        "iops_max" : 4312,
        "iops_mean" : 3600.530885,
        "iops_stddev" : 67.399950,
        "iops_samples" : 2396
      },
      "write" : {
        "io_bytes" : 0,
        "io_kbytes" : 0,
        "bw_bytes" : 0,
        "bw" : 0,
        "iops" : 0.000000,
        "runtime" : 0,
        "total_ios" : 0,
        "short_ios" : 0,
        "drop_ios" : 0,
        "slat_ns" : {
          "min" : 0,
          "max" : 0,
          "mean" : 0.000000,
          "stddev" : 0.000000,
          "N" : 0
        },
        "clat_ns" : {
          "min" : 0,
          "max" : 0,
          "mean" : 0.000000,
          "stddev" : 0.000000,
          "N" : 0
        },
        "lat_ns" : {
          "min" : 0,
          "max" : 0,
          "mean" : 0.000000,
          "stddev" : 0.000000,
          "N" : 0
        },
        "bw_min" : 0,
        "bw_max" : 0,
        "bw_agg" : 0.000000,
        "bw_mean" : 0.000000,
        "bw_dev" : 0.000000,
        "bw_samples" : 0,
        "iops_min" : 0,
        "iops_max" : 0,
        "iops_mean" : 0.000000,
        "iops_stddev" : 0.000000,
        "iops_samples" : 0
      },
      "trim" : {
        "io_bytes" : 0,
        "io_kbytes" : 0,
        "bw_bytes" : 0,
        "bw" : 0,
        "iops" : 0.000000,
        "runtime" : 0,
        "total_ios" : 0,
        "short_ios" : 0,
        "drop_ios" : 0,
        "slat_ns" : {
          "min" : 0,
          "max" : 0,
          "mean" : 0.000000,
          "stddev" : 0.000000,
          "N" : 0
        },
        "clat_ns" : {
          "min" : 0,
          "max" : 0,
          "mean" : 0.000000,
          "stddev" : 0.000000,
          "N" : 0
        },
        "lat_ns" : {
          "min" : 0,
          "max" : 0,
          "mean" : 0.000000,
          "stddev" : 0.000000,
          "N" : 0
        },
        "bw_min" : 0,
        "bw_max" : 0,
        "bw_agg" : 0.000000,
        "bw_mean" : 0.000000,
        "bw_dev" : 0.000000,
        "bw_samples" : 0,
        "iops_min" : 0,
        "iops_max" : 0,
        "iops_mean" : 0.000000,
        "iops_stddev" : 0.000000,
        "iops_samples" : 0
      },
      "sync" : {
        "total_ios" : 0,
        "lat_ns" : {
          "min" : 0,
          "max" : 0,
          "mean" : 0.000000,
          "stddev" : 0.000000,
          "N" : 0
        }
      },
      "job_runtime" : 1200007,
      "usr_cpu" : 1.955239,
      "sys_cpu" : 12.851925,
      "ctx" : 1080801,
      "majf" : 0,
      "minf" : 1183,
      "iodepth_level" : {
        "1" : 0.100000,
        "2" : 0.100000,
        "4" : 0.100000,
        "8" : 0.100000,
        "16" : 0.100000,
        "32" : 0.100000,
        ">=64" : 99.976682
      },
      "iodepth_submit" : {
        "0" : 0.000000,
        "4" : 100.000000,
        "8" : 0.000000,
        "16" : 0.000000,
        "32" : 0.000000,
        "64" : 0.000000,
        ">=64" : 0.000000
      },
      "iodepth_complete" : {
        "0" : 0.000000,
        "4" : 99.999630,
        "8" : 0.000000,
        "16" : 0.000000,
        "32" : 0.000000,
        "64" : 0.000000,
        ">=64" : 0.100000
      },
      "latency_ns" : {
        "2" : 0.000000,
        "4" : 0.000000,
        "10" : 0.000000,
        "20" : 0.000000,
        "50" : 0.000000,
        "100" : 0.000000,
        "250" : 0.000000,
        "500" : 0.000000,
        "750" : 0.000000,
        "1000" : 0.000000
      },
      "latency_us" : {
        "2" : 0.000000,
        "4" : 0.000000,
        "10" : 0.000000,
        "20" : 0.010000,
        "50" : 0.010000,
        "100" : 0.000000,
        "250" : 0.000000,
        "500" : 0.000000,
        "750" : 0.010000,
        "1000" : 0.000000
      },
      "latency_ms" : {
        "2" : 0.010000,
        "4" : 0.010000,
        "10" : 0.010000,
        "20" : 0.010000,
        "50" : 0.012122,
        "100" : 0.024706,
        "250" : 4.984154,
        "500" : 94.959864,
        "750" : 0.010000,
        "1000" : 0.000000,
        "2000" : 0.000000,
        ">=2000" : 0.000000
      },
      "latency_depth" : 256,
      "latency_target" : 0,
      "latency_percentile" : 100.000000,
      "latency_window" : 0
    }
  ]
}
