{
  "fio version" : "fio-3.27",
  "timestamp" : 1627020200,
  "timestamp_ms" : 1627020200628,
  "time" : "Fri Jul 23 08:03:20 2021",
  "jobs" : [
    {
      "jobname" : "randrw",
      "groupid" : 0,
      "error" : 0,
      "eta" : 0,
      "elapsed" : 302,
      "job options" : {
        "bs" : "4K",
        "iodepth" : "256",
        "direct" : "0",
        "ioengine" : "libaio",
        "time_based" : "1",
        "runtime" : "300",
        "numjobs" : "32",
        "size" : "1g",
        "name" : "randrw",
        "rw" : "randrw",
        "directory" : "/scratch/snx2000/ccocha/randrw/64_node",
        "filename_format" : "$jobname.40.$jobnum.$filenum"
      },
      "read" : {
        "io_bytes" : 159514624,
        "io_kbytes" : 155776,
        "bw_bytes" : 529860,
        "bw" : 517,
        "iops" : 129.360571,
        "runtime" : 301050,
        "total_ios" : 38944,
        "short_ios" : 0,
        "drop_ios" : 0,
        "slat_ns" : {
          "min" : 557047,
          "max" : 69981379027,
          "mean" : 246607220.270517,
          "stddev" : 1462923713.258068,
          "N" : 38944
        },
        "clat_ns" : {
          "min" : 20350,
          "max" : 120083707689,
          "mean" : 31101445462.069454,
          "stddev" : 24753483314.405407,
          "N" : 38944,
          "percentile" : {
            "1.000000" : 2533359616,
            "5.000000" : 3003121664,
            "10.000000" : 3271557120,
            "20.000000" : 4244635648,
            "30.000000" : 17112760320,
            "40.000000" : 17112760320,
            "50.000000" : 17112760320,
            "60.000000" : 17112760320,
            "70.000000" : 17112760320,
            "80.000000" : 17112760320,
            "90.000000" : 17112760320,
            "95.000000" : 17112760320,
            "99.000000" : 17112760320,
            "99.500000" : 17112760320,
            "99.900000" : 17112760320,
            "99.950000" : 17112760320,
            "99.990000" : 17112760320
          }
        },
        "lat_ns" : {
          "min" : 186477838,
          "max" : 120692418800,
          "mean" : 31348056248.057751,
          "stddev" : 24849752784.901417,
          "N" : 38944
        },
        "bw_min" : 256,
        "bw_max" : 8096,
        "bw_agg" : 100.000000,
        "bw_mean" : 907.167917,
        "bw_dev" : 32.778861,
        "bw_samples" : 9846,
        "iops_min" : 64,
        "iops_max" : 2024,
        "iops_mean" : 226.791979,
        "iops_stddev" : 8.194715,
        "iops_samples" : 9846
      },
      "write" : {
        "io_bytes" : 159318016,
        "io_kbytes" : 155584,
        "bw_bytes" : 529207,
        "bw" : 516,
        "iops" : 129.201129,
        "runtime" : 301050,
        "total_ios" : 38896,
        "short_ios" : 0,
        "drop_ios" : 0,
        "slat_ns" : {
          "min" : 75271,
          "max" : 2550189,
          "mean" : 125108.236991,
          "stddev" : 54576.711798,
          "N" : 38896
        },
        "clat_ns" : {
          "min" : 255175402,
          "max" : 120166267288,
          "mean" : 31530163308.230225,
          "stddev" : 24916265704.517490,
          "N" : 38896,
          "percentile" : {
            "1.000000" : 2533359616,
            "5.000000" : 3003121664,
            "10.000000" : 3271557120,
            "20.000000" : 4529848320,
            "30.000000" : 17112760320,
            "40.000000" : 17112760320,
            "50.000000" : 17112760320,
            "60.000000" : 17112760320,
            "70.000000" : 17112760320,
            "80.000000" : 17112760320,
            "90.000000" : 17112760320,
            "95.000000" : 17112760320,
            "99.000000" : 17112760320,
            "99.500000" : 17112760320,
            "99.900000" : 17112760320,
            "99.950000" : 17112760320,
            "99.990000" : 17112760320
          }
        },
        "lat_ns" : {
          "min" : 255365904,
          "max" : 120166350049,
          "mean" : 31530289677.234425,
          "stddev" : 24916263875.723743,
          "N" : 38896
        },
        "bw_min" : 256,
        "bw_max" : 7712,
        "bw_agg" : 100.000000,
        "bw_mean" : 895.465076,
        "bw_dev" : 31.904262,
        "bw_samples" : 10016,
        "iops_min" : 64,
        "iops_max" : 1928,
        "iops_mean" : 223.866269,
        "iops_stddev" : 7.976066,
        "iops_samples" : 10016
      },
      "trim" : {
        "io_bytes" : 0,
        "io_kbytes" : 0,
        "bw_bytes" : 0,
        "bw" : 0,
        "iops" : 0.000000,
        "runtime" : 0,
        "total_ios" : 0,
        "short_ios" : 0,
        "drop_ios" : 0,
        "slat_ns" : {
          "min" : 0,
          "max" : 0,
          "mean" : 0.000000,
          "stddev" : 0.000000,
          "N" : 0
        },
        "clat_ns" : {
          "min" : 0,
          "max" : 0,
          "mean" : 0.000000,
          "stddev" : 0.000000,
          "N" : 0
        },
        "lat_ns" : {
          "min" : 0,
          "max" : 0,
          "mean" : 0.000000,
          "stddev" : 0.000000,
          "N" : 0
        },
        "bw_min" : 0,
        "bw_max" : 0,
        "bw_agg" : 0.000000,
        "bw_mean" : 0.000000,
        "bw_dev" : 0.000000,
        "bw_samples" : 0,
        "iops_min" : 0,
        "iops_max" : 0,
        "iops_mean" : 0.000000,
        "iops_stddev" : 0.000000,
        "iops_samples" : 0
      },
      "sync" : {
        "total_ios" : 0,
        "lat_ns" : {
          "min" : 0,
          "max" : 0,
          "mean" : 0.000000,
          "stddev" : 0.000000,
          "N" : 0
        }
      },
      "job_runtime" : 9610350,
      "usr_cpu" : 0.017741,
      "sys_cpu" : 0.121452,
      "ctx" : 39248,
      "majf" : 0,
      "minf" : 1316,
      "iodepth_level" : {
        "1" : 0.100000,
        "2" : 0.100000,
        "4" : 0.164440,
        "8" : 0.328880,
        "16" : 0.657760,
        "32" : 1.315519,
        ">=64" : 97.410072
      },
      "iodepth_submit" : {
        "0" : 0.000000,
        "4" : 100.000000,
        "8" : 0.000000,
        "16" : 0.000000,
        "32" : 0.000000,
        "64" : 0.000000,
        ">=64" : 0.000000
      },
      "iodepth_complete" : {
        "0" : 0.000000,
        "4" : 99.954097,
        "8" : 0.000000,
        "16" : 0.000000,
        "32" : 0.000000,
        "64" : 0.000000,
        ">=64" : 0.100000
      },
      "latency_ns" : {
        "2" : 0.000000,
        "4" : 0.000000,
        "10" : 0.000000,
        "20" : 0.000000,
        "50" : 0.000000,
        "100" : 0.000000,
        "250" : 0.000000,
        "500" : 0.000000,
        "750" : 0.000000,
        "1000" : 0.000000
      },
      "latency_us" : {
        "2" : 0.000000,
        "4" : 0.000000,
        "10" : 0.000000,
        "20" : 0.000000,
        "50" : 0.041110,
        "100" : 0.000000,
        "250" : 0.000000,
        "500" : 0.000000,
        "750" : 0.000000,
        "1000" : 0.000000
      },
      "latency_ms" : {
        "2" : 0.000000,
        "4" : 0.000000,
        "10" : 0.000000,
        "20" : 0.000000,
        "50" : 0.000000,
        "100" : 0.000000,
        "250" : 0.010000,
        "500" : 0.012847,
        "750" : 0.029548,
        "1000" : 0.041110,
        "2000" : 0.168294,
        ">=2000" : 99.705807
      },
      "latency_depth" : 256,
      "latency_target" : 0,
      "latency_percentile" : 100.000000,
      "latency_window" : 0
    }
  ]
}
