{
  "fio version" : "fio-3.27",
  "timestamp" : 1627438108,
  "timestamp_ms" : 1627438108359,
  "time" : "Wed Jul 28 04:08:28 2021",
  "jobs" : [
    {
      "jobname" : "seq-read",
      "groupid" : 0,
      "error" : 0,
      "eta" : 0,
      "elapsed" : 301,
      "job options" : {
        "bs" : "4K",
        "iodepth" : "256",
        "direct" : "1",
        "ioengine" : "libaio",
        "time_based" : "1",
        "runtime" : "300",
        "numjobs" : "8",
        "size" : "1g",
        "name" : "seq-read",
        "rw" : "read",
        "directory" : "/scratch/snx2000/ccocha/seqread/150_node/",
        "filename_format" : "$jobname.89.$jobnum.$filenum"
      },
      "read" : {
        "io_bytes" : 4354502656,
        "io_kbytes" : 4252444,
        "bw_bytes" : 14514912,
        "bw" : 14174,
        "iops" : 3543.679709,
        "runtime" : 300002,
        "total_ios" : 1063111,
        "short_ios" : 0,
        "drop_ios" : 0,
        "slat_ns" : {
          "min" : 419194,
          "max" : 110729166,
          "mean" : 2236284.532838,
          "stddev" : 931094.194755,
          "N" : 1063111
        },
        "clat_ns" : {
          "min" : 16860,
          "max" : 765850047,
          "mean" : 575367096.294580,
          "stddev" : 36248113.723947,
          "N" : 1063111,
          "percentile" : {
            "1.000000" : 484442112,
            "5.000000" : 517996544,
            "10.000000" : 541065216,
            "20.000000" : 557842432,
            "30.000000" : 566231040,
            "40.000000" : 566231040,
            "50.000000" : 574619648,
            "60.000000" : 583008256,
            "70.000000" : 591396864,
            "80.000000" : 599785472,
            "90.000000" : 616562688,
            "95.000000" : 624951296,
            "99.000000" : 658505728,
            "99.500000" : 666894336,
            "99.900000" : 700448768,
            "99.950000" : 717225984,
            "99.990000" : 759169024
          }
        },
        "lat_ns" : {
          "min" : 1594935,
          "max" : 768045947,
          "mean" : 577606234.791638,
          "stddev" : 36345551.989512,
          "N" : 1063111
        },
        "bw_min" : 6264,
        "bw_max" : 16264,
        "bw_agg" : 99.860888,
        "bw_mean" : 14155.212020,
        "bw_dev" : 93.780996,
        "bw_samples" : 4792,
        "iops_min" : 1566,
        "iops_max" : 4066,
        "iops_mean" : 3538.412354,
        "iops_stddev" : 23.449851,
        "iops_samples" : 4792
      },
      "write" : {
        "io_bytes" : 0,
        "io_kbytes" : 0,
        "bw_bytes" : 0,
        "bw" : 0,
        "iops" : 0.000000,
        "runtime" : 0,
        "total_ios" : 0,
        "short_ios" : 0,
        "drop_ios" : 0,
        "slat_ns" : {
          "min" : 0,
          "max" : 0,
          "mean" : 0.000000,
          "stddev" : 0.000000,
          "N" : 0
        },
        "clat_ns" : {
          "min" : 0,
          "max" : 0,
          "mean" : 0.000000,
          "stddev" : 0.000000,
          "N" : 0
        },
        "lat_ns" : {
          "min" : 0,
          "max" : 0,
          "mean" : 0.000000,
          "stddev" : 0.000000,
          "N" : 0
        },
        "bw_min" : 0,
        "bw_max" : 0,
        "bw_agg" : 0.000000,
        "bw_mean" : 0.000000,
        "bw_dev" : 0.000000,
        "bw_samples" : 0,
        "iops_min" : 0,
        "iops_max" : 0,
        "iops_mean" : 0.000000,
        "iops_stddev" : 0.000000,
        "iops_samples" : 0
      },
      "trim" : {
        "io_bytes" : 0,
        "io_kbytes" : 0,
        "bw_bytes" : 0,
        "bw" : 0,
        "iops" : 0.000000,
        "runtime" : 0,
        "total_ios" : 0,
        "short_ios" : 0,
        "drop_ios" : 0,
        "slat_ns" : {
          "min" : 0,
          "max" : 0,
          "mean" : 0.000000,
          "stddev" : 0.000000,
          "N" : 0
        },
        "clat_ns" : {
          "min" : 0,
          "max" : 0,
          "mean" : 0.000000,
          "stddev" : 0.000000,
          "N" : 0
        },
        "lat_ns" : {
          "min" : 0,
          "max" : 0,
          "mean" : 0.000000,
          "stddev" : 0.000000,
          "N" : 0
        },
        "bw_min" : 0,
        "bw_max" : 0,
        "bw_agg" : 0.000000,
        "bw_mean" : 0.000000,
        "bw_dev" : 0.000000,
        "bw_samples" : 0,
        "iops_min" : 0,
        "iops_max" : 0,
        "iops_mean" : 0.000000,
        "iops_stddev" : 0.000000,
        "iops_samples" : 0
      },
      "sync" : {
        "total_ios" : 0,
        "lat_ns" : {
          "min" : 0,
          "max" : 0,
          "mean" : 0.000000,
          "stddev" : 0.000000,
          "N" : 0
        }
      },
      "job_runtime" : 2400007,
      "usr_cpu" : 1.059372,
      "sys_cpu" : 6.980355,
      "ctx" : 1063252,
      "majf" : 0,
      "minf" : 2367,
      "iodepth_level" : {
        "1" : 0.100000,
        "2" : 0.100000,
        "4" : 0.100000,
        "8" : 0.100000,
        "16" : 0.100000,
        "32" : 0.100000,
        ">=64" : 99.952592
      },
      "iodepth_submit" : {
        "0" : 0.000000,
        "4" : 100.000000,
        "8" : 0.000000,
        "16" : 0.000000,
        "32" : 0.000000,
        "64" : 0.000000,
        ">=64" : 0.000000
      },
      "iodepth_complete" : {
        "0" : 0.000000,
        "4" : 99.999246,
        "8" : 0.000000,
        "16" : 0.000000,
        "32" : 0.000000,
        "64" : 0.000000,
        ">=64" : 0.100000
      },
      "latency_ns" : {
        "2" : 0.000000,
        "4" : 0.000000,
        "10" : 0.000000,
        "20" : 0.000000,
        "50" : 0.000000,
        "100" : 0.000000,
        "250" : 0.000000,
        "500" : 0.000000,
        "750" : 0.000000,
        "1000" : 0.000000
      },
      "latency_us" : {
        "2" : 0.000000,
        "4" : 0.000000,
        "10" : 0.000000,
        "20" : 0.010000,
        "50" : 0.010000,
        "100" : 0.000000,
        "250" : 0.000000,
        "500" : 0.000000,
        "750" : 0.000000,
        "1000" : 0.000000
      },
      "latency_ms" : {
        "2" : 0.010000,
        "4" : 0.010000,
        "10" : 0.010000,
        "20" : 0.010000,
        "50" : 0.010000,
        "100" : 0.016743,
        "250" : 0.053710,
        "500" : 2.658895,
        "750" : 97.239047,
        "1000" : 0.014486,
        "2000" : 0.000000,
        ">=2000" : 0.000000
      },
      "latency_depth" : 256,
      "latency_target" : 0,
      "latency_percentile" : 100.000000,
      "latency_window" : 0
    }
  ]
}
