{
  "fio version" : "fio-3.27",
  "timestamp" : 1627021867,
  "timestamp_ms" : 1627021867797,
  "time" : "Fri Jul 23 08:31:07 2021",
  "jobs" : [
    {
      "jobname" : "randrw",
      "groupid" : 0,
      "error" : 0,
      "eta" : 0,
      "elapsed" : 301,
      "job options" : {
        "bs" : "4K",
        "iodepth" : "256",
        "direct" : "0",
        "ioengine" : "libaio",
        "time_based" : "1",
        "runtime" : "300",
        "numjobs" : "2",
        "size" : "1g",
        "name" : "randrw",
        "rw" : "randrw",
        "directory" : "/scratch/snx2000/ccocha/randrw/96_node",
        "filename_format" : "$jobname.95.$jobnum.$filenum"
      },
      "read" : {
        "io_bytes" : 113881088,
        "io_kbytes" : 111212,
        "bw_bytes" : 379590,
        "bw" : 370,
        "iops" : 92.673578,
        "runtime" : 300010,
        "total_ios" : 27803,
        "short_ios" : 0,
        "drop_ios" : 0,
        "slat_ns" : {
          "min" : 467052,
          "max" : 2425823877,
          "mean" : 21438882.930008,
          "stddev" : 54231723.708600,
          "N" : 27803
        },
        "clat_ns" : {
          "min" : 13480,
          "max" : 21665423562,
          "mean" : 2734591049.530302,
          "stddev" : 1811587655.468541,
          "N" : 27803,
          "percentile" : {
            "1.000000" : 658505728,
            "5.000000" : 734003200,
            "10.000000" : 851443712,
            "20.000000" : 1870659584,
            "30.000000" : 2197815296,
            "40.000000" : 2432696320,
            "50.000000" : 2667577344,
            "60.000000" : 2868903936,
            "70.000000" : 3103784960,
            "80.000000" : 3338665984,
            "90.000000" : 3774873600,
            "95.000000" : 4278190080,
            "99.000000" : 7415529472,
            "99.500000" : 17112760320,
            "99.900000" : 17112760320,
            "99.950000" : 17112760320,
            "99.990000" : 17112760320
          }
        },
        "lat_ns" : {
          "min" : 5785105,
          "max" : 21669995479,
          "mean" : 2756032611.808831,
          "stddev" : 1818950928.958281,
          "N" : 27803
        },
        "bw_min" : 16,
        "bw_max" : 1696,
        "bw_agg" : 100.000000,
        "bw_mean" : 387.360340,
        "bw_dev" : 143.941694,
        "bw_samples" : 1136,
        "iops_min" : 4,
        "iops_max" : 424,
        "iops_mean" : 96.840085,
        "iops_stddev" : 35.985423,
        "iops_samples" : 1136
      },
      "write" : {
        "io_bytes" : 114864128,
        "io_kbytes" : 112172,
        "bw_bytes" : 382867,
        "bw" : 373,
        "iops" : 93.473551,
        "runtime" : 300010,
        "total_ios" : 28043,
        "short_ios" : 0,
        "drop_ios" : 0,
        "slat_ns" : {
          "min" : 75340,
          "max" : 1877812,
          "mean" : 107319.443141,
          "stddev" : 41788.653130,
          "N" : 28043
        },
        "clat_ns" : {
          "min" : 5794965,
          "max" : 21665103270,
          "mean" : 2738277186.060218,
          "stddev" : 1868238479.438206,
          "N" : 28043,
          "percentile" : {
            "1.000000" : 658505728,
            "5.000000" : 734003200,
            "10.000000" : 834666496,
            "20.000000" : 1837105152,
            "30.000000" : 2164260864,
            "40.000000" : 2399141888,
            "50.000000" : 2667577344,
            "60.000000" : 2868903936,
            "70.000000" : 3103784960,
            "80.000000" : 3372220416,
            "90.000000" : 3841982464,
            "95.000000" : 4328521728,
            "99.000000" : 7818182656,
            "99.500000" : 17112760320,
            "99.900000" : 17112760320,
            "99.950000" : 17112760320,
            "99.990000" : 17112760320
          }
        },
        "lat_ns" : {
          "min" : 5898046,
          "max" : 21665185040,
          "mean" : 2738385644.664679,
          "stddev" : 1868238371.154764,
          "N" : 28043
        },
        "bw_min" : 16,
        "bw_max" : 1576,
        "bw_agg" : 100.000000,
        "bw_mean" : 389.936468,
        "bw_dev" : 147.627405,
        "bw_samples" : 1139,
        "iops_min" : 4,
        "iops_max" : 394,
        "iops_mean" : 97.484117,
        "iops_stddev" : 36.906851,
        "iops_samples" : 1139
      },
      "trim" : {
        "io_bytes" : 0,
        "io_kbytes" : 0,
        "bw_bytes" : 0,
        "bw" : 0,
        "iops" : 0.000000,
        "runtime" : 0,
        "total_ios" : 0,
        "short_ios" : 0,
        "drop_ios" : 0,
        "slat_ns" : {
          "min" : 0,
          "max" : 0,
          "mean" : 0.000000,
          "stddev" : 0.000000,
          "N" : 0
        },
        "clat_ns" : {
          "min" : 0,
          "max" : 0,
          "mean" : 0.000000,
          "stddev" : 0.000000,
          "N" : 0
        },
        "lat_ns" : {
          "min" : 0,
          "max" : 0,
          "mean" : 0.000000,
          "stddev" : 0.000000,
          "N" : 0
        },
        "bw_min" : 0,
        "bw_max" : 0,
        "bw_agg" : 0.000000,
        "bw_mean" : 0.000000,
        "bw_dev" : 0.000000,
        "bw_samples" : 0,
        "iops_min" : 0,
        "iops_max" : 0,
        "iops_mean" : 0.000000,
        "iops_stddev" : 0.000000,
        "iops_samples" : 0
      },
      "sync" : {
        "total_ios" : 0,
        "lat_ns" : {
          "min" : 0,
          "max" : 0,
          "mean" : 0.000000,
          "stddev" : 0.000000,
          "N" : 0
        }
      },
      "job_runtime" : 600012,
      "usr_cpu" : 0.176830,
      "sys_cpu" : 1.180643,
      "ctx" : 27817,
      "majf" : 0,
      "minf" : 88,
      "iodepth_level" : {
        "1" : 0.100000,
        "2" : 0.100000,
        "4" : 0.100000,
        "8" : 0.100000,
        "16" : 0.100000,
        "32" : 0.114601,
        ">=64" : 99.774380
      },
      "iodepth_submit" : {
        "0" : 0.000000,
        "4" : 100.000000,
        "8" : 0.000000,
        "16" : 0.000000,
        "32" : 0.000000,
        "64" : 0.000000,
        ">=64" : 0.000000
      },
      "iodepth_complete" : {
        "0" : 0.000000,
        "4" : 99.996386,
        "8" : 0.000000,
        "16" : 0.000000,
        "32" : 0.000000,
        "64" : 0.000000,
        ">=64" : 0.100000
      },
      "latency_ns" : {
        "2" : 0.000000,
        "4" : 0.000000,
        "10" : 0.000000,
        "20" : 0.000000,
        "50" : 0.000000,
        "100" : 0.000000,
        "250" : 0.000000,
        "500" : 0.000000,
        "750" : 0.000000,
        "1000" : 0.000000
      },
      "latency_us" : {
        "2" : 0.000000,
        "4" : 0.000000,
        "10" : 0.000000,
        "20" : 0.010000,
        "50" : 0.000000,
        "100" : 0.000000,
        "250" : 0.000000,
        "500" : 0.000000,
        "750" : 0.000000,
        "1000" : 0.000000
      },
      "latency_ms" : {
        "2" : 0.000000,
        "4" : 0.000000,
        "10" : 0.010000,
        "20" : 0.010000,
        "50" : 0.010000,
        "100" : 0.026860,
        "250" : 0.050138,
        "500" : 0.087741,
        "750" : 5.726462,
        "1000" : 5.395194,
        "2000" : 12.414497,
        ">=2000" : 76.279411
      },
      "latency_depth" : 256,
      "latency_target" : 0,
      "latency_percentile" : 100.000000,
      "latency_window" : 0
    }
  ]
}
