{
  "fio version" : "fio-3.27",
  "timestamp" : 1627421257,
  "timestamp_ms" : 1627421257246,
  "time" : "Tue Jul 27 23:27:37 2021",
  "jobs" : [
    {
      "jobname" : "seq-read",
      "groupid" : 0,
      "error" : 0,
      "eta" : 0,
      "elapsed" : 301,
      "job options" : {
        "bs" : "4K",
        "iodepth" : "256",
        "direct" : "1",
        "ioengine" : "libaio",
        "time_based" : "1",
        "runtime" : "300",
        "numjobs" : "32",
        "size" : "1g",
        "name" : "seq-read",
        "rw" : "read",
        "directory" : "/scratch/snx2000/ccocha/seqread/16_node/",
        "filename_format" : "$jobname.14.$jobnum.$filenum"
      },
      "read" : {
        "io_bytes" : 24115339264,
        "io_kbytes" : 23550136,
        "bw_bytes" : 80383392,
        "bw" : 78499,
        "iops" : 19624.851669,
        "runtime" : 300004,
        "total_ios" : 5887534,
        "short_ios" : 0,
        "drop_ios" : 0,
        "slat_ns" : {
          "min" : 490535,
          "max" : 151623821,
          "mean" : 1609282.523965,
          "stddev" : 1090517.963971,
          "N" : 5887534
        },
        "clat_ns" : {
          "min" : 12400,
          "max" : 586989366,
          "mean" : 415480814.858481,
          "stddev" : 23026054.981014,
          "N" : 5887534,
          "percentile" : {
            "1.000000" : 379584512,
            "5.000000" : 392167424,
            "10.000000" : 396361728,
            "20.000000" : 400556032,
            "30.000000" : 404750336,
            "40.000000" : 404750336,
            "50.000000" : 408944640,
            "60.000000" : 413138944,
            "70.000000" : 421527552,
            "80.000000" : 429916160,
            "90.000000" : 446693376,
            "95.000000" : 459276288,
            "99.000000" : 484442112,
            "99.500000" : 492830720,
            "99.900000" : 517996544,
            "99.950000" : 530579456,
            "99.990000" : 549453824
          }
        },
        "lat_ns" : {
          "min" : 1034260,
          "max" : 588273558,
          "mean" : 417092892.181343,
          "stddev" : 23069322.461347,
          "N" : 5887534
        },
        "bw_min" : 14655,
        "bw_max" : 87102,
        "bw_agg" : 99.934514,
        "bw_mean" : 78448.347513,
        "bw_dev" : 141.611829,
        "bw_samples" : 19164,
        "iops_min" : 3663,
        "iops_max" : 21774,
        "iops_mean" : 19611.303323,
        "iops_stddev" : 35.387922,
        "iops_samples" : 19164
      },
      "write" : {
        "io_bytes" : 0,
        "io_kbytes" : 0,
        "bw_bytes" : 0,
        "bw" : 0,
        "iops" : 0.000000,
        "runtime" : 0,
        "total_ios" : 0,
        "short_ios" : 0,
        "drop_ios" : 0,
        "slat_ns" : {
          "min" : 0,
          "max" : 0,
          "mean" : 0.000000,
          "stddev" : 0.000000,
          "N" : 0
        },
        "clat_ns" : {
          "min" : 0,
          "max" : 0,
          "mean" : 0.000000,
          "stddev" : 0.000000,
          "N" : 0
        },
        "lat_ns" : {
          "min" : 0,
          "max" : 0,
          "mean" : 0.000000,
          "stddev" : 0.000000,
          "N" : 0
        },
        "bw_min" : 0,
        "bw_max" : 0,
        "bw_agg" : 0.000000,
        "bw_mean" : 0.000000,
        "bw_dev" : 0.000000,
        "bw_samples" : 0,
        "iops_min" : 0,
        "iops_max" : 0,
        "iops_mean" : 0.000000,
        "iops_stddev" : 0.000000,
        "iops_samples" : 0
      },
      "trim" : {
        "io_bytes" : 0,
        "io_kbytes" : 0,
        "bw_bytes" : 0,
        "bw" : 0,
        "iops" : 0.000000,
        "runtime" : 0,
        "total_ios" : 0,
        "short_ios" : 0,
        "drop_ios" : 0,
        "slat_ns" : {
          "min" : 0,
          "max" : 0,
          "mean" : 0.000000,
          "stddev" : 0.000000,
          "N" : 0
        },
        "clat_ns" : {
          "min" : 0,
          "max" : 0,
          "mean" : 0.000000,
          "stddev" : 0.000000,
          "N" : 0
        },
        "lat_ns" : {
          "min" : 0,
          "max" : 0,
          "mean" : 0.000000,
          "stddev" : 0.000000,
          "N" : 0
        },
        "bw_min" : 0,
        "bw_max" : 0,
        "bw_agg" : 0.000000,
        "bw_mean" : 0.000000,
        "bw_dev" : 0.000000,
        "bw_samples" : 0,
        "iops_min" : 0,
        "iops_max" : 0,
        "iops_mean" : 0.000000,
        "iops_stddev" : 0.000000,
        "iops_samples" : 0
      },
      "sync" : {
        "total_ios" : 0,
        "lat_ns" : {
          "min" : 0,
          "max" : 0,
          "mean" : 0.000000,
          "stddev" : 0.000000,
          "N" : 0
        }
      },
      "job_runtime" : 9600012,
      "usr_cpu" : 1.530290,
      "sys_cpu" : 9.229166,
      "ctx" : 5888282,
      "majf" : 0,
      "minf" : 9473,
      "iodepth_level" : {
        "1" : 0.100000,
        "2" : 0.100000,
        "4" : 0.100000,
        "8" : 0.100000,
        "16" : 0.100000,
        "32" : 0.100000,
        ">=64" : 99.965758
      },
      "iodepth_submit" : {
        "0" : 0.000000,
        "4" : 100.000000,
        "8" : 0.000000,
        "16" : 0.000000,
        "32" : 0.000000,
        "64" : 0.000000,
        ">=64" : 0.000000
      },
      "iodepth_complete" : {
        "0" : 0.000000,
        "4" : 99.999456,
        "8" : 0.000000,
        "16" : 0.000000,
        "32" : 0.000000,
        "64" : 0.000000,
        ">=64" : 0.100000
      },
      "latency_ns" : {
        "2" : 0.000000,
        "4" : 0.000000,
        "10" : 0.000000,
        "20" : 0.000000,
        "50" : 0.000000,
        "100" : 0.000000,
        "250" : 0.000000,
        "500" : 0.000000,
        "750" : 0.000000,
        "1000" : 0.000000
      },
      "latency_us" : {
        "2" : 0.000000,
        "4" : 0.000000,
        "10" : 0.000000,
        "20" : 0.010000,
        "50" : 0.010000,
        "100" : 0.000000,
        "250" : 0.000000,
        "500" : 0.000000,
        "750" : 0.000000,
        "1000" : 0.000000
      },
      "latency_ms" : {
        "2" : 0.010000,
        "4" : 0.010000,
        "10" : 0.010000,
        "20" : 0.010000,
        "50" : 0.010123,
        "100" : 0.016798,
        "250" : 0.050361,
        "500" : 99.584308,
        "750" : 0.331412,
        "1000" : 0.000000,
        "2000" : 0.000000,
        ">=2000" : 0.000000
      },
      "latency_depth" : 256,
      "latency_target" : 0,
      "latency_percentile" : 100.000000,
      "latency_window" : 0
    }
  ]
}
