{
  "fio version" : "fio-3.27",
  "timestamp" : 1627025467,
  "timestamp_ms" : 1627025467941,
  "time" : "Fri Jul 23 09:31:07 2021",
  "jobs" : [
    {
      "jobname" : "randrw",
      "groupid" : 0,
      "error" : 0,
      "eta" : 0,
      "elapsed" : 301,
      "job options" : {
        "bs" : "4K",
        "iodepth" : "256",
        "direct" : "0",
        "ioengine" : "libaio",
        "time_based" : "1",
        "runtime" : "300",
        "numjobs" : "2",
        "size" : "1g",
        "name" : "randrw",
        "rw" : "randrw",
        "directory" : "/scratch/snx2000/ccocha/randrw/128_node",
        "filename_format" : "$jobname.124.$jobnum.$filenum"
      },
      "read" : {
        "io_bytes" : 89120768,
        "io_kbytes" : 87032,
        "bw_bytes" : 296945,
        "bw" : 289,
        "iops" : 72.496460,
        "runtime" : 300125,
        "total_ios" : 21758,
        "short_ios" : 0,
        "drop_ios" : 0,
        "slat_ns" : {
          "min" : 486342,
          "max" : 1524281737,
          "mean" : 27435639.902105,
          "stddev" : 60172715.521538,
          "N" : 21758
        },
        "clat_ns" : {
          "min" : 13460,
          "max" : 25974486193,
          "mean" : 3495925856.243314,
          "stddev" : 2413402551.780576,
          "N" : 21758,
          "percentile" : {
            "1.000000" : 725614592,
            "5.000000" : 809500672,
            "10.000000" : 893386752,
            "20.000000" : 2298478592,
            "30.000000" : 2868903936,
            "40.000000" : 3238002688,
            "50.000000" : 3539992576,
            "60.000000" : 3808428032,
            "70.000000" : 4009754624,
            "80.000000" : 4278190080,
            "90.000000" : 4731174912,
            "95.000000" : 5066719232,
            "99.000000" : 16844324864,
            "99.500000" : 17112760320,
            "99.900000" : 17112760320,
            "99.950000" : 17112760320,
            "99.990000" : 17112760320
          }
        },
        "lat_ns" : {
          "min" : 15656125,
          "max" : 25991627032,
          "mean" : 3523364435.798242,
          "stddev" : 2423802833.298785,
          "N" : 21758
        },
        "bw_min" : 16,
        "bw_max" : 1448,
        "bw_agg" : 100.000000,
        "bw_mean" : 301.179163,
        "bw_dev" : 124.592776,
        "bw_samples" : 1141,
        "iops_min" : 4,
        "iops_max" : 362,
        "iops_mean" : 75.298318,
        "iops_stddev" : 31.149801,
        "iops_samples" : 1141
      },
      "write" : {
        "io_bytes" : 89870336,
        "io_kbytes" : 87764,
        "bw_bytes" : 299443,
        "bw" : 292,
        "iops" : 73.106206,
        "runtime" : 300125,
        "total_ios" : 21941,
        "short_ios" : 0,
        "drop_ios" : 0,
        "slat_ns" : {
          "min" : 75570,
          "max" : 1963646,
          "mean" : 110645.136229,
          "stddev" : 43152.822264,
          "N" : 21941
        },
        "clat_ns" : {
          "min" : 60452184,
          "max" : 25964207513,
          "mean" : 3498114384.311570,
          "stddev" : 2427847450.011421,
          "N" : 21941,
          "percentile" : {
            "1.000000" : 725614592,
            "5.000000" : 809500672,
            "10.000000" : 884998144,
            "20.000000" : 2231369728,
            "30.000000" : 2902458368,
            "40.000000" : 3238002688,
            "50.000000" : 3539992576,
            "60.000000" : 3808428032,
            "70.000000" : 4043309056,
            "80.000000" : 4278190080,
            "90.000000" : 4731174912,
            "95.000000" : 5066719232,
            "99.000000" : 16844324864,
            "99.500000" : 17112760320,
            "99.900000" : 17112760320,
            "99.950000" : 17112760320,
            "99.990000" : 17112760320
          }
        },
        "lat_ns" : {
          "min" : 60536995,
          "max" : 25964315094,
          "mean" : 3498226189.973147,
          "stddev" : 2427848298.072766,
          "N" : 21941
        },
        "bw_min" : 16,
        "bw_max" : 1496,
        "bw_agg" : 100.000000,
        "bw_mean" : 302.875547,
        "bw_dev" : 127.229621,
        "bw_samples" : 1145,
        "iops_min" : 4,
        "iops_max" : 374,
        "iops_mean" : 75.718887,
        "iops_stddev" : 31.807405,
        "iops_samples" : 1145
      },
      "trim" : {
        "io_bytes" : 0,
        "io_kbytes" : 0,
        "bw_bytes" : 0,
        "bw" : 0,
        "iops" : 0.000000,
        "runtime" : 0,
        "total_ios" : 0,
        "short_ios" : 0,
        "drop_ios" : 0,
        "slat_ns" : {
          "min" : 0,
          "max" : 0,
          "mean" : 0.000000,
          "stddev" : 0.000000,
          "N" : 0
        },
        "clat_ns" : {
          "min" : 0,
          "max" : 0,
          "mean" : 0.000000,
          "stddev" : 0.000000,
          "N" : 0
        },
        "lat_ns" : {
          "min" : 0,
          "max" : 0,
          "mean" : 0.000000,
          "stddev" : 0.000000,
          "N" : 0
        },
        "bw_min" : 0,
        "bw_max" : 0,
        "bw_agg" : 0.000000,
        "bw_mean" : 0.000000,
        "bw_dev" : 0.000000,
        "bw_samples" : 0,
        "iops_min" : 0,
        "iops_max" : 0,
        "iops_mean" : 0.000000,
        "iops_stddev" : 0.000000,
        "iops_samples" : 0
      },
      "sync" : {
        "total_ios" : 0,
        "lat_ns" : {
          "min" : 0,
          "max" : 0,
          "mean" : 0.000000,
          "stddev" : 0.000000,
          "N" : 0
        }
      },
      "job_runtime" : 600139,
      "usr_cpu" : 0.147466,
      "sys_cpu" : 0.958111,
      "ctx" : 21779,
      "majf" : 0,
      "minf" : 86,
      "iodepth_level" : {
        "1" : 0.100000,
        "2" : 0.100000,
        "4" : 0.100000,
        "8" : 0.100000,
        "16" : 0.100000,
        "32" : 0.146456,
        ">=64" : 99.711664
      },
      "iodepth_submit" : {
        "0" : 0.000000,
        "4" : 100.000000,
        "8" : 0.000000,
        "16" : 0.000000,
        "32" : 0.000000,
        "64" : 0.000000,
        ">=64" : 0.000000
      },
      "iodepth_complete" : {
        "0" : 0.000000,
        "4" : 99.995369,
        "8" : 0.000000,
        "16" : 0.000000,
        "32" : 0.000000,
        "64" : 0.000000,
        ">=64" : 0.100000
      },
      "latency_ns" : {
        "2" : 0.000000,
        "4" : 0.000000,
        "10" : 0.000000,
        "20" : 0.000000,
        "50" : 0.000000,
        "100" : 0.000000,
        "250" : 0.000000,
        "500" : 0.000000,
        "750" : 0.000000,
        "1000" : 0.000000
      },
      "latency_us" : {
        "2" : 0.000000,
        "4" : 0.000000,
        "10" : 0.000000,
        "20" : 0.010000,
        "50" : 0.000000,
        "100" : 0.000000,
        "250" : 0.000000,
        "500" : 0.000000,
        "750" : 0.000000,
        "1000" : 0.000000
      },
      "latency_ms" : {
        "2" : 0.000000,
        "4" : 0.000000,
        "10" : 0.000000,
        "20" : 0.010000,
        "50" : 0.000000,
        "100" : 0.010000,
        "250" : 0.043479,
        "500" : 0.102977,
        "750" : 1.352434,
        "1000" : 11.116959,
        "2000" : 4.244948,
        ">=2000" : 83.123184
      },
      "latency_depth" : 256,
      "latency_target" : 0,
      "latency_percentile" : 100.000000,
      "latency_window" : 0
    }
  ]
}
