{
  "fio version" : "fio-3.27",
  "timestamp" : 1627027399,
  "timestamp_ms" : 1627027399798,
  "time" : "Fri Jul 23 10:03:19 2021",
  "jobs" : [
    {
      "jobname" : "randrw",
      "groupid" : 0,
      "error" : 0,
      "eta" : 0,
      "elapsed" : 301,
      "job options" : {
        "bs" : "4K",
        "iodepth" : "256",
        "direct" : "0",
        "ioengine" : "libaio",
        "time_based" : "1",
        "runtime" : "300",
        "numjobs" : "32",
        "size" : "1g",
        "name" : "randrw",
        "rw" : "randrw",
        "directory" : "/scratch/snx2000/ccocha/randrw/128_node",
        "filename_format" : "$jobname.36.$jobnum.$filenum"
      },
      "read" : {
        "io_bytes" : 77799424,
        "io_kbytes" : 75976,
        "bw_bytes" : 259043,
        "bw" : 252,
        "iops" : 63.242923,
        "runtime" : 300334,
        "total_ios" : 18994,
        "short_ios" : 0,
        "drop_ios" : 0,
        "slat_ns" : {
          "min" : 18802476,
          "max" : 73955843040,
          "mean" : 505452887.511372,
          "stddev" : 2185102834.324927,
          "N" : 18994
        },
        "clat_ns" : {
          "min" : 17240,
          "max" : 157904913816,
          "mean" : 63785115755.178040,
          "stddev" : 34489540051.841141,
          "N" : 18994,
          "percentile" : {
            "1.000000" : 1568669696,
            "5.000000" : 6207569920,
            "10.000000" : 7079985152,
            "20.000000" : 17112760320,
            "30.000000" : 17112760320,
            "40.000000" : 17112760320,
            "50.000000" : 17112760320,
            "60.000000" : 17112760320,
            "70.000000" : 17112760320,
            "80.000000" : 17112760320,
            "90.000000" : 17112760320,
            "95.000000" : 17112760320,
            "99.000000" : 17112760320,
            "99.500000" : 17112760320,
            "99.900000" : 17112760320,
            "99.950000" : 17112760320,
            "99.990000" : 17112760320
          }
        },
        "lat_ns" : {
          "min" : 120167773,
          "max" : 160126709144,
          "mean" : 64290572540.628143,
          "stddev" : 34574927723.202477,
          "N" : 18994
        },
        "bw_min" : 256,
        "bw_max" : 3456,
        "bw_agg" : 100.000000,
        "bw_mean" : 504.995678,
        "bw_dev" : 13.575360,
        "bw_samples" : 7580,
        "iops_min" : 64,
        "iops_max" : 864,
        "iops_mean" : 126.248919,
        "iops_stddev" : 3.393840,
        "iops_samples" : 7580
      },
      "write" : {
        "io_bytes" : 78594048,
        "io_kbytes" : 76752,
        "bw_bytes" : 261688,
        "bw" : 255,
        "iops" : 63.888870,
        "runtime" : 300334,
        "total_ios" : 19188,
        "short_ios" : 0,
        "drop_ios" : 0,
        "slat_ns" : {
          "min" : 75341,
          "max" : 2175527,
          "mean" : 129548.934386,
          "stddev" : 67951.121240,
          "N" : 19188
        },
        "clat_ns" : {
          "min" : 149645239,
          "max" : 159426947515,
          "mean" : 63148948187.677925,
          "stddev" : 34297892564.047119,
          "N" : 19188,
          "percentile" : {
            "1.000000" : 1501560832,
            "5.000000" : 6207569920,
            "10.000000" : 6945767424,
            "20.000000" : 17112760320,
            "30.000000" : 17112760320,
            "40.000000" : 17112760320,
            "50.000000" : 17112760320,
            "60.000000" : 17112760320,
            "70.000000" : 17112760320,
            "80.000000" : 17112760320,
            "90.000000" : 17112760320,
            "95.000000" : 17112760320,
            "99.000000" : 17112760320,
            "99.500000" : 17112760320,
            "99.900000" : 17112760320,
            "99.950000" : 17112760320,
            "99.990000" : 17112760320
          }
        },
        "lat_ns" : {
          "min" : 149723490,
          "max" : 159427041277,
          "mean" : 63149079009.681725,
          "stddev" : 34297889244.879215,
          "N" : 19188
        },
        "bw_min" : 256,
        "bw_max" : 3400,
        "bw_agg" : 100.000000,
        "bw_mean" : 508.390498,
        "bw_dev" : 13.801193,
        "bw_samples" : 7568,
        "iops_min" : 64,
        "iops_max" : 850,
        "iops_mean" : 127.097624,
        "iops_stddev" : 3.450298,
        "iops_samples" : 7568
      },
      "trim" : {
        "io_bytes" : 0,
        "io_kbytes" : 0,
        "bw_bytes" : 0,
        "bw" : 0,
        "iops" : 0.000000,
        "runtime" : 0,
        "total_ios" : 0,
        "short_ios" : 0,
        "drop_ios" : 0,
        "slat_ns" : {
          "min" : 0,
          "max" : 0,
          "mean" : 0.000000,
          "stddev" : 0.000000,
          "N" : 0
        },
        "clat_ns" : {
          "min" : 0,
          "max" : 0,
          "mean" : 0.000000,
          "stddev" : 0.000000,
          "N" : 0
        },
        "lat_ns" : {
          "min" : 0,
          "max" : 0,
          "mean" : 0.000000,
          "stddev" : 0.000000,
          "N" : 0
        },
        "bw_min" : 0,
        "bw_max" : 0,
        "bw_agg" : 0.000000,
        "bw_mean" : 0.000000,
        "bw_dev" : 0.000000,
        "bw_samples" : 0,
        "iops_min" : 0,
        "iops_max" : 0,
        "iops_mean" : 0.000000,
        "iops_stddev" : 0.000000,
        "iops_samples" : 0
      },
      "sync" : {
        "total_ios" : 0,
        "lat_ns" : {
          "min" : 0,
          "max" : 0,
          "mean" : 0.000000,
          "stddev" : 0.000000,
          "N" : 0
        }
      },
      "job_runtime" : 9603919,
      "usr_cpu" : 0.009871,
      "sys_cpu" : 0.062308,
      "ctx" : 19283,
      "majf" : 0,
      "minf" : 1345,
      "iodepth_level" : {
        "1" : 0.100000,
        "2" : 0.167618,
        "4" : 0.335236,
        "8" : 0.670473,
        "16" : 1.340946,
        "32" : 2.681892,
        ">=64" : 94.720025
      },
      "iodepth_submit" : {
        "0" : 0.000000,
        "4" : 100.000000,
        "8" : 0.000000,
        "16" : 0.000000,
        "32" : 0.000000,
        "64" : 0.000000,
        ">=64" : 0.000000
      },
      "iodepth_complete" : {
        "0" : 0.000000,
        "4" : 99.893525,
        "8" : 0.000000,
        "16" : 0.000000,
        "32" : 0.000000,
        "64" : 0.000000,
        ">=64" : 0.106475
      },
      "latency_ns" : {
        "2" : 0.000000,
        "4" : 0.000000,
        "10" : 0.000000,
        "20" : 0.000000,
        "50" : 0.000000,
        "100" : 0.000000,
        "250" : 0.000000,
        "500" : 0.000000,
        "750" : 0.000000,
        "1000" : 0.000000
      },
      "latency_us" : {
        "2" : 0.000000,
        "4" : 0.000000,
        "10" : 0.000000,
        "20" : 0.013095,
        "50" : 0.070714,
        "100" : 0.000000,
        "250" : 0.000000,
        "500" : 0.000000,
        "750" : 0.000000,
        "1000" : 0.000000
      },
      "latency_ms" : {
        "2" : 0.000000,
        "4" : 0.000000,
        "10" : 0.000000,
        "20" : 0.000000,
        "50" : 0.000000,
        "100" : 0.000000,
        "250" : 0.115238,
        "500" : 0.235713,
        "750" : 0.138809,
        "1000" : 0.146666,
        "2000" : 0.450474,
        ">=2000" : 98.829291
      },
      "latency_depth" : 256,
      "latency_target" : 0,
      "latency_percentile" : 100.000000,
      "latency_window" : 0
    }
  ]
}
