{
  "fio version" : "fio-3.27",
  "timestamp" : 1627026250,
  "timestamp_ms" : 1627026250928,
  "time" : "Fri Jul 23 09:44:10 2021",
  "jobs" : [
    {
      "jobname" : "randrw",
      "groupid" : 0,
      "error" : 0,
      "eta" : 0,
      "elapsed" : 302,
      "job options" : {
        "bs" : "4K",
        "iodepth" : "256",
        "direct" : "0",
        "ioengine" : "libaio",
        "time_based" : "1",
        "runtime" : "300",
        "numjobs" : "8",
        "size" : "1g",
        "name" : "randrw",
        "rw" : "randrw",
        "directory" : "/scratch/snx2000/ccocha/randrw/128_node",
        "filename_format" : "$jobname.93.$jobnum.$filenum"
      },
      "read" : {
        "io_bytes" : 81141760,
        "io_kbytes" : 79240,
        "bw_bytes" : 269869,
        "bw" : 263,
        "iops" : 65.886188,
        "runtime" : 300670,
        "total_ios" : 19810,
        "short_ios" : 0,
        "drop_ios" : 0,
        "slat_ns" : {
          "min" : 512979,
          "max" : 56274026266,
          "mean" : 121077627.599243,
          "stddev" : 960483866.866627,
          "N" : 19810
        },
        "clat_ns" : {
          "min" : 18810,
          "max" : 81598328826,
          "mean" : 15385723497.482922,
          "stddev" : 15123180763.165119,
          "N" : 19810,
          "percentile" : {
            "1.000000" : 1333788672,
            "5.000000" : 1434451968,
            "10.000000" : 1518338048,
            "20.000000" : 1652555776,
            "30.000000" : 11072962560,
            "40.000000" : 12817793024,
            "50.000000" : 14696841216,
            "60.000000" : 16575889408,
            "70.000000" : 17112760320,
            "80.000000" : 17112760320,
            "90.000000" : 17112760320,
            "95.000000" : 17112760320,
            "99.000000" : 17112760320,
            "99.500000" : 17112760320,
            "99.900000" : 17112760320,
            "99.950000" : 17112760320,
            "99.990000" : 17112760320
          }
        },
        "lat_ns" : {
          "min" : 180412881,
          "max" : 81645335563,
          "mean" : 15506804497.726795,
          "stddev" : 15185044799.381840,
          "N" : 19810
        },
        "bw_min" : 64,
        "bw_max" : 3488,
        "bw_agg" : 100.000000,
        "bw_mean" : 429.794631,
        "bw_dev" : 68.938413,
        "bw_samples" : 2796,
        "iops_min" : 16,
        "iops_max" : 872,
        "iops_mean" : 107.448658,
        "iops_stddev" : 17.234603,
        "iops_samples" : 2796
      },
      "write" : {
        "io_bytes" : 82284544,
        "io_kbytes" : 80356,
        "bw_bytes" : 273670,
        "bw" : 267,
        "iops" : 66.814115,
        "runtime" : 300670,
        "total_ios" : 20089,
        "short_ios" : 0,
        "drop_ios" : 0,
        "slat_ns" : {
          "min" : 75119,
          "max" : 1892076,
          "mean" : 119988.028573,
          "stddev" : 48672.540150,
          "N" : 20089
        },
        "clat_ns" : {
          "min" : 201759924,
          "max" : 81604507635,
          "mean" : 15239366302.097618,
          "stddev" : 15068572373.378839,
          "N" : 20089,
          "percentile" : {
            "1.000000" : 1333788672,
            "5.000000" : 1451229184,
            "10.000000" : 1518338048,
            "20.000000" : 1652555776,
            "30.000000" : 10670309376,
            "40.000000" : 12683575296,
            "50.000000" : 14428405760,
            "60.000000" : 16575889408,
            "70.000000" : 17112760320,
            "80.000000" : 17112760320,
            "90.000000" : 17112760320,
            "95.000000" : 17112760320,
            "99.000000" : 17112760320,
            "99.500000" : 17112760320,
            "99.900000" : 17112760320,
            "99.950000" : 17112760320,
            "99.990000" : 17112760320
          }
        },
        "lat_ns" : {
          "min" : 201944074,
          "max" : 81604597255,
          "mean" : 15239487465.241121,
          "stddev" : 15068573031.666842,
          "N" : 20089
        },
        "bw_min" : 64,
        "bw_max" : 3680,
        "bw_agg" : 100.000000,
        "bw_mean" : 428.977189,
        "bw_dev" : 70.843326,
        "bw_samples" : 2839,
        "iops_min" : 16,
        "iops_max" : 920,
        "iops_mean" : 107.244297,
        "iops_stddev" : 17.710832,
        "iops_samples" : 2839
      },
      "trim" : {
        "io_bytes" : 0,
        "io_kbytes" : 0,
        "bw_bytes" : 0,
        "bw" : 0,
        "iops" : 0.000000,
        "runtime" : 0,
        "total_ios" : 0,
        "short_ios" : 0,
        "drop_ios" : 0,
        "slat_ns" : {
          "min" : 0,
          "max" : 0,
          "mean" : 0.000000,
          "stddev" : 0.000000,
          "N" : 0
        },
        "clat_ns" : {
          "min" : 0,
          "max" : 0,
          "mean" : 0.000000,
          "stddev" : 0.000000,
          "N" : 0
        },
        "lat_ns" : {
          "min" : 0,
          "max" : 0,
          "mean" : 0.000000,
          "stddev" : 0.000000,
          "N" : 0
        },
        "bw_min" : 0,
        "bw_max" : 0,
        "bw_agg" : 0.000000,
        "bw_mean" : 0.000000,
        "bw_dev" : 0.000000,
        "bw_samples" : 0,
        "iops_min" : 0,
        "iops_max" : 0,
        "iops_mean" : 0.000000,
        "iops_stddev" : 0.000000,
        "iops_samples" : 0
      },
      "sync" : {
        "total_ios" : 0,
        "lat_ns" : {
          "min" : 0,
          "max" : 0,
          "mean" : 0.000000,
          "stddev" : 0.000000,
          "N" : 0
        }
      },
      "job_runtime" : 2401726,
      "usr_cpu" : 0.033809,
      "sys_cpu" : 0.242617,
      "ctx" : 19865,
      "majf" : 0,
      "minf" : 335,
      "iodepth_level" : {
        "1" : 0.100000,
        "2" : 0.100000,
        "4" : 0.100000,
        "8" : 0.160405,
        "16" : 0.320810,
        "32" : 0.641620,
        ">=64" : 98.736810
      },
      "iodepth_submit" : {
        "0" : 0.000000,
        "4" : 100.000000,
        "8" : 0.000000,
        "16" : 0.000000,
        "32" : 0.000000,
        "64" : 0.000000,
        ">=64" : 0.000000
      },
      "iodepth_complete" : {
        "0" : 0.000000,
        "4" : 99.978873,
        "8" : 0.000000,
        "16" : 0.000000,
        "32" : 0.000000,
        "64" : 0.000000,
        ">=64" : 0.100000
      },
      "latency_ns" : {
        "2" : 0.000000,
        "4" : 0.000000,
        "10" : 0.000000,
        "20" : 0.000000,
        "50" : 0.000000,
        "100" : 0.000000,
        "250" : 0.000000,
        "500" : 0.000000,
        "750" : 0.000000,
        "1000" : 0.000000
      },
      "latency_us" : {
        "2" : 0.000000,
        "4" : 0.000000,
        "10" : 0.000000,
        "20" : 0.010000,
        "50" : 0.015038,
        "100" : 0.000000,
        "250" : 0.000000,
        "500" : 0.000000,
        "750" : 0.000000,
        "1000" : 0.000000
      },
      "latency_ms" : {
        "2" : 0.000000,
        "4" : 0.000000,
        "10" : 0.000000,
        "20" : 0.000000,
        "50" : 0.000000,
        "100" : 0.000000,
        "250" : 0.025063,
        "500" : 0.085215,
        "750" : 0.045114,
        "1000" : 0.030076,
        "2000" : 24.311386,
        ">=2000" : 75.483095
      },
      "latency_depth" : 256,
      "latency_target" : 0,
      "latency_percentile" : 100.000000,
      "latency_window" : 0
    }
  ]
}
