{
  "fio version" : "fio-3.27",
  "timestamp" : 1627436590,
  "timestamp_ms" : 1627436590952,
  "time" : "Wed Jul 28 03:43:10 2021",
  "jobs" : [
    {
      "jobname" : "seq-read",
      "groupid" : 0,
      "error" : 0,
      "eta" : 0,
      "elapsed" : 301,
      "job options" : {
        "bs" : "4K",
        "iodepth" : "256",
        "direct" : "1",
        "ioengine" : "libaio",
        "time_based" : "1",
        "runtime" : "300",
        "numjobs" : "64",
        "size" : "1g",
        "name" : "seq-read",
        "rw" : "read",
        "directory" : "/scratch/snx2000/ccocha/seqread/128_node/",
        "filename_format" : "$jobname.3.$jobnum.$filenum"
      },
      "read" : {
        "io_bytes" : 4159176704,
        "io_kbytes" : 4061696,
        "bw_bytes" : 13842927,
        "bw" : 13518,
        "iops" : 3379.620908,
        "runtime" : 300455,
        "total_ios" : 1015424,
        "short_ios" : 0,
        "drop_ios" : 0,
        "slat_ns" : {
          "min" : 528288,
          "max" : 1957374226,
          "mean" : 18885277.961712,
          "stddev" : 37588829.883335,
          "N" : 1015424
        },
        "clat_ns" : {
          "min" : 13440,
          "max" : 55061808758,
          "mean" : 4798988157.793120,
          "stddev" : 4444758191.783547,
          "N" : 1015424,
          "percentile" : {
            "1.000000" : 2902458368,
            "5.000000" : 3372220416,
            "10.000000" : 3472883712,
            "20.000000" : 3539992576,
            "30.000000" : 3573547008,
            "40.000000" : 3607101440,
            "50.000000" : 3640655872,
            "60.000000" : 3674210304,
            "70.000000" : 3741319168,
            "80.000000" : 4110417920,
            "90.000000" : 4999610368,
            "95.000000" : 12952010752,
            "99.000000" : 17112760320,
            "99.500000" : 17112760320,
            "99.900000" : 17112760320,
            "99.950000" : 17112760320,
            "99.990000" : 17112760320
          }
        },
        "lat_ns" : {
          "min" : 6348551,
          "max" : 55127316300,
          "mean" : 4817876942.385465,
          "stddev" : 4460282683.607016,
          "N" : 1015424
        },
        "bw_min" : 4704,
        "bw_max" : 23272,
        "bw_agg" : 100.000000,
        "bw_mean" : 13699.657228,
        "bw_dev" : 64.211353,
        "bw_samples" : 36848,
        "iops_min" : 1176,
        "iops_max" : 5818,
        "iops_mean" : 3424.914307,
        "iops_stddev" : 16.052838,
        "iops_samples" : 36848
      },
      "write" : {
        "io_bytes" : 0,
        "io_kbytes" : 0,
        "bw_bytes" : 0,
        "bw" : 0,
        "iops" : 0.000000,
        "runtime" : 0,
        "total_ios" : 0,
        "short_ios" : 0,
        "drop_ios" : 0,
        "slat_ns" : {
          "min" : 0,
          "max" : 0,
          "mean" : 0.000000,
          "stddev" : 0.000000,
          "N" : 0
        },
        "clat_ns" : {
          "min" : 0,
          "max" : 0,
          "mean" : 0.000000,
          "stddev" : 0.000000,
          "N" : 0
        },
        "lat_ns" : {
          "min" : 0,
          "max" : 0,
          "mean" : 0.000000,
          "stddev" : 0.000000,
          "N" : 0
        },
        "bw_min" : 0,
        "bw_max" : 0,
        "bw_agg" : 0.000000,
        "bw_mean" : 0.000000,
        "bw_dev" : 0.000000,
        "bw_samples" : 0,
        "iops_min" : 0,
        "iops_max" : 0,
        "iops_mean" : 0.000000,
        "iops_stddev" : 0.000000,
        "iops_samples" : 0
      },
      "trim" : {
        "io_bytes" : 0,
        "io_kbytes" : 0,
        "bw_bytes" : 0,
        "bw" : 0,
        "iops" : 0.000000,
        "runtime" : 0,
        "total_ios" : 0,
        "short_ios" : 0,
        "drop_ios" : 0,
        "slat_ns" : {
          "min" : 0,
          "max" : 0,
          "mean" : 0.000000,
          "stddev" : 0.000000,
          "N" : 0
        },
        "clat_ns" : {
          "min" : 0,
          "max" : 0,
          "mean" : 0.000000,
          "stddev" : 0.000000,
          "N" : 0
        },
        "lat_ns" : {
          "min" : 0,
          "max" : 0,
          "mean" : 0.000000,
          "stddev" : 0.000000,
          "N" : 0
        },
        "bw_min" : 0,
        "bw_max" : 0,
        "bw_agg" : 0.000000,
        "bw_mean" : 0.000000,
        "bw_dev" : 0.000000,
        "bw_samples" : 0,
        "iops_min" : 0,
        "iops_max" : 0,
        "iops_mean" : 0.000000,
        "iops_stddev" : 0.000000,
        "iops_samples" : 0
      },
      "sync" : {
        "total_ios" : 0,
        "lat_ns" : {
          "min" : 0,
          "max" : 0,
          "mean" : 0.000000,
          "stddev" : 0.000000,
          "N" : 0
        }
      },
      "job_runtime" : 19201572,
      "usr_cpu" : 0.147691,
      "sys_cpu" : 0.925695,
      "ctx" : 1015886,
      "majf" : 0,
      "minf" : 18971,
      "iodepth_level" : {
        "1" : 0.100000,
        "2" : 0.100000,
        "4" : 0.100000,
        "8" : 0.100000,
        "16" : 0.100845,
        "32" : 0.201689,
        ">=64" : 99.602924
      },
      "iodepth_submit" : {
        "0" : 0.000000,
        "4" : 100.000000,
        "8" : 0.000000,
        "16" : 0.000000,
        "32" : 0.000000,
        "64" : 0.000000,
        ">=64" : 0.000000
      },
      "iodepth_complete" : {
        "0" : 0.000000,
        "4" : 99.993595,
        "8" : 0.000000,
        "16" : 0.000000,
        "32" : 0.000000,
        "64" : 0.000000,
        ">=64" : 0.100000
      },
      "latency_ns" : {
        "2" : 0.000000,
        "4" : 0.000000,
        "10" : 0.000000,
        "20" : 0.000000,
        "50" : 0.000000,
        "100" : 0.000000,
        "250" : 0.000000,
        "500" : 0.000000,
        "750" : 0.000000,
        "1000" : 0.000000
      },
      "latency_us" : {
        "2" : 0.000000,
        "4" : 0.000000,
        "10" : 0.000000,
        "20" : 0.010000,
        "50" : 0.010000,
        "100" : 0.000000,
        "250" : 0.000000,
        "500" : 0.000000,
        "750" : 0.000000,
        "1000" : 0.000000
      },
      "latency_ms" : {
        "2" : 0.000000,
        "4" : 0.000000,
        "10" : 0.010000,
        "20" : 0.010000,
        "50" : 0.019302,
        "100" : 0.028953,
        "250" : 0.067853,
        "500" : 0.094542,
        "750" : 0.073664,
        "1000" : 0.067361,
        "2000" : 0.248074,
        ">=2000" : 99.384789
      },
      "latency_depth" : 256,
      "latency_target" : 0,
      "latency_percentile" : 100.000000,
      "latency_window" : 0
    }
  ]
}
