{
  "fio version" : "fio-3.27",
  "timestamp" : 1627025848,
  "timestamp_ms" : 1627025848888,
  "time" : "Fri Jul 23 09:37:28 2021",
  "jobs" : [
    {
      "jobname" : "randrw",
      "groupid" : 0,
      "error" : 0,
      "eta" : 0,
      "elapsed" : 301,
      "job options" : {
        "bs" : "4K",
        "iodepth" : "256",
        "direct" : "0",
        "ioengine" : "libaio",
        "time_based" : "1",
        "runtime" : "300",
        "numjobs" : "4",
        "size" : "1g",
        "name" : "randrw",
        "rw" : "randrw",
        "directory" : "/scratch/snx2000/ccocha/randrw/128_node",
        "filename_format" : "$jobname.112.$jobnum.$filenum"
      },
      "read" : {
        "io_bytes" : 92426240,
        "io_kbytes" : 90260,
        "bw_bytes" : 307828,
        "bw" : 300,
        "iops" : 75.153538,
        "runtime" : 300252,
        "total_ios" : 22565,
        "short_ios" : 0,
        "drop_ios" : 0,
        "slat_ns" : {
          "min" : 494156,
          "max" : 33989648113,
          "mean" : 53065569.106803,
          "stddev" : 376634086.731643,
          "N" : 22565
        },
        "clat_ns" : {
          "min" : 21081,
          "max" : 46726555955,
          "mean" : 6736270520.259425,
          "stddev" : 6252022143.663192,
          "N" : 22565,
          "percentile" : {
            "1.000000" : 876609536,
            "5.000000" : 985661440,
            "10.000000" : 1052770304,
            "20.000000" : 3640655872,
            "30.000000" : 5200936960,
            "40.000000" : 6073352192,
            "50.000000" : 6677331968,
            "60.000000" : 7214202880,
            "70.000000" : 7683964928,
            "80.000000" : 8153726976,
            "90.000000" : 8925478912,
            "95.000000" : 9596567552,
            "99.000000" : 17112760320,
            "99.500000" : 17112760320,
            "99.900000" : 17112760320,
            "99.950000" : 17112760320,
            "99.990000" : 17112760320
          }
        },
        "lat_ns" : {
          "min" : 179820103,
          "max" : 46882236787,
          "mean" : 6789338915.852421,
          "stddev" : 6273984305.682782,
          "N" : 22565
        },
        "bw_min" : 32,
        "bw_max" : 2496,
        "bw_agg" : 100.000000,
        "bw_mean" : 368.231998,
        "bw_dev" : 95.759126,
        "bw_samples" : 1913,
        "iops_min" : 8,
        "iops_max" : 624,
        "iops_mean" : 92.057999,
        "iops_stddev" : 23.939781,
        "iops_samples" : 1913
      },
      "write" : {
        "io_bytes" : 94203904,
        "io_kbytes" : 91996,
        "bw_bytes" : 313749,
        "bw" : 306,
        "iops" : 76.598990,
        "runtime" : 300252,
        "total_ios" : 22999,
        "short_ios" : 0,
        "drop_ios" : 0,
        "slat_ns" : {
          "min" : 75660,
          "max" : 1808240,
          "mean" : 110997.882604,
          "stddev" : 42757.072723,
          "N" : 22999
        },
        "clat_ns" : {
          "min" : 179830294,
          "max" : 46717351492,
          "mean" : 6680991392.399417,
          "stddev" : 6237210234.415254,
          "N" : 22999,
          "percentile" : {
            "1.000000" : 876609536,
            "5.000000" : 977272832,
            "10.000000" : 1052770304,
            "20.000000" : 3506438144,
            "30.000000" : 5133828096,
            "40.000000" : 6006243328,
            "50.000000" : 6677331968,
            "60.000000" : 7147094016,
            "70.000000" : 7616856064,
            "80.000000" : 8153726976,
            "90.000000" : 8925478912,
            "95.000000" : 9596567552,
            "99.000000" : 17112760320,
            "99.500000" : 17112760320,
            "99.900000" : 17112760320,
            "99.950000" : 17112760320,
            "99.990000" : 17112760320
          }
        },
        "lat_ns" : {
          "min" : 179959675,
          "max" : 46717536344,
          "mean" : 6681103556.312368,
          "stddev" : 6237210406.579804,
          "N" : 22999
        },
        "bw_min" : 32,
        "bw_max" : 2464,
        "bw_agg" : 100.000000,
        "bw_mean" : 379.786565,
        "bw_dev" : 98.846074,
        "bw_samples" : 1891,
        "iops_min" : 8,
        "iops_max" : 616,
        "iops_mean" : 94.946641,
        "iops_stddev" : 24.711518,
        "iops_samples" : 1891
      },
      "trim" : {
        "io_bytes" : 0,
        "io_kbytes" : 0,
        "bw_bytes" : 0,
        "bw" : 0,
        "iops" : 0.000000,
        "runtime" : 0,
        "total_ios" : 0,
        "short_ios" : 0,
        "drop_ios" : 0,
        "slat_ns" : {
          "min" : 0,
          "max" : 0,
          "mean" : 0.000000,
          "stddev" : 0.000000,
          "N" : 0
        },
        "clat_ns" : {
          "min" : 0,
          "max" : 0,
          "mean" : 0.000000,
          "stddev" : 0.000000,
          "N" : 0
        },
        "lat_ns" : {
          "min" : 0,
          "max" : 0,
          "mean" : 0.000000,
          "stddev" : 0.000000,
          "N" : 0
        },
        "bw_min" : 0,
        "bw_max" : 0,
        "bw_agg" : 0.000000,
        "bw_mean" : 0.000000,
        "bw_dev" : 0.000000,
        "bw_samples" : 0,
        "iops_min" : 0,
        "iops_max" : 0,
        "iops_mean" : 0.000000,
        "iops_stddev" : 0.000000,
        "iops_samples" : 0
      },
      "sync" : {
        "total_ios" : 0,
        "lat_ns" : {
          "min" : 0,
          "max" : 0,
          "mean" : 0.000000,
          "stddev" : 0.000000,
          "N" : 0
        }
      },
      "job_runtime" : 1200771,
      "usr_cpu" : 0.069622,
      "sys_cpu" : 0.502844,
      "ctx" : 22590,
      "majf" : 0,
      "minf" : 170,
      "iodepth_level" : {
        "1" : 0.100000,
        "2" : 0.100000,
        "4" : 0.100000,
        "8" : 0.100000,
        "16" : 0.140462,
        "32" : 0.280924,
        ">=64" : 99.446932
      },
      "iodepth_submit" : {
        "0" : 0.000000,
        "4" : 100.000000,
        "8" : 0.000000,
        "16" : 0.000000,
        "32" : 0.000000,
        "64" : 0.000000,
        ">=64" : 0.000000
      },
      "iodepth_complete" : {
        "0" : 0.000000,
        "4" : 99.991021,
        "8" : 0.000000,
        "16" : 0.000000,
        "32" : 0.000000,
        "64" : 0.000000,
        ">=64" : 0.100000
      },
      "latency_ns" : {
        "2" : 0.000000,
        "4" : 0.000000,
        "10" : 0.000000,
        "20" : 0.000000,
        "50" : 0.000000,
        "100" : 0.000000,
        "250" : 0.000000,
        "500" : 0.000000,
        "750" : 0.000000,
        "1000" : 0.000000
      },
      "latency_us" : {
        "2" : 0.000000,
        "4" : 0.000000,
        "10" : 0.000000,
        "20" : 0.000000,
        "50" : 0.010000,
        "100" : 0.000000,
        "250" : 0.000000,
        "500" : 0.000000,
        "750" : 0.000000,
        "1000" : 0.000000
      },
      "latency_ms" : {
        "2" : 0.000000,
        "4" : 0.000000,
        "10" : 0.000000,
        "20" : 0.000000,
        "50" : 0.000000,
        "100" : 0.000000,
        "250" : 0.010000,
        "500" : 0.059257,
        "750" : 0.094373,
        "1000" : 5.785269,
        "2000" : 11.969976,
        ">=2000" : 82.075762
      },
      "latency_depth" : 256,
      "latency_target" : 0,
      "latency_percentile" : 100.000000,
      "latency_window" : 0
    }
  ]
}
