{
  "fio version" : "fio-3.27",
  "timestamp" : 1627019050,
  "timestamp_ms" : 1627019050187,
  "time" : "Fri Jul 23 07:44:10 2021",
  "jobs" : [
    {
      "jobname" : "randrw",
      "groupid" : 0,
      "error" : 0,
      "eta" : 0,
      "elapsed" : 301,
      "job options" : {
        "bs" : "4K",
        "iodepth" : "256",
        "direct" : "0",
        "ioengine" : "libaio",
        "time_based" : "1",
        "runtime" : "300",
        "numjobs" : "8",
        "size" : "1g",
        "name" : "randrw",
        "rw" : "randrw",
        "directory" : "/scratch/snx2000/ccocha/randrw/64_node",
        "filename_format" : "$jobname.63.$jobnum.$filenum"
      },
      "read" : {
        "io_bytes" : 186609664,
        "io_kbytes" : 182236,
        "bw_bytes" : 621106,
        "bw" : 606,
        "iops" : 151.637394,
        "runtime" : 300447,
        "total_ios" : 45559,
        "short_ios" : 0,
        "drop_ios" : 0,
        "slat_ns" : {
          "min" : 494404,
          "max" : 30373590584,
          "mean" : 52544933.843148,
          "stddev" : 317181207.847328,
          "N" : 45559
        },
        "clat_ns" : {
          "min" : 17320,
          "max" : 46862440180,
          "mean" : 6697412470.341731,
          "stddev" : 6061923421.175959,
          "N" : 45559,
          "percentile" : {
            "1.000000" : 918552576,
            "5.000000" : 994050048,
            "10.000000" : 1061158912,
            "20.000000" : 3808428032,
            "30.000000" : 5335154688,
            "40.000000" : 6207569920,
            "50.000000" : 6744440832,
            "60.000000" : 7147094016,
            "70.000000" : 7549747200,
            "80.000000" : 8019509248,
            "90.000000" : 8657043456,
            "95.000000" : 9328132096,
            "99.000000" : 17112760320,
            "99.500000" : 17112760320,
            "99.900000" : 17112760320,
            "99.950000" : 17112760320,
            "99.990000" : 17112760320
          }
        },
        "lat_ns" : {
          "min" : 6265178,
          "max" : 46870274679,
          "mean" : 6749960386.710354,
          "stddev" : 6083443603.436170,
          "N" : 45559
        },
        "bw_min" : 64,
        "bw_max" : 4840,
        "bw_agg" : 100.000000,
        "bw_mean" : 717.820029,
        "bw_dev" : 92.408105,
        "bw_samples" : 3969,
        "iops_min" : 16,
        "iops_max" : 1210,
        "iops_mean" : 179.455007,
        "iops_stddev" : 23.102026,
        "iops_samples" : 3969
      },
      "write" : {
        "io_bytes" : 188133376,
        "io_kbytes" : 183724,
        "bw_bytes" : 626178,
        "bw" : 611,
        "iops" : 152.875549,
        "runtime" : 300447,
        "total_ios" : 45931,
        "short_ios" : 0,
        "drop_ios" : 0,
        "slat_ns" : {
          "min" : 75450,
          "max" : 2036316,
          "mean" : 114122.042499,
          "stddev" : 43266.307186,
          "N" : 45931
        },
        "clat_ns" : {
          "min" : 6275228,
          "max" : 46806302437,
          "mean" : 6661564892.619641,
          "stddev" : 6050515248.488927,
          "N" : 45931,
          "percentile" : {
            "1.000000" : 918552576,
            "5.000000" : 1002438656,
            "10.000000" : 1061158912,
            "20.000000" : 3607101440,
            "30.000000" : 5335154688,
            "40.000000" : 6140461056,
            "50.000000" : 6744440832,
            "60.000000" : 7147094016,
            "70.000000" : 7549747200,
            "80.000000" : 8019509248,
            "90.000000" : 8657043456,
            "95.000000" : 9328132096,
            "99.000000" : 17112760320,
            "99.500000" : 17112760320,
            "99.900000" : 17112760320,
            "99.950000" : 17112760320,
            "99.990000" : 17112760320
          }
        },
        "lat_ns" : {
          "min" : 6365388,
          "max" : 46806513229,
          "mean" : 6661680222.835359,
          "stddev" : 6050514840.124182,
          "N" : 45931
        },
        "bw_min" : 64,
        "bw_max" : 5104,
        "bw_agg" : 100.000000,
        "bw_mean" : 728.746126,
        "bw_dev" : 95.693598,
        "bw_samples" : 3938,
        "iops_min" : 16,
        "iops_max" : 1276,
        "iops_mean" : 182.186532,
        "iops_stddev" : 23.923399,
        "iops_samples" : 3938
      },
      "trim" : {
        "io_bytes" : 0,
        "io_kbytes" : 0,
        "bw_bytes" : 0,
        "bw" : 0,
        "iops" : 0.000000,
        "runtime" : 0,
        "total_ios" : 0,
        "short_ios" : 0,
        "drop_ios" : 0,
        "slat_ns" : {
          "min" : 0,
          "max" : 0,
          "mean" : 0.000000,
          "stddev" : 0.000000,
          "N" : 0
        },
        "clat_ns" : {
          "min" : 0,
          "max" : 0,
          "mean" : 0.000000,
          "stddev" : 0.000000,
          "N" : 0
        },
        "lat_ns" : {
          "min" : 0,
          "max" : 0,
          "mean" : 0.000000,
          "stddev" : 0.000000,
          "N" : 0
        },
        "bw_min" : 0,
        "bw_max" : 0,
        "bw_agg" : 0.000000,
        "bw_mean" : 0.000000,
        "bw_dev" : 0.000000,
        "bw_samples" : 0,
        "iops_min" : 0,
        "iops_max" : 0,
        "iops_mean" : 0.000000,
        "iops_stddev" : 0.000000,
        "iops_samples" : 0
      },
      "sync" : {
        "total_ios" : 0,
        "lat_ns" : {
          "min" : 0,
          "max" : 0,
          "mean" : 0.000000,
          "stddev" : 0.000000,
          "N" : 0
        }
      },
      "job_runtime" : 2400776,
      "usr_cpu" : 0.074518,
      "sys_cpu" : 0.514500,
      "ctx" : 45627,
      "majf" : 0,
      "minf" : 340,
      "iodepth_level" : {
        "1" : 0.100000,
        "2" : 0.100000,
        "4" : 0.100000,
        "8" : 0.100000,
        "16" : 0.139906,
        "32" : 0.279812,
        ">=64" : 99.449120
      },
      "iodepth_submit" : {
        "0" : 0.000000,
        "4" : 100.000000,
        "8" : 0.000000,
        "16" : 0.000000,
        "32" : 0.000000,
        "64" : 0.000000,
        ">=64" : 0.000000
      },
      "iodepth_complete" : {
        "0" : 0.000000,
        "4" : 99.991057,
        "8" : 0.000000,
        "16" : 0.000000,
        "32" : 0.000000,
        "64" : 0.000000,
        ">=64" : 0.100000
      },
      "latency_ns" : {
        "2" : 0.000000,
        "4" : 0.000000,
        "10" : 0.000000,
        "20" : 0.000000,
        "50" : 0.000000,
        "100" : 0.000000,
        "250" : 0.000000,
        "500" : 0.000000,
        "750" : 0.000000,
        "1000" : 0.000000
      },
      "latency_us" : {
        "2" : 0.000000,
        "4" : 0.000000,
        "10" : 0.000000,
        "20" : 0.010000,
        "50" : 0.010000,
        "100" : 0.000000,
        "250" : 0.000000,
        "500" : 0.000000,
        "750" : 0.000000,
        "1000" : 0.000000
      },
      "latency_ms" : {
        "2" : 0.000000,
        "4" : 0.000000,
        "10" : 0.010000,
        "20" : 0.000000,
        "50" : 0.010000,
        "100" : 0.010000,
        "250" : 0.049186,
        "500" : 0.031697,
        "750" : 0.028418,
        "1000" : 5.011477,
        "2000" : 12.431960,
        ">=2000" : 82.423216
      },
      "latency_depth" : 256,
      "latency_target" : 0,
      "latency_percentile" : 100.000000,
      "latency_window" : 0
    }
  ]
}
