{
  "fio version" : "fio-3.27-57-gfaff8",
  "timestamp" : 1628722368,
  "timestamp_ms" : 1628722368262,
  "time" : "Wed Aug 11 22:52:48 2021",
  "global options" : {
    "iodepth" : "32",
    "numjobs" : "2"
  },
  "jobs" : [
    {
      "jobname" : "seq-read",
      "groupid" : 0,
      "error" : 0,
      "eta" : 0,
      "elapsed" : 301,
      "job options" : {
        "bs" : "4K",
        "direct" : "1",
        "ioengine" : "libaio",
        "time_based" : "1",
        "runtime" : "300",
        "size" : "1g",
        "name" : "seq-read",
        "rw" : "read",
        "filename_format" : "$jobname.$jobnum.$filenum"
      },
      "read" : {
        "io_bytes" : 3875115008,
        "io_kbytes" : 3784292,
        "bw_bytes" : 12917006,
        "bw" : 12614,
        "iops" : 3153.566155,
        "runtime" : 300001,
        "total_ios" : 946073,
        "short_ios" : 0,
        "drop_ios" : 0,
        "slat_ns" : {
          "min" : 365884,
          "max" : 28768224,
          "mean" : 619469.067261,
          "stddev" : 393232.677083,
          "N" : 946073
        },
        "clat_ns" : {
          "min" : 11460,
          "max" : 59784543,
          "mean" : 19663810.398994,
          "stddev" : 3124698.959695,
          "N" : 946073,
          "percentile" : {
            "1.000000" : 15269888,
            "5.000000" : 16187392,
            "10.000000" : 16711680,
            "20.000000" : 17432576,
            "30.000000" : 17956864,
            "40.000000" : 18481152,
            "50.000000" : 19005440,
            "60.000000" : 19791872,
            "70.000000" : 20316160,
            "80.000000" : 21102592,
            "90.000000" : 22675456,
            "95.000000" : 25034752,
            "99.000000" : 32636928,
            "99.500000" : 35913728,
            "99.900000" : 41156608,
            "99.950000" : 43253760,
            "99.990000" : 50593792
          }
        },
        "lat_ns" : {
          "min" : 559977,
          "max" : 60401850,
          "mean" : 20284933.011920,
          "stddev" : 3190408.469337,
          "N" : 946073
        },
        "bw_min" : 8272,
        "bw_max" : 15680,
        "bw_agg" : 100.000000,
        "bw_mean" : 12621.101836,
        "bw_dev" : 490.818939,
        "bw_samples" : 1198,
        "iops_min" : 2068,
        "iops_max" : 3920,
        "iops_mean" : 3155.275459,
        "iops_stddev" : 122.704735,
        "iops_samples" : 1198
      },
      "write" : {
        "io_bytes" : 0,
        "io_kbytes" : 0,
        "bw_bytes" : 0,
        "bw" : 0,
        "iops" : 0.000000,
        "runtime" : 0,
        "total_ios" : 0,
        "short_ios" : 0,
        "drop_ios" : 0,
        "slat_ns" : {
          "min" : 0,
          "max" : 0,
          "mean" : 0.000000,
          "stddev" : 0.000000,
          "N" : 0
        },
        "clat_ns" : {
          "min" : 0,
          "max" : 0,
          "mean" : 0.000000,
          "stddev" : 0.000000,
          "N" : 0
        },
        "lat_ns" : {
          "min" : 0,
          "max" : 0,
          "mean" : 0.000000,
          "stddev" : 0.000000,
          "N" : 0
        },
        "bw_min" : 0,
        "bw_max" : 0,
        "bw_agg" : 0.000000,
        "bw_mean" : 0.000000,
        "bw_dev" : 0.000000,
        "bw_samples" : 0,
        "iops_min" : 0,
        "iops_max" : 0,
        "iops_mean" : 0.000000,
        "iops_stddev" : 0.000000,
        "iops_samples" : 0
      },
      "trim" : {
        "io_bytes" : 0,
        "io_kbytes" : 0,
        "bw_bytes" : 0,
        "bw" : 0,
        "iops" : 0.000000,
        "runtime" : 0,
        "total_ios" : 0,
        "short_ios" : 0,
        "drop_ios" : 0,
        "slat_ns" : {
          "min" : 0,
          "max" : 0,
          "mean" : 0.000000,
          "stddev" : 0.000000,
          "N" : 0
        },
        "clat_ns" : {
          "min" : 0,
          "max" : 0,
          "mean" : 0.000000,
          "stddev" : 0.000000,
          "N" : 0
        },
        "lat_ns" : {
          "min" : 0,
          "max" : 0,
          "mean" : 0.000000,
          "stddev" : 0.000000,
          "N" : 0
        },
        "bw_min" : 0,
        "bw_max" : 0,
        "bw_agg" : 0.000000,
        "bw_mean" : 0.000000,
        "bw_dev" : 0.000000,
        "bw_samples" : 0,
        "iops_min" : 0,
        "iops_max" : 0,
        "iops_mean" : 0.000000,
        "iops_stddev" : 0.000000,
        "iops_samples" : 0
      },
      "sync" : {
        "total_ios" : 0,
        "lat_ns" : {
          "min" : 0,
          "max" : 0,
          "mean" : 0.000000,
          "stddev" : 0.000000,
          "N" : 0
        }
      },
      "job_runtime" : 600000,
      "usr_cpu" : 2.452167,
      "sys_cpu" : 18.330000,
      "ctx" : 946123,
      "majf" : 0,
      "minf" : 92,
      "iodepth_level" : {
        "1" : 0.100000,
        "2" : 0.100000,
        "4" : 0.100000,
        "8" : 0.100000,
        "16" : 0.100000,
        "32" : 99.993447,
        ">=64" : 0.000000
      },
      "iodepth_submit" : {
        "0" : 0.000000,
        "4" : 100.000000,
        "8" : 0.000000,
        "16" : 0.000000,
        "32" : 0.000000,
        "64" : 0.000000,
        ">=64" : 0.000000
      },
      "iodepth_complete" : {
        "0" : 0.000000,
        "4" : 99.999789,
        "8" : 0.000000,
        "16" : 0.000000,
        "32" : 0.100000,
        "64" : 0.000000,
        ">=64" : 0.000000
      },
      "latency_ns" : {
        "2" : 0.000000,
        "4" : 0.000000,
        "10" : 0.000000,
        "20" : 0.000000,
        "50" : 0.000000,
        "100" : 0.000000,
        "250" : 0.000000,
        "500" : 0.000000,
        "750" : 0.000000,
        "1000" : 0.000000
      },
      "latency_us" : {
        "2" : 0.000000,
        "4" : 0.000000,
        "10" : 0.000000,
        "20" : 0.010000,
        "50" : 0.000000,
        "100" : 0.000000,
        "250" : 0.000000,
        "500" : 0.000000,
        "750" : 0.010000,
        "1000" : 0.000000
      },
      "latency_ms" : {
        "2" : 0.010000,
        "4" : 0.010000,
        "10" : 0.010000,
        "20" : 64.609708,
        "50" : 35.375811,
        "100" : 0.010993,
        "250" : 0.000000,
        "500" : 0.000000,
        "750" : 0.000000,
        "1000" : 0.000000,
        "2000" : 0.000000,
        ">=2000" : 0.000000
      },
      "latency_depth" : 32,
      "latency_target" : 0,
      "latency_percentile" : 100.000000,
      "latency_window" : 0
    }
  ]
}
