{
  "fio version" : "fio-3.27",
  "timestamp" : 1627437676,
  "timestamp_ms" : 1627437676781,
  "time" : "Wed Jul 28 04:01:16 2021",
  "jobs" : [
    {
      "jobname" : "seq-read",
      "groupid" : 0,
      "error" : 0,
      "eta" : 0,
      "elapsed" : 301,
      "job options" : {
        "bs" : "4K",
        "iodepth" : "256",
        "direct" : "1",
        "ioengine" : "libaio",
        "time_based" : "1",
        "runtime" : "300",
        "numjobs" : "4",
        "size" : "1g",
        "name" : "seq-read",
        "rw" : "read",
        "directory" : "/scratch/snx2000/ccocha/seqread/150_node/",
        "filename_format" : "$jobname.117.$jobnum.$filenum"
      },
      "read" : {
        "io_bytes" : 4548771840,
        "io_kbytes" : 4442160,
        "bw_bytes" : 15162522,
        "bw" : 14807,
        "iops" : 3701.787661,
        "runtime" : 300001,
        "total_ios" : 1110540,
        "short_ios" : 0,
        "drop_ios" : 0,
        "slat_ns" : {
          "min" : 384903,
          "max" : 60490755,
          "mean" : 1063593.664992,
          "stddev" : 948928.983657,
          "N" : 1110540
        },
        "clat_ns" : {
          "min" : 11920,
          "max" : 502402715,
          "mean" : 275414159.030107,
          "stddev" : 24353778.963651,
          "N" : 1110540,
          "percentile" : {
            "1.000000" : 238026752,
            "5.000000" : 246415360,
            "10.000000" : 250609664,
            "20.000000" : 256901120,
            "30.000000" : 261095424,
            "40.000000" : 265289728,
            "50.000000" : 270532608,
            "60.000000" : 274726912,
            "70.000000" : 283115520,
            "80.000000" : 291504128,
            "90.000000" : 308281344,
            "95.000000" : 320864256,
            "99.000000" : 350224384,
            "99.500000" : 367001600,
            "99.900000" : 392167424,
            "99.950000" : 404750336,
            "99.990000" : 497025024
          }
        },
        "lat_ns" : {
          "min" : 453183,
          "max" : 503340732,
          "mean" : 276479894.766162,
          "stddev" : 24412268.394656,
          "N" : 1110540
        },
        "bw_min" : 6616,
        "bw_max" : 17128,
        "bw_agg" : 99.917942,
        "bw_mean" : 14795.255426,
        "bw_dev" : 261.334098,
        "bw_samples" : 2396,
        "iops_min" : 1654,
        "iops_max" : 4282,
        "iops_mean" : 3698.419032,
        "iops_stddev" : 65.333346,
        "iops_samples" : 2396
      },
      "write" : {
        "io_bytes" : 0,
        "io_kbytes" : 0,
        "bw_bytes" : 0,
        "bw" : 0,
        "iops" : 0.000000,
        "runtime" : 0,
        "total_ios" : 0,
        "short_ios" : 0,
        "drop_ios" : 0,
        "slat_ns" : {
          "min" : 0,
          "max" : 0,
          "mean" : 0.000000,
          "stddev" : 0.000000,
          "N" : 0
        },
        "clat_ns" : {
          "min" : 0,
          "max" : 0,
          "mean" : 0.000000,
          "stddev" : 0.000000,
          "N" : 0
        },
        "lat_ns" : {
          "min" : 0,
          "max" : 0,
          "mean" : 0.000000,
          "stddev" : 0.000000,
          "N" : 0
        },
        "bw_min" : 0,
        "bw_max" : 0,
        "bw_agg" : 0.000000,
        "bw_mean" : 0.000000,
        "bw_dev" : 0.000000,
        "bw_samples" : 0,
        "iops_min" : 0,
        "iops_max" : 0,
        "iops_mean" : 0.000000,
        "iops_stddev" : 0.000000,
        "iops_samples" : 0
      },
      "trim" : {
        "io_bytes" : 0,
        "io_kbytes" : 0,
        "bw_bytes" : 0,
        "bw" : 0,
        "iops" : 0.000000,
        "runtime" : 0,
        "total_ios" : 0,
        "short_ios" : 0,
        "drop_ios" : 0,
        "slat_ns" : {
          "min" : 0,
          "max" : 0,
          "mean" : 0.000000,
          "stddev" : 0.000000,
          "N" : 0
        },
        "clat_ns" : {
          "min" : 0,
          "max" : 0,
          "mean" : 0.000000,
          "stddev" : 0.000000,
          "N" : 0
        },
        "lat_ns" : {
          "min" : 0,
          "max" : 0,
          "mean" : 0.000000,
          "stddev" : 0.000000,
          "N" : 0
        },
        "bw_min" : 0,
        "bw_max" : 0,
        "bw_agg" : 0.000000,
        "bw_mean" : 0.000000,
        "bw_dev" : 0.000000,
        "bw_samples" : 0,
        "iops_min" : 0,
        "iops_max" : 0,
        "iops_mean" : 0.000000,
        "iops_stddev" : 0.000000,
        "iops_samples" : 0
      },
      "sync" : {
        "total_ios" : 0,
        "lat_ns" : {
          "min" : 0,
          "max" : 0,
          "mean" : 0.000000,
          "stddev" : 0.000000,
          "N" : 0
        }
      },
      "job_runtime" : 1200000,
      "usr_cpu" : 1.804417,
      "sys_cpu" : 11.915833,
      "ctx" : 1110650,
      "majf" : 0,
      "minf" : 1183,
      "iodepth_level" : {
        "1" : 0.100000,
        "2" : 0.100000,
        "4" : 0.100000,
        "8" : 0.100000,
        "16" : 0.100000,
        "32" : 0.100000,
        ">=64" : 99.977308
      },
      "iodepth_submit" : {
        "0" : 0.000000,
        "4" : 100.000000,
        "8" : 0.000000,
        "16" : 0.000000,
        "32" : 0.000000,
        "64" : 0.000000,
        ">=64" : 0.000000
      },
      "iodepth_complete" : {
        "0" : 0.000000,
        "4" : 99.999639,
        "8" : 0.000000,
        "16" : 0.000000,
        "32" : 0.000000,
        "64" : 0.000000,
        ">=64" : 0.100000
      },
      "latency_ns" : {
        "2" : 0.000000,
        "4" : 0.000000,
        "10" : 0.000000,
        "20" : 0.000000,
        "50" : 0.000000,
        "100" : 0.000000,
        "250" : 0.000000,
        "500" : 0.000000,
        "750" : 0.000000,
        "1000" : 0.000000
      },
      "latency_us" : {
        "2" : 0.000000,
        "4" : 0.000000,
        "10" : 0.000000,
        "20" : 0.010000,
        "50" : 0.000000,
        "100" : 0.000000,
        "250" : 0.000000,
        "500" : 0.010000,
        "750" : 0.010000,
        "1000" : 0.010000
      },
      "latency_ms" : {
        "2" : 0.010000,
        "4" : 0.010000,
        "10" : 0.010000,
        "20" : 0.010000,
        "50" : 0.016569,
        "100" : 0.025483,
        "250" : 8.295334,
        "500" : 91.645866,
        "750" : 0.010000,
        "1000" : 0.000000,
        "2000" : 0.000000,
        ">=2000" : 0.000000
      },
      "latency_depth" : 256,
      "latency_target" : 0,
      "latency_percentile" : 100.000000,
      "latency_window" : 0
    }
  ]
}
