{
  "fio version" : "fio-3.27",
  "timestamp" : 1627431261,
  "timestamp_ms" : 1627431261135,
  "time" : "Wed Jul 28 02:14:21 2021",
  "jobs" : [
    {
      "jobname" : "seq-read",
      "groupid" : 0,
      "error" : 0,
      "eta" : 0,
      "elapsed" : 301,
      "job options" : {
        "bs" : "4K",
        "iodepth" : "256",
        "direct" : "1",
        "ioengine" : "libaio",
        "time_based" : "1",
        "runtime" : "300",
        "numjobs" : "16",
        "size" : "1g",
        "name" : "seq-read",
        "rw" : "read",
        "directory" : "/scratch/snx2000/ccocha/seqread/96_node/",
        "filename_format" : "$jobname.88.$jobnum.$filenum"
      },
      "read" : {
        "io_bytes" : 6923063296,
        "io_kbytes" : 6760804,
        "bw_bytes" : 23076646,
        "bw" : 22535,
        "iops" : 5633.946994,
        "runtime" : 300003,
        "total_ios" : 1690201,
        "short_ios" : 0,
        "drop_ios" : 0,
        "slat_ns" : {
          "min" : 461275,
          "max" : 129552757,
          "mean" : 2818544.038957,
          "stddev" : 920464.678955,
          "N" : 1690201
        },
        "clat_ns" : {
          "min" : 12520,
          "max" : 979843988,
          "mean" : 723579022.149227,
          "stddev" : 37992315.285156,
          "N" : 1690201,
          "percentile" : {
            "1.000000" : 641728512,
            "5.000000" : 675282944,
            "10.000000" : 692060160,
            "20.000000" : 700448768,
            "30.000000" : 708837376,
            "40.000000" : 717225984,
            "50.000000" : 725614592,
            "60.000000" : 734003200,
            "70.000000" : 734003200,
            "80.000000" : 742391808,
            "90.000000" : 759169024,
            "95.000000" : 775946240,
            "99.000000" : 801112064,
            "99.500000" : 817889280,
            "99.900000" : 868220928,
            "99.950000" : 884998144,
            "99.990000" : 960495616
          }
        },
        "lat_ns" : {
          "min" : 1215961,
          "max" : 982689845,
          "mean" : 726400450.372327,
          "stddev" : 38078236.664216,
          "N" : 1690201
        },
        "bw_min" : 13904,
        "bw_max" : 25552,
        "bw_agg" : 99.934384,
        "bw_mean" : 22521.551759,
        "bw_dev" : 65.083182,
        "bw_samples" : 9571,
        "iops_min" : 3476,
        "iops_max" : 6388,
        "iops_mean" : 5630.305197,
        "iops_stddev" : 16.270047,
        "iops_samples" : 9571
      },
      "write" : {
        "io_bytes" : 0,
        "io_kbytes" : 0,
        "bw_bytes" : 0,
        "bw" : 0,
        "iops" : 0.000000,
        "runtime" : 0,
        "total_ios" : 0,
        "short_ios" : 0,
        "drop_ios" : 0,
        "slat_ns" : {
          "min" : 0,
          "max" : 0,
          "mean" : 0.000000,
          "stddev" : 0.000000,
          "N" : 0
        },
        "clat_ns" : {
          "min" : 0,
          "max" : 0,
          "mean" : 0.000000,
          "stddev" : 0.000000,
          "N" : 0
        },
        "lat_ns" : {
          "min" : 0,
          "max" : 0,
          "mean" : 0.000000,
          "stddev" : 0.000000,
          "N" : 0
        },
        "bw_min" : 0,
        "bw_max" : 0,
        "bw_agg" : 0.000000,
        "bw_mean" : 0.000000,
        "bw_dev" : 0.000000,
        "bw_samples" : 0,
        "iops_min" : 0,
        "iops_max" : 0,
        "iops_mean" : 0.000000,
        "iops_stddev" : 0.000000,
        "iops_samples" : 0
      },
      "trim" : {
        "io_bytes" : 0,
        "io_kbytes" : 0,
        "bw_bytes" : 0,
        "bw" : 0,
        "iops" : 0.000000,
        "runtime" : 0,
        "total_ios" : 0,
        "short_ios" : 0,
        "drop_ios" : 0,
        "slat_ns" : {
          "min" : 0,
          "max" : 0,
          "mean" : 0.000000,
          "stddev" : 0.000000,
          "N" : 0
        },
        "clat_ns" : {
          "min" : 0,
          "max" : 0,
          "mean" : 0.000000,
          "stddev" : 0.000000,
          "N" : 0
        },
        "lat_ns" : {
          "min" : 0,
          "max" : 0,
          "mean" : 0.000000,
          "stddev" : 0.000000,
          "N" : 0
        },
        "bw_min" : 0,
        "bw_max" : 0,
        "bw_agg" : 0.000000,
        "bw_mean" : 0.000000,
        "bw_dev" : 0.000000,
        "bw_samples" : 0,
        "iops_min" : 0,
        "iops_max" : 0,
        "iops_mean" : 0.000000,
        "iops_stddev" : 0.000000,
        "iops_samples" : 0
      },
      "sync" : {
        "total_ios" : 0,
        "lat_ns" : {
          "min" : 0,
          "max" : 0,
          "mean" : 0.000000,
          "stddev" : 0.000000,
          "N" : 0
        }
      },
      "job_runtime" : 4800008,
      "usr_cpu" : 0.850540,
      "sys_cpu" : 5.484074,
      "ctx" : 1690466,
      "majf" : 0,
      "minf" : 4735,
      "iodepth_level" : {
        "1" : 0.100000,
        "2" : 0.100000,
        "4" : 0.100000,
        "8" : 0.100000,
        "16" : 0.100000,
        "32" : 0.100000,
        ">=64" : 99.940362
      },
      "iodepth_submit" : {
        "0" : 0.000000,
        "4" : 100.000000,
        "8" : 0.000000,
        "16" : 0.000000,
        "32" : 0.000000,
        "64" : 0.000000,
        ">=64" : 0.000000
      },
      "iodepth_complete" : {
        "0" : 0.000000,
        "4" : 99.999051,
        "8" : 0.000000,
        "16" : 0.000000,
        "32" : 0.000000,
        "64" : 0.000000,
        ">=64" : 0.100000
      },
      "latency_ns" : {
        "2" : 0.000000,
        "4" : 0.000000,
        "10" : 0.000000,
        "20" : 0.000000,
        "50" : 0.000000,
        "100" : 0.000000,
        "250" : 0.000000,
        "500" : 0.000000,
        "750" : 0.000000,
        "1000" : 0.000000
      },
      "latency_us" : {
        "2" : 0.000000,
        "4" : 0.000000,
        "10" : 0.000000,
        "20" : 0.010000,
        "50" : 0.010000,
        "100" : 0.000000,
        "250" : 0.000000,
        "500" : 0.000000,
        "750" : 0.000000,
        "1000" : 0.000000
      },
      "latency_ms" : {
        "2" : 0.010000,
        "4" : 0.010000,
        "10" : 0.010000,
        "20" : 0.010000,
        "50" : 0.015205,
        "100" : 0.022542,
        "250" : 0.058750,
        "500" : 0.089516,
        "750" : 83.287964,
        "1000" : 16.514367,
        "2000" : 0.000000,
        ">=2000" : 0.000000
      },
      "latency_depth" : 256,
      "latency_target" : 0,
      "latency_percentile" : 100.000000,
      "latency_window" : 0
    }
  ]
}
