{
  "fio version" : "fio-3.27",
  "timestamp" : 1627419736,
  "timestamp_ms" : 1627419736277,
  "time" : "Tue Jul 27 23:02:16 2021",
  "jobs" : [
    {
      "jobname" : "seq-read",
      "groupid" : 0,
      "error" : 0,
      "eta" : 0,
      "elapsed" : 301,
      "job options" : {
        "bs" : "4K",
        "iodepth" : "256",
        "direct" : "1",
        "ioengine" : "libaio",
        "time_based" : "1",
        "runtime" : "300",
        "numjobs" : "4",
        "size" : "1g",
        "name" : "seq-read",
        "rw" : "read",
        "directory" : "/scratch/snx2000/ccocha/seqread/16_node/",
        "filename_format" : "$jobname.15.$jobnum.$filenum"
      },
      "read" : {
        "io_bytes" : 7823966208,
        "io_kbytes" : 7640592,
        "bw_bytes" : 26079800,
        "bw" : 25468,
        "iops" : 6367.138776,
        "runtime" : 300001,
        "total_ios" : 1910148,
        "short_ios" : 0,
        "drop_ios" : 0,
        "slat_ns" : {
          "min" : 368135,
          "max" : 88987332,
          "mean" : 613095.221430,
          "stddev" : 704930.537688,
          "N" : 1910148
        },
        "clat_ns" : {
          "min" : 11950,
          "max" : 374859558,
          "mean" : 160142258.418107,
          "stddev" : 20180323.614742,
          "N" : 1910148,
          "percentile" : {
            "1.000000" : 133693440,
            "5.000000" : 137363456,
            "10.000000" : 141557760,
            "20.000000" : 145752064,
            "30.000000" : 147849216,
            "40.000000" : 152043520,
            "50.000000" : 156237824,
            "60.000000" : 160432128,
            "70.000000" : 164626432,
            "80.000000" : 170917888,
            "90.000000" : 183500800,
            "95.000000" : 196083712,
            "99.000000" : 233832448,
            "99.500000" : 254803968,
            "99.900000" : 291504128,
            "99.950000" : 308281344,
            "99.990000" : 346030080
          }
        },
        "lat_ns" : {
          "min" : 462056,
          "max" : 375535338,
          "mean" : 160757146.535799,
          "stddev" : 20229947.549232,
          "N" : 1910148
        },
        "bw_min" : 16240,
        "bw_max" : 29696,
        "bw_agg" : 99.993896,
        "bw_mean" : 25467.948247,
        "bw_dev" : 479.307221,
        "bw_samples" : 2396,
        "iops_min" : 4060,
        "iops_max" : 7424,
        "iops_mean" : 6366.831386,
        "iops_stddev" : 119.831616,
        "iops_samples" : 2396
      },
      "write" : {
        "io_bytes" : 0,
        "io_kbytes" : 0,
        "bw_bytes" : 0,
        "bw" : 0,
        "iops" : 0.000000,
        "runtime" : 0,
        "total_ios" : 0,
        "short_ios" : 0,
        "drop_ios" : 0,
        "slat_ns" : {
          "min" : 0,
          "max" : 0,
          "mean" : 0.000000,
          "stddev" : 0.000000,
          "N" : 0
        },
        "clat_ns" : {
          "min" : 0,
          "max" : 0,
          "mean" : 0.000000,
          "stddev" : 0.000000,
          "N" : 0
        },
        "lat_ns" : {
          "min" : 0,
          "max" : 0,
          "mean" : 0.000000,
          "stddev" : 0.000000,
          "N" : 0
        },
        "bw_min" : 0,
        "bw_max" : 0,
        "bw_agg" : 0.000000,
        "bw_mean" : 0.000000,
        "bw_dev" : 0.000000,
        "bw_samples" : 0,
        "iops_min" : 0,
        "iops_max" : 0,
        "iops_mean" : 0.000000,
        "iops_stddev" : 0.000000,
        "iops_samples" : 0
      },
      "trim" : {
        "io_bytes" : 0,
        "io_kbytes" : 0,
        "bw_bytes" : 0,
        "bw" : 0,
        "iops" : 0.000000,
        "runtime" : 0,
        "total_ios" : 0,
        "short_ios" : 0,
        "drop_ios" : 0,
        "slat_ns" : {
          "min" : 0,
          "max" : 0,
          "mean" : 0.000000,
          "stddev" : 0.000000,
          "N" : 0
        },
        "clat_ns" : {
          "min" : 0,
          "max" : 0,
          "mean" : 0.000000,
          "stddev" : 0.000000,
          "N" : 0
        },
        "lat_ns" : {
          "min" : 0,
          "max" : 0,
          "mean" : 0.000000,
          "stddev" : 0.000000,
          "N" : 0
        },
        "bw_min" : 0,
        "bw_max" : 0,
        "bw_agg" : 0.000000,
        "bw_mean" : 0.000000,
        "bw_dev" : 0.000000,
        "bw_samples" : 0,
        "iops_min" : 0,
        "iops_max" : 0,
        "iops_mean" : 0.000000,
        "iops_stddev" : 0.000000,
        "iops_samples" : 0
      },
      "sync" : {
        "total_ios" : 0,
        "lat_ns" : {
          "min" : 0,
          "max" : 0,
          "mean" : 0.000000,
          "stddev" : 0.000000,
          "N" : 0
        }
      },
      "job_runtime" : 1200000,
      "usr_cpu" : 2.417583,
      "sys_cpu" : 18.634917,
      "ctx" : 1910250,
      "majf" : 0,
      "minf" : 1182,
      "iodepth_level" : {
        "1" : 0.100000,
        "2" : 0.100000,
        "4" : 0.100000,
        "8" : 0.100000,
        "16" : 0.100000,
        "32" : 0.100000,
        ">=64" : 99.986807
      },
      "iodepth_submit" : {
        "0" : 0.000000,
        "4" : 100.000000,
        "8" : 0.000000,
        "16" : 0.000000,
        "32" : 0.000000,
        "64" : 0.000000,
        ">=64" : 0.000000
      },
      "iodepth_complete" : {
        "0" : 0.000000,
        "4" : 99.999790,
        "8" : 0.000000,
        "16" : 0.000000,
        "32" : 0.000000,
        "64" : 0.000000,
        ">=64" : 0.100000
      },
      "latency_ns" : {
        "2" : 0.000000,
        "4" : 0.000000,
        "10" : 0.000000,
        "20" : 0.000000,
        "50" : 0.000000,
        "100" : 0.000000,
        "250" : 0.000000,
        "500" : 0.000000,
        "750" : 0.000000,
        "1000" : 0.000000
      },
      "latency_us" : {
        "2" : 0.000000,
        "4" : 0.000000,
        "10" : 0.000000,
        "20" : 0.010000,
        "50" : 0.000000,
        "100" : 0.000000,
        "250" : 0.000000,
        "500" : 0.010000,
        "750" : 0.010000,
        "1000" : 0.010000
      },
      "latency_ms" : {
        "2" : 0.010000,
        "4" : 0.010000,
        "10" : 0.010000,
        "20" : 0.010000,
        "50" : 0.010000,
        "100" : 0.017538,
        "250" : 99.365808,
        "500" : 0.600006,
        "750" : 0.000000,
        "1000" : 0.000000,
        "2000" : 0.000000,
        ">=2000" : 0.000000
      },
      "latency_depth" : 256,
      "latency_target" : 0,
      "latency_percentile" : 100.000000,
      "latency_window" : 0
    }
  ]
}
