{
  "fio version" : "fio-3.27",
  "timestamp" : 1627014337,
  "timestamp_ms" : 1627014337721,
  "time" : "Fri Jul 23 06:25:37 2021",
  "jobs" : [
    {
      "jobname" : "randrw",
      "groupid" : 0,
      "error" : 0,
      "eta" : 0,
      "elapsed" : 301,
      "job options" : {
        "bs" : "4K",
        "iodepth" : "256",
        "direct" : "0",
        "ioengine" : "libaio",
        "time_based" : "1",
        "runtime" : "300",
        "numjobs" : "1",
        "size" : "1g",
        "name" : "randrw",
        "rw" : "randrw",
        "directory" : "/scratch/snx2000/ccocha/randrw/32_node",
        "filename_format" : "$jobname.20.$jobnum.$filenum"
      },
      "read" : {
        "io_bytes" : 221708288,
        "io_kbytes" : 216512,
        "bw_bytes" : 738894,
        "bw" : 721,
        "iops" : 180.394196,
        "runtime" : 300054,
        "total_ios" : 54128,
        "short_ios" : 0,
        "drop_ios" : 0,
        "slat_ns" : {
          "min" : 431946,
          "max" : 1989222701,
          "mean" : 5408660.422184,
          "stddev" : 14715298.511181,
          "N" : 54128
        },
        "clat_ns" : {
          "min" : 26570,
          "max" : 3684759466,
          "mean" : 706716521.317410,
          "stddev" : 299816675.336761,
          "N" : 54128,
          "percentile" : {
            "1.000000" : 270532608,
            "5.000000" : 337641472,
            "10.000000" : 400556032,
            "20.000000" : 501219328,
            "30.000000" : 549453824,
            "40.000000" : 591396864,
            "50.000000" : 641728512,
            "60.000000" : 700448768,
            "70.000000" : 775946240,
            "80.000000" : 893386752,
            "90.000000" : 1098907648,
            "95.000000" : 1233125376,
            "99.000000" : 1585446912,
            "99.500000" : 1719664640,
            "99.900000" : 3472883712,
            "99.950000" : 3640655872,
            "99.990000" : 3674210304
          }
        },
        "lat_ns" : {
          "min" : 135298741,
          "max" : 3688602351,
          "mean" : 712127590.128746,
          "stddev" : 300953203.888248,
          "N" : 54128
        },
        "bw_min" : 24,
        "bw_max" : 1712,
        "bw_agg" : 100.000000,
        "bw_mean" : 725.472269,
        "bw_dev" : 326.258760,
        "bw_samples" : 595,
        "iops_min" : 6,
        "iops_max" : 428,
        "iops_mean" : 181.368067,
        "iops_stddev" : 81.564690,
        "iops_samples" : 595
      },
      "write" : {
        "io_bytes" : 220758016,
        "io_kbytes" : 215584,
        "bw_bytes" : 735727,
        "bw" : 718,
        "iops" : 179.621002,
        "runtime" : 300054,
        "total_ios" : 53896,
        "short_ios" : 0,
        "drop_ios" : 0,
        "slat_ns" : {
          "min" : 75531,
          "max" : 807402,
          "mean" : 103761.044066,
          "stddev" : 40129.595768,
          "N" : 53896
        },
        "clat_ns" : {
          "min" : 135308802,
          "max" : 3684230259,
          "mean" : 707715182.568377,
          "stddev" : 298330793.118359,
          "N" : 53896,
          "percentile" : {
            "1.000000" : 270532608,
            "5.000000" : 337641472,
            "10.000000" : 404750336,
            "20.000000" : 501219328,
            "30.000000" : 549453824,
            "40.000000" : 591396864,
            "50.000000" : 641728512,
            "60.000000" : 700448768,
            "70.000000" : 775946240,
            "80.000000" : 893386752,
            "90.000000" : 1098907648,
            "95.000000" : 1233125376,
            "99.000000" : 1568669696,
            "99.500000" : 1719664640,
            "99.900000" : 3472883712,
            "99.950000" : 3640655872,
            "99.990000" : 3674210304
          }
        },
        "lat_ns" : {
          "min" : 135397523,
          "max" : 3684859238,
          "mean" : 707820077.702854,
          "stddev" : 298331237.043214,
          "N" : 53896
        },
        "bw_min" : 8,
        "bw_max" : 1760,
        "bw_agg" : 100.000000,
        "bw_mean" : 722.890756,
        "bw_dev" : 330.868187,
        "bw_samples" : 595,
        "iops_min" : 2,
        "iops_max" : 440,
        "iops_mean" : 180.722689,
        "iops_stddev" : 82.717047,
        "iops_samples" : 595
      },
      "trim" : {
        "io_bytes" : 0,
        "io_kbytes" : 0,
        "bw_bytes" : 0,
        "bw" : 0,
        "iops" : 0.000000,
        "runtime" : 0,
        "total_ios" : 0,
        "short_ios" : 0,
        "drop_ios" : 0,
        "slat_ns" : {
          "min" : 0,
          "max" : 0,
          "mean" : 0.000000,
          "stddev" : 0.000000,
          "N" : 0
        },
        "clat_ns" : {
          "min" : 0,
          "max" : 0,
          "mean" : 0.000000,
          "stddev" : 0.000000,
          "N" : 0
        },
        "lat_ns" : {
          "min" : 0,
          "max" : 0,
          "mean" : 0.000000,
          "stddev" : 0.000000,
          "N" : 0
        },
        "bw_min" : 0,
        "bw_max" : 0,
        "bw_agg" : 0.000000,
        "bw_mean" : 0.000000,
        "bw_dev" : 0.000000,
        "bw_samples" : 0,
        "iops_min" : 0,
        "iops_max" : 0,
        "iops_mean" : 0.000000,
        "iops_stddev" : 0.000000,
        "iops_samples" : 0
      },
      "sync" : {
        "total_ios" : 0,
        "lat_ns" : {
          "min" : 0,
          "max" : 0,
          "mean" : 0.000000,
          "stddev" : 0.000000,
          "N" : 0
        }
      },
      "job_runtime" : 300053,
      "usr_cpu" : 0.599561,
      "sys_cpu" : 4.402556,
      "ctx" : 54148,
      "majf" : 0,
      "minf" : 40,
      "iodepth_level" : {
        "1" : 0.100000,
        "2" : 0.100000,
        "4" : 0.100000,
        "8" : 0.100000,
        "16" : 0.100000,
        "32" : 0.100000,
        ">=64" : 99.941680
      },
      "iodepth_submit" : {
        "0" : 0.000000,
        "4" : 100.000000,
        "8" : 0.000000,
        "16" : 0.000000,
        "32" : 0.000000,
        "64" : 0.000000,
        ">=64" : 0.000000
      },
      "iodepth_complete" : {
        "0" : 0.000000,
        "4" : 99.999072,
        "8" : 0.000000,
        "16" : 0.000000,
        "32" : 0.000000,
        "64" : 0.000000,
        ">=64" : 0.100000
      },
      "latency_ns" : {
        "2" : 0.000000,
        "4" : 0.000000,
        "10" : 0.000000,
        "20" : 0.000000,
        "50" : 0.000000,
        "100" : 0.000000,
        "250" : 0.000000,
        "500" : 0.000000,
        "750" : 0.000000,
        "1000" : 0.000000
      },
      "latency_us" : {
        "2" : 0.000000,
        "4" : 0.000000,
        "10" : 0.000000,
        "20" : 0.000000,
        "50" : 0.010000,
        "100" : 0.000000,
        "250" : 0.000000,
        "500" : 0.000000,
        "750" : 0.000000,
        "1000" : 0.000000
      },
      "latency_ms" : {
        "2" : 0.000000,
        "4" : 0.000000,
        "10" : 0.000000,
        "20" : 0.000000,
        "50" : 0.000000,
        "100" : 0.000000,
        "250" : 0.475820,
        "500" : 19.503073,
        "750" : 46.567429,
        "1000" : 18.803229,
        "2000" : 14.413464,
        ">=2000" : 0.236059
      },
      "latency_depth" : 256,
      "latency_target" : 0,
      "latency_percentile" : 100.000000,
      "latency_window" : 0
    }
  ]
}
