{
  "fio version" : "fio-3.27",
  "timestamp" : 1627023799,
  "timestamp_ms" : 1627023799082,
  "time" : "Fri Jul 23 09:03:19 2021",
  "jobs" : [
    {
      "jobname" : "randrw",
      "groupid" : 0,
      "error" : 0,
      "eta" : 0,
      "elapsed" : 302,
      "job options" : {
        "bs" : "4K",
        "iodepth" : "256",
        "direct" : "0",
        "ioengine" : "libaio",
        "time_based" : "1",
        "runtime" : "300",
        "numjobs" : "32",
        "size" : "1g",
        "name" : "randrw",
        "rw" : "randrw",
        "directory" : "/scratch/snx2000/ccocha/randrw/96_node",
        "filename_format" : "$jobname.82.$jobnum.$filenum"
      },
      "read" : {
        "io_bytes" : 89505792,
        "io_kbytes" : 87408,
        "bw_bytes" : 297025,
        "bw" : 290,
        "iops" : 72.516095,
        "runtime" : 301340,
        "total_ios" : 21852,
        "short_ios" : 0,
        "drop_ios" : 0,
        "slat_ns" : {
          "min" : 508941,
          "max" : 76645825911,
          "mean" : 439861673.803817,
          "stddev" : 2370734687.990655,
          "N" : 21852
        },
        "clat_ns" : {
          "min" : 17450,
          "max" : 205863790175,
          "mean" : 55408948732.060715,
          "stddev" : 50430337328.938080,
          "N" : 21852,
          "percentile" : {
            "1.000000" : 1115684864,
            "5.000000" : 2264924160,
            "10.000000" : 3271557120,
            "20.000000" : 4932501504,
            "30.000000" : 5670699008,
            "40.000000" : 17112760320,
            "50.000000" : 17112760320,
            "60.000000" : 17112760320,
            "70.000000" : 17112760320,
            "80.000000" : 17112760320,
            "90.000000" : 17112760320,
            "95.000000" : 17112760320,
            "99.000000" : 17112760320,
            "99.500000" : 17112760320,
            "99.900000" : 17112760320,
            "99.950000" : 17112760320,
            "99.990000" : 17112760320
          }
        },
        "lat_ns" : {
          "min" : 225579561,
          "max" : 206054755781,
          "mean" : 55848814028.098297,
          "stddev" : 50706959256.720741,
          "N" : 21852
        },
        "bw_min" : 256,
        "bw_max" : 5320,
        "bw_agg" : 100.000000,
        "bw_mean" : 726.591684,
        "bw_dev" : 27.867927,
        "bw_samples" : 6234,
        "iops_min" : 64,
        "iops_max" : 1330,
        "iops_mean" : 181.647921,
        "iops_stddev" : 6.966982,
        "iops_samples" : 6234
      },
      "write" : {
        "io_bytes" : 90095616,
        "io_kbytes" : 87984,
        "bw_bytes" : 298983,
        "bw" : 291,
        "iops" : 72.993960,
        "runtime" : 301340,
        "total_ios" : 21996,
        "short_ios" : 0,
        "drop_ios" : 0,
        "slat_ns" : {
          "min" : 75360,
          "max" : 2400432,
          "mean" : 129087.596654,
          "stddev" : 62296.902033,
          "N" : 21996
        },
        "clat_ns" : {
          "min" : 225590671,
          "max" : 206054617021,
          "mean" : 56186274051.815338,
          "stddev" : 50398596101.702095,
          "N" : 21996,
          "percentile" : {
            "1.000000" : 1166016512,
            "5.000000" : 2298478592,
            "10.000000" : 3305111552,
            "20.000000" : 4865392640,
            "30.000000" : 5670699008,
            "40.000000" : 17112760320,
            "50.000000" : 17112760320,
            "60.000000" : 17112760320,
            "70.000000" : 17112760320,
            "80.000000" : 17112760320,
            "90.000000" : 17112760320,
            "95.000000" : 17112760320,
            "99.000000" : 17112760320,
            "99.500000" : 17112760320,
            "99.900000" : 17112760320,
            "99.950000" : 17112760320,
            "99.990000" : 17112760320
          }
        },
        "lat_ns" : {
          "min" : 225759631,
          "max" : 206054752431,
          "mean" : 56186404393.716370,
          "stddev" : 50398596260.851540,
          "N" : 21996
        },
        "bw_min" : 256,
        "bw_max" : 5232,
        "bw_agg" : 100.000000,
        "bw_mean" : 725.688625,
        "bw_dev" : 27.392182,
        "bw_samples" : 6282,
        "iops_min" : 64,
        "iops_max" : 1308,
        "iops_mean" : 181.422156,
        "iops_stddev" : 6.848045,
        "iops_samples" : 6282
      },
      "trim" : {
        "io_bytes" : 0,
        "io_kbytes" : 0,
        "bw_bytes" : 0,
        "bw" : 0,
        "iops" : 0.000000,
        "runtime" : 0,
        "total_ios" : 0,
        "short_ios" : 0,
        "drop_ios" : 0,
        "slat_ns" : {
          "min" : 0,
          "max" : 0,
          "mean" : 0.000000,
          "stddev" : 0.000000,
          "N" : 0
        },
        "clat_ns" : {
          "min" : 0,
          "max" : 0,
          "mean" : 0.000000,
          "stddev" : 0.000000,
          "N" : 0
        },
        "lat_ns" : {
          "min" : 0,
          "max" : 0,
          "mean" : 0.000000,
          "stddev" : 0.000000,
          "N" : 0
        },
        "bw_min" : 0,
        "bw_max" : 0,
        "bw_agg" : 0.000000,
        "bw_mean" : 0.000000,
        "bw_dev" : 0.000000,
        "bw_samples" : 0,
        "iops_min" : 0,
        "iops_max" : 0,
        "iops_mean" : 0.000000,
        "iops_stddev" : 0.000000,
        "iops_samples" : 0
      },
      "sync" : {
        "total_ios" : 0,
        "lat_ns" : {
          "min" : 0,
          "max" : 0,
          "mean" : 0.000000,
          "stddev" : 0.000000,
          "N" : 0
        }
      },
      "job_runtime" : 9615652,
      "usr_cpu" : 0.010150,
      "sys_cpu" : 0.069616,
      "ctx" : 22162,
      "majf" : 0,
      "minf" : 1318,
      "iodepth_level" : {
        "1" : 0.100000,
        "2" : 0.145959,
        "4" : 0.291918,
        "8" : 0.583835,
        "16" : 1.167670,
        "32" : 2.335340,
        ">=64" : 95.402299
      },
      "iodepth_submit" : {
        "0" : 0.000000,
        "4" : 100.000000,
        "8" : 0.000000,
        "16" : 0.000000,
        "32" : 0.000000,
        "64" : 0.000000,
        ">=64" : 0.000000
      },
      "iodepth_complete" : {
        "0" : 0.000000,
        "4" : 99.910414,
        "8" : 0.000000,
        "16" : 0.000000,
        "32" : 0.000000,
        "64" : 0.000000,
        ">=64" : 0.100000
      },
      "latency_ns" : {
        "2" : 0.000000,
        "4" : 0.000000,
        "10" : 0.000000,
        "20" : 0.000000,
        "50" : 0.000000,
        "100" : 0.000000,
        "250" : 0.000000,
        "500" : 0.000000,
        "750" : 0.000000,
        "1000" : 0.000000
      },
      "latency_us" : {
        "2" : 0.000000,
        "4" : 0.000000,
        "10" : 0.000000,
        "20" : 0.010000,
        "50" : 0.068418,
        "100" : 0.000000,
        "250" : 0.000000,
        "500" : 0.000000,
        "750" : 0.000000,
        "1000" : 0.000000
      },
      "latency_ms" : {
        "2" : 0.000000,
        "4" : 0.000000,
        "10" : 0.000000,
        "20" : 0.000000,
        "50" : 0.000000,
        "100" : 0.000000,
        "250" : 0.011403,
        "500" : 0.041051,
        "750" : 0.063857,
        "1000" : 0.492611,
        "2000" : 3.170042,
        ">=2000" : 96.148057
      },
      "latency_depth" : 256,
      "latency_target" : 0,
      "latency_percentile" : 100.000000,
      "latency_window" : 0
    }
  ]
}
