{
  "fio version" : "fio-3.27",
  "timestamp" : 1627434418,
  "timestamp_ms" : 1627434418076,
  "time" : "Wed Jul 28 03:06:58 2021",
  "jobs" : [
    {
      "jobname" : "seq-read",
      "groupid" : 0,
      "error" : 0,
      "eta" : 0,
      "elapsed" : 301,
      "job options" : {
        "bs" : "4K",
        "iodepth" : "256",
        "direct" : "1",
        "ioengine" : "libaio",
        "time_based" : "1",
        "runtime" : "300",
        "numjobs" : "8",
        "size" : "1g",
        "name" : "seq-read",
        "rw" : "read",
        "directory" : "/scratch/snx2000/ccocha/seqread/128_node/",
        "filename_format" : "$jobname.57.$jobnum.$filenum"
      },
      "read" : {
        "io_bytes" : 5299281920,
        "io_kbytes" : 5175080,
        "bw_bytes" : 17664155,
        "bw" : 17250,
        "iops" : 4312.537916,
        "runtime" : 300002,
        "total_ios" : 1293770,
        "short_ios" : 0,
        "drop_ios" : 0,
        "slat_ns" : {
          "min" : 434840,
          "max" : 88985160,
          "mean" : 1834119.730085,
          "stddev" : 909651.552559,
          "N" : 1293770
        },
        "clat_ns" : {
          "min" : 14020,
          "max" : 619431397,
          "mean" : 472773989.998897,
          "stddev" : 25571719.622951,
          "N" : 1293770,
          "percentile" : {
            "1.000000" : 429916160,
            "5.000000" : 442499072,
            "10.000000" : 446693376,
            "20.000000" : 455081984,
            "30.000000" : 459276288,
            "40.000000" : 463470592,
            "50.000000" : 467664896,
            "60.000000" : 476053504,
            "70.000000" : 480247808,
            "80.000000" : 488636416,
            "90.000000" : 501219328,
            "95.000000" : 517996544,
            "99.000000" : 541065216,
            "99.500000" : 557842432,
            "99.900000" : 583008256,
            "99.950000" : 599785472,
            "99.990000" : 616562688
          }
        },
        "lat_ns" : {
          "min" : 1251640,
          "max" : 621284266,
          "mean" : 474610866.251000,
          "stddev" : 25626409.712303,
          "N" : 1293770
        },
        "bw_min" : 6040,
        "bw_max" : 19640,
        "bw_agg" : 99.877384,
        "bw_mean" : 17229.452421,
        "bw_dev" : 115.525842,
        "bw_samples" : 4792,
        "iops_min" : 1510,
        "iops_max" : 4910,
        "iops_mean" : 4307.265442,
        "iops_stddev" : 28.904775,
        "iops_samples" : 4792
      },
      "write" : {
        "io_bytes" : 0,
        "io_kbytes" : 0,
        "bw_bytes" : 0,
        "bw" : 0,
        "iops" : 0.000000,
        "runtime" : 0,
        "total_ios" : 0,
        "short_ios" : 0,
        "drop_ios" : 0,
        "slat_ns" : {
          "min" : 0,
          "max" : 0,
          "mean" : 0.000000,
          "stddev" : 0.000000,
          "N" : 0
        },
        "clat_ns" : {
          "min" : 0,
          "max" : 0,
          "mean" : 0.000000,
          "stddev" : 0.000000,
          "N" : 0
        },
        "lat_ns" : {
          "min" : 0,
          "max" : 0,
          "mean" : 0.000000,
          "stddev" : 0.000000,
          "N" : 0
        },
        "bw_min" : 0,
        "bw_max" : 0,
        "bw_agg" : 0.000000,
        "bw_mean" : 0.000000,
        "bw_dev" : 0.000000,
        "bw_samples" : 0,
        "iops_min" : 0,
        "iops_max" : 0,
        "iops_mean" : 0.000000,
        "iops_stddev" : 0.000000,
        "iops_samples" : 0
      },
      "trim" : {
        "io_bytes" : 0,
        "io_kbytes" : 0,
        "bw_bytes" : 0,
        "bw" : 0,
        "iops" : 0.000000,
        "runtime" : 0,
        "total_ios" : 0,
        "short_ios" : 0,
        "drop_ios" : 0,
        "slat_ns" : {
          "min" : 0,
          "max" : 0,
          "mean" : 0.000000,
          "stddev" : 0.000000,
          "N" : 0
        },
        "clat_ns" : {
          "min" : 0,
          "max" : 0,
          "mean" : 0.000000,
          "stddev" : 0.000000,
          "N" : 0
        },
        "lat_ns" : {
          "min" : 0,
          "max" : 0,
          "mean" : 0.000000,
          "stddev" : 0.000000,
          "N" : 0
        },
        "bw_min" : 0,
        "bw_max" : 0,
        "bw_agg" : 0.000000,
        "bw_mean" : 0.000000,
        "bw_dev" : 0.000000,
        "bw_samples" : 0,
        "iops_min" : 0,
        "iops_max" : 0,
        "iops_mean" : 0.000000,
        "iops_stddev" : 0.000000,
        "iops_samples" : 0
      },
      "sync" : {
        "total_ios" : 0,
        "lat_ns" : {
          "min" : 0,
          "max" : 0,
          "mean" : 0.000000,
          "stddev" : 0.000000,
          "N" : 0
        }
      },
      "job_runtime" : 2400003,
      "usr_cpu" : 1.293957,
      "sys_cpu" : 8.191531,
      "ctx" : 1293939,
      "majf" : 0,
      "minf" : 2368,
      "iodepth_level" : {
        "1" : 0.100000,
        "2" : 0.100000,
        "4" : 0.100000,
        "8" : 0.100000,
        "16" : 0.100000,
        "32" : 0.100000,
        ">=64" : 99.961044
      },
      "iodepth_submit" : {
        "0" : 0.000000,
        "4" : 100.000000,
        "8" : 0.000000,
        "16" : 0.000000,
        "32" : 0.000000,
        "64" : 0.000000,
        ">=64" : 0.000000
      },
      "iodepth_complete" : {
        "0" : 0.000000,
        "4" : 99.999381,
        "8" : 0.000000,
        "16" : 0.000000,
        "32" : 0.000000,
        "64" : 0.000000,
        ">=64" : 0.100000
      },
      "latency_ns" : {
        "2" : 0.000000,
        "4" : 0.000000,
        "10" : 0.000000,
        "20" : 0.000000,
        "50" : 0.000000,
        "100" : 0.000000,
        "250" : 0.000000,
        "500" : 0.000000,
        "750" : 0.000000,
        "1000" : 0.000000
      },
      "latency_us" : {
        "2" : 0.000000,
        "4" : 0.000000,
        "10" : 0.000000,
        "20" : 0.010000,
        "50" : 0.010000,
        "100" : 0.000000,
        "250" : 0.000000,
        "500" : 0.000000,
        "750" : 0.000000,
        "1000" : 0.000000
      },
      "latency_ms" : {
        "2" : 0.010000,
        "4" : 0.010000,
        "10" : 0.010000,
        "20" : 0.010000,
        "50" : 0.011826,
        "100" : 0.018319,
        "250" : 0.049932,
        "500" : 88.243660,
        "750" : 11.667684,
        "1000" : 0.000000,
        "2000" : 0.000000,
        ">=2000" : 0.000000
      },
      "latency_depth" : 256,
      "latency_target" : 0,
      "latency_percentile" : 100.000000,
      "latency_window" : 0
    }
  ]
}
