{
  "fio version" : "fio-3.27",
  "timestamp" : 1627434920,
  "timestamp_ms" : 1627434920954,
  "time" : "Wed Jul 28 03:15:20 2021",
  "jobs" : [
    {
      "jobname" : "seq-read",
      "groupid" : 0,
      "error" : 0,
      "eta" : 0,
      "elapsed" : 301,
      "job options" : {
        "bs" : "4K",
        "iodepth" : "256",
        "direct" : "1",
        "ioengine" : "libaio",
        "time_based" : "1",
        "runtime" : "300",
        "numjobs" : "16",
        "size" : "1g",
        "name" : "seq-read",
        "rw" : "read",
        "directory" : "/scratch/snx2000/ccocha/seqread/128_node/",
        "filename_format" : "$jobname.116.$jobnum.$filenum"
      },
      "read" : {
        "io_bytes" : 5260292096,
        "io_kbytes" : 5137004,
        "bw_bytes" : 17534014,
        "bw" : 17123,
        "iops" : 4280.765321,
        "runtime" : 300005,
        "total_ios" : 1284251,
        "short_ios" : 0,
        "drop_ios" : 0,
        "slat_ns" : {
          "min" : 422429,
          "max" : 234054634,
          "mean" : 3714932.785706,
          "stddev" : 1565654.620272,
          "N" : 1284251
        },
        "clat_ns" : {
          "min" : 13480,
          "max" : 1596473379,
          "mean" : 952627761.564991,
          "stddev" : 76886656.992578,
          "N" : 1284251,
          "percentile" : {
            "1.000000" : 801112064,
            "5.000000" : 859832320,
            "10.000000" : 884998144,
            "20.000000" : 918552576,
            "30.000000" : 935329792,
            "40.000000" : 943718400,
            "50.000000" : 952107008,
            "60.000000" : 968884224,
            "70.000000" : 977272832,
            "80.000000" : 994050048,
            "90.000000" : 1010827264,
            "95.000000" : 1044381696,
            "99.000000" : 1166016512,
            "99.500000" : 1233125376,
            "99.900000" : 1350565888,
            "99.950000" : 1400897536,
            "99.990000" : 1585446912
          }
        },
        "lat_ns" : {
          "min" : 3040080,
          "max" : 1600072817,
          "mean" : 956345805.424390,
          "stddev" : 77107592.957779,
          "N" : 1284251
        },
        "bw_min" : 8280,
        "bw_max" : 23516,
        "bw_agg" : 99.725163,
        "bw_mean" : 17076.138564,
        "bw_dev" : 82.301628,
        "bw_samples" : 9584,
        "iops_min" : 2070,
        "iops_max" : 5878,
        "iops_mean" : 4267.362270,
        "iops_stddev" : 20.564357,
        "iops_samples" : 9584
      },
      "write" : {
        "io_bytes" : 0,
        "io_kbytes" : 0,
        "bw_bytes" : 0,
        "bw" : 0,
        "iops" : 0.000000,
        "runtime" : 0,
        "total_ios" : 0,
        "short_ios" : 0,
        "drop_ios" : 0,
        "slat_ns" : {
          "min" : 0,
          "max" : 0,
          "mean" : 0.000000,
          "stddev" : 0.000000,
          "N" : 0
        },
        "clat_ns" : {
          "min" : 0,
          "max" : 0,
          "mean" : 0.000000,
          "stddev" : 0.000000,
          "N" : 0
        },
        "lat_ns" : {
          "min" : 0,
          "max" : 0,
          "mean" : 0.000000,
          "stddev" : 0.000000,
          "N" : 0
        },
        "bw_min" : 0,
        "bw_max" : 0,
        "bw_agg" : 0.000000,
        "bw_mean" : 0.000000,
        "bw_dev" : 0.000000,
        "bw_samples" : 0,
        "iops_min" : 0,
        "iops_max" : 0,
        "iops_mean" : 0.000000,
        "iops_stddev" : 0.000000,
        "iops_samples" : 0
      },
      "trim" : {
        "io_bytes" : 0,
        "io_kbytes" : 0,
        "bw_bytes" : 0,
        "bw" : 0,
        "iops" : 0.000000,
        "runtime" : 0,
        "total_ios" : 0,
        "short_ios" : 0,
        "drop_ios" : 0,
        "slat_ns" : {
          "min" : 0,
          "max" : 0,
          "mean" : 0.000000,
          "stddev" : 0.000000,
          "N" : 0
        },
        "clat_ns" : {
          "min" : 0,
          "max" : 0,
          "mean" : 0.000000,
          "stddev" : 0.000000,
          "N" : 0
        },
        "lat_ns" : {
          "min" : 0,
          "max" : 0,
          "mean" : 0.000000,
          "stddev" : 0.000000,
          "N" : 0
        },
        "bw_min" : 0,
        "bw_max" : 0,
        "bw_agg" : 0.000000,
        "bw_mean" : 0.000000,
        "bw_dev" : 0.000000,
        "bw_samples" : 0,
        "iops_min" : 0,
        "iops_max" : 0,
        "iops_mean" : 0.000000,
        "iops_stddev" : 0.000000,
        "iops_samples" : 0
      },
      "sync" : {
        "total_ios" : 0,
        "lat_ns" : {
          "min" : 0,
          "max" : 0,
          "mean" : 0.000000,
          "stddev" : 0.000000,
          "N" : 0
        }
      },
      "job_runtime" : 4800031,
      "usr_cpu" : 0.698245,
      "sys_cpu" : 4.445846,
      "ctx" : 1284466,
      "majf" : 0,
      "minf" : 4739,
      "iodepth_level" : {
        "1" : 0.100000,
        "2" : 0.100000,
        "4" : 0.100000,
        "8" : 0.100000,
        "16" : 0.100000,
        "32" : 0.100000,
        ">=64" : 99.921511
      },
      "iodepth_submit" : {
        "0" : 0.000000,
        "4" : 100.000000,
        "8" : 0.000000,
        "16" : 0.000000,
        "32" : 0.000000,
        "64" : 0.000000,
        ">=64" : 0.000000
      },
      "iodepth_complete" : {
        "0" : 0.000000,
        "4" : 99.998750,
        "8" : 0.000000,
        "16" : 0.000000,
        "32" : 0.000000,
        "64" : 0.000000,
        ">=64" : 0.100000
      },
      "latency_ns" : {
        "2" : 0.000000,
        "4" : 0.000000,
        "10" : 0.000000,
        "20" : 0.000000,
        "50" : 0.000000,
        "100" : 0.000000,
        "250" : 0.000000,
        "500" : 0.000000,
        "750" : 0.000000,
        "1000" : 0.000000
      },
      "latency_us" : {
        "2" : 0.000000,
        "4" : 0.000000,
        "10" : 0.000000,
        "20" : 0.010000,
        "50" : 0.010000,
        "100" : 0.000000,
        "250" : 0.000000,
        "500" : 0.000000,
        "750" : 0.000000,
        "1000" : 0.000000
      },
      "latency_ms" : {
        "2" : 0.000000,
        "4" : 0.010000,
        "10" : 0.010000,
        "20" : 0.010000,
        "50" : 0.010045,
        "100" : 0.016975,
        "250" : 0.109324,
        "500" : 0.311621,
        "750" : 0.249562,
        "1000" : 84.185724,
        "2000" : 15.109819,
        ">=2000" : 0.000000
      },
      "latency_depth" : 256,
      "latency_target" : 0,
      "latency_percentile" : 100.000000,
      "latency_window" : 0
    }
  ]
}
