{
  "fio version" : "fio-3.27",
  "timestamp" : 1627021526,
  "timestamp_ms" : 1627021526227,
  "time" : "Fri Jul 23 08:25:26 2021",
  "jobs" : [
    {
      "jobname" : "randrw",
      "groupid" : 0,
      "error" : 0,
      "eta" : 0,
      "elapsed" : 301,
      "job options" : {
        "bs" : "4K",
        "iodepth" : "256",
        "direct" : "0",
        "ioengine" : "libaio",
        "time_based" : "1",
        "runtime" : "300",
        "numjobs" : "1",
        "size" : "1g",
        "name" : "randrw",
        "rw" : "randrw",
        "directory" : "/scratch/snx2000/ccocha/randrw/96_node",
        "filename_format" : "$jobname.91.$jobnum.$filenum"
      },
      "read" : {
        "io_bytes" : 98181120,
        "io_kbytes" : 95880,
        "bw_bytes" : 327184,
        "bw" : 319,
        "iops" : 79.878965,
        "runtime" : 300079,
        "total_ios" : 23970,
        "short_ios" : 0,
        "drop_ios" : 0,
        "slat_ns" : {
          "min" : 466633,
          "max" : 944348735,
          "mean" : 12381750.022528,
          "stddev" : 29162309.821421,
          "N" : 23970
        },
        "clat_ns" : {
          "min" : 26710,
          "max" : 10065966838,
          "mean" : 1589442751.945053,
          "stddev" : 901355172.895205,
          "N" : 23970,
          "percentile" : {
            "1.000000" : 599785472,
            "5.000000" : 683671552,
            "10.000000" : 750780416,
            "20.000000" : 901775360,
            "30.000000" : 1044381696,
            "40.000000" : 1216348160,
            "50.000000" : 1417674752,
            "60.000000" : 1635778560,
            "70.000000" : 1887436800,
            "80.000000" : 2164260864,
            "90.000000" : 2533359616,
            "95.000000" : 2835349504,
            "99.000000" : 4798283776,
            "99.500000" : 5872025600,
            "99.900000" : 9999220736,
            "99.950000" : 9999220736,
            "99.990000" : 9999220736
          }
        },
        "lat_ns" : {
          "min" : 153265362,
          "max" : 10074802995,
          "mean" : 1601827070.985563,
          "stddev" : 904923524.155608,
          "N" : 23970
        },
        "bw_min" : 8,
        "bw_max" : 1032,
        "bw_agg" : 100.000000,
        "bw_mean" : 324.623509,
        "bw_dev" : 214.250650,
        "bw_samples" : 587,
        "iops_min" : 2,
        "iops_max" : 258,
        "iops_mean" : 81.155026,
        "iops_stddev" : 53.561181,
        "iops_samples" : 587
      },
      "write" : {
        "io_bytes" : 97710080,
        "io_kbytes" : 95420,
        "bw_bytes" : 325614,
        "bw" : 317,
        "iops" : 79.495733,
        "runtime" : 300079,
        "total_ios" : 23855,
        "short_ios" : 0,
        "drop_ios" : 0,
        "slat_ns" : {
          "min" : 75251,
          "max" : 825465,
          "mean" : 105151.214379,
          "stddev" : 41106.706475,
          "N" : 23855
        },
        "clat_ns" : {
          "min" : 153275512,
          "max" : 10074658544,
          "mean" : 1606880215.626995,
          "stddev" : 916406186.492798,
          "N" : 23855,
          "percentile" : {
            "1.000000" : 599785472,
            "5.000000" : 683671552,
            "10.000000" : 750780416,
            "20.000000" : 918552576,
            "30.000000" : 1052770304,
            "40.000000" : 1233125376,
            "50.000000" : 1434451968,
            "60.000000" : 1652555776,
            "70.000000" : 1904214016,
            "80.000000" : 2164260864,
            "90.000000" : 2566914048,
            "95.000000" : 2835349504,
            "99.000000" : 4999610368,
            "99.500000" : 5737807872,
            "99.900000" : 9999220736,
            "99.950000" : 9999220736,
            "99.990000" : 10133438464
          }
        },
        "lat_ns" : {
          "min" : 153362973,
          "max" : 10074739034,
          "mean" : 1606986512.362940,
          "stddev" : 916406178.346833,
          "N" : 23855
        },
        "bw_min" : 8,
        "bw_max" : 960,
        "bw_agg" : 100.000000,
        "bw_mean" : 323.704778,
        "bw_dev" : 210.349290,
        "bw_samples" : 586,
        "iops_min" : 2,
        "iops_max" : 240,
        "iops_mean" : 80.924915,
        "iops_stddev" : 52.585765,
        "iops_samples" : 586
      },
      "trim" : {
        "io_bytes" : 0,
        "io_kbytes" : 0,
        "bw_bytes" : 0,
        "bw" : 0,
        "iops" : 0.000000,
        "runtime" : 0,
        "total_ios" : 0,
        "short_ios" : 0,
        "drop_ios" : 0,
        "slat_ns" : {
          "min" : 0,
          "max" : 0,
          "mean" : 0.000000,
          "stddev" : 0.000000,
          "N" : 0
        },
        "clat_ns" : {
          "min" : 0,
          "max" : 0,
          "mean" : 0.000000,
          "stddev" : 0.000000,
          "N" : 0
        },
        "lat_ns" : {
          "min" : 0,
          "max" : 0,
          "mean" : 0.000000,
          "stddev" : 0.000000,
          "N" : 0
        },
        "bw_min" : 0,
        "bw_max" : 0,
        "bw_agg" : 0.000000,
        "bw_mean" : 0.000000,
        "bw_dev" : 0.000000,
        "bw_samples" : 0,
        "iops_min" : 0,
        "iops_max" : 0,
        "iops_mean" : 0.000000,
        "iops_stddev" : 0.000000,
        "iops_samples" : 0
      },
      "sync" : {
        "total_ios" : 0,
        "lat_ns" : {
          "min" : 0,
          "max" : 0,
          "mean" : 0.000000,
          "stddev" : 0.000000,
          "N" : 0
        }
      },
      "job_runtime" : 300078,
      "usr_cpu" : 0.300255,
      "sys_cpu" : 1.967155,
      "ctx" : 23981,
      "majf" : 0,
      "minf" : 40,
      "iodepth_level" : {
        "1" : 0.100000,
        "2" : 0.100000,
        "4" : 0.100000,
        "8" : 0.100000,
        "16" : 0.100000,
        "32" : 0.100000,
        ">=64" : 99.868270
      },
      "iodepth_submit" : {
        "0" : 0.000000,
        "4" : 100.000000,
        "8" : 0.000000,
        "16" : 0.000000,
        "32" : 0.000000,
        "64" : 0.000000,
        ">=64" : 0.000000
      },
      "iodepth_complete" : {
        "0" : 0.000000,
        "4" : 99.997898,
        "8" : 0.000000,
        "16" : 0.000000,
        "32" : 0.000000,
        "64" : 0.000000,
        ">=64" : 0.100000
      },
      "latency_ns" : {
        "2" : 0.000000,
        "4" : 0.000000,
        "10" : 0.000000,
        "20" : 0.000000,
        "50" : 0.000000,
        "100" : 0.000000,
        "250" : 0.000000,
        "500" : 0.000000,
        "750" : 0.000000,
        "1000" : 0.000000
      },
      "latency_us" : {
        "2" : 0.000000,
        "4" : 0.000000,
        "10" : 0.000000,
        "20" : 0.000000,
        "50" : 0.010000,
        "100" : 0.000000,
        "250" : 0.000000,
        "500" : 0.000000,
        "750" : 0.000000,
        "1000" : 0.000000
      },
      "latency_ms" : {
        "2" : 0.000000,
        "4" : 0.000000,
        "10" : 0.000000,
        "20" : 0.000000,
        "50" : 0.000000,
        "100" : 0.000000,
        "250" : 0.033455,
        "500" : 0.161004,
        "750" : 9.777313,
        "1000" : 16.589650,
        "2000" : 47.523262,
        ">=2000" : 25.913225
      },
      "latency_depth" : 256,
      "latency_target" : 0,
      "latency_percentile" : 100.000000,
      "latency_window" : 0
    }
  ]
}
