{
  "fio version" : "fio-3.27",
  "timestamp" : 1627029449,
  "timestamp_ms" : 1627029449498,
  "time" : "Fri Jul 23 10:37:29 2021",
  "jobs" : [
    {
      "jobname" : "randrw",
      "groupid" : 0,
      "error" : 0,
      "eta" : 0,
      "elapsed" : 301,
      "job options" : {
        "bs" : "4K",
        "iodepth" : "256",
        "direct" : "0",
        "ioengine" : "libaio",
        "time_based" : "1",
        "runtime" : "300",
        "numjobs" : "4",
        "size" : "1g",
        "name" : "randrw",
        "rw" : "randrw",
        "directory" : "/scratch/snx2000/ccocha/randrw/150_node",
        "filename_format" : "$jobname.147.$jobnum.$filenum"
      },
      "read" : {
        "io_bytes" : 78467072,
        "io_kbytes" : 76628,
        "bw_bytes" : 261193,
        "bw" : 255,
        "iops" : 63.768029,
        "runtime" : 300417,
        "total_ios" : 19157,
        "short_ios" : 0,
        "drop_ios" : 0,
        "slat_ns" : {
          "min" : 559404,
          "max" : 43881031939,
          "mean" : 62514444.386595,
          "stddev" : 549286767.020431,
          "N" : 19157
        },
        "clat_ns" : {
          "min" : 13441,
          "max" : 51840682621,
          "mean" : 7854876404.176386,
          "stddev" : 7247486965.403399,
          "N" : 19157,
          "percentile" : {
            "1.000000" : 977272832,
            "5.000000" : 1069547520,
            "10.000000" : 1149239296,
            "20.000000" : 5066719232,
            "30.000000" : 6744440832,
            "40.000000" : 7348420608,
            "50.000000" : 7751073792,
            "60.000000" : 8153726976,
            "70.000000" : 8556380160,
            "80.000000" : 9059696640,
            "90.000000" : 9865003008,
            "95.000000" : 10670309376,
            "99.000000" : 17112760320,
            "99.500000" : 17112760320,
            "99.900000" : 17112760320,
            "99.950000" : 17112760320,
            "99.990000" : 17112760320
          }
        },
        "lat_ns" : {
          "min" : 7118898,
          "max" : 51867775562,
          "mean" : 7917393934.990049,
          "stddev" : 7275461246.168994,
          "N" : 19157
        },
        "bw_min" : 32,
        "bw_max" : 2392,
        "bw_agg" : 100.000000,
        "bw_mean" : 315.017123,
        "bw_dev" : 83.032593,
        "bw_samples" : 1891,
        "iops_min" : 8,
        "iops_max" : 598,
        "iops_mean" : 78.754281,
        "iops_stddev" : 20.758148,
        "iops_samples" : 1891
      },
      "write" : {
        "io_bytes" : 80449536,
        "io_kbytes" : 78564,
        "bw_bytes" : 267792,
        "bw" : 261,
        "iops" : 65.379123,
        "runtime" : 300417,
        "total_ios" : 19641,
        "short_ios" : 0,
        "drop_ios" : 0,
        "slat_ns" : {
          "min" : 75340,
          "max" : 1850275,
          "mean" : 115306.068123,
          "stddev" : 45946.037698,
          "N" : 19641
        },
        "clat_ns" : {
          "min" : 7129619,
          "max" : 51811864366,
          "mean" : 7895308356.034209,
          "stddev" : 7370568327.064843,
          "N" : 19641,
          "percentile" : {
            "1.000000" : 977272832,
            "5.000000" : 1069547520,
            "10.000000" : 1149239296,
            "20.000000" : 4932501504,
            "30.000000" : 6744440832,
            "40.000000" : 7415529472,
            "50.000000" : 7818182656,
            "60.000000" : 8220835840,
            "70.000000" : 8556380160,
            "80.000000" : 9059696640,
            "90.000000" : 9865003008,
            "95.000000" : 10804527104,
            "99.000000" : 17112760320,
            "99.500000" : 17112760320,
            "99.900000" : 17112760320,
            "99.950000" : 17112760320,
            "99.990000" : 17112760320
          }
        },
        "lat_ns" : {
          "min" : 7217699,
          "max" : 51811953767,
          "mean" : 7895424834.321463,
          "stddev" : 7370567121.658020,
          "N" : 19641
        },
        "bw_min" : 32,
        "bw_max" : 2272,
        "bw_agg" : 100.000000,
        "bw_mean" : 321.894835,
        "bw_dev" : 86.397332,
        "bw_samples" : 1899,
        "iops_min" : 8,
        "iops_max" : 568,
        "iops_mean" : 80.473709,
        "iops_stddev" : 21.599333,
        "iops_samples" : 1899
      },
      "trim" : {
        "io_bytes" : 0,
        "io_kbytes" : 0,
        "bw_bytes" : 0,
        "bw" : 0,
        "iops" : 0.000000,
        "runtime" : 0,
        "total_ios" : 0,
        "short_ios" : 0,
        "drop_ios" : 0,
        "slat_ns" : {
          "min" : 0,
          "max" : 0,
          "mean" : 0.000000,
          "stddev" : 0.000000,
          "N" : 0
        },
        "clat_ns" : {
          "min" : 0,
          "max" : 0,
          "mean" : 0.000000,
          "stddev" : 0.000000,
          "N" : 0
        },
        "lat_ns" : {
          "min" : 0,
          "max" : 0,
          "mean" : 0.000000,
          "stddev" : 0.000000,
          "N" : 0
        },
        "bw_min" : 0,
        "bw_max" : 0,
        "bw_agg" : 0.000000,
        "bw_mean" : 0.000000,
        "bw_dev" : 0.000000,
        "bw_samples" : 0,
        "iops_min" : 0,
        "iops_max" : 0,
        "iops_mean" : 0.000000,
        "iops_stddev" : 0.000000,
        "iops_samples" : 0
      },
      "sync" : {
        "total_ios" : 0,
        "lat_ns" : {
          "min" : 0,
          "max" : 0,
          "mean" : 0.000000,
          "stddev" : 0.000000,
          "N" : 0
        }
      },
      "job_runtime" : 1200560,
      "usr_cpu" : 0.062304,
      "sys_cpu" : 0.451456,
      "ctx" : 19188,
      "majf" : 0,
      "minf" : 172,
      "iodepth_level" : {
        "1" : 0.100000,
        "2" : 0.100000,
        "4" : 0.100000,
        "8" : 0.100000,
        "16" : 0.164957,
        "32" : 0.329914,
        ">=64" : 99.350482
      },
      "iodepth_submit" : {
        "0" : 0.000000,
        "4" : 100.000000,
        "8" : 0.000000,
        "16" : 0.000000,
        "32" : 0.000000,
        "64" : 0.000000,
        ">=64" : 0.000000
      },
      "iodepth_complete" : {
        "0" : 0.000000,
        "4" : 99.989413,
        "8" : 0.000000,
        "16" : 0.000000,
        "32" : 0.000000,
        "64" : 0.000000,
        ">=64" : 0.100000
      },
      "latency_ns" : {
        "2" : 0.000000,
        "4" : 0.000000,
        "10" : 0.000000,
        "20" : 0.000000,
        "50" : 0.000000,
        "100" : 0.000000,
        "250" : 0.000000,
        "500" : 0.000000,
        "750" : 0.000000,
        "1000" : 0.000000
      },
      "latency_us" : {
        "2" : 0.000000,
        "4" : 0.000000,
        "10" : 0.000000,
        "20" : 0.010000,
        "50" : 0.010000,
        "100" : 0.000000,
        "250" : 0.000000,
        "500" : 0.000000,
        "750" : 0.000000,
        "1000" : 0.000000
      },
      "latency_ms" : {
        "2" : 0.000000,
        "4" : 0.000000,
        "10" : 0.010000,
        "20" : 0.010000,
        "50" : 0.010000,
        "100" : 0.010000,
        "250" : 0.000000,
        "500" : 0.074746,
        "750" : 0.110830,
        "1000" : 1.404712,
        "2000" : 16.763751,
        ">=2000" : 81.612454
      },
      "latency_depth" : 256,
      "latency_target" : 0,
      "latency_percentile" : 100.000000,
      "latency_window" : 0
    }
  ]
}
