{
  "fio version" : "fio-3.27",
  "timestamp" : 1627436965,
  "timestamp_ms" : 1627436965918,
  "time" : "Wed Jul 28 03:49:25 2021",
  "jobs" : [
    {
      "jobname" : "seq-read",
      "groupid" : 0,
      "error" : 0,
      "eta" : 0,
      "elapsed" : 301,
      "job options" : {
        "bs" : "4K",
        "iodepth" : "256",
        "direct" : "1",
        "ioengine" : "libaio",
        "time_based" : "1",
        "runtime" : "300",
        "numjobs" : "1",
        "size" : "1g",
        "name" : "seq-read",
        "rw" : "read",
        "directory" : "/scratch/snx2000/ccocha/seqread/150_node/",
        "filename_format" : "$jobname.136.$jobnum.$filenum"
      },
      "read" : {
        "io_bytes" : 1914781696,
        "io_kbytes" : 1869904,
        "bw_bytes" : 6382584,
        "bw" : 6232,
        "iops" : 1558.248139,
        "runtime" : 300001,
        "total_ios" : 467476,
        "short_ios" : 0,
        "drop_ios" : 0,
        "slat_ns" : {
          "min" : 367349,
          "max" : 158700360,
          "mean" : 629636.580528,
          "stddev" : 1156021.062569,
          "N" : 467476
        },
        "clat_ns" : {
          "min" : 11570,
          "max" : 464502590,
          "mean" : 163584193.383843,
          "stddev" : 33825355.131201,
          "N" : 467476,
          "percentile" : {
            "1.000000" : 128450560,
            "5.000000" : 132644864,
            "10.000000" : 135266304,
            "20.000000" : 139460608,
            "30.000000" : 143654912,
            "40.000000" : 147849216,
            "50.000000" : 152043520,
            "60.000000" : 158334976,
            "70.000000" : 168820736,
            "80.000000" : 181403648,
            "90.000000" : 206569472,
            "95.000000" : 231735296,
            "99.000000" : 287309824,
            "99.500000" : 308281344,
            "99.900000" : 392167424,
            "99.950000" : 396361728,
            "99.990000" : 446693376
          }
        },
        "lat_ns" : {
          "min" : 459699,
          "max" : 465085719,
          "mean" : 164215281.032875,
          "stddev" : 33905873.535485,
          "N" : 467476
        },
        "bw_min" : 2504,
        "bw_max" : 7728,
        "bw_agg" : 100.000000,
        "bw_mean" : 6233.267112,
        "bw_dev" : 791.528477,
        "bw_samples" : 599,
        "iops_min" : 626,
        "iops_max" : 1932,
        "iops_mean" : 1558.277129,
        "iops_stddev" : 197.875176,
        "iops_samples" : 599
      },
      "write" : {
        "io_bytes" : 0,
        "io_kbytes" : 0,
        "bw_bytes" : 0,
        "bw" : 0,
        "iops" : 0.000000,
        "runtime" : 0,
        "total_ios" : 0,
        "short_ios" : 0,
        "drop_ios" : 0,
        "slat_ns" : {
          "min" : 0,
          "max" : 0,
          "mean" : 0.000000,
          "stddev" : 0.000000,
          "N" : 0
        },
        "clat_ns" : {
          "min" : 0,
          "max" : 0,
          "mean" : 0.000000,
          "stddev" : 0.000000,
          "N" : 0
        },
        "lat_ns" : {
          "min" : 0,
          "max" : 0,
          "mean" : 0.000000,
          "stddev" : 0.000000,
          "N" : 0
        },
        "bw_min" : 0,
        "bw_max" : 0,
        "bw_agg" : 0.000000,
        "bw_mean" : 0.000000,
        "bw_dev" : 0.000000,
        "bw_samples" : 0,
        "iops_min" : 0,
        "iops_max" : 0,
        "iops_mean" : 0.000000,
        "iops_stddev" : 0.000000,
        "iops_samples" : 0
      },
      "trim" : {
        "io_bytes" : 0,
        "io_kbytes" : 0,
        "bw_bytes" : 0,
        "bw" : 0,
        "iops" : 0.000000,
        "runtime" : 0,
        "total_ios" : 0,
        "short_ios" : 0,
        "drop_ios" : 0,
        "slat_ns" : {
          "min" : 0,
          "max" : 0,
          "mean" : 0.000000,
          "stddev" : 0.000000,
          "N" : 0
        },
        "clat_ns" : {
          "min" : 0,
          "max" : 0,
          "mean" : 0.000000,
          "stddev" : 0.000000,
          "N" : 0
        },
        "lat_ns" : {
          "min" : 0,
          "max" : 0,
          "mean" : 0.000000,
          "stddev" : 0.000000,
          "N" : 0
        },
        "bw_min" : 0,
        "bw_max" : 0,
        "bw_agg" : 0.000000,
        "bw_mean" : 0.000000,
        "bw_dev" : 0.000000,
        "bw_samples" : 0,
        "iops_min" : 0,
        "iops_max" : 0,
        "iops_mean" : 0.000000,
        "iops_stddev" : 0.000000,
        "iops_samples" : 0
      },
      "sync" : {
        "total_ios" : 0,
        "lat_ns" : {
          "min" : 0,
          "max" : 0,
          "mean" : 0.000000,
          "stddev" : 0.000000,
          "N" : 0
        }
      },
      "job_runtime" : 300000,
      "usr_cpu" : 2.030667,
      "sys_cpu" : 15.283000,
      "ctx" : 467508,
      "majf" : 0,
      "minf" : 295,
      "iodepth_level" : {
        "1" : 0.100000,
        "2" : 0.100000,
        "4" : 0.100000,
        "8" : 0.100000,
        "16" : 0.100000,
        "32" : 0.100000,
        ">=64" : 99.986523
      },
      "iodepth_submit" : {
        "0" : 0.000000,
        "4" : 100.000000,
        "8" : 0.000000,
        "16" : 0.000000,
        "32" : 0.000000,
        "64" : 0.000000,
        ">=64" : 0.000000
      },
      "iodepth_complete" : {
        "0" : 0.000000,
        "4" : 99.999786,
        "8" : 0.000000,
        "16" : 0.000000,
        "32" : 0.000000,
        "64" : 0.000000,
        ">=64" : 0.100000
      },
      "latency_ns" : {
        "2" : 0.000000,
        "4" : 0.000000,
        "10" : 0.000000,
        "20" : 0.000000,
        "50" : 0.000000,
        "100" : 0.000000,
        "250" : 0.000000,
        "500" : 0.000000,
        "750" : 0.000000,
        "1000" : 0.000000
      },
      "latency_us" : {
        "2" : 0.000000,
        "4" : 0.000000,
        "10" : 0.000000,
        "20" : 0.010000,
        "50" : 0.000000,
        "100" : 0.000000,
        "250" : 0.000000,
        "500" : 0.010000,
        "750" : 0.000000,
        "1000" : 0.000000
      },
      "latency_ms" : {
        "2" : 0.010000,
        "4" : 0.010000,
        "10" : 0.010000,
        "20" : 0.010000,
        "50" : 0.010054,
        "100" : 0.019252,
        "250" : 97.056319,
        "500" : 2.905818,
        "750" : 0.000000,
        "1000" : 0.000000,
        "2000" : 0.000000,
        ">=2000" : 0.000000
      },
      "latency_depth" : 256,
      "latency_target" : 0,
      "latency_percentile" : 100.000000,
      "latency_window" : 0
    }
  ]
}
