{
  "fio version" : "fio-3.27",
  "timestamp" : 1626993720,
  "timestamp_ms" : 1626993720941,
  "time" : "Fri Jul 23 00:42:00 2021",
  "jobs" : [
    {
      "jobname" : "randrw",
      "groupid" : 0,
      "error" : 0,
      "eta" : 0,
      "elapsed" : 301,
      "job options" : {
        "bs" : "4K",
        "iodepth" : "256",
        "direct" : "0",
        "ioengine" : "libaio",
        "time_based" : "1",
        "runtime" : "300",
        "numjobs" : "2",
        "size" : "1g",
        "name" : "randrw",
        "rw" : "randrw",
        "directory" : "/scratch/snx2000/ccocha/randrw",
        "filename_format" : "$jobname.0.$jobnum.$filenum"
      },
      "read" : {
        "io_bytes" : 768831488,
        "io_kbytes" : 750812,
        "bw_bytes" : 2562669,
        "bw" : 2502,
        "iops" : 625.651641,
        "runtime" : 300012,
        "total_ios" : 187703,
        "short_ios" : 0,
        "drop_ios" : 0,
        "slat_ns" : {
          "min" : 427803,
          "max" : 1246417251,
          "mean" : 3057935.744740,
          "stddev" : 10354696.235742,
          "N" : 187703
        },
        "clat_ns" : {
          "min" : 16521,
          "max" : 2324348542,
          "mean" : 406668809.164835,
          "stddev" : 226991190.076274,
          "N" : 187703,
          "percentile" : {
            "1.000000" : 162529280,
            "5.000000" : 200278016,
            "10.000000" : 223346688,
            "20.000000" : 256901120,
            "30.000000" : 287309824,
            "40.000000" : 312475648,
            "50.000000" : 337641472,
            "60.000000" : 371195904,
            "70.000000" : 417333248,
            "80.000000" : 497025024,
            "90.000000" : 700448768,
            "95.000000" : 851443712,
            "99.000000" : 1333788672,
            "99.500000" : 1468006400,
            "99.900000" : 2088763392,
            "99.950000" : 2164260864,
            "99.990000" : 2264924160
          }
        },
        "lat_ns" : {
          "min" : 1303720,
          "max" : 2325078108,
          "mean" : 409729163.962615,
          "stddev" : 228060101.417703,
          "N" : 187703
        },
        "bw_min" : 56,
        "bw_max" : 5880,
        "bw_agg" : 100.000000,
        "bw_mean" : 2523.686942,
        "bw_dev" : 563.425179,
        "bw_samples" : 1187,
        "iops_min" : 14,
        "iops_max" : 1470,
        "iops_mean" : 630.918369,
        "iops_stddev" : 140.856060,
        "iops_samples" : 1187
      },
      "write" : {
        "io_bytes" : 769085440,
        "io_kbytes" : 751060,
        "bw_bytes" : 2563515,
        "bw" : 2503,
        "iops" : 625.858299,
        "runtime" : 300012,
        "total_ios" : 187765,
        "short_ios" : 0,
        "drop_ios" : 0,
        "slat_ns" : {
          "min" : 75440,
          "max" : 3628807,
          "mean" : 106788.272969,
          "stddev" : 40843.130844,
          "N" : 187765
        },
        "clat_ns" : {
          "min" : 1315080,
          "max" : 2324453133,
          "mean" : 407109081.627634,
          "stddev" : 228287880.867739,
          "N" : 187765,
          "percentile" : {
            "1.000000" : 162529280,
            "5.000000" : 200278016,
            "10.000000" : 223346688,
            "20.000000" : 256901120,
            "30.000000" : 287309824,
            "40.000000" : 312475648,
            "50.000000" : 337641472,
            "60.000000" : 371195904,
            "70.000000" : 417333248,
            "80.000000" : 497025024,
            "90.000000" : 700448768,
            "95.000000" : 851443712,
            "99.000000" : 1333788672,
            "99.500000" : 1484783616,
            "99.900000" : 2105540608,
            "99.950000" : 2164260864,
            "99.990000" : 2264924160
          }
        },
        "lat_ns" : {
          "min" : 1503672,
          "max" : 2324544243,
          "mean" : 407217038.663425,
          "stddev" : 228289532.605480,
          "N" : 187765
        },
        "bw_min" : 80,
        "bw_max" : 6016,
        "bw_agg" : 100.000000,
        "bw_mean" : 2526.678952,
        "bw_dev" : 564.821325,
        "bw_samples" : 1186,
        "iops_min" : 20,
        "iops_max" : 1504,
        "iops_mean" : 631.669738,
        "iops_stddev" : 141.205331,
        "iops_samples" : 1186
      },
      "trim" : {
        "io_bytes" : 0,
        "io_kbytes" : 0,
        "bw_bytes" : 0,
        "bw" : 0,
        "iops" : 0.000000,
        "runtime" : 0,
        "total_ios" : 0,
        "short_ios" : 0,
        "drop_ios" : 0,
        "slat_ns" : {
          "min" : 0,
          "max" : 0,
          "mean" : 0.000000,
          "stddev" : 0.000000,
          "N" : 0
        },
        "clat_ns" : {
          "min" : 0,
          "max" : 0,
          "mean" : 0.000000,
          "stddev" : 0.000000,
          "N" : 0
        },
        "lat_ns" : {
          "min" : 0,
          "max" : 0,
          "mean" : 0.000000,
          "stddev" : 0.000000,
          "N" : 0
        },
        "bw_min" : 0,
        "bw_max" : 0,
        "bw_agg" : 0.000000,
        "bw_mean" : 0.000000,
        "bw_dev" : 0.000000,
        "bw_samples" : 0,
        "iops_min" : 0,
        "iops_max" : 0,
        "iops_mean" : 0.000000,
        "iops_stddev" : 0.000000,
        "iops_samples" : 0
      },
      "sync" : {
        "total_ios" : 0,
        "lat_ns" : {
          "min" : 0,
          "max" : 0,
          "mean" : 0.000000,
          "stddev" : 0.000000,
          "N" : 0
        }
      },
      "job_runtime" : 600013,
      "usr_cpu" : 1.083643,
      "sys_cpu" : 7.638168,
      "ctx" : 187767,
      "majf" : 0,
      "minf" : 86,
      "iodepth_level" : {
        "1" : 0.100000,
        "2" : 0.100000,
        "4" : 0.100000,
        "8" : 0.100000,
        "16" : 0.100000,
        "32" : 0.100000,
        ">=64" : 99.966442
      },
      "iodepth_submit" : {
        "0" : 0.000000,
        "4" : 100.000000,
        "8" : 0.000000,
        "16" : 0.000000,
        "32" : 0.000000,
        "64" : 0.000000,
        ">=64" : 0.000000
      },
      "iodepth_complete" : {
        "0" : 0.000000,
        "4" : 99.999467,
        "8" : 0.000000,
        "16" : 0.000000,
        "32" : 0.000000,
        "64" : 0.000000,
        ">=64" : 0.100000
      },
      "latency_ns" : {
        "2" : 0.000000,
        "4" : 0.000000,
        "10" : 0.000000,
        "20" : 0.000000,
        "50" : 0.000000,
        "100" : 0.000000,
        "250" : 0.000000,
        "500" : 0.000000,
        "750" : 0.000000,
        "1000" : 0.000000
      },
      "latency_us" : {
        "2" : 0.000000,
        "4" : 0.000000,
        "10" : 0.000000,
        "20" : 0.010000,
        "50" : 0.010000,
        "100" : 0.000000,
        "250" : 0.000000,
        "500" : 0.000000,
        "750" : 0.000000,
        "1000" : 0.000000
      },
      "latency_ms" : {
        "2" : 0.010000,
        "4" : 0.000000,
        "10" : 0.000000,
        "20" : 0.010000,
        "50" : 0.010000,
        "100" : 0.023171,
        "250" : 17.897930,
        "500" : 62.189321,
        "750" : 12.186658,
        "1000" : 5.350123,
        "2000" : 2.210308,
        ">=2000" : 0.131036
      },
      "latency_depth" : 256,
      "latency_target" : 0,
      "latency_percentile" : 100.000000,
      "latency_window" : 0
    }
  ]
}
