{
  "fio version" : "fio-3.27",
  "timestamp" : 1627023800,
  "timestamp_ms" : 1627023800043,
  "time" : "Fri Jul 23 09:03:20 2021",
  "jobs" : [
    {
      "jobname" : "randrw",
      "groupid" : 0,
      "error" : 0,
      "eta" : 0,
      "elapsed" : 302,
      "job options" : {
        "bs" : "4K",
        "iodepth" : "256",
        "direct" : "0",
        "ioengine" : "libaio",
        "time_based" : "1",
        "runtime" : "300",
        "numjobs" : "32",
        "size" : "1g",
        "name" : "randrw",
        "rw" : "randrw",
        "directory" : "/scratch/snx2000/ccocha/randrw/96_node",
        "filename_format" : "$jobname.13.$jobnum.$filenum"
      },
      "read" : {
        "io_bytes" : 98922496,
        "io_kbytes" : 96604,
        "bw_bytes" : 329111,
        "bw" : 321,
        "iops" : 80.349598,
        "runtime" : 300574,
        "total_ios" : 24151,
        "short_ios" : 0,
        "drop_ios" : 0,
        "slat_ns" : {
          "min" : 14004442,
          "max" : 74246828227,
          "mean" : 397046623.633100,
          "stddev" : 1992555952.736887,
          "N" : 24151
        },
        "clat_ns" : {
          "min" : 17220,
          "max" : 143624817886,
          "mean" : 49890937372.518486,
          "stddev" : 31166794677.937286,
          "N" : 24151,
          "percentile" : {
            "1.000000" : 2902458368,
            "5.000000" : 4596957184,
            "10.000000" : 5066719232,
            "20.000000" : 14965276672,
            "30.000000" : 17112760320,
            "40.000000" : 17112760320,
            "50.000000" : 17112760320,
            "60.000000" : 17112760320,
            "70.000000" : 17112760320,
            "80.000000" : 17112760320,
            "90.000000" : 17112760320,
            "95.000000" : 17112760320,
            "99.000000" : 17112760320,
            "99.500000" : 17112760320,
            "99.900000" : 17112760320,
            "99.950000" : 17112760320,
            "99.990000" : 17112760320
          }
        },
        "lat_ns" : {
          "min" : 135573047,
          "max" : 144345539638,
          "mean" : 50287987767.310875,
          "stddev" : 31269009497.829792,
          "N" : 24151
        },
        "bw_min" : 256,
        "bw_max" : 4744,
        "bw_agg" : 100.000000,
        "bw_mean" : 642.410059,
        "bw_dev" : 19.690528,
        "bw_samples" : 7969,
        "iops_min" : 64,
        "iops_max" : 1186,
        "iops_mean" : 160.602515,
        "iops_stddev" : 4.922632,
        "iops_samples" : 7969
      },
      "write" : {
        "io_bytes" : 99586048,
        "io_kbytes" : 97252,
        "bw_bytes" : 331319,
        "bw" : 323,
        "iops" : 80.888567,
        "runtime" : 300574,
        "total_ios" : 24313,
        "short_ios" : 0,
        "drop_ios" : 0,
        "slat_ns" : {
          "min" : 75050,
          "max" : 2098138552,
          "mean" : 711156.114671,
          "stddev" : 34431640.239496,
          "N" : 24313
        },
        "clat_ns" : {
          "min" : 151057172,
          "max" : 143953389190,
          "mean" : 50366416787.364166,
          "stddev" : 31040894553.365189,
          "N" : 24313,
          "percentile" : {
            "1.000000" : 3137339392,
            "5.000000" : 4664066048,
            "10.000000" : 5133828096,
            "20.000000" : 17112760320,
            "30.000000" : 17112760320,
            "40.000000" : 17112760320,
            "50.000000" : 17112760320,
            "60.000000" : 17112760320,
            "70.000000" : 17112760320,
            "80.000000" : 17112760320,
            "90.000000" : 17112760320,
            "95.000000" : 17112760320,
            "99.000000" : 17112760320,
            "99.500000" : 17112760320,
            "99.900000" : 17112760320,
            "99.950000" : 17112760320,
            "99.990000" : 17112760320
          }
        },
        "lat_ns" : {
          "min" : 151199202,
          "max" : 143953470770,
          "mean" : 50367129183.501678,
          "stddev" : 31042409712.845547,
          "N" : 24313
        },
        "bw_min" : 256,
        "bw_max" : 4720,
        "bw_agg" : 100.000000,
        "bw_mean" : 643.398153,
        "bw_dev" : 19.617950,
        "bw_samples" : 8051,
        "iops_min" : 64,
        "iops_max" : 1180,
        "iops_mean" : 160.849538,
        "iops_stddev" : 4.904488,
        "iops_samples" : 8051
      },
      "trim" : {
        "io_bytes" : 0,
        "io_kbytes" : 0,
        "bw_bytes" : 0,
        "bw" : 0,
        "iops" : 0.000000,
        "runtime" : 0,
        "total_ios" : 0,
        "short_ios" : 0,
        "drop_ios" : 0,
        "slat_ns" : {
          "min" : 0,
          "max" : 0,
          "mean" : 0.000000,
          "stddev" : 0.000000,
          "N" : 0
        },
        "clat_ns" : {
          "min" : 0,
          "max" : 0,
          "mean" : 0.000000,
          "stddev" : 0.000000,
          "N" : 0
        },
        "lat_ns" : {
          "min" : 0,
          "max" : 0,
          "mean" : 0.000000,
          "stddev" : 0.000000,
          "N" : 0
        },
        "bw_min" : 0,
        "bw_max" : 0,
        "bw_agg" : 0.000000,
        "bw_mean" : 0.000000,
        "bw_dev" : 0.000000,
        "bw_samples" : 0,
        "iops_min" : 0,
        "iops_max" : 0,
        "iops_mean" : 0.000000,
        "iops_stddev" : 0.000000,
        "iops_samples" : 0
      },
      "sync" : {
        "total_ios" : 0,
        "lat_ns" : {
          "min" : 0,
          "max" : 0,
          "mean" : 0.000000,
          "stddev" : 0.000000,
          "N" : 0
        }
      },
      "job_runtime" : 9607394,
      "usr_cpu" : 0.010450,
      "sys_cpu" : 0.078617,
      "ctx" : 24454,
      "majf" : 0,
      "minf" : 1326,
      "iodepth_level" : {
        "1" : 0.100000,
        "2" : 0.132057,
        "4" : 0.264114,
        "8" : 0.528227,
        "16" : 1.056454,
        "32" : 2.112909,
        ">=64" : 95.840211
      },
      "iodepth_submit" : {
        "0" : 0.000000,
        "4" : 100.000000,
        "8" : 0.000000,
        "16" : 0.000000,
        "32" : 0.000000,
        "64" : 0.000000,
        ">=64" : 0.000000
      },
      "iodepth_complete" : {
        "0" : 0.000000,
        "4" : 99.920666,
        "8" : 0.000000,
        "16" : 0.000000,
        "32" : 0.000000,
        "64" : 0.000000,
        ">=64" : 0.100000
      },
      "latency_ns" : {
        "2" : 0.000000,
        "4" : 0.000000,
        "10" : 0.000000,
        "20" : 0.000000,
        "50" : 0.000000,
        "100" : 0.000000,
        "250" : 0.000000,
        "500" : 0.000000,
        "750" : 0.000000,
        "1000" : 0.000000
      },
      "latency_us" : {
        "2" : 0.000000,
        "4" : 0.000000,
        "10" : 0.000000,
        "20" : 0.010000,
        "50" : 0.061902,
        "100" : 0.010000,
        "250" : 0.000000,
        "500" : 0.000000,
        "750" : 0.000000,
        "1000" : 0.000000
      },
      "latency_ms" : {
        "2" : 0.000000,
        "4" : 0.000000,
        "10" : 0.000000,
        "20" : 0.000000,
        "50" : 0.000000,
        "100" : 0.000000,
        "250" : 0.014444,
        "500" : 0.057775,
        "750" : 0.068092,
        "1000" : 0.043331,
        "2000" : 0.344586,
        ">=2000" : 99.405744
      },
      "latency_depth" : 256,
      "latency_target" : 0,
      "latency_percentile" : 100.000000,
      "latency_window" : 0
    }
  ]
}
