{
  "fio version" : "fio-3.27",
  "timestamp" : 1627030354,
  "timestamp_ms" : 1627030354779,
  "time" : "Fri Jul 23 10:52:34 2021",
  "jobs" : [
    {
      "jobname" : "randrw",
      "groupid" : 0,
      "error" : 0,
      "eta" : 0,
      "elapsed" : 302,
      "job options" : {
        "bs" : "4K",
        "iodepth" : "256",
        "direct" : "0",
        "ioengine" : "libaio",
        "time_based" : "1",
        "runtime" : "300",
        "numjobs" : "16",
        "size" : "1g",
        "name" : "randrw",
        "rw" : "randrw",
        "directory" : "/scratch/snx2000/ccocha/randrw/150_node",
        "filename_format" : "$jobname.81.$jobnum.$filenum"
      },
      "read" : {
        "io_bytes" : 72908800,
        "io_kbytes" : 71200,
        "bw_bytes" : 242042,
        "bw" : 236,
        "iops" : 59.092433,
        "runtime" : 301223,
        "total_ios" : 17800,
        "short_ios" : 0,
        "drop_ios" : 0,
        "slat_ns" : {
          "min" : 4220499,
          "max" : 91438449574,
          "mean" : 270120796.409831,
          "stddev" : 2390171110.212238,
          "N" : 17800
        },
        "clat_ns" : {
          "min" : 19600,
          "max" : 137262262844,
          "mean" : 33814782421.693665,
          "stddev" : 30645966678.543549,
          "N" : 17800,
          "percentile" : {
            "1.000000" : 3036676096,
            "5.000000" : 3338665984,
            "10.000000" : 3573547008,
            "20.000000" : 4043309056,
            "30.000000" : 14562623488,
            "40.000000" : 17112760320,
            "50.000000" : 17112760320,
            "60.000000" : 17112760320,
            "70.000000" : 17112760320,
            "80.000000" : 17112760320,
            "90.000000" : 17112760320,
            "95.000000" : 17112760320,
            "99.000000" : 17112760320,
            "99.500000" : 17112760320,
            "99.900000" : 17112760320,
            "99.950000" : 17112760320,
            "99.990000" : 17112760320
          }
        },
        "lat_ns" : {
          "min" : 774686236,
          "max" : 137403718622,
          "mean" : 34084906754.555676,
          "stddev" : 30766284902.962109,
          "N" : 17800
        },
        "bw_min" : 128,
        "bw_max" : 3544,
        "bw_agg" : 100.000000,
        "bw_mean" : 547.963663,
        "bw_dev" : 37.910382,
        "bw_samples" : 3674,
        "iops_min" : 32,
        "iops_max" : 886,
        "iops_mean" : 136.990916,
        "iops_stddev" : 9.477595,
        "iops_samples" : 3674
      },
      "write" : {
        "io_bytes" : 73519104,
        "io_kbytes" : 71796,
        "bw_bytes" : 244068,
        "bw" : 238,
        "iops" : 59.587083,
        "runtime" : 301223,
        "total_ios" : 17949,
        "short_ios" : 0,
        "drop_ios" : 0,
        "slat_ns" : {
          "min" : 75490,
          "max" : 1880353,
          "mean" : 121940.260627,
          "stddev" : 53403.900554,
          "N" : 17949
        },
        "clat_ns" : {
          "min" : 774696926,
          "max" : 136848918905,
          "mean" : 34417208289.952431,
          "stddev" : 31199294204.972279,
          "N" : 17949,
          "percentile" : {
            "1.000000" : 3103784960,
            "5.000000" : 3338665984,
            "10.000000" : 3607101440,
            "20.000000" : 4043309056,
            "30.000000" : 14831058944,
            "40.000000" : 17112760320,
            "50.000000" : 17112760320,
            "60.000000" : 17112760320,
            "70.000000" : 17112760320,
            "80.000000" : 17112760320,
            "90.000000" : 17112760320,
            "95.000000" : 17112760320,
            "99.000000" : 17112760320,
            "99.500000" : 17112760320,
            "99.900000" : 17112760320,
            "99.950000" : 17112760320,
            "99.990000" : 17112760320
          }
        },
        "lat_ns" : {
          "min" : 774781737,
          "max" : 136849090687,
          "mean" : 34417331487.600807,
          "stddev" : 31199293551.499435,
          "N" : 17949
        },
        "bw_min" : 128,
        "bw_max" : 3376,
        "bw_agg" : 100.000000,
        "bw_mean" : 559.412013,
        "bw_dev" : 37.825293,
        "bw_samples" : 3645,
        "iops_min" : 32,
        "iops_max" : 844,
        "iops_mean" : 139.853003,
        "iops_stddev" : 9.456323,
        "iops_samples" : 3645
      },
      "trim" : {
        "io_bytes" : 0,
        "io_kbytes" : 0,
        "bw_bytes" : 0,
        "bw" : 0,
        "iops" : 0.000000,
        "runtime" : 0,
        "total_ios" : 0,
        "short_ios" : 0,
        "drop_ios" : 0,
        "slat_ns" : {
          "min" : 0,
          "max" : 0,
          "mean" : 0.000000,
          "stddev" : 0.000000,
          "N" : 0
        },
        "clat_ns" : {
          "min" : 0,
          "max" : 0,
          "mean" : 0.000000,
          "stddev" : 0.000000,
          "N" : 0
        },
        "lat_ns" : {
          "min" : 0,
          "max" : 0,
          "mean" : 0.000000,
          "stddev" : 0.000000,
          "N" : 0
        },
        "bw_min" : 0,
        "bw_max" : 0,
        "bw_agg" : 0.000000,
        "bw_mean" : 0.000000,
        "bw_dev" : 0.000000,
        "bw_samples" : 0,
        "iops_min" : 0,
        "iops_max" : 0,
        "iops_mean" : 0.000000,
        "iops_stddev" : 0.000000,
        "iops_samples" : 0
      },
      "sync" : {
        "total_ios" : 0,
        "lat_ns" : {
          "min" : 0,
          "max" : 0,
          "mean" : 0.000000,
          "stddev" : 0.000000,
          "N" : 0
        }
      },
      "job_runtime" : 4811044,
      "usr_cpu" : 0.016483,
      "sys_cpu" : 0.110226,
      "ctx" : 17921,
      "majf" : 0,
      "minf" : 652,
      "iodepth_level" : {
        "1" : 0.100000,
        "2" : 0.100000,
        "4" : 0.179026,
        "8" : 0.358052,
        "16" : 0.716104,
        "32" : 1.432208,
        ">=64" : 97.180341
      },
      "iodepth_submit" : {
        "0" : 0.000000,
        "4" : 100.000000,
        "8" : 0.000000,
        "16" : 0.000000,
        "32" : 0.000000,
        "64" : 0.000000,
        ">=64" : 0.000000
      },
      "iodepth_complete" : {
        "0" : 0.000000,
        "4" : 99.949503,
        "8" : 0.000000,
        "16" : 0.000000,
        "32" : 0.000000,
        "64" : 0.000000,
        ">=64" : 0.100000
      },
      "latency_ns" : {
        "2" : 0.000000,
        "4" : 0.000000,
        "10" : 0.000000,
        "20" : 0.000000,
        "50" : 0.000000,
        "100" : 0.000000,
        "250" : 0.000000,
        "500" : 0.000000,
        "750" : 0.000000,
        "1000" : 0.000000
      },
      "latency_us" : {
        "2" : 0.000000,
        "4" : 0.000000,
        "10" : 0.000000,
        "20" : 0.010000,
        "50" : 0.041959,
        "100" : 0.000000,
        "250" : 0.000000,
        "500" : 0.000000,
        "750" : 0.000000,
        "1000" : 0.000000
      },
      "latency_ms" : {
        "2" : 0.000000,
        "4" : 0.000000,
        "10" : 0.000000,
        "20" : 0.000000,
        "50" : 0.000000,
        "100" : 0.000000,
        "250" : 0.000000,
        "500" : 0.000000,
        "750" : 0.000000,
        "1000" : 0.033567,
        "2000" : 0.064337,
        ">=2000" : 99.857339
      },
      "latency_depth" : 256,
      "latency_target" : 0,
      "latency_percentile" : 100.000000,
      "latency_window" : 0
    }
  ]
}
