{
  "fio version" : "fio-3.27",
  "timestamp" : 1627021526,
  "timestamp_ms" : 1627021526041,
  "time" : "Fri Jul 23 08:25:26 2021",
  "jobs" : [
    {
      "jobname" : "randrw",
      "groupid" : 0,
      "error" : 0,
      "eta" : 0,
      "elapsed" : 301,
      "job options" : {
        "bs" : "4K",
        "iodepth" : "256",
        "direct" : "0",
        "ioengine" : "libaio",
        "time_based" : "1",
        "runtime" : "300",
        "numjobs" : "1",
        "size" : "1g",
        "name" : "randrw",
        "rw" : "randrw",
        "directory" : "/scratch/snx2000/ccocha/randrw/96_node",
        "filename_format" : "$jobname.95.$jobnum.$filenum"
      },
      "read" : {
        "io_bytes" : 100691968,
        "io_kbytes" : 98332,
        "bw_bytes" : 335587,
        "bw" : 327,
        "iops" : 81.930498,
        "runtime" : 300047,
        "total_ios" : 24583,
        "short_ios" : 0,
        "drop_ios" : 0,
        "slat_ns" : {
          "min" : 460733,
          "max" : 874962114,
          "mean" : 12066025.348615,
          "stddev" : 27723347.827797,
          "N" : 24583
        },
        "clat_ns" : {
          "min" : 14600,
          "max" : 9623560709,
          "mean" : 1561234359.842216,
          "stddev" : 813453510.845707,
          "N" : 24583,
          "percentile" : {
            "1.000000" : 633339904,
            "5.000000" : 708837376,
            "10.000000" : 775946240,
            "20.000000" : 994050048,
            "30.000000" : 1132462080,
            "40.000000" : 1317011456,
            "50.000000" : 1484783616,
            "60.000000" : 1619001344,
            "70.000000" : 1769996288,
            "80.000000" : 1937768448,
            "90.000000" : 2264924160,
            "95.000000" : 2701131776,
            "99.000000" : 4462739456,
            "99.500000" : 6006243328,
            "99.900000" : 9596567552,
            "99.950000" : 9596567552,
            "99.990000" : 9596567552
          }
        },
        "lat_ns" : {
          "min" : 49873726,
          "max" : 9626807146,
          "mean" : 1573303093.044014,
          "stddev" : 816131286.185186,
          "N" : 24583
        },
        "bw_min" : 8,
        "bw_max" : 857,
        "bw_agg" : 100.000000,
        "bw_mean" : 328.984874,
        "bw_dev" : 194.241410,
        "bw_samples" : 595,
        "iops_min" : 2,
        "iops_max" : 214,
        "iops_mean" : 82.238655,
        "iops_stddev" : 48.548669,
        "iops_samples" : 595
      },
      "write" : {
        "io_bytes" : 100433920,
        "io_kbytes" : 98080,
        "bw_bytes" : 334727,
        "bw" : 326,
        "iops" : 81.720530,
        "runtime" : 300047,
        "total_ios" : 24520,
        "short_ios" : 0,
        "drop_ios" : 0,
        "slat_ns" : {
          "min" : 75361,
          "max" : 765137,
          "mean" : 106418.274347,
          "stddev" : 41622.175150,
          "N" : 24520
        },
        "clat_ns" : {
          "min" : 144304906,
          "max" : 9626692295,
          "mean" : 1551181163.763464,
          "stddev" : 810489489.166251,
          "N" : 24520,
          "percentile" : {
            "1.000000" : 624951296,
            "5.000000" : 700448768,
            "10.000000" : 767557632,
            "20.000000" : 994050048,
            "30.000000" : 1132462080,
            "40.000000" : 1300234240,
            "50.000000" : 1468006400,
            "60.000000" : 1619001344,
            "70.000000" : 1753219072,
            "80.000000" : 1920991232,
            "90.000000" : 2264924160,
            "95.000000" : 2667577344,
            "99.000000" : 4395630592,
            "99.500000" : 6006243328,
            "99.900000" : 9596567552,
            "99.950000" : 9596567552,
            "99.990000" : 9596567552
          }
        },
        "lat_ns" : {
          "min" : 144406507,
          "max" : 9626774385,
          "mean" : 1551288721.656079,
          "stddev" : 810490478.422629,
          "N" : 24520
        },
        "bw_min" : 8,
        "bw_max" : 1018,
        "bw_agg" : 100.000000,
        "bw_mean" : 332.313458,
        "bw_dev" : 198.958638,
        "bw_samples" : 587,
        "iops_min" : 2,
        "iops_max" : 254,
        "iops_mean" : 83.069847,
        "iops_stddev" : 49.725941,
        "iops_samples" : 587
      },
      "trim" : {
        "io_bytes" : 0,
        "io_kbytes" : 0,
        "bw_bytes" : 0,
        "bw" : 0,
        "iops" : 0.000000,
        "runtime" : 0,
        "total_ios" : 0,
        "short_ios" : 0,
        "drop_ios" : 0,
        "slat_ns" : {
          "min" : 0,
          "max" : 0,
          "mean" : 0.000000,
          "stddev" : 0.000000,
          "N" : 0
        },
        "clat_ns" : {
          "min" : 0,
          "max" : 0,
          "mean" : 0.000000,
          "stddev" : 0.000000,
          "N" : 0
        },
        "lat_ns" : {
          "min" : 0,
          "max" : 0,
          "mean" : 0.000000,
          "stddev" : 0.000000,
          "N" : 0
        },
        "bw_min" : 0,
        "bw_max" : 0,
        "bw_agg" : 0.000000,
        "bw_mean" : 0.000000,
        "bw_dev" : 0.000000,
        "bw_samples" : 0,
        "iops_min" : 0,
        "iops_max" : 0,
        "iops_mean" : 0.000000,
        "iops_stddev" : 0.000000,
        "iops_samples" : 0
      },
      "sync" : {
        "total_ios" : 0,
        "lat_ns" : {
          "min" : 0,
          "max" : 0,
          "mean" : 0.000000,
          "stddev" : 0.000000,
          "N" : 0
        }
      },
      "job_runtime" : 300046,
      "usr_cpu" : 0.330283,
      "sys_cpu" : 2.044353,
      "ctx" : 24592,
      "majf" : 0,
      "minf" : 40,
      "iodepth_level" : {
        "1" : 0.100000,
        "2" : 0.100000,
        "4" : 0.100000,
        "8" : 0.100000,
        "16" : 0.100000,
        "32" : 0.100000,
        ">=64" : 99.871698
      },
      "iodepth_submit" : {
        "0" : 0.000000,
        "4" : 100.000000,
        "8" : 0.000000,
        "16" : 0.000000,
        "32" : 0.000000,
        "64" : 0.000000,
        ">=64" : 0.000000
      },
      "iodepth_complete" : {
        "0" : 0.000000,
        "4" : 99.997953,
        "8" : 0.000000,
        "16" : 0.000000,
        "32" : 0.000000,
        "64" : 0.000000,
        ">=64" : 0.100000
      },
      "latency_ns" : {
        "2" : 0.000000,
        "4" : 0.000000,
        "10" : 0.000000,
        "20" : 0.000000,
        "50" : 0.000000,
        "100" : 0.000000,
        "250" : 0.000000,
        "500" : 0.000000,
        "750" : 0.000000,
        "1000" : 0.000000
      },
      "latency_us" : {
        "2" : 0.000000,
        "4" : 0.000000,
        "10" : 0.000000,
        "20" : 0.010000,
        "50" : 0.000000,
        "100" : 0.000000,
        "250" : 0.000000,
        "500" : 0.000000,
        "750" : 0.000000,
        "1000" : 0.000000
      },
      "latency_ms" : {
        "2" : 0.000000,
        "4" : 0.000000,
        "10" : 0.000000,
        "20" : 0.000000,
        "50" : 0.010000,
        "100" : 0.000000,
        "250" : 0.112009,
        "500" : 0.118119,
        "750" : 7.991365,
        "1000" : 12.160153,
        "2000" : 62.470725,
        ">=2000" : 17.143555
      },
      "latency_depth" : 256,
      "latency_target" : 0,
      "latency_percentile" : 100.000000,
      "latency_window" : 0
    }
  ]
}
