{
  "fio version" : "fio-3.27",
  "timestamp" : 1627029067,
  "timestamp_ms" : 1627029067850,
  "time" : "Fri Jul 23 10:31:07 2021",
  "jobs" : [
    {
      "jobname" : "randrw",
      "groupid" : 0,
      "error" : 0,
      "eta" : 0,
      "elapsed" : 301,
      "job options" : {
        "bs" : "4K",
        "iodepth" : "256",
        "direct" : "0",
        "ioengine" : "libaio",
        "time_based" : "1",
        "runtime" : "300",
        "numjobs" : "2",
        "size" : "1g",
        "name" : "randrw",
        "rw" : "randrw",
        "directory" : "/scratch/snx2000/ccocha/randrw/150_node",
        "filename_format" : "$jobname.20.$jobnum.$filenum"
      },
      "read" : {
        "io_bytes" : 77447168,
        "io_kbytes" : 75632,
        "bw_bytes" : 258120,
        "bw" : 252,
        "iops" : 63.017634,
        "runtime" : 300043,
        "total_ios" : 18908,
        "short_ios" : 0,
        "drop_ios" : 0,
        "slat_ns" : {
          "min" : 502263,
          "max" : 18342874338,
          "mean" : 31592461.683626,
          "stddev" : 163831944.856951,
          "N" : 18908
        },
        "clat_ns" : {
          "min" : 17800,
          "max" : 31432611511,
          "mean" : 3998242439.637924,
          "stddev" : 3087674360.006760,
          "N" : 18908,
          "percentile" : {
            "1.000000" : 767557632,
            "5.000000" : 834666496,
            "10.000000" : 918552576,
            "20.000000" : 2466250752,
            "30.000000" : 3103784960,
            "40.000000" : 3539992576,
            "50.000000" : 3909091328,
            "60.000000" : 4278190080,
            "70.000000" : 4664066048,
            "80.000000" : 5066719232,
            "90.000000" : 5737807872,
            "95.000000" : 6207569920,
            "99.000000" : 17112760320,
            "99.500000" : 17112760320,
            "99.900000" : 17112760320,
            "99.950000" : 17112760320,
            "99.990000" : 17112760320
          }
        },
        "lat_ns" : {
          "min" : 62403533,
          "max" : 31474514772,
          "mean" : 4029837660.433785,
          "stddev" : 3100121372.460462,
          "N" : 18908
        },
        "bw_min" : 16,
        "bw_max" : 1464,
        "bw_agg" : 100.000000,
        "bw_mean" : 273.212733,
        "bw_dev" : 117.180436,
        "bw_samples" : 1093,
        "iops_min" : 4,
        "iops_max" : 366,
        "iops_mean" : 68.303183,
        "iops_stddev" : 29.295109,
        "iops_samples" : 1093
      },
      "write" : {
        "io_bytes" : 78114816,
        "io_kbytes" : 76284,
        "bw_bytes" : 260345,
        "bw" : 254,
        "iops" : 63.560890,
        "runtime" : 300043,
        "total_ios" : 19071,
        "short_ios" : 0,
        "drop_ios" : 0,
        "slat_ns" : {
          "min" : 75630,
          "max" : 2154253,
          "mean" : 109154.090137,
          "stddev" : 43983.253807,
          "N" : 19071
        },
        "clat_ns" : {
          "min" : 62414093,
          "max" : 31463009064,
          "mean" : 4047888280.282516,
          "stddev" : 3313724518.653681,
          "N" : 19071,
          "percentile" : {
            "1.000000" : 767557632,
            "5.000000" : 834666496,
            "10.000000" : 910163968,
            "20.000000" : 2432696320,
            "30.000000" : 3070230528,
            "40.000000" : 3506438144,
            "50.000000" : 3942645760,
            "60.000000" : 4278190080,
            "70.000000" : 4664066048,
            "80.000000" : 5133828096,
            "90.000000" : 5737807872,
            "95.000000" : 6274678784,
            "99.000000" : 17112760320,
            "99.500000" : 17112760320,
            "99.900000" : 17112760320,
            "99.950000" : 17112760320,
            "99.990000" : 17112760320
          }
        },
        "lat_ns" : {
          "min" : 62497094,
          "max" : 31463090114,
          "mean" : 4047998594.458241,
          "stddev" : 3313724198.263193,
          "N" : 19071
        },
        "bw_min" : 16,
        "bw_max" : 1440,
        "bw_agg" : 100.000000,
        "bw_mean" : 274.926556,
        "bw_dev" : 119.463104,
        "bw_samples" : 1095,
        "iops_min" : 4,
        "iops_max" : 360,
        "iops_mean" : 68.731639,
        "iops_stddev" : 29.865776,
        "iops_samples" : 1095
      },
      "trim" : {
        "io_bytes" : 0,
        "io_kbytes" : 0,
        "bw_bytes" : 0,
        "bw" : 0,
        "iops" : 0.000000,
        "runtime" : 0,
        "total_ios" : 0,
        "short_ios" : 0,
        "drop_ios" : 0,
        "slat_ns" : {
          "min" : 0,
          "max" : 0,
          "mean" : 0.000000,
          "stddev" : 0.000000,
          "N" : 0
        },
        "clat_ns" : {
          "min" : 0,
          "max" : 0,
          "mean" : 0.000000,
          "stddev" : 0.000000,
          "N" : 0
        },
        "lat_ns" : {
          "min" : 0,
          "max" : 0,
          "mean" : 0.000000,
          "stddev" : 0.000000,
          "N" : 0
        },
        "bw_min" : 0,
        "bw_max" : 0,
        "bw_agg" : 0.000000,
        "bw_mean" : 0.000000,
        "bw_dev" : 0.000000,
        "bw_samples" : 0,
        "iops_min" : 0,
        "iops_max" : 0,
        "iops_mean" : 0.000000,
        "iops_stddev" : 0.000000,
        "iops_samples" : 0
      },
      "sync" : {
        "total_ios" : 0,
        "lat_ns" : {
          "min" : 0,
          "max" : 0,
          "mean" : 0.000000,
          "stddev" : 0.000000,
          "N" : 0
        }
      },
      "job_runtime" : 600081,
      "usr_cpu" : 0.114151,
      "sys_cpu" : 0.827888,
      "ctx" : 18926,
      "majf" : 0,
      "minf" : 85,
      "iodepth_level" : {
        "1" : 0.100000,
        "2" : 0.100000,
        "4" : 0.100000,
        "8" : 0.100000,
        "16" : 0.100000,
        "32" : 0.168514,
        ">=64" : 99.668238
      },
      "iodepth_submit" : {
        "0" : 0.000000,
        "4" : 100.000000,
        "8" : 0.000000,
        "16" : 0.000000,
        "32" : 0.000000,
        "64" : 0.000000,
        ">=64" : 0.000000
      },
      "iodepth_complete" : {
        "0" : 0.000000,
        "4" : 99.994663,
        "8" : 0.000000,
        "16" : 0.000000,
        "32" : 0.000000,
        "64" : 0.000000,
        ">=64" : 0.100000
      },
      "latency_ns" : {
        "2" : 0.000000,
        "4" : 0.000000,
        "10" : 0.000000,
        "20" : 0.000000,
        "50" : 0.000000,
        "100" : 0.000000,
        "250" : 0.000000,
        "500" : 0.000000,
        "750" : 0.000000,
        "1000" : 0.000000
      },
      "latency_us" : {
        "2" : 0.000000,
        "4" : 0.000000,
        "10" : 0.000000,
        "20" : 0.010000,
        "50" : 0.010000,
        "100" : 0.000000,
        "250" : 0.000000,
        "500" : 0.000000,
        "750" : 0.000000,
        "1000" : 0.000000
      },
      "latency_ms" : {
        "2" : 0.000000,
        "4" : 0.000000,
        "10" : 0.000000,
        "20" : 0.000000,
        "50" : 0.000000,
        "100" : 0.013165,
        "250" : 0.042129,
        "500" : 0.052661,
        "750" : 0.468680,
        "1000" : 12.722821,
        "2000" : 3.088549,
        ">=2000" : 83.606730
      },
      "latency_depth" : 256,
      "latency_target" : 0,
      "latency_percentile" : 100.000000,
      "latency_window" : 0
    }
  ]
}
