{
  "fio version" : "fio-3.27",
  "timestamp" : 1627008264,
  "timestamp_ms" : 1627008264455,
  "time" : "Fri Jul 23 04:44:24 2021",
  "jobs" : [
    {
      "jobname" : "randrw",
      "groupid" : 0,
      "error" : 0,
      "eta" : 0,
      "elapsed" : 301,
      "job options" : {
        "bs" : "4K",
        "iodepth" : "256",
        "direct" : "0",
        "ioengine" : "libaio",
        "time_based" : "1",
        "runtime" : "300",
        "numjobs" : "8",
        "size" : "1g",
        "name" : "randrw",
        "rw" : "randrw",
        "directory" : "/scratch/snx2000/ccocha/randrw/8_node",
        "filename_format" : "$jobname.1.$jobnum.$filenum"
      },
      "read" : {
        "io_bytes" : 1167761408,
        "io_kbytes" : 1140392,
        "bw_bytes" : 3889517,
        "bw" : 3798,
        "iops" : 949.589152,
        "runtime" : 300233,
        "total_ios" : 285098,
        "short_ios" : 0,
        "drop_ios" : 0,
        "slat_ns" : {
          "min" : 443395,
          "max" : 3434267978,
          "mean" : 8270970.951143,
          "stddev" : 37351735.350315,
          "N" : 285098
        },
        "clat_ns" : {
          "min" : 14530,
          "max" : 8113389303,
          "mean" : 1074207447.609746,
          "stddev" : 846163750.206492,
          "N" : 285098,
          "percentile" : {
            "1.000000" : 299892736,
            "5.000000" : 367001600,
            "10.000000" : 417333248,
            "20.000000" : 513802240,
            "30.000000" : 591396864,
            "40.000000" : 658505728,
            "50.000000" : 742391808,
            "60.000000" : 851443712,
            "70.000000" : 1098907648,
            "80.000000" : 1635778560,
            "90.000000" : 2197815296,
            "95.000000" : 2801795072,
            "99.000000" : 3674210304,
            "99.500000" : 3909091328,
            "99.900000" : 7952400384,
            "99.950000" : 8019509248,
            "99.990000" : 8086618112
          }
        },
        "lat_ns" : {
          "min" : 3279475,
          "max" : 8114190271,
          "mean" : 1082481145.165435,
          "stddev" : 849565945.200857,
          "N" : 285098
        },
        "bw_min" : 64,
        "bw_max" : 13611,
        "bw_agg" : 100.000000,
        "bw_mean" : 4040.941117,
        "bw_dev" : 368.275209,
        "bw_samples" : 4500,
        "iops_min" : 16,
        "iops_max" : 3402,
        "iops_mean" : 1010.143865,
        "iops_stddev" : 92.055618,
        "iops_samples" : 4500
      },
      "write" : {
        "io_bytes" : 1166336000,
        "io_kbytes" : 1139000,
        "bw_bytes" : 3884769,
        "bw" : 3793,
        "iops" : 948.430053,
        "runtime" : 300233,
        "total_ios" : 284750,
        "short_ios" : 0,
        "drop_ios" : 0,
        "slat_ns" : {
          "min" : 75271,
          "max" : 1752358,
          "mean" : 113808.890543,
          "stddev" : 38690.580902,
          "N" : 284750
        },
        "clat_ns" : {
          "min" : 3762970,
          "max" : 8113878628,
          "mean" : 1071754883.418110,
          "stddev" : 845715555.068584,
          "N" : 284750,
          "percentile" : {
            "1.000000" : 295698432,
            "5.000000" : 367001600,
            "10.000000" : 417333248,
            "20.000000" : 513802240,
            "30.000000" : 591396864,
            "40.000000" : 658505728,
            "50.000000" : 742391808,
            "60.000000" : 851443712,
            "70.000000" : 1098907648,
            "80.000000" : 1619001344,
            "90.000000" : 2197815296,
            "95.000000" : 2801795072,
            "99.000000" : 3674210304,
            "99.500000" : 3909091328,
            "99.900000" : 7952400384,
            "99.950000" : 8019509248,
            "99.990000" : 8086618112
          }
        },
        "lat_ns" : {
          "min" : 3842411,
          "max" : 8114058260,
          "mean" : 1071869910.387055,
          "stddev" : 845716473.131584,
          "N" : 284750
        },
        "bw_min" : 64,
        "bw_max" : 13930,
        "bw_agg" : 100.000000,
        "bw_mean" : 4050.205036,
        "bw_dev" : 368.052454,
        "bw_samples" : 4484,
        "iops_min" : 16,
        "iops_max" : 3482,
        "iops_mean" : 1012.458261,
        "iops_stddev" : 92.000183,
        "iops_samples" : 4484
      },
      "trim" : {
        "io_bytes" : 0,
        "io_kbytes" : 0,
        "bw_bytes" : 0,
        "bw" : 0,
        "iops" : 0.000000,
        "runtime" : 0,
        "total_ios" : 0,
        "short_ios" : 0,
        "drop_ios" : 0,
        "slat_ns" : {
          "min" : 0,
          "max" : 0,
          "mean" : 0.000000,
          "stddev" : 0.000000,
          "N" : 0
        },
        "clat_ns" : {
          "min" : 0,
          "max" : 0,
          "mean" : 0.000000,
          "stddev" : 0.000000,
          "N" : 0
        },
        "lat_ns" : {
          "min" : 0,
          "max" : 0,
          "mean" : 0.000000,
          "stddev" : 0.000000,
          "N" : 0
        },
        "bw_min" : 0,
        "bw_max" : 0,
        "bw_agg" : 0.000000,
        "bw_mean" : 0.000000,
        "bw_dev" : 0.000000,
        "bw_samples" : 0,
        "iops_min" : 0,
        "iops_max" : 0,
        "iops_mean" : 0.000000,
        "iops_stddev" : 0.000000,
        "iops_samples" : 0
      },
      "sync" : {
        "total_ios" : 0,
        "lat_ns" : {
          "min" : 0,
          "max" : 0,
          "mean" : 0.000000,
          "stddev" : 0.000000,
          "N" : 0
        }
      },
      "job_runtime" : 2400495,
      "usr_cpu" : 0.457072,
      "sys_cpu" : 3.097569,
      "ctx" : 285222,
      "majf" : 0,
      "minf" : 346,
      "iodepth_level" : {
        "1" : 0.100000,
        "2" : 0.100000,
        "4" : 0.100000,
        "8" : 0.100000,
        "16" : 0.100000,
        "32" : 0.100000,
        ">=64" : 99.911555
      },
      "iodepth_submit" : {
        "0" : 0.000000,
        "4" : 100.000000,
        "8" : 0.000000,
        "16" : 0.000000,
        "32" : 0.000000,
        "64" : 0.000000,
        ">=64" : 0.000000
      },
      "iodepth_complete" : {
        "0" : 0.000000,
        "4" : 99.998591,
        "8" : 0.000000,
        "16" : 0.000000,
        "32" : 0.000000,
        "64" : 0.000000,
        ">=64" : 0.100000
      },
      "latency_ns" : {
        "2" : 0.000000,
        "4" : 0.000000,
        "10" : 0.000000,
        "20" : 0.000000,
        "50" : 0.000000,
        "100" : 0.000000,
        "250" : 0.000000,
        "500" : 0.000000,
        "750" : 0.000000,
        "1000" : 0.000000
      },
      "latency_us" : {
        "2" : 0.000000,
        "4" : 0.000000,
        "10" : 0.000000,
        "20" : 0.010000,
        "50" : 0.010000,
        "100" : 0.000000,
        "250" : 0.000000,
        "500" : 0.000000,
        "750" : 0.000000,
        "1000" : 0.000000
      },
      "latency_ms" : {
        "2" : 0.000000,
        "4" : 0.010000,
        "10" : 0.010000,
        "20" : 0.010000,
        "50" : 0.010000,
        "100" : 0.010705,
        "250" : 0.145653,
        "500" : 18.228545,
        "750" : 32.665026,
        "1000" : 15.795440,
        "2000" : 20.043766,
        ">=2000" : 13.095422
      },
      "latency_depth" : 256,
      "latency_target" : 0,
      "latency_percentile" : 100.000000,
      "latency_window" : 0
    }
  ]
}
