{
  "fio version" : "fio-3.27",
  "timestamp" : 1627031000,
  "timestamp_ms" : 1627031000428,
  "time" : "Fri Jul 23 11:03:20 2021",
  "jobs" : [
    {
      "jobname" : "randrw",
      "groupid" : 0,
      "error" : 0,
      "eta" : 0,
      "elapsed" : 302,
      "job options" : {
        "bs" : "4K",
        "iodepth" : "256",
        "direct" : "0",
        "ioengine" : "libaio",
        "time_based" : "1",
        "runtime" : "300",
        "numjobs" : "32",
        "size" : "1g",
        "name" : "randrw",
        "rw" : "randrw",
        "directory" : "/scratch/snx2000/ccocha/randrw/150_node",
        "filename_format" : "$jobname.15.$jobnum.$filenum"
      },
      "read" : {
        "io_bytes" : 67297280,
        "io_kbytes" : 65720,
        "bw_bytes" : 223792,
        "bw" : 218,
        "iops" : 54.636813,
        "runtime" : 300713,
        "total_ios" : 16430,
        "short_ios" : 0,
        "drop_ios" : 0,
        "slat_ns" : {
          "min" : 9602091,
          "max" : 66591373682,
          "mean" : 584729565.601522,
          "stddev" : 2156073715.181943,
          "N" : 16430
        },
        "clat_ns" : {
          "min" : 18960,
          "max" : 167564454321,
          "mean" : 73663297710.205002,
          "stddev" : 34855429149.388847,
          "N" : 16430,
          "percentile" : {
            "1.000000" : 6408896512,
            "5.000000" : 7751073792,
            "10.000000" : 11475615744,
            "20.000000" : 17112760320,
            "30.000000" : 17112760320,
            "40.000000" : 17112760320,
            "50.000000" : 17112760320,
            "60.000000" : 17112760320,
            "70.000000" : 17112760320,
            "80.000000" : 17112760320,
            "90.000000" : 17112760320,
            "95.000000" : 17112760320,
            "99.000000" : 17112760320,
            "99.500000" : 17112760320,
            "99.900000" : 17112760320,
            "99.950000" : 17112760320,
            "99.990000" : 17112760320
          }
        },
        "lat_ns" : {
          "min" : 556090633,
          "max" : 168203421278,
          "mean" : 74248031368.617554,
          "stddev" : 34921977616.827736,
          "N" : 16430
        },
        "bw_min" : 256,
        "bw_max" : 2496,
        "bw_agg" : 100.000000,
        "bw_mean" : 494.845055,
        "bw_dev" : 11.572223,
        "bw_samples" : 6375,
        "iops_min" : 64,
        "iops_max" : 624,
        "iops_mean" : 123.711264,
        "iops_stddev" : 2.893056,
        "iops_samples" : 6375
      },
      "write" : {
        "io_bytes" : 67444736,
        "io_kbytes" : 65864,
        "bw_bytes" : 224282,
        "bw" : 219,
        "iops" : 54.756529,
        "runtime" : 300713,
        "total_ios" : 16466,
        "short_ios" : 0,
        "drop_ios" : 0,
        "slat_ns" : {
          "min" : 75030,
          "max" : 2044411,
          "mean" : 130770.021195,
          "stddev" : 65699.452293,
          "N" : 16466
        },
        "clat_ns" : {
          "min" : 620821070,
          "max" : 166195239026,
          "mean" : 73531855090.986053,
          "stddev" : 34260278125.688526,
          "N" : 16466,
          "percentile" : {
            "1.000000" : 6610223104,
            "5.000000" : 7751073792,
            "10.000000" : 12146704384,
            "20.000000" : 17112760320,
            "30.000000" : 17112760320,
            "40.000000" : 17112760320,
            "50.000000" : 17112760320,
            "60.000000" : 17112760320,
            "70.000000" : 17112760320,
            "80.000000" : 17112760320,
            "90.000000" : 17112760320,
            "95.000000" : 17112760320,
            "99.000000" : 17112760320,
            "99.500000" : 17112760320,
            "99.900000" : 17112760320,
            "99.950000" : 17112760320,
            "99.990000" : 17112760320
          }
        },
        "lat_ns" : {
          "min" : 620909561,
          "max" : 166195340707,
          "mean" : 73531987115.854965,
          "stddev" : 34260274276.551952,
          "N" : 16466
        },
        "bw_min" : 256,
        "bw_max" : 2624,
        "bw_agg" : 100.000000,
        "bw_mean" : 499.383379,
        "bw_dev" : 11.655463,
        "bw_samples" : 6343,
        "iops_min" : 64,
        "iops_max" : 656,
        "iops_mean" : 124.845845,
        "iops_stddev" : 2.913866,
        "iops_samples" : 6343
      },
      "trim" : {
        "io_bytes" : 0,
        "io_kbytes" : 0,
        "bw_bytes" : 0,
        "bw" : 0,
        "iops" : 0.000000,
        "runtime" : 0,
        "total_ios" : 0,
        "short_ios" : 0,
        "drop_ios" : 0,
        "slat_ns" : {
          "min" : 0,
          "max" : 0,
          "mean" : 0.000000,
          "stddev" : 0.000000,
          "N" : 0
        },
        "clat_ns" : {
          "min" : 0,
          "max" : 0,
          "mean" : 0.000000,
          "stddev" : 0.000000,
          "N" : 0
        },
        "lat_ns" : {
          "min" : 0,
          "max" : 0,
          "mean" : 0.000000,
          "stddev" : 0.000000,
          "N" : 0
        },
        "bw_min" : 0,
        "bw_max" : 0,
        "bw_agg" : 0.000000,
        "bw_mean" : 0.000000,
        "bw_dev" : 0.000000,
        "bw_samples" : 0,
        "iops_min" : 0,
        "iops_max" : 0,
        "iops_mean" : 0.000000,
        "iops_stddev" : 0.000000,
        "iops_samples" : 0
      },
      "sync" : {
        "total_ios" : 0,
        "lat_ns" : {
          "min" : 0,
          "max" : 0,
          "mean" : 0.000000,
          "stddev" : 0.000000,
          "N" : 0
        }
      },
      "job_runtime" : 9610022,
      "usr_cpu" : 0.007679,
      "sys_cpu" : 0.056046,
      "ctx" : 16717,
      "majf" : 0,
      "minf" : 1304,
      "iodepth_level" : {
        "1" : 0.100000,
        "2" : 0.194553,
        "4" : 0.389105,
        "8" : 0.778210,
        "16" : 1.556420,
        "32" : 3.112840,
        ">=64" : 93.871595
      },
      "iodepth_submit" : {
        "0" : 0.000000,
        "4" : 100.000000,
        "8" : 0.000000,
        "16" : 0.000000,
        "32" : 0.000000,
        "64" : 0.000000,
        ">=64" : 0.000000
      },
      "iodepth_complete" : {
        "0" : 0.000000,
        "4" : 99.870801,
        "8" : 0.000000,
        "16" : 0.000000,
        "32" : 0.000000,
        "64" : 0.000000,
        ">=64" : 0.129199
      },
      "latency_ns" : {
        "2" : 0.000000,
        "4" : 0.000000,
        "10" : 0.000000,
        "20" : 0.000000,
        "50" : 0.000000,
        "100" : 0.000000,
        "250" : 0.000000,
        "500" : 0.000000,
        "750" : 0.000000,
        "1000" : 0.000000
      },
      "latency_us" : {
        "2" : 0.000000,
        "4" : 0.000000,
        "10" : 0.000000,
        "20" : 0.010000,
        "50" : 0.094236,
        "100" : 0.000000,
        "250" : 0.000000,
        "500" : 0.000000,
        "750" : 0.000000,
        "1000" : 0.000000
      },
      "latency_ms" : {
        "2" : 0.000000,
        "4" : 0.000000,
        "10" : 0.000000,
        "20" : 0.000000,
        "50" : 0.000000,
        "100" : 0.000000,
        "250" : 0.000000,
        "500" : 0.000000,
        "750" : 0.057758,
        "1000" : 0.010000,
        "2000" : 0.103356,
        ">=2000" : 99.732490
      },
      "latency_depth" : 256,
      "latency_target" : 0,
      "latency_percentile" : 100.000000,
      "latency_window" : 0
    }
  ]
}
