{
  "fio version" : "fio-3.27",
  "timestamp" : 1627028726,
  "timestamp_ms" : 1627028726050,
  "time" : "Fri Jul 23 10:25:26 2021",
  "jobs" : [
    {
      "jobname" : "randrw",
      "groupid" : 0,
      "error" : 0,
      "eta" : 0,
      "elapsed" : 301,
      "job options" : {
        "bs" : "4K",
        "iodepth" : "256",
        "direct" : "0",
        "ioengine" : "libaio",
        "time_based" : "1",
        "runtime" : "300",
        "numjobs" : "1",
        "size" : "1g",
        "name" : "randrw",
        "rw" : "randrw",
        "directory" : "/scratch/snx2000/ccocha/randrw/150_node",
        "filename_format" : "$jobname.135.$jobnum.$filenum"
      },
      "read" : {
        "io_bytes" : 71815168,
        "io_kbytes" : 70132,
        "bw_bytes" : 239322,
        "bw" : 233,
        "iops" : 58.428337,
        "runtime" : 300077,
        "total_ios" : 17533,
        "short_ios" : 0,
        "drop_ios" : 0,
        "slat_ns" : {
          "min" : 476909,
          "max" : 1537804167,
          "mean" : 16975601.488964,
          "stddev" : 40831746.835923,
          "N" : 17533
        },
        "clat_ns" : {
          "min" : 24420,
          "max" : 15105142010,
          "mean" : 2174574006.655673,
          "stddev" : 1346074458.246301,
          "N" : 17533,
          "percentile" : {
            "1.000000" : 658505728,
            "5.000000" : 742391808,
            "10.000000" : 876609536,
            "20.000000" : 1434451968,
            "30.000000" : 1619001344,
            "40.000000" : 1820327936,
            "50.000000" : 2055208960,
            "60.000000" : 2264924160,
            "70.000000" : 2533359616,
            "80.000000" : 2801795072,
            "90.000000" : 3137339392,
            "95.000000" : 3506438144,
            "99.000000" : 4529848320,
            "99.500000" : 14965276672,
            "99.900000" : 15099494400,
            "99.950000" : 15099494400,
            "99.990000" : 15099494400
          }
        },
        "lat_ns" : {
          "min" : 77992483,
          "max" : 15113221326,
          "mean" : 2191552238.355723,
          "stddev" : 1350508791.579979,
          "N" : 17533
        },
        "bw_min" : 8,
        "bw_max" : 848,
        "bw_agg" : 100.000000,
        "bw_mean" : 240.762976,
        "bw_dev" : 164.253685,
        "bw_samples" : 578,
        "iops_min" : 2,
        "iops_max" : 212,
        "iops_mean" : 60.190311,
        "iops_stddev" : 41.062641,
        "iops_samples" : 578
      },
      "write" : {
        "io_bytes" : 71790592,
        "io_kbytes" : 70108,
        "bw_bytes" : 239240,
        "bw" : 233,
        "iops" : 58.408342,
        "runtime" : 300077,
        "total_ios" : 17527,
        "short_ios" : 0,
        "drop_ios" : 0,
        "slat_ns" : {
          "min" : 75310,
          "max" : 608779,
          "mean" : 106176.689222,
          "stddev" : 41334.627696,
          "N" : 17527
        },
        "clat_ns" : {
          "min" : 166551917,
          "max" : 15103746593,
          "mean" : 2184271926.439292,
          "stddev" : 1328811564.891362,
          "N" : 17527,
          "percentile" : {
            "1.000000" : 658505728,
            "5.000000" : 734003200,
            "10.000000" : 868220928,
            "20.000000" : 1434451968,
            "30.000000" : 1619001344,
            "40.000000" : 1837105152,
            "50.000000" : 2071986176,
            "60.000000" : 2298478592,
            "70.000000" : 2566914048,
            "80.000000" : 2835349504,
            "90.000000" : 3137339392,
            "95.000000" : 3539992576,
            "99.000000" : 4529848320,
            "99.500000" : 14831058944,
            "99.900000" : 15099494400,
            "99.950000" : 15099494400,
            "99.990000" : 15099494400
          }
        },
        "lat_ns" : {
          "min" : 166631596,
          "max" : 15103827733,
          "mean" : 2184379239.609526,
          "stddev" : 1328811864.752504,
          "N" : 17527
        },
        "bw_min" : 8,
        "bw_max" : 816,
        "bw_agg" : 100.000000,
        "bw_mean" : 239.478485,
        "bw_dev" : 161.711040,
        "bw_samples" : 581,
        "iops_min" : 2,
        "iops_max" : 204,
        "iops_mean" : 59.869191,
        "iops_stddev" : 40.426819,
        "iops_samples" : 581
      },
      "trim" : {
        "io_bytes" : 0,
        "io_kbytes" : 0,
        "bw_bytes" : 0,
        "bw" : 0,
        "iops" : 0.000000,
        "runtime" : 0,
        "total_ios" : 0,
        "short_ios" : 0,
        "drop_ios" : 0,
        "slat_ns" : {
          "min" : 0,
          "max" : 0,
          "mean" : 0.000000,
          "stddev" : 0.000000,
          "N" : 0
        },
        "clat_ns" : {
          "min" : 0,
          "max" : 0,
          "mean" : 0.000000,
          "stddev" : 0.000000,
          "N" : 0
        },
        "lat_ns" : {
          "min" : 0,
          "max" : 0,
          "mean" : 0.000000,
          "stddev" : 0.000000,
          "N" : 0
        },
        "bw_min" : 0,
        "bw_max" : 0,
        "bw_agg" : 0.000000,
        "bw_mean" : 0.000000,
        "bw_dev" : 0.000000,
        "bw_samples" : 0,
        "iops_min" : 0,
        "iops_max" : 0,
        "iops_mean" : 0.000000,
        "iops_stddev" : 0.000000,
        "iops_samples" : 0
      },
      "sync" : {
        "total_ios" : 0,
        "lat_ns" : {
          "min" : 0,
          "max" : 0,
          "mean" : 0.000000,
          "stddev" : 0.000000,
          "N" : 0
        }
      },
      "job_runtime" : 300076,
      "usr_cpu" : 0.220278,
      "sys_cpu" : 1.468961,
      "ctx" : 17545,
      "majf" : 0,
      "minf" : 41,
      "iodepth_level" : {
        "1" : 0.100000,
        "2" : 0.100000,
        "4" : 0.100000,
        "8" : 0.100000,
        "16" : 0.100000,
        "32" : 0.100000,
        ">=64" : 99.820308
      },
      "iodepth_submit" : {
        "0" : 0.000000,
        "4" : 100.000000,
        "8" : 0.000000,
        "16" : 0.000000,
        "32" : 0.000000,
        "64" : 0.000000,
        ">=64" : 0.000000
      },
      "iodepth_complete" : {
        "0" : 0.000000,
        "4" : 99.997127,
        "8" : 0.000000,
        "16" : 0.000000,
        "32" : 0.000000,
        "64" : 0.000000,
        ">=64" : 0.100000
      },
      "latency_ns" : {
        "2" : 0.000000,
        "4" : 0.000000,
        "10" : 0.000000,
        "20" : 0.000000,
        "50" : 0.000000,
        "100" : 0.000000,
        "250" : 0.000000,
        "500" : 0.000000,
        "750" : 0.000000,
        "1000" : 0.000000
      },
      "latency_us" : {
        "2" : 0.000000,
        "4" : 0.000000,
        "10" : 0.000000,
        "20" : 0.000000,
        "50" : 0.010000,
        "100" : 0.000000,
        "250" : 0.000000,
        "500" : 0.000000,
        "750" : 0.000000,
        "1000" : 0.000000
      },
      "latency_ms" : {
        "2" : 0.000000,
        "4" : 0.000000,
        "10" : 0.000000,
        "20" : 0.000000,
        "50" : 0.000000,
        "100" : 0.010000,
        "250" : 0.014261,
        "500" : 0.028523,
        "750" : 5.718768,
        "1000" : 6.138049,
        "2000" : 35.396463,
        ">=2000" : 52.695379
      },
      "latency_depth" : 256,
      "latency_target" : 0,
      "latency_percentile" : 100.000000,
      "latency_window" : 0
    }
  ]
}
