{
  "fio version" : "fio-3.27",
  "timestamp" : 1627029850,
  "timestamp_ms" : 1627029850684,
  "time" : "Fri Jul 23 10:44:10 2021",
  "jobs" : [
    {
      "jobname" : "randrw",
      "groupid" : 0,
      "error" : 0,
      "eta" : 0,
      "elapsed" : 301,
      "job options" : {
        "bs" : "4K",
        "iodepth" : "256",
        "direct" : "0",
        "ioengine" : "libaio",
        "time_based" : "1",
        "runtime" : "300",
        "numjobs" : "8",
        "size" : "1g",
        "name" : "randrw",
        "rw" : "randrw",
        "directory" : "/scratch/snx2000/ccocha/randrw/150_node",
        "filename_format" : "$jobname.15.$jobnum.$filenum"
      },
      "read" : {
        "io_bytes" : 81580032,
        "io_kbytes" : 79668,
        "bw_bytes" : 271574,
        "bw" : 265,
        "iops" : 66.302481,
        "runtime" : 300396,
        "total_ios" : 19917,
        "short_ios" : 0,
        "drop_ios" : 0,
        "slat_ns" : {
          "min" : 498132,
          "max" : 59681630633,
          "mean" : 120404499.337802,
          "stddev" : 1074386517.301844,
          "N" : 19917
        },
        "clat_ns" : {
          "min" : 17760,
          "max" : 88570767454,
          "mean" : 15157396019.258818,
          "stddev" : 15445834991.022436,
          "N" : 19917,
          "percentile" : {
            "1.000000" : 1350565888,
            "5.000000" : 1619001344,
            "10.000000" : 1719664640,
            "20.000000" : 1954545664,
            "30.000000" : 10670309376,
            "40.000000" : 11744051200,
            "50.000000" : 13086228480,
            "60.000000" : 15904800768,
            "70.000000" : 17112760320,
            "80.000000" : 17112760320,
            "90.000000" : 17112760320,
            "95.000000" : 17112760320,
            "99.000000" : 17112760320,
            "99.500000" : 17112760320,
            "99.900000" : 17112760320,
            "99.950000" : 17112760320,
            "99.990000" : 17112760320
          }
        },
        "lat_ns" : {
          "min" : 53740715,
          "max" : 88835947949,
          "mean" : 15277803727.752934,
          "stddev" : 15507624665.102688,
          "N" : 19917
        },
        "bw_min" : 64,
        "bw_max" : 3392,
        "bw_agg" : 100.000000,
        "bw_mean" : 471.334545,
        "bw_dev" : 72.314007,
        "bw_samples" : 2562,
        "iops_min" : 16,
        "iops_max" : 848,
        "iops_mean" : 117.833636,
        "iops_stddev" : 18.078502,
        "iops_samples" : 2562
      },
      "write" : {
        "io_bytes" : 82964480,
        "io_kbytes" : 81020,
        "bw_bytes" : 276183,
        "bw" : 269,
        "iops" : 67.427662,
        "runtime" : 300396,
        "total_ios" : 20255,
        "short_ios" : 0,
        "drop_ios" : 0,
        "slat_ns" : {
          "min" : 75000,
          "max" : 1395644,
          "mean" : 116597.059393,
          "stddev" : 44724.912066,
          "N" : 20255
        },
        "clat_ns" : {
          "min" : 73122031,
          "max" : 88574594665,
          "mean" : 15249415232.605726,
          "stddev" : 15866123372.986267,
          "N" : 20255,
          "percentile" : {
            "1.000000" : 1367343104,
            "5.000000" : 1619001344,
            "10.000000" : 1702887424,
            "20.000000" : 1937768448,
            "30.000000" : 10536091648,
            "40.000000" : 11744051200,
            "50.000000" : 12952010752,
            "60.000000" : 15770583040,
            "70.000000" : 17112760320,
            "80.000000" : 17112760320,
            "90.000000" : 17112760320,
            "95.000000" : 17112760320,
            "99.000000" : 17112760320,
            "99.500000" : 17112760320,
            "99.900000" : 17112760320,
            "99.950000" : 17112760320,
            "99.990000" : 17112760320
          }
        },
        "lat_ns" : {
          "min" : 73270212,
          "max" : 88574675065,
          "mean" : 15249533026.149549,
          "stddev" : 15866123889.423391,
          "N" : 20255
        },
        "bw_min" : 64,
        "bw_max" : 3192,
        "bw_agg" : 100.000000,
        "bw_mean" : 482.069374,
        "bw_dev" : 74.250399,
        "bw_samples" : 2542,
        "iops_min" : 16,
        "iops_max" : 798,
        "iops_mean" : 120.517344,
        "iops_stddev" : 18.562600,
        "iops_samples" : 2542
      },
      "trim" : {
        "io_bytes" : 0,
        "io_kbytes" : 0,
        "bw_bytes" : 0,
        "bw" : 0,
        "iops" : 0.000000,
        "runtime" : 0,
        "total_ios" : 0,
        "short_ios" : 0,
        "drop_ios" : 0,
        "slat_ns" : {
          "min" : 0,
          "max" : 0,
          "mean" : 0.000000,
          "stddev" : 0.000000,
          "N" : 0
        },
        "clat_ns" : {
          "min" : 0,
          "max" : 0,
          "mean" : 0.000000,
          "stddev" : 0.000000,
          "N" : 0
        },
        "lat_ns" : {
          "min" : 0,
          "max" : 0,
          "mean" : 0.000000,
          "stddev" : 0.000000,
          "N" : 0
        },
        "bw_min" : 0,
        "bw_max" : 0,
        "bw_agg" : 0.000000,
        "bw_mean" : 0.000000,
        "bw_dev" : 0.000000,
        "bw_samples" : 0,
        "iops_min" : 0,
        "iops_max" : 0,
        "iops_mean" : 0.000000,
        "iops_stddev" : 0.000000,
        "iops_samples" : 0
      },
      "sync" : {
        "total_ios" : 0,
        "lat_ns" : {
          "min" : 0,
          "max" : 0,
          "mean" : 0.000000,
          "stddev" : 0.000000,
          "N" : 0
        }
      },
      "job_runtime" : 2401205,
      "usr_cpu" : 0.033192,
      "sys_cpu" : 0.234216,
      "ctx" : 19972,
      "majf" : 0,
      "minf" : 338,
      "iodepth_level" : {
        "1" : 0.100000,
        "2" : 0.100000,
        "4" : 0.100000,
        "8" : 0.159315,
        "16" : 0.318630,
        "32" : 0.637260,
        ">=64" : 98.745395
      },
      "iodepth_submit" : {
        "0" : 0.000000,
        "4" : 100.000000,
        "8" : 0.000000,
        "16" : 0.000000,
        "32" : 0.000000,
        "64" : 0.000000,
        ">=64" : 0.000000
      },
      "iodepth_complete" : {
        "0" : 0.000000,
        "4" : 99.979025,
        "8" : 0.000000,
        "16" : 0.000000,
        "32" : 0.000000,
        "64" : 0.000000,
        ">=64" : 0.100000
      },
      "latency_ns" : {
        "2" : 0.000000,
        "4" : 0.000000,
        "10" : 0.000000,
        "20" : 0.000000,
        "50" : 0.000000,
        "100" : 0.000000,
        "250" : 0.000000,
        "500" : 0.000000,
        "750" : 0.000000,
        "1000" : 0.000000
      },
      "latency_us" : {
        "2" : 0.000000,
        "4" : 0.000000,
        "10" : 0.000000,
        "20" : 0.010000,
        "50" : 0.012446,
        "100" : 0.000000,
        "250" : 0.000000,
        "500" : 0.000000,
        "750" : 0.000000,
        "1000" : 0.000000
      },
      "latency_ms" : {
        "2" : 0.000000,
        "4" : 0.000000,
        "10" : 0.000000,
        "20" : 0.000000,
        "50" : 0.000000,
        "100" : 0.012446,
        "250" : 0.044807,
        "500" : 0.029872,
        "750" : 0.126954,
        "1000" : 0.149358,
        "2000" : 20.588967,
        ">=2000" : 79.027681
      },
      "latency_depth" : 256,
      "latency_target" : 0,
      "latency_percentile" : 100.000000,
      "latency_window" : 0
    }
  ]
}
