{
  "fio version" : "fio-3.27",
  "timestamp" : 1627029068,
  "timestamp_ms" : 1627029068156,
  "time" : "Fri Jul 23 10:31:08 2021",
  "jobs" : [
    {
      "jobname" : "randrw",
      "groupid" : 0,
      "error" : 0,
      "eta" : 0,
      "elapsed" : 301,
      "job options" : {
        "bs" : "4K",
        "iodepth" : "256",
        "direct" : "0",
        "ioengine" : "libaio",
        "time_based" : "1",
        "runtime" : "300",
        "numjobs" : "2",
        "size" : "1g",
        "name" : "randrw",
        "rw" : "randrw",
        "directory" : "/scratch/snx2000/ccocha/randrw/150_node",
        "filename_format" : "$jobname.92.$jobnum.$filenum"
      },
      "read" : {
        "io_bytes" : 77709312,
        "io_kbytes" : 75888,
        "bw_bytes" : 258965,
        "bw" : 252,
        "iops" : 63.223983,
        "runtime" : 300076,
        "total_ios" : 18972,
        "short_ios" : 0,
        "drop_ios" : 0,
        "slat_ns" : {
          "min" : 497883,
          "max" : 18570241887,
          "mean" : 31488984.721326,
          "stddev" : 178712324.135421,
          "N" : 18972
        },
        "clat_ns" : {
          "min" : 17480,
          "max" : 31757336313,
          "mean" : 4005510802.202603,
          "stddev" : 3445733937.353379,
          "N" : 18972,
          "percentile" : {
            "1.000000" : 784334848,
            "5.000000" : 851443712,
            "10.000000" : 918552576,
            "20.000000" : 1635778560,
            "30.000000" : 2365587456,
            "40.000000" : 2969567232,
            "50.000000" : 3674210304,
            "60.000000" : 4278190080,
            "70.000000" : 4932501504,
            "80.000000" : 5603590144,
            "90.000000" : 6476005376,
            "95.000000" : 7415529472,
            "99.000000" : 17112760320,
            "99.500000" : 17112760320,
            "99.900000" : 17112760320,
            "99.950000" : 17112760320,
            "99.990000" : 17112760320
          }
        },
        "lat_ns" : {
          "min" : 79500250,
          "max" : 31763771178,
          "mean" : 4037002537.315941,
          "stddev" : 3458152347.064269,
          "N" : 18972
        },
        "bw_min" : 16,
        "bw_max" : 1368,
        "bw_agg" : 100.000000,
        "bw_mean" : 287.820160,
        "bw_dev" : 134.181485,
        "bw_samples" : 1042,
        "iops_min" : 4,
        "iops_max" : 342,
        "iops_mean" : 71.954048,
        "iops_stddev" : 33.543864,
        "iops_samples" : 1042
      },
      "write" : {
        "io_bytes" : 78233600,
        "io_kbytes" : 76400,
        "bw_bytes" : 260712,
        "bw" : 254,
        "iops" : 63.650542,
        "runtime" : 300076,
        "total_ios" : 19100,
        "short_ios" : 0,
        "drop_ios" : 0,
        "slat_ns" : {
          "min" : 75191,
          "max" : 1507390,
          "mean" : 107708.623403,
          "stddev" : 41352.013649,
          "N" : 19100
        },
        "clat_ns" : {
          "min" : 205813743,
          "max" : 31753706628,
          "mean" : 4022450111.503514,
          "stddev" : 3590213422.692153,
          "N" : 19100,
          "percentile" : {
            "1.000000" : 775946240,
            "5.000000" : 851443712,
            "10.000000" : 910163968,
            "20.000000" : 1585446912,
            "30.000000" : 2332033024,
            "40.000000" : 2936012800,
            "50.000000" : 3640655872,
            "60.000000" : 4278190080,
            "70.000000" : 4932501504,
            "80.000000" : 5670699008,
            "90.000000" : 6543114240,
            "95.000000" : 7482638336,
            "99.000000" : 17112760320,
            "99.500000" : 17112760320,
            "99.900000" : 17112760320,
            "99.950000" : 17112760320,
            "99.990000" : 17112760320
          }
        },
        "lat_ns" : {
          "min" : 205896874,
          "max" : 31753789508,
          "mean" : 4022559021.907487,
          "stddev" : 3590213247.009286,
          "N" : 19100
        },
        "bw_min" : 16,
        "bw_max" : 1393,
        "bw_agg" : 100.000000,
        "bw_mean" : 293.739092,
        "bw_dev" : 138.235894,
        "bw_samples" : 1030,
        "iops_min" : 4,
        "iops_max" : 348,
        "iops_mean" : 73.433267,
        "iops_stddev" : 34.556720,
        "iops_samples" : 1030
      },
      "trim" : {
        "io_bytes" : 0,
        "io_kbytes" : 0,
        "bw_bytes" : 0,
        "bw" : 0,
        "iops" : 0.000000,
        "runtime" : 0,
        "total_ios" : 0,
        "short_ios" : 0,
        "drop_ios" : 0,
        "slat_ns" : {
          "min" : 0,
          "max" : 0,
          "mean" : 0.000000,
          "stddev" : 0.000000,
          "N" : 0
        },
        "clat_ns" : {
          "min" : 0,
          "max" : 0,
          "mean" : 0.000000,
          "stddev" : 0.000000,
          "N" : 0
        },
        "lat_ns" : {
          "min" : 0,
          "max" : 0,
          "mean" : 0.000000,
          "stddev" : 0.000000,
          "N" : 0
        },
        "bw_min" : 0,
        "bw_max" : 0,
        "bw_agg" : 0.000000,
        "bw_mean" : 0.000000,
        "bw_dev" : 0.000000,
        "bw_samples" : 0,
        "iops_min" : 0,
        "iops_max" : 0,
        "iops_mean" : 0.000000,
        "iops_stddev" : 0.000000,
        "iops_samples" : 0
      },
      "sync" : {
        "total_ios" : 0,
        "lat_ns" : {
          "min" : 0,
          "max" : 0,
          "mean" : 0.000000,
          "stddev" : 0.000000,
          "N" : 0
        }
      },
      "job_runtime" : 600107,
      "usr_cpu" : 0.121145,
      "sys_cpu" : 0.806023,
      "ctx" : 18990,
      "majf" : 0,
      "minf" : 84,
      "iodepth_level" : {
        "1" : 0.100000,
        "2" : 0.100000,
        "4" : 0.100000,
        "8" : 0.100000,
        "16" : 0.100000,
        "32" : 0.168103,
        ">=64" : 99.669048
      },
      "iodepth_submit" : {
        "0" : 0.000000,
        "4" : 100.000000,
        "8" : 0.000000,
        "16" : 0.000000,
        "32" : 0.000000,
        "64" : 0.000000,
        ">=64" : 0.000000
      },
      "iodepth_complete" : {
        "0" : 0.000000,
        "4" : 99.994676,
        "8" : 0.000000,
        "16" : 0.000000,
        "32" : 0.000000,
        "64" : 0.000000,
        ">=64" : 0.100000
      },
      "latency_ns" : {
        "2" : 0.000000,
        "4" : 0.000000,
        "10" : 0.000000,
        "20" : 0.000000,
        "50" : 0.000000,
        "100" : 0.000000,
        "250" : 0.000000,
        "500" : 0.000000,
        "750" : 0.000000,
        "1000" : 0.000000
      },
      "latency_us" : {
        "2" : 0.000000,
        "4" : 0.000000,
        "10" : 0.000000,
        "20" : 0.010000,
        "50" : 0.000000,
        "100" : 0.000000,
        "250" : 0.000000,
        "500" : 0.000000,
        "750" : 0.000000,
        "1000" : 0.000000
      },
      "latency_ms" : {
        "2" : 0.000000,
        "4" : 0.000000,
        "10" : 0.000000,
        "20" : 0.000000,
        "50" : 0.000000,
        "100" : 0.010000,
        "250" : 0.028893,
        "500" : 0.010000,
        "750" : 0.724942,
        "1000" : 12.255726,
        "2000" : 12.192688,
        ">=2000" : 74.787245
      },
      "latency_depth" : 256,
      "latency_target" : 0,
      "latency_percentile" : 100.000000,
      "latency_window" : 0
    }
  ]
}
