{
  "fio version" : "fio-3.27",
  "timestamp" : 1627027400,
  "timestamp_ms" : 1627027400196,
  "time" : "Fri Jul 23 10:03:20 2021",
  "jobs" : [
    {
      "jobname" : "randrw",
      "groupid" : 0,
      "error" : 0,
      "eta" : 0,
      "elapsed" : 302,
      "job options" : {
        "bs" : "4K",
        "iodepth" : "256",
        "direct" : "0",
        "ioengine" : "libaio",
        "time_based" : "1",
        "runtime" : "300",
        "numjobs" : "32",
        "size" : "1g",
        "name" : "randrw",
        "rw" : "randrw",
        "directory" : "/scratch/snx2000/ccocha/randrw/128_node",
        "filename_format" : "$jobname.65.$jobnum.$filenum"
      },
      "read" : {
        "io_bytes" : 68751360,
        "io_kbytes" : 67140,
        "bw_bytes" : 228705,
        "bw" : 223,
        "iops" : 55.836280,
        "runtime" : 300611,
        "total_ios" : 16785,
        "short_ios" : 0,
        "drop_ios" : 0,
        "slat_ns" : {
          "min" : 25895022,
          "max" : 63152483743,
          "mean" : 572207823.860828,
          "stddev" : 2380560657.747220,
          "N" : 16785
        },
        "clat_ns" : {
          "min" : 17480,
          "max" : 173464093596,
          "mean" : 72327372784.708160,
          "stddev" : 37635891562.813324,
          "N" : 16785,
          "percentile" : {
            "1.000000" : 1551892480,
            "5.000000" : 6744440832,
            "10.000000" : 8657043456,
            "20.000000" : 17112760320,
            "30.000000" : 17112760320,
            "40.000000" : 17112760320,
            "50.000000" : 17112760320,
            "60.000000" : 17112760320,
            "70.000000" : 17112760320,
            "80.000000" : 17112760320,
            "90.000000" : 17112760320,
            "95.000000" : 17112760320,
            "99.000000" : 17112760320,
            "99.500000" : 17112760320,
            "99.900000" : 17112760320,
            "99.950000" : 17112760320,
            "99.990000" : 17112760320
          }
        },
        "lat_ns" : {
          "min" : 168470394,
          "max" : 174172557861,
          "mean" : 72899584550.101959,
          "stddev" : 37723332815.237083,
          "N" : 16785
        },
        "bw_min" : 256,
        "bw_max" : 2736,
        "bw_agg" : 100.000000,
        "bw_mean" : 469.616909,
        "bw_dev" : 11.611409,
        "bw_samples" : 6902,
        "iops_min" : 64,
        "iops_max" : 684,
        "iops_mean" : 117.404227,
        "iops_stddev" : 2.902852,
        "iops_samples" : 6902
      },
      "write" : {
        "io_bytes" : 68927488,
        "io_kbytes" : 67312,
        "bw_bytes" : 229291,
        "bw" : 223,
        "iops" : 55.979322,
        "runtime" : 300611,
        "total_ios" : 16828,
        "short_ios" : 0,
        "drop_ios" : 0,
        "slat_ns" : {
          "min" : 75331,
          "max" : 2694996,
          "mean" : 129069.215652,
          "stddev" : 79903.730653,
          "N" : 16828
        },
        "clat_ns" : {
          "min" : 168481455,
          "max" : 173010002120,
          "mean" : 71727869524.771927,
          "stddev" : 37065361789.203735,
          "N" : 16828,
          "percentile" : {
            "1.000000" : 1937768448,
            "5.000000" : 6744440832,
            "10.000000" : 8220835840,
            "20.000000" : 17112760320,
            "30.000000" : 17112760320,
            "40.000000" : 17112760320,
            "50.000000" : 17112760320,
            "60.000000" : 17112760320,
            "70.000000" : 17112760320,
            "80.000000" : 17112760320,
            "90.000000" : 17112760320,
            "95.000000" : 17112760320,
            "99.000000" : 17112760320,
            "99.500000" : 17112760320,
            "99.900000" : 17112760320,
            "99.950000" : 17112760320,
            "99.990000" : 17112760320
          }
        },
        "lat_ns" : {
          "min" : 168655906,
          "max" : 173010199782,
          "mean" : 71727999860.754105,
          "stddev" : 37065356922.347466,
          "N" : 16828
        },
        "bw_min" : 256,
        "bw_max" : 2904,
        "bw_agg" : 100.000000,
        "bw_mean" : 476.402283,
        "bw_dev" : 12.048443,
        "bw_samples" : 6812,
        "iops_min" : 64,
        "iops_max" : 726,
        "iops_mean" : 119.100571,
        "iops_stddev" : 3.012111,
        "iops_samples" : 6812
      },
      "trim" : {
        "io_bytes" : 0,
        "io_kbytes" : 0,
        "bw_bytes" : 0,
        "bw" : 0,
        "iops" : 0.000000,
        "runtime" : 0,
        "total_ios" : 0,
        "short_ios" : 0,
        "drop_ios" : 0,
        "slat_ns" : {
          "min" : 0,
          "max" : 0,
          "mean" : 0.000000,
          "stddev" : 0.000000,
          "N" : 0
        },
        "clat_ns" : {
          "min" : 0,
          "max" : 0,
          "mean" : 0.000000,
          "stddev" : 0.000000,
          "N" : 0
        },
        "lat_ns" : {
          "min" : 0,
          "max" : 0,
          "mean" : 0.000000,
          "stddev" : 0.000000,
          "N" : 0
        },
        "bw_min" : 0,
        "bw_max" : 0,
        "bw_agg" : 0.000000,
        "bw_mean" : 0.000000,
        "bw_dev" : 0.000000,
        "bw_samples" : 0,
        "iops_min" : 0,
        "iops_max" : 0,
        "iops_mean" : 0.000000,
        "iops_stddev" : 0.000000,
        "iops_samples" : 0
      },
      "sync" : {
        "total_ios" : 0,
        "lat_ns" : {
          "min" : 0,
          "max" : 0,
          "mean" : 0.000000,
          "stddev" : 0.000000,
          "N" : 0
        }
      },
      "job_runtime" : 9607427,
      "usr_cpu" : 0.008087,
      "sys_cpu" : 0.054864,
      "ctx" : 17089,
      "majf" : 0,
      "minf" : 1336,
      "iodepth_level" : {
        "1" : 0.100000,
        "2" : 0.190403,
        "4" : 0.380805,
        "8" : 0.761610,
        "16" : 1.523220,
        "32" : 3.046440,
        ">=64" : 94.002321
      },
      "iodepth_submit" : {
        "0" : 0.000000,
        "4" : 100.000000,
        "8" : 0.000000,
        "16" : 0.000000,
        "32" : 0.000000,
        "64" : 0.000000,
        ">=64" : 0.000000
      },
      "iodepth_complete" : {
        "0" : 0.000000,
        "4" : 99.874436,
        "8" : 0.000000,
        "16" : 0.000000,
        "32" : 0.000000,
        "64" : 0.000000,
        ">=64" : 0.125564
      },
      "latency_ns" : {
        "2" : 0.000000,
        "4" : 0.000000,
        "10" : 0.000000,
        "20" : 0.000000,
        "50" : 0.000000,
        "100" : 0.000000,
        "250" : 0.000000,
        "500" : 0.000000,
        "750" : 0.000000,
        "1000" : 0.000000
      },
      "latency_us" : {
        "2" : 0.000000,
        "4" : 0.000000,
        "10" : 0.000000,
        "20" : 0.017850,
        "50" : 0.077351,
        "100" : 0.000000,
        "250" : 0.000000,
        "500" : 0.000000,
        "750" : 0.000000,
        "1000" : 0.000000
      },
      "latency_ms" : {
        "2" : 0.000000,
        "4" : 0.000000,
        "10" : 0.000000,
        "20" : 0.000000,
        "50" : 0.000000,
        "100" : 0.000000,
        "250" : 0.050576,
        "500" : 0.184452,
        "750" : 0.172552,
        "1000" : 0.148752,
        "2000" : 0.484931,
        ">=2000" : 98.863535
      },
      "latency_depth" : 256,
      "latency_target" : 0,
      "latency_percentile" : 100.000000,
      "latency_window" : 0
    }
  ]
}
