{
  "fio version" : "fio-3.27",
  "timestamp" : 1627019552,
  "timestamp_ms" : 1627019552885,
  "time" : "Fri Jul 23 07:52:32 2021",
  "jobs" : [
    {
      "jobname" : "randrw",
      "groupid" : 0,
      "error" : 0,
      "eta" : 0,
      "elapsed" : 301,
      "job options" : {
        "bs" : "4K",
        "iodepth" : "256",
        "direct" : "0",
        "ioengine" : "libaio",
        "time_based" : "1",
        "runtime" : "300",
        "numjobs" : "16",
        "size" : "1g",
        "name" : "randrw",
        "rw" : "randrw",
        "directory" : "/scratch/snx2000/ccocha/randrw/64_node",
        "filename_format" : "$jobname.45.$jobnum.$filenum"
      },
      "read" : {
        "io_bytes" : 182820864,
        "io_kbytes" : 178536,
        "bw_bytes" : 608449,
        "bw" : 594,
        "iops" : 148.547276,
        "runtime" : 300470,
        "total_ios" : 44634,
        "short_ios" : 0,
        "drop_ios" : 0,
        "slat_ns" : {
          "min" : 484084,
          "max" : 61179811912,
          "mean" : 107432618.835596,
          "stddev" : 928023700.626333,
          "N" : 44634
        },
        "clat_ns" : {
          "min" : 17710,
          "max" : 97091351588,
          "mean" : 13646500255.007324,
          "stddev" : 17220560257.779972,
          "N" : 44634,
          "percentile" : {
            "1.000000" : 1233125376,
            "5.000000" : 1384120320,
            "10.000000" : 1468006400,
            "20.000000" : 1602224128,
            "30.000000" : 2105540608,
            "40.000000" : 10536091648,
            "50.000000" : 11878268928,
            "60.000000" : 13488881664,
            "70.000000" : 15367929856,
            "80.000000" : 17112760320,
            "90.000000" : 17112760320,
            "95.000000" : 17112760320,
            "99.000000" : 17112760320,
            "99.500000" : 17112760320,
            "99.900000" : 17112760320,
            "99.950000" : 17112760320,
            "99.990000" : 17112760320
          }
        },
        "lat_ns" : {
          "min" : 35335365,
          "max" : 97102531216,
          "mean" : 13753936003.451326,
          "stddev" : 17290735203.388721,
          "N" : 44634
        },
        "bw_min" : 128,
        "bw_max" : 7024,
        "bw_agg" : 100.000000,
        "bw_mean" : 974.753465,
        "bw_dev" : 79.186118,
        "bw_samples" : 5575,
        "iops_min" : 32,
        "iops_max" : 1756,
        "iops_mean" : 243.688366,
        "iops_stddev" : 19.796530,
        "iops_samples" : 5575
      },
      "write" : {
        "io_bytes" : 184274944,
        "io_kbytes" : 179956,
        "bw_bytes" : 613288,
        "bw" : 598,
        "iops" : 149.728758,
        "runtime" : 300470,
        "total_ios" : 44989,
        "short_ios" : 0,
        "drop_ios" : 0,
        "slat_ns" : {
          "min" : 75171,
          "max" : 2405227,
          "mean" : 118005.570562,
          "stddev" : 48541.842427,
          "N" : 44989
        },
        "clat_ns" : {
          "min" : 74106892,
          "max" : 96893252329,
          "mean" : 13629320913.942812,
          "stddev" : 17158618681.543457,
          "N" : 44989,
          "percentile" : {
            "1.000000" : 1216348160,
            "5.000000" : 1384120320,
            "10.000000" : 1468006400,
            "20.000000" : 1602224128,
            "30.000000" : 2021654528,
            "40.000000" : 10536091648,
            "50.000000" : 11878268928,
            "60.000000" : 13488881664,
            "70.000000" : 15502147584,
            "80.000000" : 17112760320,
            "90.000000" : 17112760320,
            "95.000000" : 17112760320,
            "99.000000" : 17112760320,
            "99.500000" : 17112760320,
            "99.900000" : 17112760320,
            "99.950000" : 17112760320,
            "99.990000" : 17112760320
          }
        },
        "lat_ns" : {
          "min" : 74195153,
          "max" : 96893333619,
          "mean" : 13629440136.587032,
          "stddev" : 17158618233.872309,
          "N" : 44989
        },
        "bw_min" : 128,
        "bw_max" : 7096,
        "bw_agg" : 100.000000,
        "bw_mean" : 974.254567,
        "bw_dev" : 79.740849,
        "bw_samples" : 5612,
        "iops_min" : 32,
        "iops_max" : 1774,
        "iops_mean" : 243.563642,
        "iops_stddev" : 19.935212,
        "iops_samples" : 5612
      },
      "trim" : {
        "io_bytes" : 0,
        "io_kbytes" : 0,
        "bw_bytes" : 0,
        "bw" : 0,
        "iops" : 0.000000,
        "runtime" : 0,
        "total_ios" : 0,
        "short_ios" : 0,
        "drop_ios" : 0,
        "slat_ns" : {
          "min" : 0,
          "max" : 0,
          "mean" : 0.000000,
          "stddev" : 0.000000,
          "N" : 0
        },
        "clat_ns" : {
          "min" : 0,
          "max" : 0,
          "mean" : 0.000000,
          "stddev" : 0.000000,
          "N" : 0
        },
        "lat_ns" : {
          "min" : 0,
          "max" : 0,
          "mean" : 0.000000,
          "stddev" : 0.000000,
          "N" : 0
        },
        "bw_min" : 0,
        "bw_max" : 0,
        "bw_agg" : 0.000000,
        "bw_mean" : 0.000000,
        "bw_dev" : 0.000000,
        "bw_samples" : 0,
        "iops_min" : 0,
        "iops_max" : 0,
        "iops_mean" : 0.000000,
        "iops_stddev" : 0.000000,
        "iops_samples" : 0
      },
      "sync" : {
        "total_ios" : 0,
        "lat_ns" : {
          "min" : 0,
          "max" : 0,
          "mean" : 0.000000,
          "stddev" : 0.000000,
          "N" : 0
        }
      },
      "job_runtime" : 4802152,
      "usr_cpu" : 0.038337,
      "sys_cpu" : 0.261279,
      "ctx" : 44771,
      "majf" : 0,
      "minf" : 672,
      "iodepth_level" : {
        "1" : 0.100000,
        "2" : 0.100000,
        "4" : 0.100000,
        "8" : 0.142820,
        "16" : 0.285641,
        "32" : 0.571282,
        ">=64" : 98.875289
      },
      "iodepth_submit" : {
        "0" : 0.000000,
        "4" : 100.000000,
        "8" : 0.000000,
        "16" : 0.000000,
        "32" : 0.000000,
        "64" : 0.000000,
        ">=64" : 0.000000
      },
      "iodepth_complete" : {
        "0" : 0.000000,
        "4" : 99.981299,
        "8" : 0.000000,
        "16" : 0.000000,
        "32" : 0.000000,
        "64" : 0.000000,
        ">=64" : 0.100000
      },
      "latency_ns" : {
        "2" : 0.000000,
        "4" : 0.000000,
        "10" : 0.000000,
        "20" : 0.000000,
        "50" : 0.000000,
        "100" : 0.000000,
        "250" : 0.000000,
        "500" : 0.000000,
        "750" : 0.000000,
        "1000" : 0.000000
      },
      "latency_us" : {
        "2" : 0.000000,
        "4" : 0.000000,
        "10" : 0.000000,
        "20" : 0.010000,
        "50" : 0.014505,
        "100" : 0.000000,
        "250" : 0.000000,
        "500" : 0.000000,
        "750" : 0.000000,
        "1000" : 0.000000
      },
      "latency_ms" : {
        "2" : 0.000000,
        "4" : 0.000000,
        "10" : 0.000000,
        "20" : 0.000000,
        "50" : 0.010000,
        "100" : 0.016737,
        "250" : 0.094842,
        "500" : 0.155094,
        "750" : 0.058021,
        "1000" : 0.216462,
        "2000" : 29.327293,
        ">=2000" : 70.111467
      },
      "latency_depth" : 256,
      "latency_target" : 0,
      "latency_percentile" : 100.000000,
      "latency_window" : 0
    }
  ]
}
