{
  "fio version" : "fio-3.27",
  "timestamp" : 1627028726,
  "timestamp_ms" : 1627028726085,
  "time" : "Fri Jul 23 10:25:26 2021",
  "jobs" : [
    {
      "jobname" : "randrw",
      "groupid" : 0,
      "error" : 0,
      "eta" : 0,
      "elapsed" : 301,
      "job options" : {
        "bs" : "4K",
        "iodepth" : "256",
        "direct" : "0",
        "ioengine" : "libaio",
        "time_based" : "1",
        "runtime" : "300",
        "numjobs" : "1",
        "size" : "1g",
        "name" : "randrw",
        "rw" : "randrw",
        "directory" : "/scratch/snx2000/ccocha/randrw/150_node",
        "filename_format" : "$jobname.78.$jobnum.$filenum"
      },
      "read" : {
        "io_bytes" : 71827456,
        "io_kbytes" : 70144,
        "bw_bytes" : 239403,
        "bw" : 233,
        "iops" : 58.448073,
        "runtime" : 300027,
        "total_ios" : 17536,
        "short_ios" : 0,
        "drop_ios" : 0,
        "slat_ns" : {
          "min" : 457454,
          "max" : 5572899027,
          "mean" : 16972711.505588,
          "stddev" : 56374305.393494,
          "N" : 17536
        },
        "clat_ns" : {
          "min" : 14480,
          "max" : 15573362287,
          "mean" : 2185139663.616625,
          "stddev" : 1409954151.642179,
          "N" : 17536,
          "percentile" : {
            "1.000000" : 633339904,
            "5.000000" : 717225984,
            "10.000000" : 817889280,
            "20.000000" : 1216348160,
            "30.000000" : 1585446912,
            "40.000000" : 1870659584,
            "50.000000" : 2105540608,
            "60.000000" : 2332033024,
            "70.000000" : 2566914048,
            "80.000000" : 2835349504,
            "90.000000" : 3271557120,
            "95.000000" : 3774873600,
            "99.000000" : 4395630592,
            "99.500000" : 15099494400,
            "99.900000" : 15502147584,
            "99.950000" : 15502147584,
            "99.990000" : 15636365312
          }
        },
        "lat_ns" : {
          "min" : 30976500,
          "max" : 15585061280,
          "mean" : 2202114861.723464,
          "stddev" : 1414538485.184497,
          "N" : 17536
        },
        "bw_min" : 8,
        "bw_max" : 888,
        "bw_agg" : 100.000000,
        "bw_mean" : 241.441941,
        "bw_dev" : 172.380838,
        "bw_samples" : 577,
        "iops_min" : 2,
        "iops_max" : 222,
        "iops_mean" : 60.357019,
        "iops_stddev" : 43.087493,
        "iops_samples" : 577
      },
      "write" : {
        "io_bytes" : 71798784,
        "io_kbytes" : 70116,
        "bw_bytes" : 239307,
        "bw" : 233,
        "iops" : 58.424742,
        "runtime" : 300027,
        "total_ios" : 17529,
        "short_ios" : 0,
        "drop_ios" : 0,
        "slat_ns" : {
          "min" : 75451,
          "max" : 465445,
          "mean" : 104601.001369,
          "stddev" : 39305.368482,
          "N" : 17529
        },
        "clat_ns" : {
          "min" : 38978308,
          "max" : 15584804998,
          "mean" : 2172952154.472108,
          "stddev" : 1391022541.458250,
          "N" : 17529,
          "percentile" : {
            "1.000000" : 633339904,
            "5.000000" : 717225984,
            "10.000000" : 809500672,
            "20.000000" : 1199570944,
            "30.000000" : 1585446912,
            "40.000000" : 1887436800,
            "50.000000" : 2105540608,
            "60.000000" : 2332033024,
            "70.000000" : 2566914048,
            "80.000000" : 2801795072,
            "90.000000" : 3271557120,
            "95.000000" : 3707764736,
            "99.000000" : 4395630592,
            "99.500000" : 14965276672,
            "99.900000" : 15367929856,
            "99.950000" : 15502147584,
            "99.990000" : 15636365312
          }
        },
        "lat_ns" : {
          "min" : 39058689,
          "max" : 15584890259,
          "mean" : 2173057867.164760,
          "stddev" : 1391021954.785404,
          "N" : 17529
        },
        "bw_min" : 8,
        "bw_max" : 832,
        "bw_agg" : 100.000000,
        "bw_mean" : 241.209705,
        "bw_dev" : 170.817955,
        "bw_samples" : 577,
        "iops_min" : 2,
        "iops_max" : 208,
        "iops_mean" : 60.298094,
        "iops_stddev" : 42.695724,
        "iops_samples" : 577
      },
      "trim" : {
        "io_bytes" : 0,
        "io_kbytes" : 0,
        "bw_bytes" : 0,
        "bw" : 0,
        "iops" : 0.000000,
        "runtime" : 0,
        "total_ios" : 0,
        "short_ios" : 0,
        "drop_ios" : 0,
        "slat_ns" : {
          "min" : 0,
          "max" : 0,
          "mean" : 0.000000,
          "stddev" : 0.000000,
          "N" : 0
        },
        "clat_ns" : {
          "min" : 0,
          "max" : 0,
          "mean" : 0.000000,
          "stddev" : 0.000000,
          "N" : 0
        },
        "lat_ns" : {
          "min" : 0,
          "max" : 0,
          "mean" : 0.000000,
          "stddev" : 0.000000,
          "N" : 0
        },
        "bw_min" : 0,
        "bw_max" : 0,
        "bw_agg" : 0.000000,
        "bw_mean" : 0.000000,
        "bw_dev" : 0.000000,
        "bw_samples" : 0,
        "iops_min" : 0,
        "iops_max" : 0,
        "iops_mean" : 0.000000,
        "iops_stddev" : 0.000000,
        "iops_samples" : 0
      },
      "sync" : {
        "total_ios" : 0,
        "lat_ns" : {
          "min" : 0,
          "max" : 0,
          "mean" : 0.000000,
          "stddev" : 0.000000,
          "N" : 0
        }
      },
      "job_runtime" : 300026,
      "usr_cpu" : 0.225980,
      "sys_cpu" : 1.429543,
      "ctx" : 17553,
      "majf" : 0,
      "minf" : 44,
      "iodepth_level" : {
        "1" : 0.100000,
        "2" : 0.100000,
        "4" : 0.100000,
        "8" : 0.100000,
        "16" : 0.100000,
        "32" : 0.100000,
        ">=64" : 99.820334
      },
      "iodepth_submit" : {
        "0" : 0.000000,
        "4" : 100.000000,
        "8" : 0.000000,
        "16" : 0.000000,
        "32" : 0.000000,
        "64" : 0.000000,
        ">=64" : 0.000000
      },
      "iodepth_complete" : {
        "0" : 0.000000,
        "4" : 99.997127,
        "8" : 0.000000,
        "16" : 0.000000,
        "32" : 0.000000,
        "64" : 0.000000,
        ">=64" : 0.100000
      },
      "latency_ns" : {
        "2" : 0.000000,
        "4" : 0.000000,
        "10" : 0.000000,
        "20" : 0.000000,
        "50" : 0.000000,
        "100" : 0.000000,
        "250" : 0.000000,
        "500" : 0.000000,
        "750" : 0.000000,
        "1000" : 0.000000
      },
      "latency_us" : {
        "2" : 0.000000,
        "4" : 0.000000,
        "10" : 0.000000,
        "20" : 0.010000,
        "50" : 0.000000,
        "100" : 0.000000,
        "250" : 0.000000,
        "500" : 0.000000,
        "750" : 0.000000,
        "1000" : 0.000000
      },
      "latency_ms" : {
        "2" : 0.000000,
        "4" : 0.000000,
        "10" : 0.000000,
        "20" : 0.000000,
        "50" : 0.011407,
        "100" : 0.022815,
        "250" : 0.176814,
        "500" : 0.139740,
        "750" : 6.285470,
        "1000" : 7.680023,
        "2000" : 30.309425,
        ">=2000" : 55.371453
      },
      "latency_depth" : 256,
      "latency_target" : 0,
      "latency_percentile" : 100.000000,
      "latency_window" : 0
    }
  ]
}
