{
  "fio version" : "fio-3.27",
  "timestamp" : 1627023154,
  "timestamp_ms" : 1627023154559,
  "time" : "Fri Jul 23 08:52:34 2021",
  "jobs" : [
    {
      "jobname" : "randrw",
      "groupid" : 0,
      "error" : 0,
      "eta" : 0,
      "elapsed" : 302,
      "job options" : {
        "bs" : "4K",
        "iodepth" : "256",
        "direct" : "0",
        "ioengine" : "libaio",
        "time_based" : "1",
        "runtime" : "300",
        "numjobs" : "16",
        "size" : "1g",
        "name" : "randrw",
        "rw" : "randrw",
        "directory" : "/scratch/snx2000/ccocha/randrw/96_node",
        "filename_format" : "$jobname.70.$jobnum.$filenum"
      },
      "read" : {
        "io_bytes" : 134234112,
        "io_kbytes" : 131088,
        "bw_bytes" : 445883,
        "bw" : 435,
        "iops" : 108.858270,
        "runtime" : 301052,
        "total_ios" : 32772,
        "short_ios" : 0,
        "drop_ios" : 0,
        "slat_ns" : {
          "min" : 638165,
          "max" : 79961353571,
          "mean" : 146538900.755859,
          "stddev" : 1424114967.699620,
          "N" : 32772
        },
        "clat_ns" : {
          "min" : 17870,
          "max" : 113667243945,
          "mean" : 18536631258.459690,
          "stddev" : 21672717123.071892,
          "N" : 32772,
          "percentile" : {
            "1.000000" : 1753219072,
            "5.000000" : 1920991232,
            "10.000000" : 2038431744,
            "20.000000" : 2332033024,
            "30.000000" : 6073352192,
            "40.000000" : 13891534848,
            "50.000000" : 17112760320,
            "60.000000" : 17112760320,
            "70.000000" : 17112760320,
            "80.000000" : 17112760320,
            "90.000000" : 17112760320,
            "95.000000" : 17112760320,
            "99.000000" : 17112760320,
            "99.500000" : 17112760320,
            "99.900000" : 17112760320,
            "99.950000" : 17112760320,
            "99.990000" : 17112760320
          }
        },
        "lat_ns" : {
          "min" : 662487150,
          "max" : 114075485088,
          "mean" : 18683173633.925182,
          "stddev" : 21757092659.718842,
          "N" : 32772
        },
        "bw_min" : 128,
        "bw_max" : 5840,
        "bw_agg" : 100.000000,
        "bw_mean" : 864.585750,
        "bw_dev" : 65.729001,
        "bw_samples" : 4543,
        "iops_min" : 32,
        "iops_max" : 1460,
        "iops_mean" : 216.146437,
        "iops_stddev" : 16.432250,
        "iops_samples" : 4543
      },
      "write" : {
        "io_bytes" : 134553600,
        "io_kbytes" : 131400,
        "bw_bytes" : 446944,
        "bw" : 436,
        "iops" : 109.117362,
        "runtime" : 301052,
        "total_ios" : 32850,
        "short_ios" : 0,
        "drop_ios" : 0,
        "slat_ns" : {
          "min" : 75430,
          "max" : 1967804,
          "mean" : 120730.646210,
          "stddev" : 49295.412127,
          "N" : 32850
        },
        "clat_ns" : {
          "min" : 662497871,
          "max" : 113716995959,
          "mean" : 18695079348.536194,
          "stddev" : 22115597971.682781,
          "N" : 32850,
          "percentile" : {
            "1.000000" : 1769996288,
            "5.000000" : 1920991232,
            "10.000000" : 2055208960,
            "20.000000" : 2332033024,
            "30.000000" : 5603590144,
            "40.000000" : 13757317120,
            "50.000000" : 17112760320,
            "60.000000" : 17112760320,
            "70.000000" : 17112760320,
            "80.000000" : 17112760320,
            "90.000000" : 17112760320,
            "95.000000" : 17112760320,
            "99.000000" : 17112760320,
            "99.500000" : 17112760320,
            "99.900000" : 17112760320,
            "99.950000" : 17112760320,
            "99.990000" : 17112760320
          }
        },
        "lat_ns" : {
          "min" : 662579541,
          "max" : 113717089880,
          "mean" : 18695201355.468624,
          "stddev" : 22115597910.429890,
          "N" : 32850
        },
        "bw_min" : 128,
        "bw_max" : 5624,
        "bw_agg" : 100.000000,
        "bw_mean" : 862.858385,
        "bw_dev" : 66.104517,
        "bw_samples" : 4565,
        "iops_min" : 32,
        "iops_max" : 1406,
        "iops_mean" : 215.714596,
        "iops_stddev" : 16.526129,
        "iops_samples" : 4565
      },
      "trim" : {
        "io_bytes" : 0,
        "io_kbytes" : 0,
        "bw_bytes" : 0,
        "bw" : 0,
        "iops" : 0.000000,
        "runtime" : 0,
        "total_ios" : 0,
        "short_ios" : 0,
        "drop_ios" : 0,
        "slat_ns" : {
          "min" : 0,
          "max" : 0,
          "mean" : 0.000000,
          "stddev" : 0.000000,
          "N" : 0
        },
        "clat_ns" : {
          "min" : 0,
          "max" : 0,
          "mean" : 0.000000,
          "stddev" : 0.000000,
          "N" : 0
        },
        "lat_ns" : {
          "min" : 0,
          "max" : 0,
          "mean" : 0.000000,
          "stddev" : 0.000000,
          "N" : 0
        },
        "bw_min" : 0,
        "bw_max" : 0,
        "bw_agg" : 0.000000,
        "bw_mean" : 0.000000,
        "bw_dev" : 0.000000,
        "bw_samples" : 0,
        "iops_min" : 0,
        "iops_max" : 0,
        "iops_mean" : 0.000000,
        "iops_stddev" : 0.000000,
        "iops_samples" : 0
      },
      "sync" : {
        "total_ios" : 0,
        "lat_ns" : {
          "min" : 0,
          "max" : 0,
          "mean" : 0.000000,
          "stddev" : 0.000000,
          "N" : 0
        }
      },
      "job_runtime" : 4807633,
      "usr_cpu" : 0.029162,
      "sys_cpu" : 0.198164,
      "ctx" : 32912,
      "majf" : 0,
      "minf" : 655,
      "iodepth_level" : {
        "1" : 0.100000,
        "2" : 0.100000,
        "4" : 0.100000,
        "8" : 0.195057,
        "16" : 0.390113,
        "32" : 0.780226,
        ">=64" : 98.463930
      },
      "iodepth_submit" : {
        "0" : 0.000000,
        "4" : 100.000000,
        "8" : 0.000000,
        "16" : 0.000000,
        "32" : 0.000000,
        "64" : 0.000000,
        ">=64" : 0.000000
      },
      "iodepth_complete" : {
        "0" : 0.000000,
        "4" : 99.974008,
        "8" : 0.000000,
        "16" : 0.000000,
        "32" : 0.000000,
        "64" : 0.000000,
        ">=64" : 0.100000
      },
      "latency_ns" : {
        "2" : 0.000000,
        "4" : 0.000000,
        "10" : 0.000000,
        "20" : 0.000000,
        "50" : 0.000000,
        "100" : 0.000000,
        "250" : 0.000000,
        "500" : 0.000000,
        "750" : 0.000000,
        "1000" : 0.000000
      },
      "latency_us" : {
        "2" : 0.000000,
        "4" : 0.000000,
        "10" : 0.000000,
        "20" : 0.010000,
        "50" : 0.022858,
        "100" : 0.000000,
        "250" : 0.000000,
        "500" : 0.000000,
        "750" : 0.000000,
        "1000" : 0.000000
      },
      "latency_ms" : {
        "2" : 0.000000,
        "4" : 0.000000,
        "10" : 0.000000,
        "20" : 0.000000,
        "50" : 0.000000,
        "100" : 0.000000,
        "250" : 0.000000,
        "500" : 0.000000,
        "750" : 0.010000,
        "1000" : 0.024382,
        "2000" : 7.838835,
        ">=2000" : 92.107830
      },
      "latency_depth" : 256,
      "latency_target" : 0,
      "latency_percentile" : 100.000000,
      "latency_window" : 0
    }
  ]
}
