{
  "fio version" : "fio-3.27",
  "timestamp" : 1627025468,
  "timestamp_ms" : 1627025468104,
  "time" : "Fri Jul 23 09:31:08 2021",
  "jobs" : [
    {
      "jobname" : "randrw",
      "groupid" : 0,
      "error" : 0,
      "eta" : 0,
      "elapsed" : 301,
      "job options" : {
        "bs" : "4K",
        "iodepth" : "256",
        "direct" : "0",
        "ioengine" : "libaio",
        "time_based" : "1",
        "runtime" : "300",
        "numjobs" : "2",
        "size" : "1g",
        "name" : "randrw",
        "rw" : "randrw",
        "directory" : "/scratch/snx2000/ccocha/randrw/128_node",
        "filename_format" : "$jobname.33.$jobnum.$filenum"
      },
      "read" : {
        "io_bytes" : 88825856,
        "io_kbytes" : 86744,
        "bw_bytes" : 296063,
        "bw" : 289,
        "iops" : 72.281125,
        "runtime" : 300023,
        "total_ios" : 21686,
        "short_ios" : 0,
        "drop_ios" : 0,
        "slat_ns" : {
          "min" : 480433,
          "max" : 10233137604,
          "mean" : 27524319.073411,
          "stddev" : 105134874.521930,
          "N" : 21686
        },
        "clat_ns" : {
          "min" : 14420,
          "max" : 26936444248,
          "mean" : 3490450896.963796,
          "stddev" : 2561173938.747700,
          "N" : 21686,
          "percentile" : {
            "1.000000" : 725614592,
            "5.000000" : 801112064,
            "10.000000" : 893386752,
            "20.000000" : 2466250752,
            "30.000000" : 2936012800,
            "40.000000" : 3204448256,
            "50.000000" : 3439329280,
            "60.000000" : 3674210304,
            "70.000000" : 3942645760,
            "80.000000" : 4244635648,
            "90.000000" : 4664066048,
            "95.000000" : 4999610368,
            "99.000000" : 17112760320,
            "99.500000" : 17112760320,
            "99.900000" : 17112760320,
            "99.950000" : 17112760320,
            "99.990000" : 17112760320
          }
        },
        "lat_ns" : {
          "min" : 57943911,
          "max" : 26940615930,
          "mean" : 3517977946.381961,
          "stddev" : 2571122030.070085,
          "N" : 21686
        },
        "bw_min" : 16,
        "bw_max" : 1608,
        "bw_agg" : 100.000000,
        "bw_mean" : 305.959022,
        "bw_dev" : 121.379219,
        "bw_samples" : 1120,
        "iops_min" : 4,
        "iops_max" : 402,
        "iops_mean" : 76.488875,
        "iops_stddev" : 30.343288,
        "iops_samples" : 1120
      },
      "write" : {
        "io_bytes" : 89653248,
        "io_kbytes" : 87552,
        "bw_bytes" : 298821,
        "bw" : 291,
        "iops" : 72.954407,
        "runtime" : 300023,
        "total_ios" : 21888,
        "short_ios" : 0,
        "drop_ios" : 0,
        "slat_ns" : {
          "min" : 75531,
          "max" : 1937680,
          "mean" : 109358.161550,
          "stddev" : 43157.876125,
          "N" : 21888
        },
        "clat_ns" : {
          "min" : 85302208,
          "max" : 26940485719,
          "mean" : 3522209540.077214,
          "stddev" : 2701902735.776455,
          "N" : 21888,
          "percentile" : {
            "1.000000" : 717225984,
            "5.000000" : 801112064,
            "10.000000" : 893386752,
            "20.000000" : 2466250752,
            "30.000000" : 2936012800,
            "40.000000" : 3238002688,
            "50.000000" : 3472883712,
            "60.000000" : 3674210304,
            "70.000000" : 3942645760,
            "80.000000" : 4244635648,
            "90.000000" : 4731174912,
            "95.000000" : 4999610368,
            "99.000000" : 17112760320,
            "99.500000" : 17112760320,
            "99.900000" : 17112760320,
            "99.950000" : 17112760320,
            "99.990000" : 17112760320
          }
        },
        "lat_ns" : {
          "min" : 85389928,
          "max" : 26940587780,
          "mean" : 3522320052.506592,
          "stddev" : 2701902273.662189,
          "N" : 21888
        },
        "bw_min" : 16,
        "bw_max" : 1480,
        "bw_agg" : 100.000000,
        "bw_mean" : 305.105044,
        "bw_dev" : 124.924423,
        "bw_samples" : 1131,
        "iops_min" : 4,
        "iops_max" : 370,
        "iops_mean" : 76.275394,
        "iops_stddev" : 31.229391,
        "iops_samples" : 1131
      },
      "trim" : {
        "io_bytes" : 0,
        "io_kbytes" : 0,
        "bw_bytes" : 0,
        "bw" : 0,
        "iops" : 0.000000,
        "runtime" : 0,
        "total_ios" : 0,
        "short_ios" : 0,
        "drop_ios" : 0,
        "slat_ns" : {
          "min" : 0,
          "max" : 0,
          "mean" : 0.000000,
          "stddev" : 0.000000,
          "N" : 0
        },
        "clat_ns" : {
          "min" : 0,
          "max" : 0,
          "mean" : 0.000000,
          "stddev" : 0.000000,
          "N" : 0
        },
        "lat_ns" : {
          "min" : 0,
          "max" : 0,
          "mean" : 0.000000,
          "stddev" : 0.000000,
          "N" : 0
        },
        "bw_min" : 0,
        "bw_max" : 0,
        "bw_agg" : 0.000000,
        "bw_mean" : 0.000000,
        "bw_dev" : 0.000000,
        "bw_samples" : 0,
        "iops_min" : 0,
        "iops_max" : 0,
        "iops_mean" : 0.000000,
        "iops_stddev" : 0.000000,
        "iops_samples" : 0
      },
      "sync" : {
        "total_ios" : 0,
        "lat_ns" : {
          "min" : 0,
          "max" : 0,
          "mean" : 0.000000,
          "stddev" : 0.000000,
          "N" : 0
        }
      },
      "job_runtime" : 600028,
      "usr_cpu" : 0.118161,
      "sys_cpu" : 0.954955,
      "ctx" : 21706,
      "majf" : 0,
      "minf" : 85,
      "iodepth_level" : {
        "1" : 0.100000,
        "2" : 0.100000,
        "4" : 0.100000,
        "8" : 0.100000,
        "16" : 0.100000,
        "32" : 0.146877,
        ">=64" : 99.710837
      },
      "iodepth_submit" : {
        "0" : 0.000000,
        "4" : 100.000000,
        "8" : 0.000000,
        "16" : 0.000000,
        "32" : 0.000000,
        "64" : 0.000000,
        ">=64" : 0.000000
      },
      "iodepth_complete" : {
        "0" : 0.000000,
        "4" : 99.995356,
        "8" : 0.000000,
        "16" : 0.000000,
        "32" : 0.000000,
        "64" : 0.000000,
        ">=64" : 0.100000
      },
      "latency_ns" : {
        "2" : 0.000000,
        "4" : 0.000000,
        "10" : 0.000000,
        "20" : 0.000000,
        "50" : 0.000000,
        "100" : 0.000000,
        "250" : 0.000000,
        "500" : 0.000000,
        "750" : 0.000000,
        "1000" : 0.000000
      },
      "latency_us" : {
        "2" : 0.000000,
        "4" : 0.000000,
        "10" : 0.000000,
        "20" : 0.010000,
        "50" : 0.000000,
        "100" : 0.000000,
        "250" : 0.000000,
        "500" : 0.000000,
        "750" : 0.000000,
        "1000" : 0.000000
      },
      "latency_ms" : {
        "2" : 0.000000,
        "4" : 0.000000,
        "10" : 0.000000,
        "20" : 0.000000,
        "50" : 0.000000,
        "100" : 0.034424,
        "250" : 0.059669,
        "500" : 0.123927,
        "750" : 1.432047,
        "1000" : 10.717400,
        "2000" : 2.437233,
        ">=2000" : 85.190710
      },
      "latency_depth" : 256,
      "latency_target" : 0,
      "latency_percentile" : 100.000000,
      "latency_window" : 0
    }
  ]
}
