{
  "fio version" : "fio-3.27",
  "timestamp" : 1627027399,
  "timestamp_ms" : 1627027399493,
  "time" : "Fri Jul 23 10:03:19 2021",
  "jobs" : [
    {
      "jobname" : "randrw",
      "groupid" : 0,
      "error" : 0,
      "eta" : 0,
      "elapsed" : 301,
      "job options" : {
        "bs" : "4K",
        "iodepth" : "256",
        "direct" : "0",
        "ioengine" : "libaio",
        "time_based" : "1",
        "runtime" : "300",
        "numjobs" : "32",
        "size" : "1g",
        "name" : "randrw",
        "rw" : "randrw",
        "directory" : "/scratch/snx2000/ccocha/randrw/128_node",
        "filename_format" : "$jobname.116.$jobnum.$filenum"
      },
      "read" : {
        "io_bytes" : 72306688,
        "io_kbytes" : 70612,
        "bw_bytes" : 240838,
        "bw" : 235,
        "iops" : 58.798451,
        "runtime" : 300229,
        "total_ios" : 17653,
        "short_ios" : 0,
        "drop_ios" : 0,
        "slat_ns" : {
          "min" : 5324432,
          "max" : 53568892601,
          "mean" : 543816754.586699,
          "stddev" : 2218165765.109351,
          "N" : 17653
        },
        "clat_ns" : {
          "min" : 17530,
          "max" : 158843970207,
          "mean" : 68636869023.439079,
          "stddev" : 36882351126.737282,
          "N" : 17653,
          "percentile" : {
            "1.000000" : 1937768448,
            "5.000000" : 6677331968,
            "10.000000" : 7348420608,
            "20.000000" : 17112760320,
            "30.000000" : 17112760320,
            "40.000000" : 17112760320,
            "50.000000" : 17112760320,
            "60.000000" : 17112760320,
            "70.000000" : 17112760320,
            "80.000000" : 17112760320,
            "90.000000" : 17112760320,
            "95.000000" : 17112760320,
            "99.000000" : 17112760320,
            "99.500000" : 17112760320,
            "99.900000" : 17112760320,
            "99.950000" : 17112760320,
            "99.990000" : 17112760320
          }
        },
        "lat_ns" : {
          "min" : 80689762,
          "max" : 158959017435,
          "mean" : 69180689718.493958,
          "stddev" : 36977303084.526398,
          "N" : 17653
        },
        "bw_min" : 256,
        "bw_max" : 3168,
        "bw_agg" : 100.000000,
        "bw_mean" : 485.694867,
        "bw_dev" : 12.904726,
        "bw_samples" : 7132,
        "iops_min" : 64,
        "iops_max" : 792,
        "iops_mean" : 121.423717,
        "iops_stddev" : 3.226181,
        "iops_samples" : 7132
      },
      "write" : {
        "io_bytes" : 72421376,
        "io_kbytes" : 70724,
        "bw_bytes" : 241220,
        "bw" : 235,
        "iops" : 58.891713,
        "runtime" : 300229,
        "total_ios" : 17681,
        "short_ios" : 0,
        "drop_ios" : 0,
        "slat_ns" : {
          "min" : 75229,
          "max" : 2633361,
          "mean" : 129353.904304,
          "stddev" : 67638.485171,
          "N" : 17681
        },
        "clat_ns" : {
          "min" : 132453271,
          "max" : 158667806130,
          "mean" : 68461851825.087837,
          "stddev" : 36193314690.991280,
          "N" : 17681,
          "percentile" : {
            "1.000000" : 3808428032,
            "5.000000" : 6677331968,
            "10.000000" : 7415529472,
            "20.000000" : 17112760320,
            "30.000000" : 17112760320,
            "40.000000" : 17112760320,
            "50.000000" : 17112760320,
            "60.000000" : 17112760320,
            "70.000000" : 17112760320,
            "80.000000" : 17112760320,
            "90.000000" : 17112760320,
            "95.000000" : 17112760320,
            "99.000000" : 17112760320,
            "99.500000" : 17112760320,
            "99.900000" : 17112760320,
            "99.950000" : 17112760320,
            "99.990000" : 17112760320
          }
        },
        "lat_ns" : {
          "min" : 132687810,
          "max" : 158667933010,
          "mean" : 68461982429.093391,
          "stddev" : 36193311433.288193,
          "N" : 17681
        },
        "bw_min" : 256,
        "bw_max" : 3272,
        "bw_agg" : 100.000000,
        "bw_mean" : 490.378846,
        "bw_dev" : 13.148152,
        "bw_samples" : 7088,
        "iops_min" : 64,
        "iops_max" : 818,
        "iops_mean" : 122.594712,
        "iops_stddev" : 3.287038,
        "iops_samples" : 7088
      },
      "trim" : {
        "io_bytes" : 0,
        "io_kbytes" : 0,
        "bw_bytes" : 0,
        "bw" : 0,
        "iops" : 0.000000,
        "runtime" : 0,
        "total_ios" : 0,
        "short_ios" : 0,
        "drop_ios" : 0,
        "slat_ns" : {
          "min" : 0,
          "max" : 0,
          "mean" : 0.000000,
          "stddev" : 0.000000,
          "N" : 0
        },
        "clat_ns" : {
          "min" : 0,
          "max" : 0,
          "mean" : 0.000000,
          "stddev" : 0.000000,
          "N" : 0
        },
        "lat_ns" : {
          "min" : 0,
          "max" : 0,
          "mean" : 0.000000,
          "stddev" : 0.000000,
          "N" : 0
        },
        "bw_min" : 0,
        "bw_max" : 0,
        "bw_agg" : 0.000000,
        "bw_mean" : 0.000000,
        "bw_dev" : 0.000000,
        "bw_samples" : 0,
        "iops_min" : 0,
        "iops_max" : 0,
        "iops_mean" : 0.000000,
        "iops_stddev" : 0.000000,
        "iops_samples" : 0
      },
      "sync" : {
        "total_ios" : 0,
        "lat_ns" : {
          "min" : 0,
          "max" : 0,
          "mean" : 0.000000,
          "stddev" : 0.000000,
          "N" : 0
        }
      },
      "job_runtime" : 9603070,
      "usr_cpu" : 0.009091,
      "sys_cpu" : 0.057804,
      "ctx" : 17939,
      "majf" : 0,
      "minf" : 1349,
      "iodepth_level" : {
        "1" : 0.100000,
        "2" : 0.181129,
        "4" : 0.362257,
        "8" : 0.724515,
        "16" : 1.449029,
        "32" : 2.898059,
        ">=64" : 94.294447
      },
      "iodepth_submit" : {
        "0" : 0.000000,
        "4" : 100.000000,
        "8" : 0.000000,
        "16" : 0.000000,
        "32" : 0.000000,
        "64" : 0.000000,
        ">=64" : 0.000000
      },
      "iodepth_complete" : {
        "0" : 0.000000,
        "4" : 99.882379,
        "8" : 0.000000,
        "16" : 0.000000,
        "32" : 0.000000,
        "64" : 0.000000,
        ">=64" : 0.117621
      },
      "latency_ns" : {
        "2" : 0.000000,
        "4" : 0.000000,
        "10" : 0.000000,
        "20" : 0.000000,
        "50" : 0.000000,
        "100" : 0.000000,
        "250" : 0.000000,
        "500" : 0.000000,
        "750" : 0.000000,
        "1000" : 0.000000
      },
      "latency_us" : {
        "2" : 0.000000,
        "4" : 0.000000,
        "10" : 0.000000,
        "20" : 0.022641,
        "50" : 0.067923,
        "100" : 0.000000,
        "250" : 0.000000,
        "500" : 0.000000,
        "750" : 0.000000,
        "1000" : 0.000000
      },
      "latency_ms" : {
        "2" : 0.000000,
        "4" : 0.000000,
        "10" : 0.000000,
        "20" : 0.000000,
        "50" : 0.000000,
        "100" : 0.011321,
        "250" : 0.138677,
        "500" : 0.175468,
        "750" : 0.133016,
        "1000" : 0.090564,
        "2000" : 0.254712,
        ">=2000" : 99.105677
      },
      "latency_depth" : 256,
      "latency_target" : 0,
      "latency_percentile" : 100.000000,
      "latency_window" : 0
    }
  ]
}
