{
  "fio version" : "fio-3.27",
  "timestamp" : 1627028393,
  "timestamp_ms" : 1627028393496,
  "time" : "Fri Jul 23 10:19:53 2021",
  "jobs" : [
    {
      "jobname" : "randrw",
      "groupid" : 0,
      "error" : 0,
      "eta" : 0,
      "elapsed" : 303,
      "job options" : {
        "bs" : "4K",
        "iodepth" : "256",
        "direct" : "0",
        "ioengine" : "libaio",
        "time_based" : "1",
        "runtime" : "300",
        "numjobs" : "64",
        "size" : "1g",
        "name" : "randrw",
        "rw" : "randrw",
        "directory" : "/scratch/snx2000/ccocha/randrw/128_node",
        "filename_format" : "$jobname.90.$jobnum.$filenum"
      },
      "read" : {
        "io_bytes" : 67842048,
        "io_kbytes" : 66252,
        "bw_bytes" : 224868,
        "bw" : 219,
        "iops" : 54.899634,
        "runtime" : 301696,
        "total_ios" : 16563,
        "short_ios" : 0,
        "drop_ios" : 0,
        "slat_ns" : {
          "min" : 3004512,
          "max" : 80734751562,
          "mean" : 1161874201.967095,
          "stddev" : 3806300516.464653,
          "N" : 16563
        },
        "clat_ns" : {
          "min" : 18350,
          "max" : 292545860284,
          "mean" : 138531173127.461090,
          "stddev" : 69665248301.090469,
          "N" : 16563,
          "percentile" : {
            "1.000000" : 2936012800,
            "5.000000" : 16844324864,
            "10.000000" : 17112760320,
            "20.000000" : 17112760320,
            "30.000000" : 17112760320,
            "40.000000" : 17112760320,
            "50.000000" : 17112760320,
            "60.000000" : 17112760320,
            "70.000000" : 17112760320,
            "80.000000" : 17112760320,
            "90.000000" : 17112760320,
            "95.000000" : 17112760320,
            "99.000000" : 17112760320,
            "99.500000" : 17112760320,
            "99.900000" : 17112760320,
            "99.950000" : 17112760320,
            "99.990000" : 17112760320
          }
        },
        "lat_ns" : {
          "min" : 991465152,
          "max" : 292644120829,
          "mean" : 139693051505.533508,
          "stddev" : 69623640989.889160,
          "N" : 16563
        },
        "bw_min" : 509,
        "bw_max" : 2544,
        "bw_agg" : 100.000000,
        "bw_mean" : 769.422629,
        "bw_dev" : 6.805766,
        "bw_samples" : 5565,
        "iops_min" : 125,
        "iops_max" : 636,
        "iops_mean" : 192.319052,
        "iops_stddev" : 1.701837,
        "iops_samples" : 5565
      },
      "write" : {
        "io_bytes" : 67321856,
        "io_kbytes" : 65744,
        "bw_bytes" : 223144,
        "bw" : 217,
        "iops" : 54.478681,
        "runtime" : 301696,
        "total_ios" : 16436,
        "short_ios" : 0,
        "drop_ios" : 0,
        "slat_ns" : {
          "min" : 75631,
          "max" : 5359687,
          "mean" : 139033.639450,
          "stddev" : 96503.224197,
          "N" : 16436
        },
        "clat_ns" : {
          "min" : 1098292359,
          "max" : 292644357762,
          "mean" : 138042051931.324127,
          "stddev" : 69339114247.595154,
          "N" : 16436,
          "percentile" : {
            "1.000000" : 4529848320,
            "5.000000" : 17112760320,
            "10.000000" : 17112760320,
            "20.000000" : 17112760320,
            "30.000000" : 17112760320,
            "40.000000" : 17112760320,
            "50.000000" : 17112760320,
            "60.000000" : 17112760320,
            "70.000000" : 17112760320,
            "80.000000" : 17112760320,
            "90.000000" : 17112760320,
            "95.000000" : 17112760320,
            "99.000000" : 17112760320,
            "99.500000" : 17112760320,
            "99.900000" : 17112760320,
            "99.950000" : 17112760320,
            "99.990000" : 17112760320
          }
        },
        "lat_ns" : {
          "min" : 1098482981,
          "max" : 292644530553,
          "mean" : 138042192301.915649,
          "stddev" : 69339108391.766479,
          "N" : 16436
        },
        "bw_min" : 511,
        "bw_max" : 2632,
        "bw_agg" : 100.000000,
        "bw_mean" : 764.911622,
        "bw_dev" : 7.070257,
        "bw_samples" : 5533,
        "iops_min" : 127,
        "iops_max" : 658,
        "iops_mean" : 191.212440,
        "iops_stddev" : 1.767666,
        "iops_samples" : 5533
      },
      "trim" : {
        "io_bytes" : 0,
        "io_kbytes" : 0,
        "bw_bytes" : 0,
        "bw" : 0,
        "iops" : 0.000000,
        "runtime" : 0,
        "total_ios" : 0,
        "short_ios" : 0,
        "drop_ios" : 0,
        "slat_ns" : {
          "min" : 0,
          "max" : 0,
          "mean" : 0.000000,
          "stddev" : 0.000000,
          "N" : 0
        },
        "clat_ns" : {
          "min" : 0,
          "max" : 0,
          "mean" : 0.000000,
          "stddev" : 0.000000,
          "N" : 0
        },
        "lat_ns" : {
          "min" : 0,
          "max" : 0,
          "mean" : 0.000000,
          "stddev" : 0.000000,
          "N" : 0
        },
        "bw_min" : 0,
        "bw_max" : 0,
        "bw_agg" : 0.000000,
        "bw_mean" : 0.000000,
        "bw_dev" : 0.000000,
        "bw_samples" : 0,
        "iops_min" : 0,
        "iops_max" : 0,
        "iops_mean" : 0.000000,
        "iops_stddev" : 0.000000,
        "iops_samples" : 0
      },
      "sync" : {
        "total_ios" : 0,
        "lat_ns" : {
          "min" : 0,
          "max" : 0,
          "mean" : 0.000000,
          "stddev" : 0.000000,
          "N" : 0
        }
      },
      "job_runtime" : 19247463,
      "usr_cpu" : 0.003455,
      "sys_cpu" : 0.028752,
      "ctx" : 17229,
      "majf" : 0,
      "minf" : 2611,
      "iodepth_level" : {
        "1" : 0.193945,
        "2" : 0.387891,
        "4" : 0.775781,
        "8" : 1.551562,
        "16" : 3.103124,
        "32" : 6.206249,
        ">=64" : 87.781448
      },
      "iodepth_submit" : {
        "0" : 0.000000,
        "4" : 100.000000,
        "8" : 0.000000,
        "16" : 0.000000,
        "32" : 0.000000,
        "64" : 0.000000,
        ">=64" : 0.000000
      },
      "iodepth_complete" : {
        "0" : 0.000000,
        "4" : 99.617751,
        "8" : 0.000000,
        "16" : 0.000000,
        "32" : 0.000000,
        "64" : 0.000000,
        ">=64" : 0.382249
      },
      "latency_ns" : {
        "2" : 0.000000,
        "4" : 0.000000,
        "10" : 0.000000,
        "20" : 0.000000,
        "50" : 0.000000,
        "100" : 0.000000,
        "250" : 0.000000,
        "500" : 0.000000,
        "750" : 0.000000,
        "1000" : 0.000000
      },
      "latency_us" : {
        "2" : 0.000000,
        "4" : 0.000000,
        "10" : 0.000000,
        "20" : 0.010000,
        "50" : 0.190915,
        "100" : 0.000000,
        "250" : 0.000000,
        "500" : 0.000000,
        "750" : 0.000000,
        "1000" : 0.000000
      },
      "latency_ms" : {
        "2" : 0.000000,
        "4" : 0.000000,
        "10" : 0.000000,
        "20" : 0.000000,
        "50" : 0.000000,
        "100" : 0.000000,
        "250" : 0.000000,
        "500" : 0.000000,
        "750" : 0.000000,
        "1000" : 0.010000,
        "2000" : 0.363647,
        ">=2000" : 99.439377
      },
      "latency_depth" : 256,
      "latency_target" : 0,
      "latency_percentile" : 100.000000,
      "latency_window" : 0
    }
  ]
}
