{
  "fio version" : "fio-3.27",
  "timestamp" : 1627025848,
  "timestamp_ms" : 1627025848931,
  "time" : "Fri Jul 23 09:37:28 2021",
  "jobs" : [
    {
      "jobname" : "randrw",
      "groupid" : 0,
      "error" : 0,
      "eta" : 0,
      "elapsed" : 301,
      "job options" : {
        "bs" : "4K",
        "iodepth" : "256",
        "direct" : "0",
        "ioengine" : "libaio",
        "time_based" : "1",
        "runtime" : "300",
        "numjobs" : "4",
        "size" : "1g",
        "name" : "randrw",
        "rw" : "randrw",
        "directory" : "/scratch/snx2000/ccocha/randrw/128_node",
        "filename_format" : "$jobname.123.$jobnum.$filenum"
      },
      "read" : {
        "io_bytes" : 91267072,
        "io_kbytes" : 89128,
        "bw_bytes" : 303979,
        "bw" : 296,
        "iops" : 74.213715,
        "runtime" : 300241,
        "total_ios" : 22282,
        "short_ios" : 0,
        "drop_ios" : 0,
        "slat_ns" : {
          "min" : 486412,
          "max" : 26073663662,
          "mean" : 53728093.606723,
          "stddev" : 335983306.992567,
          "N" : 22282
        },
        "clat_ns" : {
          "min" : 15920,
          "max" : 48038367544,
          "mean" : 6783826391.769777,
          "stddev" : 6314832439.715981,
          "N" : 22282,
          "percentile" : {
            "1.000000" : 893386752,
            "5.000000" : 977272832,
            "10.000000" : 1044381696,
            "20.000000" : 2969567232,
            "30.000000" : 4932501504,
            "40.000000" : 6006243328,
            "50.000000" : 6811549696,
            "60.000000" : 7415529472,
            "70.000000" : 8019509248,
            "80.000000" : 8556380160,
            "90.000000" : 9328132096,
            "95.000000" : 9865003008,
            "99.000000" : 17112760320,
            "99.500000" : 17112760320,
            "99.900000" : 17112760320,
            "99.950000" : 17112760320,
            "99.990000" : 17112760320
          }
        },
        "lat_ns" : {
          "min" : 110710633,
          "max" : 48050049574,
          "mean" : 6837557758.859697,
          "stddev" : 6335692530.588985,
          "N" : 22282
        },
        "bw_min" : 32,
        "bw_max" : 2536,
        "bw_agg" : 100.000000,
        "bw_mean" : 377.034841,
        "bw_dev" : 103.197187,
        "bw_samples" : 1847,
        "iops_min" : 8,
        "iops_max" : 634,
        "iops_mean" : 94.258710,
        "iops_stddev" : 25.799297,
        "iops_samples" : 1847
      },
      "write" : {
        "io_bytes" : 92995584,
        "io_kbytes" : 90816,
        "bw_bytes" : 309736,
        "bw" : 302,
        "iops" : 75.619253,
        "runtime" : 300241,
        "total_ios" : 22704,
        "short_ios" : 0,
        "drop_ios" : 0,
        "slat_ns" : {
          "min" : 75620,
          "max" : 1745011,
          "mean" : 115558.595226,
          "stddev" : 46712.780238,
          "N" : 22704
        },
        "clat_ns" : {
          "min" : 190646061,
          "max" : 47918673698,
          "mean" : 6803939431.448076,
          "stddev" : 6353987836.522513,
          "N" : 22704,
          "percentile" : {
            "1.000000" : 901775360,
            "5.000000" : 977272832,
            "10.000000" : 1035993088,
            "20.000000" : 2768240640,
            "30.000000" : 4932501504,
            "40.000000" : 6073352192,
            "50.000000" : 6878658560,
            "60.000000" : 7482638336,
            "70.000000" : 8019509248,
            "80.000000" : 8556380160,
            "90.000000" : 9328132096,
            "95.000000" : 9865003008,
            "99.000000" : 17112760320,
            "99.500000" : 17112760320,
            "99.900000" : 17112760320,
            "99.950000" : 17112760320,
            "99.990000" : 17112760320
          }
        },
        "lat_ns" : {
          "min" : 190794932,
          "max" : 47918759659,
          "mean" : 6804056197.382121,
          "stddev" : 6353987101.729258,
          "N" : 22704
        },
        "bw_min" : 32,
        "bw_max" : 2552,
        "bw_agg" : 100.000000,
        "bw_mean" : 381.908690,
        "bw_dev" : 106.355558,
        "bw_samples" : 1859,
        "iops_min" : 8,
        "iops_max" : 638,
        "iops_mean" : 95.477173,
        "iops_stddev" : 26.588889,
        "iops_samples" : 1859
      },
      "trim" : {
        "io_bytes" : 0,
        "io_kbytes" : 0,
        "bw_bytes" : 0,
        "bw" : 0,
        "iops" : 0.000000,
        "runtime" : 0,
        "total_ios" : 0,
        "short_ios" : 0,
        "drop_ios" : 0,
        "slat_ns" : {
          "min" : 0,
          "max" : 0,
          "mean" : 0.000000,
          "stddev" : 0.000000,
          "N" : 0
        },
        "clat_ns" : {
          "min" : 0,
          "max" : 0,
          "mean" : 0.000000,
          "stddev" : 0.000000,
          "N" : 0
        },
        "lat_ns" : {
          "min" : 0,
          "max" : 0,
          "mean" : 0.000000,
          "stddev" : 0.000000,
          "N" : 0
        },
        "bw_min" : 0,
        "bw_max" : 0,
        "bw_agg" : 0.000000,
        "bw_mean" : 0.000000,
        "bw_dev" : 0.000000,
        "bw_samples" : 0,
        "iops_min" : 0,
        "iops_max" : 0,
        "iops_mean" : 0.000000,
        "iops_stddev" : 0.000000,
        "iops_samples" : 0
      },
      "sync" : {
        "total_ios" : 0,
        "lat_ns" : {
          "min" : 0,
          "max" : 0,
          "mean" : 0.000000,
          "stddev" : 0.000000,
          "N" : 0
        }
      },
      "job_runtime" : 1200632,
      "usr_cpu" : 0.082207,
      "sys_cpu" : 0.518477,
      "ctx" : 22314,
      "majf" : 0,
      "minf" : 170,
      "iodepth_level" : {
        "1" : 0.100000,
        "2" : 0.100000,
        "4" : 0.100000,
        "8" : 0.100000,
        "16" : 0.142266,
        "32" : 0.284533,
        ">=64" : 99.439826
      },
      "iodepth_submit" : {
        "0" : 0.000000,
        "4" : 100.000000,
        "8" : 0.000000,
        "16" : 0.000000,
        "32" : 0.000000,
        "64" : 0.000000,
        ">=64" : 0.000000
      },
      "iodepth_complete" : {
        "0" : 0.000000,
        "4" : 99.990903,
        "8" : 0.000000,
        "16" : 0.000000,
        "32" : 0.000000,
        "64" : 0.000000,
        ">=64" : 0.100000
      },
      "latency_ns" : {
        "2" : 0.000000,
        "4" : 0.000000,
        "10" : 0.000000,
        "20" : 0.000000,
        "50" : 0.000000,
        "100" : 0.000000,
        "250" : 0.000000,
        "500" : 0.000000,
        "750" : 0.000000,
        "1000" : 0.000000
      },
      "latency_us" : {
        "2" : 0.000000,
        "4" : 0.000000,
        "10" : 0.000000,
        "20" : 0.010000,
        "50" : 0.010000,
        "100" : 0.000000,
        "250" : 0.000000,
        "500" : 0.000000,
        "750" : 0.000000,
        "1000" : 0.000000
      },
      "latency_ms" : {
        "2" : 0.000000,
        "4" : 0.000000,
        "10" : 0.000000,
        "20" : 0.000000,
        "50" : 0.000000,
        "100" : 0.000000,
        "250" : 0.010000,
        "500" : 0.095585,
        "750" : 0.073356,
        "1000" : 6.604277,
        "2000" : 11.848131,
        ">=2000" : 81.363091
      },
      "latency_depth" : 256,
      "latency_target" : 0,
      "latency_percentile" : 100.000000,
      "latency_window" : 0
    }
  ]
}
