{
  "fio version" : "fio-3.27",
  "timestamp" : 1627028726,
  "timestamp_ms" : 1627028726134,
  "time" : "Fri Jul 23 10:25:26 2021",
  "jobs" : [
    {
      "jobname" : "randrw",
      "groupid" : 0,
      "error" : 0,
      "eta" : 0,
      "elapsed" : 301,
      "job options" : {
        "bs" : "4K",
        "iodepth" : "256",
        "direct" : "0",
        "ioengine" : "libaio",
        "time_based" : "1",
        "runtime" : "300",
        "numjobs" : "1",
        "size" : "1g",
        "name" : "randrw",
        "rw" : "randrw",
        "directory" : "/scratch/snx2000/ccocha/randrw/150_node",
        "filename_format" : "$jobname.24.$jobnum.$filenum"
      },
      "read" : {
        "io_bytes" : 72552448,
        "io_kbytes" : 70852,
        "bw_bytes" : 241836,
        "bw" : 236,
        "iops" : 59.042152,
        "runtime" : 300006,
        "total_ios" : 17713,
        "short_ios" : 0,
        "drop_ios" : 0,
        "slat_ns" : {
          "min" : 447264,
          "max" : 4282348396,
          "mean" : 16796142.192288,
          "stddev" : 53767762.959299,
          "N" : 17713
        },
        "clat_ns" : {
          "min" : 12960,
          "max" : 15211146625,
          "mean" : 2157532754.481743,
          "stddev" : 1393691642.552598,
          "N" : 17713,
          "percentile" : {
            "1.000000" : 650117120,
            "5.000000" : 725614592,
            "10.000000" : 834666496,
            "20.000000" : 1216348160,
            "30.000000" : 1468006400,
            "40.000000" : 1702887424,
            "50.000000" : 2004877312,
            "60.000000" : 2298478592,
            "70.000000" : 2634022912,
            "80.000000" : 2969567232,
            "90.000000" : 3338665984,
            "95.000000" : 3607101440,
            "99.000000" : 4664066048,
            "99.500000" : 14025752576,
            "99.900000" : 15233712128,
            "99.950000" : 15233712128,
            "99.990000" : 15233712128
          }
        },
        "lat_ns" : {
          "min" : 12100659,
          "max" : 15218605795,
          "mean" : 2174331707.262732,
          "stddev" : 1398293612.661281,
          "N" : 17713
        },
        "bw_min" : 8,
        "bw_max" : 848,
        "bw_agg" : 100.000000,
        "bw_mean" : 244.658537,
        "bw_dev" : 172.780450,
        "bw_samples" : 574,
        "iops_min" : 2,
        "iops_max" : 212,
        "iops_mean" : 61.163763,
        "iops_stddev" : 43.193598,
        "iops_samples" : 574
      },
      "write" : {
        "io_bytes" : 72658944,
        "io_kbytes" : 70956,
        "bw_bytes" : 242191,
        "bw" : 236,
        "iops" : 59.128817,
        "runtime" : 300006,
        "total_ios" : 17739,
        "short_ios" : 0,
        "drop_ios" : 0,
        "slat_ns" : {
          "min" : 75311,
          "max" : 787118,
          "mean" : 106961.384294,
          "stddev" : 42983.169211,
          "N" : 17739
        },
        "clat_ns" : {
          "min" : 12110369,
          "max" : 15216135188,
          "mean" : 2153167997.442634,
          "stddev" : 1397043211.154440,
          "N" : 17739,
          "percentile" : {
            "1.000000" : 650117120,
            "5.000000" : 725614592,
            "10.000000" : 826277888,
            "20.000000" : 1199570944,
            "30.000000" : 1468006400,
            "40.000000" : 1702887424,
            "50.000000" : 2004877312,
            "60.000000" : 2298478592,
            "70.000000" : 2634022912,
            "80.000000" : 2969567232,
            "90.000000" : 3338665984,
            "95.000000" : 3607101440,
            "99.000000" : 4664066048,
            "99.500000" : 14025752576,
            "99.900000" : 15233712128,
            "99.950000" : 15233712128,
            "99.990000" : 15233712128
          }
        },
        "lat_ns" : {
          "min" : 12189960,
          "max" : 15216332080,
          "mean" : 2153276098.516812,
          "stddev" : 1397043627.223812,
          "N" : 17739
        },
        "bw_min" : 8,
        "bw_max" : 864,
        "bw_agg" : 100.000000,
        "bw_mean" : 244.201739,
        "bw_dev" : 174.143962,
        "bw_samples" : 575,
        "iops_min" : 2,
        "iops_max" : 216,
        "iops_mean" : 61.050435,
        "iops_stddev" : 43.535991,
        "iops_samples" : 575
      },
      "trim" : {
        "io_bytes" : 0,
        "io_kbytes" : 0,
        "bw_bytes" : 0,
        "bw" : 0,
        "iops" : 0.000000,
        "runtime" : 0,
        "total_ios" : 0,
        "short_ios" : 0,
        "drop_ios" : 0,
        "slat_ns" : {
          "min" : 0,
          "max" : 0,
          "mean" : 0.000000,
          "stddev" : 0.000000,
          "N" : 0
        },
        "clat_ns" : {
          "min" : 0,
          "max" : 0,
          "mean" : 0.000000,
          "stddev" : 0.000000,
          "N" : 0
        },
        "lat_ns" : {
          "min" : 0,
          "max" : 0,
          "mean" : 0.000000,
          "stddev" : 0.000000,
          "N" : 0
        },
        "bw_min" : 0,
        "bw_max" : 0,
        "bw_agg" : 0.000000,
        "bw_mean" : 0.000000,
        "bw_dev" : 0.000000,
        "bw_samples" : 0,
        "iops_min" : 0,
        "iops_max" : 0,
        "iops_mean" : 0.000000,
        "iops_stddev" : 0.000000,
        "iops_samples" : 0
      },
      "sync" : {
        "total_ios" : 0,
        "lat_ns" : {
          "min" : 0,
          "max" : 0,
          "mean" : 0.000000,
          "stddev" : 0.000000,
          "N" : 0
        }
      },
      "job_runtime" : 300006,
      "usr_cpu" : 0.205996,
      "sys_cpu" : 1.538303,
      "ctx" : 17725,
      "majf" : 0,
      "minf" : 43,
      "iodepth_level" : {
        "1" : 0.100000,
        "2" : 0.100000,
        "4" : 0.100000,
        "8" : 0.100000,
        "16" : 0.100000,
        "32" : 0.100000,
        ">=64" : 99.822295
      },
      "iodepth_submit" : {
        "0" : 0.000000,
        "4" : 100.000000,
        "8" : 0.000000,
        "16" : 0.000000,
        "32" : 0.000000,
        "64" : 0.000000,
        ">=64" : 0.000000
      },
      "iodepth_complete" : {
        "0" : 0.000000,
        "4" : 99.997159,
        "8" : 0.000000,
        "16" : 0.000000,
        "32" : 0.000000,
        "64" : 0.000000,
        ">=64" : 0.100000
      },
      "latency_ns" : {
        "2" : 0.000000,
        "4" : 0.000000,
        "10" : 0.000000,
        "20" : 0.000000,
        "50" : 0.000000,
        "100" : 0.000000,
        "250" : 0.000000,
        "500" : 0.000000,
        "750" : 0.000000,
        "1000" : 0.000000
      },
      "latency_us" : {
        "2" : 0.000000,
        "4" : 0.000000,
        "10" : 0.000000,
        "20" : 0.010000,
        "50" : 0.000000,
        "100" : 0.000000,
        "250" : 0.000000,
        "500" : 0.000000,
        "750" : 0.000000,
        "1000" : 0.000000
      },
      "latency_ms" : {
        "2" : 0.000000,
        "4" : 0.000000,
        "10" : 0.000000,
        "20" : 0.014104,
        "50" : 0.019745,
        "100" : 0.028207,
        "250" : 0.138215,
        "500" : 0.256685,
        "750" : 5.999662,
        "1000" : 7.102561,
        "2000" : 36.325172,
        ">=2000" : 50.112829
      },
      "latency_depth" : 256,
      "latency_target" : 0,
      "latency_percentile" : 100.000000,
      "latency_window" : 0
    }
  ]
}
