{
  "fio version" : "fio-3.27",
  "timestamp" : 1627025468,
  "timestamp_ms" : 1627025468009,
  "time" : "Fri Jul 23 09:31:08 2021",
  "jobs" : [
    {
      "jobname" : "randrw",
      "groupid" : 0,
      "error" : 0,
      "eta" : 0,
      "elapsed" : 301,
      "job options" : {
        "bs" : "4K",
        "iodepth" : "256",
        "direct" : "0",
        "ioengine" : "libaio",
        "time_based" : "1",
        "runtime" : "300",
        "numjobs" : "2",
        "size" : "1g",
        "name" : "randrw",
        "rw" : "randrw",
        "directory" : "/scratch/snx2000/ccocha/randrw/128_node",
        "filename_format" : "$jobname.59.$jobnum.$filenum"
      },
      "read" : {
        "io_bytes" : 87539712,
        "io_kbytes" : 85488,
        "bw_bytes" : 291764,
        "bw" : 284,
        "iops" : 71.231452,
        "runtime" : 300036,
        "total_ios" : 21372,
        "short_ios" : 0,
        "drop_ios" : 0,
        "slat_ns" : {
          "min" : 515053,
          "max" : 10904382214,
          "mean" : 27931686.988490,
          "stddev" : 106561460.832682,
          "N" : 21372
        },
        "clat_ns" : {
          "min" : 16540,
          "max" : 27598855231,
          "mean" : 3554944906.927381,
          "stddev" : 2639081428.682483,
          "N" : 21372,
          "percentile" : {
            "1.000000" : 742391808,
            "5.000000" : 809500672,
            "10.000000" : 901775360,
            "20.000000" : 2298478592,
            "30.000000" : 2734686208,
            "40.000000" : 3103784960,
            "50.000000" : 3405774848,
            "60.000000" : 3741319168,
            "70.000000" : 4110417920,
            "80.000000" : 4529848320,
            "90.000000" : 5066719232,
            "95.000000" : 5469372416,
            "99.000000" : 17112760320,
            "99.500000" : 17112760320,
            "99.900000" : 17112760320,
            "99.950000" : 17112760320,
            "99.990000" : 17112760320
          }
        },
        "lat_ns" : {
          "min" : 12689958,
          "max" : 27626205050,
          "mean" : 3582879289.010105,
          "stddev" : 2649347179.308820,
          "N" : 21372
        },
        "bw_min" : 16,
        "bw_max" : 1448,
        "bw_agg" : 100.000000,
        "bw_mean" : 303.015741,
        "bw_dev" : 126.242633,
        "bw_samples" : 1115,
        "iops_min" : 4,
        "iops_max" : 362,
        "iops_mean" : 75.753935,
        "iops_stddev" : 31.560658,
        "iops_samples" : 1115
      },
      "write" : {
        "io_bytes" : 88154112,
        "io_kbytes" : 86088,
        "bw_bytes" : 293811,
        "bw" : 286,
        "iops" : 71.731392,
        "runtime" : 300036,
        "total_ios" : 21522,
        "short_ios" : 0,
        "drop_ios" : 0,
        "slat_ns" : {
          "min" : 75691,
          "max" : 1683382,
          "mean" : 109300.818418,
          "stddev" : 42325.950590,
          "N" : 21522
        },
        "clat_ns" : {
          "min" : 30056338,
          "max" : 27615226764,
          "mean" : 3569380196.025608,
          "stddev" : 2750588172.898156,
          "N" : 21522,
          "percentile" : {
            "1.000000" : 750780416,
            "5.000000" : 809500672,
            "10.000000" : 901775360,
            "20.000000" : 2298478592,
            "30.000000" : 2734686208,
            "40.000000" : 3103784960,
            "50.000000" : 3372220416,
            "60.000000" : 3707764736,
            "70.000000" : 4110417920,
            "80.000000" : 4529848320,
            "90.000000" : 5066719232,
            "95.000000" : 5536481280,
            "99.000000" : 17112760320,
            "99.500000" : 17112760320,
            "99.900000" : 17112760320,
            "99.950000" : 17112760320,
            "99.990000" : 17112760320
          }
        },
        "lat_ns" : {
          "min" : 30152749,
          "max" : 27615312665,
          "mean" : 3569490641.672383,
          "stddev" : 2750586478.578697,
          "N" : 21522
        },
        "bw_min" : 16,
        "bw_max" : 1512,
        "bw_agg" : 100.000000,
        "bw_mean" : 303.934602,
        "bw_dev" : 128.772629,
        "bw_samples" : 1120,
        "iops_min" : 4,
        "iops_max" : 378,
        "iops_mean" : 75.983650,
        "iops_stddev" : 32.193157,
        "iops_samples" : 1120
      },
      "trim" : {
        "io_bytes" : 0,
        "io_kbytes" : 0,
        "bw_bytes" : 0,
        "bw" : 0,
        "iops" : 0.000000,
        "runtime" : 0,
        "total_ios" : 0,
        "short_ios" : 0,
        "drop_ios" : 0,
        "slat_ns" : {
          "min" : 0,
          "max" : 0,
          "mean" : 0.000000,
          "stddev" : 0.000000,
          "N" : 0
        },
        "clat_ns" : {
          "min" : 0,
          "max" : 0,
          "mean" : 0.000000,
          "stddev" : 0.000000,
          "N" : 0
        },
        "lat_ns" : {
          "min" : 0,
          "max" : 0,
          "mean" : 0.000000,
          "stddev" : 0.000000,
          "N" : 0
        },
        "bw_min" : 0,
        "bw_max" : 0,
        "bw_agg" : 0.000000,
        "bw_mean" : 0.000000,
        "bw_dev" : 0.000000,
        "bw_samples" : 0,
        "iops_min" : 0,
        "iops_max" : 0,
        "iops_mean" : 0.000000,
        "iops_stddev" : 0.000000,
        "iops_samples" : 0
      },
      "sync" : {
        "total_ios" : 0,
        "lat_ns" : {
          "min" : 0,
          "max" : 0,
          "mean" : 0.000000,
          "stddev" : 0.000000,
          "N" : 0
        }
      },
      "job_runtime" : 600037,
      "usr_cpu" : 0.133325,
      "sys_cpu" : 0.924943,
      "ctx" : 21384,
      "majf" : 0,
      "minf" : 88,
      "iodepth_level" : {
        "1" : 0.100000,
        "2" : 0.100000,
        "4" : 0.100000,
        "8" : 0.100000,
        "16" : 0.100000,
        "32" : 0.149205,
        ">=64" : 99.706253
      },
      "iodepth_submit" : {
        "0" : 0.000000,
        "4" : 100.000000,
        "8" : 0.000000,
        "16" : 0.000000,
        "32" : 0.000000,
        "64" : 0.000000,
        ">=64" : 0.000000
      },
      "iodepth_complete" : {
        "0" : 0.000000,
        "4" : 99.995281,
        "8" : 0.000000,
        "16" : 0.000000,
        "32" : 0.000000,
        "64" : 0.000000,
        ">=64" : 0.100000
      },
      "latency_ns" : {
        "2" : 0.000000,
        "4" : 0.000000,
        "10" : 0.000000,
        "20" : 0.000000,
        "50" : 0.000000,
        "100" : 0.000000,
        "250" : 0.000000,
        "500" : 0.000000,
        "750" : 0.000000,
        "1000" : 0.000000
      },
      "latency_us" : {
        "2" : 0.000000,
        "4" : 0.000000,
        "10" : 0.000000,
        "20" : 0.010000,
        "50" : 0.010000,
        "100" : 0.000000,
        "250" : 0.000000,
        "500" : 0.000000,
        "750" : 0.000000,
        "1000" : 0.000000
      },
      "latency_ms" : {
        "2" : 0.000000,
        "4" : 0.000000,
        "10" : 0.000000,
        "20" : 0.010000,
        "50" : 0.010000,
        "100" : 0.010000,
        "250" : 0.020982,
        "500" : 0.081596,
        "750" : 1.016459,
        "1000" : 10.875647,
        "2000" : 4.310626,
        ">=2000" : 83.678370
      },
      "latency_depth" : 256,
      "latency_target" : 0,
      "latency_percentile" : 100.000000,
      "latency_window" : 0
    }
  ]
}
