{
  "fio version" : "fio-3.27",
  "timestamp" : 1627031993,
  "timestamp_ms" : 1627031993797,
  "time" : "Fri Jul 23 11:19:53 2021",
  "jobs" : [
    {
      "jobname" : "randrw",
      "groupid" : 0,
      "error" : 0,
      "eta" : 0,
      "elapsed" : 303,
      "job options" : {
        "bs" : "4K",
        "iodepth" : "256",
        "direct" : "0",
        "ioengine" : "libaio",
        "time_based" : "1",
        "runtime" : "300",
        "numjobs" : "64",
        "size" : "1g",
        "name" : "randrw",
        "rw" : "randrw",
        "directory" : "/scratch/snx2000/ccocha/randrw/150_node",
        "filename_format" : "$jobname.123.$jobnum.$filenum"
      },
      "read" : {
        "io_bytes" : 52707328,
        "io_kbytes" : 51472,
        "bw_bytes" : 174669,
        "bw" : 170,
        "iops" : 42.643867,
        "runtime" : 301755,
        "total_ios" : 12868,
        "short_ios" : 0,
        "drop_ios" : 0,
        "slat_ns" : {
          "min" : 36817021,
          "max" : 83185125502,
          "mean" : 1495924431.843021,
          "stddev" : 4507411802.222748,
          "N" : 12868
        },
        "clat_ns" : {
          "min" : 18630,
          "max" : 297964643905,
          "mean" : 156473054561.789062,
          "stddev" : 84021422309.203644,
          "N" : 12868,
          "percentile" : {
            "1.000000" : 2835349504,
            "5.000000" : 16978542592,
            "10.000000" : 17112760320,
            "20.000000" : 17112760320,
            "30.000000" : 17112760320,
            "40.000000" : 17112760320,
            "50.000000" : 17112760320,
            "60.000000" : 17112760320,
            "70.000000" : 17112760320,
            "80.000000" : 17112760320,
            "90.000000" : 17112760320,
            "95.000000" : 17112760320,
            "99.000000" : 17112760320,
            "99.500000" : 17112760320,
            "99.900000" : 17112760320,
            "99.950000" : 17112760320,
            "99.990000" : 17112760320
          }
        },
        "lat_ns" : {
          "min" : 1168309178,
          "max" : 298151543728,
          "mean" : 157968983298.360718,
          "stddev" : 83828355104.302628,
          "N" : 12868
        },
        "bw_min" : 512,
        "bw_max" : 2248,
        "bw_agg" : 100.000000,
        "bw_mean" : 770.197385,
        "bw_dev" : 6.667998,
        "bw_samples" : 3050,
        "iops_min" : 128,
        "iops_max" : 562,
        "iops_mean" : 192.549346,
        "iops_stddev" : 1.667000,
        "iops_samples" : 3050
      },
      "write" : {
        "io_bytes" : 52035584,
        "io_kbytes" : 50816,
        "bw_bytes" : 172443,
        "bw" : 168,
        "iops" : 42.100379,
        "runtime" : 301755,
        "total_ios" : 12704,
        "short_ios" : 0,
        "drop_ios" : 0,
        "slat_ns" : {
          "min" : 75611,
          "max" : 3596276,
          "mean" : 143724.983627,
          "stddev" : 126393.587864,
          "N" : 12704
        },
        "clat_ns" : {
          "min" : 1168319588,
          "max" : 297337715439,
          "mean" : 157304545946.143158,
          "stddev" : 84464802799.178513,
          "N" : 12704,
          "percentile" : {
            "1.000000" : 4596957184,
            "5.000000" : 17112760320,
            "10.000000" : 17112760320,
            "20.000000" : 17112760320,
            "30.000000" : 17112760320,
            "40.000000" : 17112760320,
            "50.000000" : 17112760320,
            "60.000000" : 17112760320,
            "70.000000" : 17112760320,
            "80.000000" : 17112760320,
            "90.000000" : 17112760320,
            "95.000000" : 17112760320,
            "99.000000" : 17112760320,
            "99.500000" : 17112760320,
            "99.900000" : 17112760320,
            "99.950000" : 17112760320,
            "99.990000" : 17112760320
          }
        },
        "lat_ns" : {
          "min" : 1168410919,
          "max" : 297337835640,
          "mean" : 157304691008.229523,
          "stddev" : 84464799202.527313,
          "N" : 12704
        },
        "bw_min" : 512,
        "bw_max" : 2360,
        "bw_agg" : 100.000000,
        "bw_mean" : 759.880317,
        "bw_dev" : 6.880595,
        "bw_samples" : 3107,
        "iops_min" : 128,
        "iops_max" : 590,
        "iops_mean" : 189.970079,
        "iops_stddev" : 1.720149,
        "iops_samples" : 3107
      },
      "trim" : {
        "io_bytes" : 0,
        "io_kbytes" : 0,
        "bw_bytes" : 0,
        "bw" : 0,
        "iops" : 0.000000,
        "runtime" : 0,
        "total_ios" : 0,
        "short_ios" : 0,
        "drop_ios" : 0,
        "slat_ns" : {
          "min" : 0,
          "max" : 0,
          "mean" : 0.000000,
          "stddev" : 0.000000,
          "N" : 0
        },
        "clat_ns" : {
          "min" : 0,
          "max" : 0,
          "mean" : 0.000000,
          "stddev" : 0.000000,
          "N" : 0
        },
        "lat_ns" : {
          "min" : 0,
          "max" : 0,
          "mean" : 0.000000,
          "stddev" : 0.000000,
          "N" : 0
        },
        "bw_min" : 0,
        "bw_max" : 0,
        "bw_agg" : 0.000000,
        "bw_mean" : 0.000000,
        "bw_dev" : 0.000000,
        "bw_samples" : 0,
        "iops_min" : 0,
        "iops_max" : 0,
        "iops_mean" : 0.000000,
        "iops_stddev" : 0.000000,
        "iops_samples" : 0
      },
      "sync" : {
        "total_ios" : 0,
        "lat_ns" : {
          "min" : 0,
          "max" : 0,
          "mean" : 0.000000,
          "stddev" : 0.000000,
          "N" : 0
        }
      },
      "job_runtime" : 19252175,
      "usr_cpu" : 0.002888,
      "sys_cpu" : 0.022382,
      "ctx" : 13535,
      "majf" : 0,
      "minf" : 2598,
      "iodepth_level" : {
        "1" : 0.250274,
        "2" : 0.500547,
        "4" : 1.001095,
        "8" : 2.002190,
        "16" : 4.004380,
        "32" : 8.008760,
        ">=64" : 84.232755
      },
      "iodepth_submit" : {
        "0" : 0.000000,
        "4" : 100.000000,
        "8" : 0.000000,
        "16" : 0.000000,
        "32" : 0.000000,
        "64" : 0.000000,
        ">=64" : 0.000000
      },
      "iodepth_complete" : {
        "0" : 0.000000,
        "4" : 99.313010,
        "8" : 0.000000,
        "16" : 0.000000,
        "32" : 0.000000,
        "64" : 0.000000,
        ">=64" : 0.686990
      },
      "latency_ns" : {
        "2" : 0.000000,
        "4" : 0.000000,
        "10" : 0.000000,
        "20" : 0.000000,
        "50" : 0.000000,
        "100" : 0.000000,
        "250" : 0.000000,
        "500" : 0.000000,
        "750" : 0.000000,
        "1000" : 0.000000
      },
      "latency_us" : {
        "2" : 0.000000,
        "4" : 0.000000,
        "10" : 0.000000,
        "20" : 0.010000,
        "50" : 0.242453,
        "100" : 0.000000,
        "250" : 0.010000,
        "500" : 0.000000,
        "750" : 0.000000,
        "1000" : 0.000000
      },
      "latency_ms" : {
        "2" : 0.000000,
        "4" : 0.000000,
        "10" : 0.000000,
        "20" : 0.000000,
        "50" : 0.000000,
        "100" : 0.000000,
        "250" : 0.000000,
        "500" : 0.000000,
        "750" : 0.000000,
        "1000" : 0.000000,
        "2000" : 0.422337,
        ">=2000" : 99.327389
      },
      "latency_depth" : 256,
      "latency_target" : 0,
      "latency_percentile" : 100.000000,
      "latency_window" : 0
    }
  ]
}
