{
  "fio version" : "fio-3.27",
  "timestamp" : 1627031000,
  "timestamp_ms" : 1627031000463,
  "time" : "Fri Jul 23 11:03:20 2021",
  "jobs" : [
    {
      "jobname" : "randrw",
      "groupid" : 0,
      "error" : 0,
      "eta" : 0,
      "elapsed" : 302,
      "job options" : {
        "bs" : "4K",
        "iodepth" : "256",
        "direct" : "0",
        "ioengine" : "libaio",
        "time_based" : "1",
        "runtime" : "300",
        "numjobs" : "32",
        "size" : "1g",
        "name" : "randrw",
        "rw" : "randrw",
        "directory" : "/scratch/snx2000/ccocha/randrw/150_node",
        "filename_format" : "$jobname.56.$jobnum.$filenum"
      },
      "read" : {
        "io_bytes" : 65015808,
        "io_kbytes" : 63492,
        "bw_bytes" : 215981,
        "bw" : 210,
        "iops" : 52.729840,
        "runtime" : 301025,
        "total_ios" : 15873,
        "short_ios" : 0,
        "drop_ios" : 0,
        "slat_ns" : {
          "min" : 2204375,
          "max" : 51888059889,
          "mean" : 605562928.056322,
          "stddev" : 2296681233.029093,
          "N" : 15873
        },
        "clat_ns" : {
          "min" : 23170,
          "max" : 162323189197,
          "mean" : 76468102188.502838,
          "stddev" : 35406897405.228737,
          "N" : 15873,
          "percentile" : {
            "1.000000" : 6677331968,
            "5.000000" : 8019509248,
            "10.000000" : 10804527104,
            "20.000000" : 17112760320,
            "30.000000" : 17112760320,
            "40.000000" : 17112760320,
            "50.000000" : 17112760320,
            "60.000000" : 17112760320,
            "70.000000" : 17112760320,
            "80.000000" : 17112760320,
            "90.000000" : 17112760320,
            "95.000000" : 17112760320,
            "99.000000" : 17112760320,
            "99.500000" : 17112760320,
            "99.900000" : 17112760320,
            "99.950000" : 17112760320,
            "99.990000" : 17112760320
          }
        },
        "lat_ns" : {
          "min" : 699743708,
          "max" : 162643198680,
          "mean" : 77073669146.244476,
          "stddev" : 35462438268.943092,
          "N" : 15873
        },
        "bw_min" : 256,
        "bw_max" : 2368,
        "bw_agg" : 100.000000,
        "bw_mean" : 497.285595,
        "bw_dev" : 11.381670,
        "bw_samples" : 6071,
        "iops_min" : 64,
        "iops_max" : 592,
        "iops_mean" : 124.321399,
        "iops_stddev" : 2.845418,
        "iops_samples" : 6071
      },
      "write" : {
        "io_bytes" : 65241088,
        "io_kbytes" : 63712,
        "bw_bytes" : 216729,
        "bw" : 211,
        "iops" : 52.912549,
        "runtime" : 301025,
        "total_ios" : 15928,
        "short_ios" : 0,
        "drop_ios" : 0,
        "slat_ns" : {
          "min" : 75291,
          "max" : 2352986,
          "mean" : 130058.454294,
          "stddev" : 70494.530128,
          "N" : 15928
        },
        "clat_ns" : {
          "min" : 699754849,
          "max" : 162229752792,
          "mean" : 75948785143.295334,
          "stddev" : 34697120931.901611,
          "N" : 15928,
          "percentile" : {
            "1.000000" : 6811549696,
            "5.000000" : 8086618112,
            "10.000000" : 11072962560,
            "20.000000" : 17112760320,
            "30.000000" : 17112760320,
            "40.000000" : 17112760320,
            "50.000000" : 17112760320,
            "60.000000" : 17112760320,
            "70.000000" : 17112760320,
            "80.000000" : 17112760320,
            "90.000000" : 17112760320,
            "95.000000" : 17112760320,
            "99.000000" : 17112760320,
            "99.500000" : 17112760320,
            "99.900000" : 17112760320,
            "99.950000" : 17112760320,
            "99.990000" : 17112760320
          }
        },
        "lat_ns" : {
          "min" : 699932420,
          "max" : 162229940783,
          "mean" : 75948916474.970108,
          "stddev" : 34697116720.234253,
          "N" : 15928
        },
        "bw_min" : 256,
        "bw_max" : 2528,
        "bw_agg" : 100.000000,
        "bw_mean" : 502.460673,
        "bw_dev" : 11.725737,
        "bw_samples" : 6011,
        "iops_min" : 64,
        "iops_max" : 632,
        "iops_mean" : 125.615168,
        "iops_stddev" : 2.931434,
        "iops_samples" : 6011
      },
      "trim" : {
        "io_bytes" : 0,
        "io_kbytes" : 0,
        "bw_bytes" : 0,
        "bw" : 0,
        "iops" : 0.000000,
        "runtime" : 0,
        "total_ios" : 0,
        "short_ios" : 0,
        "drop_ios" : 0,
        "slat_ns" : {
          "min" : 0,
          "max" : 0,
          "mean" : 0.000000,
          "stddev" : 0.000000,
          "N" : 0
        },
        "clat_ns" : {
          "min" : 0,
          "max" : 0,
          "mean" : 0.000000,
          "stddev" : 0.000000,
          "N" : 0
        },
        "lat_ns" : {
          "min" : 0,
          "max" : 0,
          "mean" : 0.000000,
          "stddev" : 0.000000,
          "N" : 0
        },
        "bw_min" : 0,
        "bw_max" : 0,
        "bw_agg" : 0.000000,
        "bw_mean" : 0.000000,
        "bw_dev" : 0.000000,
        "bw_samples" : 0,
        "iops_min" : 0,
        "iops_max" : 0,
        "iops_mean" : 0.000000,
        "iops_stddev" : 0.000000,
        "iops_samples" : 0
      },
      "sync" : {
        "total_ios" : 0,
        "lat_ns" : {
          "min" : 0,
          "max" : 0,
          "mean" : 0.000000,
          "stddev" : 0.000000,
          "N" : 0
        }
      },
      "job_runtime" : 9614897,
      "usr_cpu" : 0.007083,
      "sys_cpu" : 0.053490,
      "ctx" : 16192,
      "majf" : 0,
      "minf" : 1308,
      "iodepth_level" : {
        "1" : 0.100626,
        "2" : 0.201252,
        "4" : 0.402503,
        "8" : 0.805006,
        "16" : 1.610012,
        "32" : 3.220025,
        ">=64" : 93.660577
      },
      "iodepth_submit" : {
        "0" : 0.000000,
        "4" : 100.000000,
        "8" : 0.000000,
        "16" : 0.000000,
        "32" : 0.000000,
        "64" : 0.000000,
        ">=64" : 0.000000
      },
      "iodepth_complete" : {
        "0" : 0.000000,
        "4" : 99.864825,
        "8" : 0.000000,
        "16" : 0.000000,
        "32" : 0.000000,
        "64" : 0.000000,
        ">=64" : 0.135175
      },
      "latency_ns" : {
        "2" : 0.000000,
        "4" : 0.000000,
        "10" : 0.000000,
        "20" : 0.000000,
        "50" : 0.000000,
        "100" : 0.000000,
        "250" : 0.000000,
        "500" : 0.000000,
        "750" : 0.000000,
        "1000" : 0.000000
      },
      "latency_us" : {
        "2" : 0.000000,
        "4" : 0.000000,
        "10" : 0.000000,
        "20" : 0.000000,
        "50" : 0.100626,
        "100" : 0.000000,
        "250" : 0.000000,
        "500" : 0.000000,
        "750" : 0.000000,
        "1000" : 0.000000
      },
      "latency_ms" : {
        "2" : 0.000000,
        "4" : 0.000000,
        "10" : 0.000000,
        "20" : 0.000000,
        "50" : 0.000000,
        "100" : 0.000000,
        "250" : 0.000000,
        "500" : 0.000000,
        "750" : 0.015723,
        "1000" : 0.059747,
        "2000" : 0.150939,
        ">=2000" : 99.672966
      },
      "latency_depth" : 256,
      "latency_target" : 0,
      "latency_percentile" : 100.000000,
      "latency_window" : 0
    }
  ]
}
