{
  "fio version" : "fio-3.27",
  "timestamp" : 1627434921,
  "timestamp_ms" : 1627434921181,
  "time" : "Wed Jul 28 03:15:21 2021",
  "jobs" : [
    {
      "jobname" : "seq-read",
      "groupid" : 0,
      "error" : 0,
      "eta" : 0,
      "elapsed" : 301,
      "job options" : {
        "bs" : "4K",
        "iodepth" : "256",
        "direct" : "1",
        "ioengine" : "libaio",
        "time_based" : "1",
        "runtime" : "300",
        "numjobs" : "16",
        "size" : "1g",
        "name" : "seq-read",
        "rw" : "read",
        "directory" : "/scratch/snx2000/ccocha/seqread/128_node/",
        "filename_format" : "$jobname.75.$jobnum.$filenum"
      },
      "read" : {
        "io_bytes" : 5229412352,
        "io_kbytes" : 5106848,
        "bw_bytes" : 17431025,
        "bw" : 17022,
        "iops" : 4255.621554,
        "runtime" : 300006,
        "total_ios" : 1276712,
        "short_ios" : 0,
        "drop_ios" : 0,
        "slat_ns" : {
          "min" : 527779,
          "max" : 196200404,
          "mean" : 3737282.477843,
          "stddev" : 1556828.534477,
          "N" : 1276712
        },
        "clat_ns" : {
          "min" : 13790,
          "max" : 1664606893,
          "mean" : 957680696.420153,
          "stddev" : 66732637.164588,
          "N" : 1276712,
          "percentile" : {
            "1.000000" : 826277888,
            "5.000000" : 876609536,
            "10.000000" : 901775360,
            "20.000000" : 918552576,
            "30.000000" : 935329792,
            "40.000000" : 943718400,
            "50.000000" : 952107008,
            "60.000000" : 968884224,
            "70.000000" : 977272832,
            "80.000000" : 994050048,
            "90.000000" : 1019215872,
            "95.000000" : 1044381696,
            "99.000000" : 1166016512,
            "99.500000" : 1216348160,
            "99.900000" : 1317011456,
            "99.950000" : 1350565888,
            "99.990000" : 1652555776
          }
        },
        "lat_ns" : {
          "min" : 1956486,
          "max" : 1675353454,
          "mean" : 961421015.369201,
          "stddev" : 66893663.952214,
          "N" : 1276712
        },
        "bw_min" : 7161,
        "bw_max" : 20954,
        "bw_agg" : 99.873783,
        "bw_mean" : 17001.281235,
        "bw_dev" : 79.891806,
        "bw_samples" : 9569,
        "iops_min" : 1790,
        "iops_max" : 5238,
        "iops_mean" : 4248.368172,
        "iops_stddev" : 19.960494,
        "iops_samples" : 9569
      },
      "write" : {
        "io_bytes" : 0,
        "io_kbytes" : 0,
        "bw_bytes" : 0,
        "bw" : 0,
        "iops" : 0.000000,
        "runtime" : 0,
        "total_ios" : 0,
        "short_ios" : 0,
        "drop_ios" : 0,
        "slat_ns" : {
          "min" : 0,
          "max" : 0,
          "mean" : 0.000000,
          "stddev" : 0.000000,
          "N" : 0
        },
        "clat_ns" : {
          "min" : 0,
          "max" : 0,
          "mean" : 0.000000,
          "stddev" : 0.000000,
          "N" : 0
        },
        "lat_ns" : {
          "min" : 0,
          "max" : 0,
          "mean" : 0.000000,
          "stddev" : 0.000000,
          "N" : 0
        },
        "bw_min" : 0,
        "bw_max" : 0,
        "bw_agg" : 0.000000,
        "bw_mean" : 0.000000,
        "bw_dev" : 0.000000,
        "bw_samples" : 0,
        "iops_min" : 0,
        "iops_max" : 0,
        "iops_mean" : 0.000000,
        "iops_stddev" : 0.000000,
        "iops_samples" : 0
      },
      "trim" : {
        "io_bytes" : 0,
        "io_kbytes" : 0,
        "bw_bytes" : 0,
        "bw" : 0,
        "iops" : 0.000000,
        "runtime" : 0,
        "total_ios" : 0,
        "short_ios" : 0,
        "drop_ios" : 0,
        "slat_ns" : {
          "min" : 0,
          "max" : 0,
          "mean" : 0.000000,
          "stddev" : 0.000000,
          "N" : 0
        },
        "clat_ns" : {
          "min" : 0,
          "max" : 0,
          "mean" : 0.000000,
          "stddev" : 0.000000,
          "N" : 0
        },
        "lat_ns" : {
          "min" : 0,
          "max" : 0,
          "mean" : 0.000000,
          "stddev" : 0.000000,
          "N" : 0
        },
        "bw_min" : 0,
        "bw_max" : 0,
        "bw_agg" : 0.000000,
        "bw_mean" : 0.000000,
        "bw_dev" : 0.000000,
        "bw_samples" : 0,
        "iops_min" : 0,
        "iops_max" : 0,
        "iops_mean" : 0.000000,
        "iops_stddev" : 0.000000,
        "iops_samples" : 0
      },
      "sync" : {
        "total_ios" : 0,
        "lat_ns" : {
          "min" : 0,
          "max" : 0,
          "mean" : 0.000000,
          "stddev" : 0.000000,
          "N" : 0
        }
      },
      "job_runtime" : 4800020,
      "usr_cpu" : 0.686164,
      "sys_cpu" : 4.374440,
      "ctx" : 1276918,
      "majf" : 0,
      "minf" : 4734,
      "iodepth_level" : {
        "1" : 0.100000,
        "2" : 0.100000,
        "4" : 0.100000,
        "8" : 0.100000,
        "16" : 0.100000,
        "32" : 0.100000,
        ">=64" : 99.921047
      },
      "iodepth_submit" : {
        "0" : 0.000000,
        "4" : 100.000000,
        "8" : 0.000000,
        "16" : 0.000000,
        "32" : 0.000000,
        "64" : 0.000000,
        ">=64" : 0.000000
      },
      "iodepth_complete" : {
        "0" : 0.000000,
        "4" : 99.998743,
        "8" : 0.000000,
        "16" : 0.000000,
        "32" : 0.000000,
        "64" : 0.000000,
        ">=64" : 0.100000
      },
      "latency_ns" : {
        "2" : 0.000000,
        "4" : 0.000000,
        "10" : 0.000000,
        "20" : 0.000000,
        "50" : 0.000000,
        "100" : 0.000000,
        "250" : 0.000000,
        "500" : 0.000000,
        "750" : 0.000000,
        "1000" : 0.000000
      },
      "latency_us" : {
        "2" : 0.000000,
        "4" : 0.000000,
        "10" : 0.000000,
        "20" : 0.010000,
        "50" : 0.010000,
        "100" : 0.000000,
        "250" : 0.000000,
        "500" : 0.000000,
        "750" : 0.000000,
        "1000" : 0.000000
      },
      "latency_ms" : {
        "2" : 0.010000,
        "4" : 0.010000,
        "10" : 0.010000,
        "20" : 0.010000,
        "50" : 0.014020,
        "100" : 0.020835,
        "250" : 0.057335,
        "500" : 0.085689,
        "750" : 0.135034,
        "1000" : 84.530184,
        "2000" : 15.146799,
        ">=2000" : 0.000000
      },
      "latency_depth" : 256,
      "latency_target" : 0,
      "latency_percentile" : 100.000000,
      "latency_window" : 0
    }
  ]
}
