{
  "fio version" : "fio-3.27",
  "timestamp" : 1627434921,
  "timestamp_ms" : 1627434921180,
  "time" : "Wed Jul 28 03:15:21 2021",
  "jobs" : [
    {
      "jobname" : "seq-read",
      "groupid" : 0,
      "error" : 0,
      "eta" : 0,
      "elapsed" : 301,
      "job options" : {
        "bs" : "4K",
        "iodepth" : "256",
        "direct" : "1",
        "ioengine" : "libaio",
        "time_based" : "1",
        "runtime" : "300",
        "numjobs" : "16",
        "size" : "1g",
        "name" : "seq-read",
        "rw" : "read",
        "directory" : "/scratch/snx2000/ccocha/seqread/128_node/",
        "filename_format" : "$jobname.111.$jobnum.$filenum"
      },
      "read" : {
        "io_bytes" : 5247397888,
        "io_kbytes" : 5124412,
        "bw_bytes" : 17491093,
        "bw" : 17081,
        "iops" : 4270.286396,
        "runtime" : 300004,
        "total_ios" : 1281103,
        "short_ios" : 0,
        "drop_ios" : 0,
        "slat_ns" : {
          "min" : 479571,
          "max" : 117521629,
          "mean" : 3724222.581107,
          "stddev" : 1478938.391643,
          "N" : 1281103
        },
        "clat_ns" : {
          "min" : 15240,
          "max" : 1369689522,
          "mean" : 954515342.194569,
          "stddev" : 64289592.969375,
          "N" : 1281103,
          "percentile" : {
            "1.000000" : 826277888,
            "5.000000" : 876609536,
            "10.000000" : 893386752,
            "20.000000" : 918552576,
            "30.000000" : 935329792,
            "40.000000" : 943718400,
            "50.000000" : 952107008,
            "60.000000" : 960495616,
            "70.000000" : 977272832,
            "80.000000" : 985661440,
            "90.000000" : 1010827264,
            "95.000000" : 1044381696,
            "99.000000" : 1149239296,
            "99.500000" : 1199570944,
            "99.900000" : 1300234240,
            "99.950000" : 1317011456,
            "99.990000" : 1350565888
          }
        },
        "lat_ns" : {
          "min" : 1909866,
          "max" : 1418056781,
          "mean" : 958242621.659239,
          "stddev" : 64441113.461502,
          "N" : 1281103
        },
        "bw_min" : 7864,
        "bw_max" : 20914,
        "bw_agg" : 99.887914,
        "bw_mean" : 17062.071334,
        "bw_dev" : 76.721224,
        "bw_samples" : 9569,
        "iops_min" : 1966,
        "iops_max" : 5228,
        "iops_mean" : 4264.921742,
        "iops_stddev" : 19.178652,
        "iops_samples" : 9569
      },
      "write" : {
        "io_bytes" : 0,
        "io_kbytes" : 0,
        "bw_bytes" : 0,
        "bw" : 0,
        "iops" : 0.000000,
        "runtime" : 0,
        "total_ios" : 0,
        "short_ios" : 0,
        "drop_ios" : 0,
        "slat_ns" : {
          "min" : 0,
          "max" : 0,
          "mean" : 0.000000,
          "stddev" : 0.000000,
          "N" : 0
        },
        "clat_ns" : {
          "min" : 0,
          "max" : 0,
          "mean" : 0.000000,
          "stddev" : 0.000000,
          "N" : 0
        },
        "lat_ns" : {
          "min" : 0,
          "max" : 0,
          "mean" : 0.000000,
          "stddev" : 0.000000,
          "N" : 0
        },
        "bw_min" : 0,
        "bw_max" : 0,
        "bw_agg" : 0.000000,
        "bw_mean" : 0.000000,
        "bw_dev" : 0.000000,
        "bw_samples" : 0,
        "iops_min" : 0,
        "iops_max" : 0,
        "iops_mean" : 0.000000,
        "iops_stddev" : 0.000000,
        "iops_samples" : 0
      },
      "trim" : {
        "io_bytes" : 0,
        "io_kbytes" : 0,
        "bw_bytes" : 0,
        "bw" : 0,
        "iops" : 0.000000,
        "runtime" : 0,
        "total_ios" : 0,
        "short_ios" : 0,
        "drop_ios" : 0,
        "slat_ns" : {
          "min" : 0,
          "max" : 0,
          "mean" : 0.000000,
          "stddev" : 0.000000,
          "N" : 0
        },
        "clat_ns" : {
          "min" : 0,
          "max" : 0,
          "mean" : 0.000000,
          "stddev" : 0.000000,
          "N" : 0
        },
        "lat_ns" : {
          "min" : 0,
          "max" : 0,
          "mean" : 0.000000,
          "stddev" : 0.000000,
          "N" : 0
        },
        "bw_min" : 0,
        "bw_max" : 0,
        "bw_agg" : 0.000000,
        "bw_mean" : 0.000000,
        "bw_dev" : 0.000000,
        "bw_samples" : 0,
        "iops_min" : 0,
        "iops_max" : 0,
        "iops_mean" : 0.000000,
        "iops_stddev" : 0.000000,
        "iops_samples" : 0
      },
      "sync" : {
        "total_ios" : 0,
        "lat_ns" : {
          "min" : 0,
          "max" : 0,
          "mean" : 0.000000,
          "stddev" : 0.000000,
          "N" : 0
        }
      },
      "job_runtime" : 4800018,
      "usr_cpu" : 0.698977,
      "sys_cpu" : 4.414525,
      "ctx" : 1281304,
      "majf" : 0,
      "minf" : 4734,
      "iodepth_level" : {
        "1" : 0.100000,
        "2" : 0.100000,
        "4" : 0.100000,
        "8" : 0.100000,
        "16" : 0.100000,
        "32" : 0.100000,
        ">=64" : 99.921318
      },
      "iodepth_submit" : {
        "0" : 0.000000,
        "4" : 100.000000,
        "8" : 0.000000,
        "16" : 0.000000,
        "32" : 0.000000,
        "64" : 0.000000,
        ">=64" : 0.000000
      },
      "iodepth_complete" : {
        "0" : 0.000000,
        "4" : 99.998747,
        "8" : 0.000000,
        "16" : 0.000000,
        "32" : 0.000000,
        "64" : 0.000000,
        ">=64" : 0.100000
      },
      "latency_ns" : {
        "2" : 0.000000,
        "4" : 0.000000,
        "10" : 0.000000,
        "20" : 0.000000,
        "50" : 0.000000,
        "100" : 0.000000,
        "250" : 0.000000,
        "500" : 0.000000,
        "750" : 0.000000,
        "1000" : 0.000000
      },
      "latency_us" : {
        "2" : 0.000000,
        "4" : 0.000000,
        "10" : 0.000000,
        "20" : 0.010000,
        "50" : 0.010000,
        "100" : 0.000000,
        "250" : 0.000000,
        "500" : 0.000000,
        "750" : 0.000000,
        "1000" : 0.000000
      },
      "latency_ms" : {
        "2" : 0.010000,
        "4" : 0.010000,
        "10" : 0.010000,
        "20" : 0.010000,
        "50" : 0.012801,
        "100" : 0.019749,
        "250" : 0.055421,
        "500" : 0.085317,
        "750" : 0.165795,
        "1000" : 85.451599,
        "2000" : 14.199951,
        ">=2000" : 0.000000
      },
      "latency_depth" : 256,
      "latency_target" : 0,
      "latency_percentile" : 100.000000,
      "latency_window" : 0
    }
  ]
}
