{
  "fio version" : "fio-3.27",
  "timestamp" : 1627397894,
  "timestamp_ms" : 1627397894307,
  "time" : "Tue Jul 27 16:58:14 2021",
  "jobs" : [
    {
      "jobname" : "seq-read",
      "groupid" : 0,
      "error" : 0,
      "eta" : 0,
      "elapsed" : 301,
      "job options" : {
        "bs" : "4K",
        "iodepth" : "32",
        "direct" : "1",
        "ioengine" : "libaio",
        "time_based" : "1",
        "runtime" : "300",
        "numjobs" : "2",
        "size" : "1g",
        "name" : "seq-read",
        "rw" : "read",
        "directory" : "/scratch/snx2000/ccocha/seqread/4_node/",
        "filename_format" : "$jobname.1.$jobnum.$filenum"
      },
      "read" : {
        "io_bytes" : 4382220288,
        "io_kbytes" : 4279512,
        "bw_bytes" : 14607352,
        "bw" : 14264,
        "iops" : 3566.248113,
        "runtime" : 300001,
        "total_ios" : 1069878,
        "short_ios" : 0,
        "drop_ios" : 0,
        "slat_ns" : {
          "min" : 364773,
          "max" : 28873795,
          "mean" : 548618.683428,
          "stddev" : 263065.315660,
          "N" : 1069878
        },
        "clat_ns" : {
          "min" : 12080,
          "max" : 52303787,
          "mean" : 17389010.151140,
          "stddev" : 1898343.659115,
          "N" : 1069878,
          "percentile" : {
            "1.000000" : 14876672,
            "5.000000" : 15269888,
            "10.000000" : 15663104,
            "20.000000" : 16056320,
            "30.000000" : 16449536,
            "40.000000" : 16908288,
            "50.000000" : 17170432,
            "60.000000" : 17432576,
            "70.000000" : 17956864,
            "80.000000" : 18219008,
            "90.000000" : 19267584,
            "95.000000" : 20054016,
            "99.000000" : 24510464,
            "99.500000" : 26869760,
            "99.900000" : 35389440,
            "99.950000" : 37486592,
            "99.990000" : 46399488
          }
        },
        "lat_ns" : {
          "min" : 660986,
          "max" : 52926052,
          "mean" : 17939013.923590,
          "stddev" : 1934586.564188,
          "N" : 1069878
        },
        "bw_min" : 11872,
        "bw_max" : 16144,
        "bw_agg" : 100.000000,
        "bw_mean" : 14273.335559,
        "bw_dev" : 318.255533,
        "bw_samples" : 1198,
        "iops_min" : 2968,
        "iops_max" : 4036,
        "iops_mean" : 3568.340568,
        "iops_stddev" : 79.561356,
        "iops_samples" : 1198
      },
      "write" : {
        "io_bytes" : 0,
        "io_kbytes" : 0,
        "bw_bytes" : 0,
        "bw" : 0,
        "iops" : 0.000000,
        "runtime" : 0,
        "total_ios" : 0,
        "short_ios" : 0,
        "drop_ios" : 0,
        "slat_ns" : {
          "min" : 0,
          "max" : 0,
          "mean" : 0.000000,
          "stddev" : 0.000000,
          "N" : 0
        },
        "clat_ns" : {
          "min" : 0,
          "max" : 0,
          "mean" : 0.000000,
          "stddev" : 0.000000,
          "N" : 0
        },
        "lat_ns" : {
          "min" : 0,
          "max" : 0,
          "mean" : 0.000000,
          "stddev" : 0.000000,
          "N" : 0
        },
        "bw_min" : 0,
        "bw_max" : 0,
        "bw_agg" : 0.000000,
        "bw_mean" : 0.000000,
        "bw_dev" : 0.000000,
        "bw_samples" : 0,
        "iops_min" : 0,
        "iops_max" : 0,
        "iops_mean" : 0.000000,
        "iops_stddev" : 0.000000,
        "iops_samples" : 0
      },
      "trim" : {
        "io_bytes" : 0,
        "io_kbytes" : 0,
        "bw_bytes" : 0,
        "bw" : 0,
        "iops" : 0.000000,
        "runtime" : 0,
        "total_ios" : 0,
        "short_ios" : 0,
        "drop_ios" : 0,
        "slat_ns" : {
          "min" : 0,
          "max" : 0,
          "mean" : 0.000000,
          "stddev" : 0.000000,
          "N" : 0
        },
        "clat_ns" : {
          "min" : 0,
          "max" : 0,
          "mean" : 0.000000,
          "stddev" : 0.000000,
          "N" : 0
        },
        "lat_ns" : {
          "min" : 0,
          "max" : 0,
          "mean" : 0.000000,
          "stddev" : 0.000000,
          "N" : 0
        },
        "bw_min" : 0,
        "bw_max" : 0,
        "bw_agg" : 0.000000,
        "bw_mean" : 0.000000,
        "bw_dev" : 0.000000,
        "bw_samples" : 0,
        "iops_min" : 0,
        "iops_max" : 0,
        "iops_mean" : 0.000000,
        "iops_stddev" : 0.000000,
        "iops_samples" : 0
      },
      "sync" : {
        "total_ios" : 0,
        "lat_ns" : {
          "min" : 0,
          "max" : 0,
          "mean" : 0.000000,
          "stddev" : 0.000000,
          "N" : 0
        }
      },
      "job_runtime" : 600000,
      "usr_cpu" : 2.259500,
      "sys_cpu" : 17.631667,
      "ctx" : 1069920,
      "majf" : 0,
      "minf" : 140,
      "iodepth_level" : {
        "1" : 0.100000,
        "2" : 0.100000,
        "4" : 0.100000,
        "8" : 0.100000,
        "16" : 0.100000,
        "32" : 99.994205,
        ">=64" : 0.000000
      },
      "iodepth_submit" : {
        "0" : 0.000000,
        "4" : 100.000000,
        "8" : 0.000000,
        "16" : 0.000000,
        "32" : 0.000000,
        "64" : 0.000000,
        ">=64" : 0.000000
      },
      "iodepth_complete" : {
        "0" : 0.000000,
        "4" : 99.999813,
        "8" : 0.000000,
        "16" : 0.000000,
        "32" : 0.100000,
        "64" : 0.000000,
        ">=64" : 0.000000
      },
      "latency_ns" : {
        "2" : 0.000000,
        "4" : 0.000000,
        "10" : 0.000000,
        "20" : 0.000000,
        "50" : 0.000000,
        "100" : 0.000000,
        "250" : 0.000000,
        "500" : 0.000000,
        "750" : 0.000000,
        "1000" : 0.000000
      },
      "latency_us" : {
        "2" : 0.000000,
        "4" : 0.000000,
        "10" : 0.000000,
        "20" : 0.010000,
        "50" : 0.000000,
        "100" : 0.000000,
        "250" : 0.000000,
        "500" : 0.000000,
        "750" : 0.010000,
        "1000" : 0.010000
      },
      "latency_ms" : {
        "2" : 0.010000,
        "4" : 0.010000,
        "10" : 0.010000,
        "20" : 94.731549,
        "50" : 5.262843,
        "100" : 0.010000,
        "250" : 0.000000,
        "500" : 0.000000,
        "750" : 0.000000,
        "1000" : 0.000000,
        "2000" : 0.000000,
        ">=2000" : 0.000000
      },
      "latency_depth" : 32,
      "latency_target" : 0,
      "latency_percentile" : 100.000000,
      "latency_window" : 0
    }
  ]
}
