{
  "fio version" : "fio-3.27",
  "timestamp" : 1627025126,
  "timestamp_ms" : 1627025126107,
  "time" : "Fri Jul 23 09:25:26 2021",
  "jobs" : [
    {
      "jobname" : "randrw",
      "groupid" : 0,
      "error" : 0,
      "eta" : 0,
      "elapsed" : 301,
      "job options" : {
        "bs" : "4K",
        "iodepth" : "256",
        "direct" : "0",
        "ioengine" : "libaio",
        "time_based" : "1",
        "runtime" : "300",
        "numjobs" : "1",
        "size" : "1g",
        "name" : "randrw",
        "rw" : "randrw",
        "directory" : "/scratch/snx2000/ccocha/randrw/128_node",
        "filename_format" : "$jobname.121.$jobnum.$filenum"
      },
      "read" : {
        "io_bytes" : 82022400,
        "io_kbytes" : 80100,
        "bw_bytes" : 273402,
        "bw" : 266,
        "iops" : 66.748665,
        "runtime" : 300006,
        "total_ios" : 20025,
        "short_ios" : 0,
        "drop_ios" : 0,
        "slat_ns" : {
          "min" : 466403,
          "max" : 2776487446,
          "mean" : 14844044.630312,
          "stddev" : 42753784.570525,
          "N" : 20025
        },
        "clat_ns" : {
          "min" : 27020,
          "max" : 12860461851,
          "mean" : 1909503047.244641,
          "stddev" : 1358037952.036444,
          "N" : 20025,
          "percentile" : {
            "1.000000" : 641728512,
            "5.000000" : 692060160,
            "10.000000" : 750780416,
            "20.000000" : 935329792,
            "30.000000" : 1283457024,
            "40.000000" : 1535115264,
            "50.000000" : 1736441856,
            "60.000000" : 1954545664,
            "70.000000" : 2164260864,
            "80.000000" : 2399141888,
            "90.000000" : 2835349504,
            "95.000000" : 3338665984,
            "99.000000" : 7012876288,
            "99.500000" : 12817793024,
            "99.900000" : 12817793024,
            "99.950000" : 12817793024,
            "99.990000" : 12817793024
          }
        },
        "lat_ns" : {
          "min" : 64952389,
          "max" : 12870659492,
          "mean" : 1924349682.840903,
          "stddev" : 1362513608.179323,
          "N" : 20025
        },
        "bw_min" : 8,
        "bw_max" : 872,
        "bw_agg" : 100.000000,
        "bw_mean" : 279.395431,
        "bw_dev" : 191.380971,
        "bw_samples" : 569,
        "iops_min" : 2,
        "iops_max" : 218,
        "iops_mean" : 69.848858,
        "iops_stddev" : 47.845243,
        "iops_samples" : 569
      },
      "write" : {
        "io_bytes" : 82145280,
        "io_kbytes" : 80220,
        "bw_bytes" : 273812,
        "bw" : 267,
        "iops" : 66.848663,
        "runtime" : 300006,
        "total_ios" : 20055,
        "short_ios" : 0,
        "drop_ios" : 0,
        "slat_ns" : {
          "min" : 75311,
          "max" : 587673,
          "mean" : 104724.079830,
          "stddev" : 40745.425069,
          "N" : 20055
        },
        "clat_ns" : {
          "min" : 72862396,
          "max" : 12863020946,
          "mean" : 1903053609.979706,
          "stddev" : 1328475391.416902,
          "N" : 20055,
          "percentile" : {
            "1.000000" : 641728512,
            "5.000000" : 692060160,
            "10.000000" : 742391808,
            "20.000000" : 935329792,
            "30.000000" : 1283457024,
            "40.000000" : 1535115264,
            "50.000000" : 1736441856,
            "60.000000" : 1954545664,
            "70.000000" : 2164260864,
            "80.000000" : 2365587456,
            "90.000000" : 2835349504,
            "95.000000" : 3338665984,
            "99.000000" : 7012876288,
            "99.500000" : 12683575296,
            "99.900000" : 12817793024,
            "99.950000" : 12817793024,
            "99.990000" : 12817793024
          }
        },
        "lat_ns" : {
          "min" : 72944337,
          "max" : 12863114457,
          "mean" : 1903159472.382950,
          "stddev" : 1328475168.454041,
          "N" : 20055
        },
        "bw_min" : 8,
        "bw_max" : 944,
        "bw_agg" : 100.000000,
        "bw_mean" : 278.548951,
        "bw_dev" : 195.233345,
        "bw_samples" : 572,
        "iops_min" : 2,
        "iops_max" : 236,
        "iops_mean" : 69.636364,
        "iops_stddev" : 48.807215,
        "iops_samples" : 572
      },
      "trim" : {
        "io_bytes" : 0,
        "io_kbytes" : 0,
        "bw_bytes" : 0,
        "bw" : 0,
        "iops" : 0.000000,
        "runtime" : 0,
        "total_ios" : 0,
        "short_ios" : 0,
        "drop_ios" : 0,
        "slat_ns" : {
          "min" : 0,
          "max" : 0,
          "mean" : 0.000000,
          "stddev" : 0.000000,
          "N" : 0
        },
        "clat_ns" : {
          "min" : 0,
          "max" : 0,
          "mean" : 0.000000,
          "stddev" : 0.000000,
          "N" : 0
        },
        "lat_ns" : {
          "min" : 0,
          "max" : 0,
          "mean" : 0.000000,
          "stddev" : 0.000000,
          "N" : 0
        },
        "bw_min" : 0,
        "bw_max" : 0,
        "bw_agg" : 0.000000,
        "bw_mean" : 0.000000,
        "bw_dev" : 0.000000,
        "bw_samples" : 0,
        "iops_min" : 0,
        "iops_max" : 0,
        "iops_mean" : 0.000000,
        "iops_stddev" : 0.000000,
        "iops_samples" : 0
      },
      "sync" : {
        "total_ios" : 0,
        "lat_ns" : {
          "min" : 0,
          "max" : 0,
          "mean" : 0.000000,
          "stddev" : 0.000000,
          "N" : 0
        }
      },
      "job_runtime" : 300005,
      "usr_cpu" : 0.247996,
      "sys_cpu" : 1.662306,
      "ctx" : 20033,
      "majf" : 0,
      "minf" : 41,
      "iodepth_level" : {
        "1" : 0.100000,
        "2" : 0.100000,
        "4" : 0.100000,
        "8" : 0.100000,
        "16" : 0.100000,
        "32" : 0.100000,
        ">=64" : 99.842814
      },
      "iodepth_submit" : {
        "0" : 0.000000,
        "4" : 100.000000,
        "8" : 0.000000,
        "16" : 0.000000,
        "32" : 0.000000,
        "64" : 0.000000,
        ">=64" : 0.000000
      },
      "iodepth_complete" : {
        "0" : 0.000000,
        "4" : 99.997489,
        "8" : 0.000000,
        "16" : 0.000000,
        "32" : 0.000000,
        "64" : 0.000000,
        ">=64" : 0.100000
      },
      "latency_ns" : {
        "2" : 0.000000,
        "4" : 0.000000,
        "10" : 0.000000,
        "20" : 0.000000,
        "50" : 0.000000,
        "100" : 0.000000,
        "250" : 0.000000,
        "500" : 0.000000,
        "750" : 0.000000,
        "1000" : 0.000000
      },
      "latency_us" : {
        "2" : 0.000000,
        "4" : 0.000000,
        "10" : 0.000000,
        "20" : 0.000000,
        "50" : 0.010000,
        "100" : 0.000000,
        "250" : 0.000000,
        "500" : 0.000000,
        "750" : 0.000000,
        "1000" : 0.000000
      },
      "latency_ms" : {
        "2" : 0.000000,
        "4" : 0.000000,
        "10" : 0.000000,
        "20" : 0.000000,
        "50" : 0.000000,
        "100" : 0.012475,
        "250" : 0.062375,
        "500" : 0.014970,
        "750" : 10.222056,
        "1000" : 11.307385,
        "2000" : 40.611277,
        ">=2000" : 37.766966
      },
      "latency_depth" : 256,
      "latency_target" : 0,
      "latency_percentile" : 100.000000,
      "latency_window" : 0
    }
  ]
}
