{
  "fio version" : "fio-3.27",
  "timestamp" : 1627438611,
  "timestamp_ms" : 1627438611345,
  "time" : "Wed Jul 28 04:16:51 2021",
  "jobs" : [
    {
      "jobname" : "seq-read",
      "groupid" : 0,
      "error" : 0,
      "eta" : 0,
      "elapsed" : 301,
      "job options" : {
        "bs" : "4K",
        "iodepth" : "256",
        "direct" : "1",
        "ioengine" : "libaio",
        "time_based" : "1",
        "runtime" : "300",
        "numjobs" : "16",
        "size" : "1g",
        "name" : "seq-read",
        "rw" : "read",
        "directory" : "/scratch/snx2000/ccocha/seqread/150_node/",
        "filename_format" : "$jobname.6.$jobnum.$filenum"
      },
      "read" : {
        "io_bytes" : 4338503680,
        "io_kbytes" : 4236820,
        "bw_bytes" : 14461437,
        "bw" : 14122,
        "iops" : 3530.624490,
        "runtime" : 300005,
        "total_ios" : 1059205,
        "short_ios" : 0,
        "drop_ios" : 0,
        "slat_ns" : {
          "min" : 478663,
          "max" : 207536495,
          "mean" : 4510258.510116,
          "stddev" : 2374698.088631,
          "N" : 1059205
        },
        "clat_ns" : {
          "min" : 13130,
          "max" : 2267984031,
          "mean" : 1154178435.969891,
          "stddev" : 103314687.806554,
          "N" : 1059205,
          "percentile" : {
            "1.000000" : 994050048,
            "5.000000" : 1052770304,
            "10.000000" : 1069547520,
            "20.000000" : 1098907648,
            "30.000000" : 1115684864,
            "40.000000" : 1132462080,
            "50.000000" : 1132462080,
            "60.000000" : 1149239296,
            "70.000000" : 1166016512,
            "80.000000" : 1199570944,
            "90.000000" : 1266679808,
            "95.000000" : 1333788672,
            "99.000000" : 1501560832,
            "99.500000" : 1585446912,
            "99.900000" : 1769996288,
            "99.950000" : 1820327936,
            "99.990000" : 2088763392
          }
        },
        "lat_ns" : {
          "min" : 2246425,
          "max" : 2275215381,
          "mean" : 1158691598.591930,
          "stddev" : 103584214.628541,
          "N" : 1059205
        },
        "bw_min" : 3128,
        "bw_max" : 17992,
        "bw_agg" : 99.833620,
        "bw_mean" : 14099.959278,
        "bw_dev" : 94.466665,
        "bw_samples" : 9566,
        "iops_min" : 782,
        "iops_max" : 4498,
        "iops_mean" : 3524.516059,
        "iops_stddev" : 23.614781,
        "iops_samples" : 9566
      },
      "write" : {
        "io_bytes" : 0,
        "io_kbytes" : 0,
        "bw_bytes" : 0,
        "bw" : 0,
        "iops" : 0.000000,
        "runtime" : 0,
        "total_ios" : 0,
        "short_ios" : 0,
        "drop_ios" : 0,
        "slat_ns" : {
          "min" : 0,
          "max" : 0,
          "mean" : 0.000000,
          "stddev" : 0.000000,
          "N" : 0
        },
        "clat_ns" : {
          "min" : 0,
          "max" : 0,
          "mean" : 0.000000,
          "stddev" : 0.000000,
          "N" : 0
        },
        "lat_ns" : {
          "min" : 0,
          "max" : 0,
          "mean" : 0.000000,
          "stddev" : 0.000000,
          "N" : 0
        },
        "bw_min" : 0,
        "bw_max" : 0,
        "bw_agg" : 0.000000,
        "bw_mean" : 0.000000,
        "bw_dev" : 0.000000,
        "bw_samples" : 0,
        "iops_min" : 0,
        "iops_max" : 0,
        "iops_mean" : 0.000000,
        "iops_stddev" : 0.000000,
        "iops_samples" : 0
      },
      "trim" : {
        "io_bytes" : 0,
        "io_kbytes" : 0,
        "bw_bytes" : 0,
        "bw" : 0,
        "iops" : 0.000000,
        "runtime" : 0,
        "total_ios" : 0,
        "short_ios" : 0,
        "drop_ios" : 0,
        "slat_ns" : {
          "min" : 0,
          "max" : 0,
          "mean" : 0.000000,
          "stddev" : 0.000000,
          "N" : 0
        },
        "clat_ns" : {
          "min" : 0,
          "max" : 0,
          "mean" : 0.000000,
          "stddev" : 0.000000,
          "N" : 0
        },
        "lat_ns" : {
          "min" : 0,
          "max" : 0,
          "mean" : 0.000000,
          "stddev" : 0.000000,
          "N" : 0
        },
        "bw_min" : 0,
        "bw_max" : 0,
        "bw_agg" : 0.000000,
        "bw_mean" : 0.000000,
        "bw_dev" : 0.000000,
        "bw_samples" : 0,
        "iops_min" : 0,
        "iops_max" : 0,
        "iops_mean" : 0.000000,
        "iops_stddev" : 0.000000,
        "iops_samples" : 0
      },
      "sync" : {
        "total_ios" : 0,
        "lat_ns" : {
          "min" : 0,
          "max" : 0,
          "mean" : 0.000000,
          "stddev" : 0.000000,
          "N" : 0
        }
      },
      "job_runtime" : 4800027,
      "usr_cpu" : 0.523601,
      "sys_cpu" : 3.497022,
      "ctx" : 1059376,
      "majf" : 0,
      "minf" : 4740,
      "iodepth_level" : {
        "1" : 0.100000,
        "2" : 0.100000,
        "4" : 0.100000,
        "8" : 0.100000,
        "16" : 0.100000,
        "32" : 0.100000,
        ">=64" : 99.904834
      },
      "iodepth_submit" : {
        "0" : 0.000000,
        "4" : 100.000000,
        "8" : 0.000000,
        "16" : 0.000000,
        "32" : 0.000000,
        "64" : 0.000000,
        ">=64" : 0.000000
      },
      "iodepth_complete" : {
        "0" : 0.000000,
        "4" : 99.998484,
        "8" : 0.000000,
        "16" : 0.000000,
        "32" : 0.000000,
        "64" : 0.000000,
        ">=64" : 0.100000
      },
      "latency_ns" : {
        "2" : 0.000000,
        "4" : 0.000000,
        "10" : 0.000000,
        "20" : 0.000000,
        "50" : 0.000000,
        "100" : 0.000000,
        "250" : 0.000000,
        "500" : 0.000000,
        "750" : 0.000000,
        "1000" : 0.000000
      },
      "latency_us" : {
        "2" : 0.000000,
        "4" : 0.000000,
        "10" : 0.000000,
        "20" : 0.010000,
        "50" : 0.010000,
        "100" : 0.000000,
        "250" : 0.000000,
        "500" : 0.000000,
        "750" : 0.000000,
        "1000" : 0.000000
      },
      "latency_ms" : {
        "2" : 0.000000,
        "4" : 0.010000,
        "10" : 0.010000,
        "20" : 0.010000,
        "50" : 0.012745,
        "100" : 0.019921,
        "250" : 0.056835,
        "500" : 0.083742,
        "750" : 0.089973,
        "1000" : 0.803244,
        "2000" : 98.879820,
        ">=2000" : 0.044467
      },
      "latency_depth" : 256,
      "latency_target" : 0,
      "latency_percentile" : 100.000000,
      "latency_window" : 0
    }
  ]
}
