{
  "fio version" : "fio-3.27",
  "timestamp" : 1627025848,
  "timestamp_ms" : 1627025848974,
  "time" : "Fri Jul 23 09:37:28 2021",
  "jobs" : [
    {
      "jobname" : "randrw",
      "groupid" : 0,
      "error" : 0,
      "eta" : 0,
      "elapsed" : 301,
      "job options" : {
        "bs" : "4K",
        "iodepth" : "256",
        "direct" : "0",
        "ioengine" : "libaio",
        "time_based" : "1",
        "runtime" : "300",
        "numjobs" : "4",
        "size" : "1g",
        "name" : "randrw",
        "rw" : "randrw",
        "directory" : "/scratch/snx2000/ccocha/randrw/128_node",
        "filename_format" : "$jobname.73.$jobnum.$filenum"
      },
      "read" : {
        "io_bytes" : 92577792,
        "io_kbytes" : 90408,
        "bw_bytes" : 308298,
        "bw" : 301,
        "iops" : 75.268244,
        "runtime" : 300286,
        "total_ios" : 22602,
        "short_ios" : 0,
        "drop_ios" : 0,
        "slat_ns" : {
          "min" : 513311,
          "max" : 19870217733,
          "mean" : 52978061.916114,
          "stddev" : 299353462.047280,
          "N" : 22602
        },
        "clat_ns" : {
          "min" : 17460,
          "max" : 45727415087,
          "mean" : 6685598137.409394,
          "stddev" : 6021499441.162139,
          "N" : 22602,
          "percentile" : {
            "1.000000" : 893386752,
            "5.000000" : 1002438656,
            "10.000000" : 1052770304,
            "20.000000" : 2868903936,
            "30.000000" : 4529848320,
            "40.000000" : 5872025600,
            "50.000000" : 6811549696,
            "60.000000" : 7549747200,
            "70.000000" : 8153726976,
            "80.000000" : 8657043456,
            "90.000000" : 9193914368,
            "95.000000" : 9730785280,
            "99.000000" : 17112760320,
            "99.500000" : 17112760320,
            "99.900000" : 17112760320,
            "99.950000" : 17112760320,
            "99.990000" : 17112760320
          }
        },
        "lat_ns" : {
          "min" : 64422566,
          "max" : 45733290574,
          "mean" : 6738579061.998278,
          "stddev" : 6041214373.937951,
          "N" : 22602
        },
        "bw_min" : 32,
        "bw_max" : 2536,
        "bw_agg" : 100.000000,
        "bw_mean" : 385.709856,
        "bw_dev" : 102.533684,
        "bw_samples" : 1831,
        "iops_min" : 8,
        "iops_max" : 634,
        "iops_mean" : 96.427464,
        "iops_stddev" : 25.633421,
        "iops_samples" : 1831
      },
      "write" : {
        "io_bytes" : 94142464,
        "io_kbytes" : 91936,
        "bw_bytes" : 313509,
        "bw" : 306,
        "iops" : 76.540365,
        "runtime" : 300286,
        "total_ios" : 22984,
        "short_ios" : 0,
        "drop_ios" : 0,
        "slat_ns" : {
          "min" : 75320,
          "max" : 1827385,
          "mean" : 111487.593978,
          "stddev" : 43467.582002,
          "N" : 22984
        },
        "clat_ns" : {
          "min" : 268327234,
          "max" : 45720589347,
          "mean" : 6724713195.984337,
          "stddev" : 6148850505.897768,
          "N" : 22984,
          "percentile" : {
            "1.000000" : 901775360,
            "5.000000" : 1002438656,
            "10.000000" : 1052770304,
            "20.000000" : 2835349504,
            "30.000000" : 4462739456,
            "40.000000" : 5872025600,
            "50.000000" : 6811549696,
            "60.000000" : 7549747200,
            "70.000000" : 8153726976,
            "80.000000" : 8657043456,
            "90.000000" : 9193914368,
            "95.000000" : 9730785280,
            "99.000000" : 17112760320,
            "99.500000" : 17112760320,
            "99.900000" : 17112760320,
            "99.950000" : 17112760320,
            "99.990000" : 17112760320
          }
        },
        "lat_ns" : {
          "min" : 268518124,
          "max" : 45720669267,
          "mean" : 6724825852.629474,
          "stddev" : 6148850013.211287,
          "N" : 22984
        },
        "bw_min" : 32,
        "bw_max" : 2408,
        "bw_agg" : 100.000000,
        "bw_mean" : 392.507358,
        "bw_dev" : 105.317117,
        "bw_samples" : 1836,
        "iops_min" : 8,
        "iops_max" : 602,
        "iops_mean" : 98.126839,
        "iops_stddev" : 26.329279,
        "iops_samples" : 1836
      },
      "trim" : {
        "io_bytes" : 0,
        "io_kbytes" : 0,
        "bw_bytes" : 0,
        "bw" : 0,
        "iops" : 0.000000,
        "runtime" : 0,
        "total_ios" : 0,
        "short_ios" : 0,
        "drop_ios" : 0,
        "slat_ns" : {
          "min" : 0,
          "max" : 0,
          "mean" : 0.000000,
          "stddev" : 0.000000,
          "N" : 0
        },
        "clat_ns" : {
          "min" : 0,
          "max" : 0,
          "mean" : 0.000000,
          "stddev" : 0.000000,
          "N" : 0
        },
        "lat_ns" : {
          "min" : 0,
          "max" : 0,
          "mean" : 0.000000,
          "stddev" : 0.000000,
          "N" : 0
        },
        "bw_min" : 0,
        "bw_max" : 0,
        "bw_agg" : 0.000000,
        "bw_mean" : 0.000000,
        "bw_dev" : 0.000000,
        "bw_samples" : 0,
        "iops_min" : 0,
        "iops_max" : 0,
        "iops_mean" : 0.000000,
        "iops_stddev" : 0.000000,
        "iops_samples" : 0
      },
      "sync" : {
        "total_ios" : 0,
        "lat_ns" : {
          "min" : 0,
          "max" : 0,
          "mean" : 0.000000,
          "stddev" : 0.000000,
          "N" : 0
        }
      },
      "job_runtime" : 1200769,
      "usr_cpu" : 0.068456,
      "sys_cpu" : 0.507342,
      "ctx" : 22634,
      "majf" : 0,
      "minf" : 167,
      "iodepth_level" : {
        "1" : 0.100000,
        "2" : 0.100000,
        "4" : 0.100000,
        "8" : 0.100000,
        "16" : 0.140394,
        "32" : 0.280788,
        ">=64" : 99.447199
      },
      "iodepth_submit" : {
        "0" : 0.000000,
        "4" : 100.000000,
        "8" : 0.000000,
        "16" : 0.000000,
        "32" : 0.000000,
        "64" : 0.000000,
        ">=64" : 0.000000
      },
      "iodepth_complete" : {
        "0" : 0.000000,
        "4" : 99.991025,
        "8" : 0.000000,
        "16" : 0.000000,
        "32" : 0.000000,
        "64" : 0.000000,
        ">=64" : 0.100000
      },
      "latency_ns" : {
        "2" : 0.000000,
        "4" : 0.000000,
        "10" : 0.000000,
        "20" : 0.000000,
        "50" : 0.000000,
        "100" : 0.000000,
        "250" : 0.000000,
        "500" : 0.000000,
        "750" : 0.000000,
        "1000" : 0.000000
      },
      "latency_us" : {
        "2" : 0.000000,
        "4" : 0.000000,
        "10" : 0.000000,
        "20" : 0.010000,
        "50" : 0.010000,
        "100" : 0.000000,
        "250" : 0.000000,
        "500" : 0.000000,
        "750" : 0.000000,
        "1000" : 0.000000
      },
      "latency_ms" : {
        "2" : 0.000000,
        "4" : 0.000000,
        "10" : 0.000000,
        "20" : 0.000000,
        "50" : 0.000000,
        "100" : 0.010000,
        "250" : 0.010000,
        "500" : 0.021937,
        "750" : 0.118457,
        "1000" : 4.795332,
        "2000" : 12.760497,
        ">=2000" : 82.290616
      },
      "latency_depth" : 256,
      "latency_target" : 0,
      "latency_percentile" : 100.000000,
      "latency_window" : 0
    }
  ]
}
