{
  "fio version" : "fio-3.27",
  "timestamp" : 1627031993,
  "timestamp_ms" : 1627031993139,
  "time" : "Fri Jul 23 11:19:53 2021",
  "jobs" : [
    {
      "jobname" : "randrw",
      "groupid" : 0,
      "error" : 0,
      "eta" : 0,
      "elapsed" : 303,
      "job options" : {
        "bs" : "4K",
        "iodepth" : "256",
        "direct" : "0",
        "ioengine" : "libaio",
        "time_based" : "1",
        "runtime" : "300",
        "numjobs" : "64",
        "size" : "1g",
        "name" : "randrw",
        "rw" : "randrw",
        "directory" : "/scratch/snx2000/ccocha/randrw/150_node",
        "filename_format" : "$jobname.19.$jobnum.$filenum"
      },
      "read" : {
        "io_bytes" : 54824960,
        "io_kbytes" : 53540,
        "bw_bytes" : 181778,
        "bw" : 177,
        "iops" : 44.379532,
        "runtime" : 301603,
        "total_ios" : 13385,
        "short_ios" : 0,
        "drop_ios" : 0,
        "slat_ns" : {
          "min" : 4917195,
          "max" : 81958306982,
          "mean" : 1438106628.358759,
          "stddev" : 4412185311.526353,
          "N" : 13385
        },
        "clat_ns" : {
          "min" : 22210,
          "max" : 297328983877,
          "mean" : 155595939048.549408,
          "stddev" : 82966915629.716507,
          "N" : 13385,
          "percentile" : {
            "1.000000" : 2868903936,
            "5.000000" : 16978542592,
            "10.000000" : 17112760320,
            "20.000000" : 17112760320,
            "30.000000" : 17112760320,
            "40.000000" : 17112760320,
            "50.000000" : 17112760320,
            "60.000000" : 17112760320,
            "70.000000" : 17112760320,
            "80.000000" : 17112760320,
            "90.000000" : 17112760320,
            "95.000000" : 17112760320,
            "99.000000" : 17112760320,
            "99.500000" : 17112760320,
            "99.900000" : 17112760320,
            "99.950000" : 17112760320,
            "99.990000" : 17112760320
          }
        },
        "lat_ns" : {
          "min" : 1095511902,
          "max" : 297457496624,
          "mean" : 157034049940.507568,
          "stddev" : 82778596472.250977,
          "N" : 13385
        },
        "bw_min" : 512,
        "bw_max" : 2240,
        "bw_agg" : 100.000000,
        "bw_mean" : 771.887885,
        "bw_dev" : 6.687833,
        "bw_samples" : 3420,
        "iops_min" : 128,
        "iops_max" : 560,
        "iops_mean" : 192.971971,
        "iops_stddev" : 1.671958,
        "iops_samples" : 3420
      },
      "write" : {
        "io_bytes" : 54153216,
        "io_kbytes" : 52884,
        "bw_bytes" : 179551,
        "bw" : 175,
        "iops" : 43.835771,
        "runtime" : 301603,
        "total_ios" : 13221,
        "short_ios" : 0,
        "drop_ios" : 0,
        "slat_ns" : {
          "min" : 75610,
          "max" : 2119070,
          "mean" : 140497.295363,
          "stddev" : 88261.635721,
          "N" : 13221
        },
        "clat_ns" : {
          "min" : 1224208701,
          "max" : 297328855376,
          "mean" : 156899780521.705261,
          "stddev" : 82989806147.154205,
          "N" : 13221,
          "percentile" : {
            "1.000000" : 5133828096,
            "5.000000" : 17112760320,
            "10.000000" : 17112760320,
            "20.000000" : 17112760320,
            "30.000000" : 17112760320,
            "40.000000" : 17112760320,
            "50.000000" : 17112760320,
            "60.000000" : 17112760320,
            "70.000000" : 17112760320,
            "80.000000" : 17112760320,
            "90.000000" : 17112760320,
            "95.000000" : 17112760320,
            "99.000000" : 17112760320,
            "99.500000" : 17112760320,
            "99.900000" : 17112760320,
            "99.950000" : 17112760320,
            "99.990000" : 17112760320
          }
        },
        "lat_ns" : {
          "min" : 1224309712,
          "max" : 297328987207,
          "mean" : 156899922371.594696,
          "stddev" : 82989799736.653046,
          "N" : 13221
        },
        "bw_min" : 512,
        "bw_max" : 2352,
        "bw_agg" : 100.000000,
        "bw_mean" : 756.379335,
        "bw_dev" : 6.909349,
        "bw_samples" : 3409,
        "iops_min" : 128,
        "iops_max" : 588,
        "iops_mean" : 189.094834,
        "iops_stddev" : 1.727337,
        "iops_samples" : 3409
      },
      "trim" : {
        "io_bytes" : 0,
        "io_kbytes" : 0,
        "bw_bytes" : 0,
        "bw" : 0,
        "iops" : 0.000000,
        "runtime" : 0,
        "total_ios" : 0,
        "short_ios" : 0,
        "drop_ios" : 0,
        "slat_ns" : {
          "min" : 0,
          "max" : 0,
          "mean" : 0.000000,
          "stddev" : 0.000000,
          "N" : 0
        },
        "clat_ns" : {
          "min" : 0,
          "max" : 0,
          "mean" : 0.000000,
          "stddev" : 0.000000,
          "N" : 0
        },
        "lat_ns" : {
          "min" : 0,
          "max" : 0,
          "mean" : 0.000000,
          "stddev" : 0.000000,
          "N" : 0
        },
        "bw_min" : 0,
        "bw_max" : 0,
        "bw_agg" : 0.000000,
        "bw_mean" : 0.000000,
        "bw_dev" : 0.000000,
        "bw_samples" : 0,
        "iops_min" : 0,
        "iops_max" : 0,
        "iops_mean" : 0.000000,
        "iops_stddev" : 0.000000,
        "iops_samples" : 0
      },
      "sync" : {
        "total_ios" : 0,
        "lat_ns" : {
          "min" : 0,
          "max" : 0,
          "mean" : 0.000000,
          "stddev" : 0.000000,
          "N" : 0
        }
      },
      "job_runtime" : 19251763,
      "usr_cpu" : 0.002576,
      "sys_cpu" : 0.023712,
      "ctx" : 14002,
      "majf" : 0,
      "minf" : 2589,
      "iodepth_level" : {
        "1" : 0.240547,
        "2" : 0.481094,
        "4" : 0.962189,
        "8" : 1.924378,
        "16" : 3.848756,
        "32" : 7.697512,
        ">=64" : 84.845524
      },
      "iodepth_submit" : {
        "0" : 0.000000,
        "4" : 100.000000,
        "8" : 0.000000,
        "16" : 0.000000,
        "32" : 0.000000,
        "64" : 0.000000,
        ">=64" : 0.000000
      },
      "iodepth_complete" : {
        "0" : 0.000000,
        "4" : 99.381643,
        "8" : 0.000000,
        "16" : 0.000000,
        "32" : 0.000000,
        "64" : 0.000000,
        ">=64" : 0.618357
      },
      "latency_ns" : {
        "2" : 0.000000,
        "4" : 0.000000,
        "10" : 0.000000,
        "20" : 0.000000,
        "50" : 0.000000,
        "100" : 0.000000,
        "250" : 0.000000,
        "500" : 0.000000,
        "750" : 0.000000,
        "1000" : 0.000000
      },
      "latency_us" : {
        "2" : 0.000000,
        "4" : 0.000000,
        "10" : 0.000000,
        "20" : 0.000000,
        "50" : 0.240547,
        "100" : 0.000000,
        "250" : 0.000000,
        "500" : 0.000000,
        "750" : 0.000000,
        "1000" : 0.000000
      },
      "latency_ms" : {
        "2" : 0.000000,
        "4" : 0.000000,
        "10" : 0.000000,
        "20" : 0.000000,
        "50" : 0.000000,
        "100" : 0.000000,
        "250" : 0.000000,
        "500" : 0.000000,
        "750" : 0.000000,
        "1000" : 0.000000,
        "2000" : 0.233030,
        ">=2000" : 99.526423
      },
      "latency_depth" : 256,
      "latency_target" : 0,
      "latency_percentile" : 100.000000,
      "latency_window" : 0
    }
  ]
}
