{
  "fio version" : "fio-3.27",
  "timestamp" : 1627026250,
  "timestamp_ms" : 1627026250516,
  "time" : "Fri Jul 23 09:44:10 2021",
  "jobs" : [
    {
      "jobname" : "randrw",
      "groupid" : 0,
      "error" : 0,
      "eta" : 0,
      "elapsed" : 301,
      "job options" : {
        "bs" : "4K",
        "iodepth" : "256",
        "direct" : "0",
        "ioengine" : "libaio",
        "time_based" : "1",
        "runtime" : "300",
        "numjobs" : "8",
        "size" : "1g",
        "name" : "randrw",
        "rw" : "randrw",
        "directory" : "/scratch/snx2000/ccocha/randrw/128_node",
        "filename_format" : "$jobname.64.$jobnum.$filenum"
      },
      "read" : {
        "io_bytes" : 90312704,
        "io_kbytes" : 88196,
        "bw_bytes" : 300668,
        "bw" : 293,
        "iops" : 73.405399,
        "runtime" : 300373,
        "total_ios" : 22049,
        "short_ios" : 0,
        "drop_ios" : 0,
        "slat_ns" : {
          "min" : 539067,
          "max" : 50706330298,
          "mean" : 108758745.811919,
          "stddev" : 849183132.836082,
          "N" : 22049
        },
        "clat_ns" : {
          "min" : 16760,
          "max" : 81647189341,
          "mean" : 13751717553.810102,
          "stddev" : 13613429336.131067,
          "N" : 22049,
          "percentile" : {
            "1.000000" : 1300234240,
            "5.000000" : 1434451968,
            "10.000000" : 1501560832,
            "20.000000" : 1786773504,
            "30.000000" : 10536091648,
            "40.000000" : 11609833472,
            "50.000000" : 12415139840,
            "60.000000" : 13488881664,
            "70.000000" : 14965276672,
            "80.000000" : 17112760320,
            "90.000000" : 17112760320,
            "95.000000" : 17112760320,
            "99.000000" : 17112760320,
            "99.500000" : 17112760320,
            "99.900000" : 17112760320,
            "99.950000" : 17112760320,
            "99.990000" : 17112760320
          }
        },
        "lat_ns" : {
          "min" : 23577777,
          "max" : 81676525349,
          "mean" : 13860479450.618801,
          "stddev" : 13670888788.478798,
          "N" : 22049
        },
        "bw_min" : 64,
        "bw_max" : 3504,
        "bw_agg" : 100.000000,
        "bw_mean" : 465.546934,
        "bw_dev" : 70.020007,
        "bw_samples" : 2887,
        "iops_min" : 16,
        "iops_max" : 876,
        "iops_mean" : 116.386733,
        "iops_stddev" : 17.505002,
        "iops_samples" : 2887
      },
      "write" : {
        "io_bytes" : 91840512,
        "io_kbytes" : 89688,
        "bw_bytes" : 305754,
        "bw" : 298,
        "iops" : 74.647189,
        "runtime" : 300373,
        "total_ios" : 22422,
        "short_ios" : 0,
        "drop_ios" : 0,
        "slat_ns" : {
          "min" : 75531,
          "max" : 2108315,
          "mean" : 116685.524440,
          "stddev" : 48911.416227,
          "N" : 22422
        },
        "clat_ns" : {
          "min" : 33984564,
          "max" : 81489352408,
          "mean" : 13718549107.326683,
          "stddev" : 13772079595.090403,
          "N" : 22422,
          "percentile" : {
            "1.000000" : 1300234240,
            "5.000000" : 1434451968,
            "10.000000" : 1518338048,
            "20.000000" : 1753219072,
            "30.000000" : 10536091648,
            "40.000000" : 11475615744,
            "50.000000" : 12415139840,
            "60.000000" : 13354663936,
            "70.000000" : 14831058944,
            "80.000000" : 17112760320,
            "90.000000" : 17112760320,
            "95.000000" : 17112760320,
            "99.000000" : 17112760320,
            "99.500000" : 17112760320,
            "99.900000" : 17112760320,
            "99.950000" : 17112760320,
            "99.990000" : 17112760320
          }
        },
        "lat_ns" : {
          "min" : 34076726,
          "max" : 81489436139,
          "mean" : 13718666978.526274,
          "stddev" : 13772078278.797554,
          "N" : 22422
        },
        "bw_min" : 64,
        "bw_max" : 3616,
        "bw_agg" : 100.000000,
        "bw_mean" : 467.408284,
        "bw_dev" : 72.090600,
        "bw_samples" : 2923,
        "iops_min" : 16,
        "iops_max" : 904,
        "iops_mean" : 116.852071,
        "iops_stddev" : 18.022650,
        "iops_samples" : 2923
      },
      "trim" : {
        "io_bytes" : 0,
        "io_kbytes" : 0,
        "bw_bytes" : 0,
        "bw" : 0,
        "iops" : 0.000000,
        "runtime" : 0,
        "total_ios" : 0,
        "short_ios" : 0,
        "drop_ios" : 0,
        "slat_ns" : {
          "min" : 0,
          "max" : 0,
          "mean" : 0.000000,
          "stddev" : 0.000000,
          "N" : 0
        },
        "clat_ns" : {
          "min" : 0,
          "max" : 0,
          "mean" : 0.000000,
          "stddev" : 0.000000,
          "N" : 0
        },
        "lat_ns" : {
          "min" : 0,
          "max" : 0,
          "mean" : 0.000000,
          "stddev" : 0.000000,
          "N" : 0
        },
        "bw_min" : 0,
        "bw_max" : 0,
        "bw_agg" : 0.000000,
        "bw_mean" : 0.000000,
        "bw_dev" : 0.000000,
        "bw_samples" : 0,
        "iops_min" : 0,
        "iops_max" : 0,
        "iops_mean" : 0.000000,
        "iops_stddev" : 0.000000,
        "iops_samples" : 0
      },
      "sync" : {
        "total_ios" : 0,
        "lat_ns" : {
          "min" : 0,
          "max" : 0,
          "mean" : 0.000000,
          "stddev" : 0.000000,
          "N" : 0
        }
      },
      "job_runtime" : 2401457,
      "usr_cpu" : 0.040475,
      "sys_cpu" : 0.254929,
      "ctx" : 22103,
      "majf" : 0,
      "minf" : 338,
      "iodepth_level" : {
        "1" : 0.100000,
        "2" : 0.100000,
        "4" : 0.100000,
        "8" : 0.143914,
        "16" : 0.287828,
        "32" : 0.575656,
        ">=64" : 98.866677
      },
      "iodepth_submit" : {
        "0" : 0.000000,
        "4" : 100.000000,
        "8" : 0.000000,
        "16" : 0.000000,
        "32" : 0.000000,
        "64" : 0.000000,
        ">=64" : 0.000000
      },
      "iodepth_complete" : {
        "0" : 0.000000,
        "4" : 99.981149,
        "8" : 0.000000,
        "16" : 0.000000,
        "32" : 0.000000,
        "64" : 0.000000,
        ">=64" : 0.100000
      },
      "latency_ns" : {
        "2" : 0.000000,
        "4" : 0.000000,
        "10" : 0.000000,
        "20" : 0.000000,
        "50" : 0.000000,
        "100" : 0.000000,
        "250" : 0.000000,
        "500" : 0.000000,
        "750" : 0.000000,
        "1000" : 0.000000
      },
      "latency_us" : {
        "2" : 0.000000,
        "4" : 0.000000,
        "10" : 0.000000,
        "20" : 0.010000,
        "50" : 0.011243,
        "100" : 0.000000,
        "250" : 0.000000,
        "500" : 0.000000,
        "750" : 0.000000,
        "1000" : 0.000000
      },
      "latency_ms" : {
        "2" : 0.000000,
        "4" : 0.000000,
        "10" : 0.000000,
        "20" : 0.000000,
        "50" : 0.022487,
        "100" : 0.015741,
        "250" : 0.049470,
        "500" : 0.092195,
        "750" : 0.089946,
        "1000" : 0.020238,
        "2000" : 21.276787,
        ">=2000" : 78.415147
      },
      "latency_depth" : 256,
      "latency_target" : 0,
      "latency_percentile" : 100.000000,
      "latency_window" : 0
    }
  ]
}
