{
  "fio version" : "fio-3.27",
  "timestamp" : 1627440311,
  "timestamp_ms" : 1627440311235,
  "time" : "Wed Jul 28 04:45:11 2021",
  "jobs" : [
    {
      "jobname" : "seq-read",
      "groupid" : 0,
      "error" : 0,
      "eta" : 0,
      "elapsed" : 302,
      "job options" : {
        "bs" : "4K",
        "iodepth" : "256",
        "direct" : "1",
        "ioengine" : "libaio",
        "time_based" : "1",
        "runtime" : "300",
        "numjobs" : "64",
        "size" : "1g",
        "name" : "seq-read",
        "rw" : "read",
        "directory" : "/scratch/snx2000/ccocha/seqread/150_node/",
        "filename_format" : "$jobname.127.$jobnum.$filenum"
      },
      "read" : {
        "io_bytes" : 3132461056,
        "io_kbytes" : 3059044,
        "bw_bytes" : 10408818,
        "bw" : 10164,
        "iops" : 2541.215446,
        "runtime" : 300943,
        "total_ios" : 764761,
        "short_ios" : 0,
        "drop_ios" : 0,
        "slat_ns" : {
          "min" : 544150,
          "max" : 6605400658,
          "mean" : 25088461.508241,
          "stddev" : 57381347.029181,
          "N" : 764761
        },
        "clat_ns" : {
          "min" : 14770,
          "max" : 65818721976,
          "mean" : 6378831899.255805,
          "stddev" : 6302920973.601640,
          "N" : 764761,
          "percentile" : {
            "1.000000" : 3070230528,
            "5.000000" : 3909091328,
            "10.000000" : 4076863488,
            "20.000000" : 4177526784,
            "30.000000" : 4278190080,
            "40.000000" : 4328521728,
            "50.000000" : 4395630592,
            "60.000000" : 4529848320,
            "70.000000" : 4664066048,
            "80.000000" : 5268045824,
            "90.000000" : 10401873920,
            "95.000000" : 17112760320,
            "99.000000" : 17112760320,
            "99.500000" : 17112760320,
            "99.900000" : 17112760320,
            "99.950000" : 17112760320,
            "99.990000" : 17112760320
          }
        },
        "lat_ns" : {
          "min" : 7610154,
          "max" : 66299453666,
          "mean" : 6403923870.139165,
          "stddev" : 6324752875.762100,
          "N" : 764761
        },
        "bw_min" : 2240,
        "bw_max" : 19808,
        "bw_agg" : 100.000000,
        "bw_mean" : 10393.542656,
        "bw_dev" : 65.573229,
        "bw_samples" : 36088,
        "iops_min" : 560,
        "iops_max" : 4952,
        "iops_mean" : 2598.385664,
        "iops_stddev" : 16.393307,
        "iops_samples" : 36088
      },
      "write" : {
        "io_bytes" : 0,
        "io_kbytes" : 0,
        "bw_bytes" : 0,
        "bw" : 0,
        "iops" : 0.000000,
        "runtime" : 0,
        "total_ios" : 0,
        "short_ios" : 0,
        "drop_ios" : 0,
        "slat_ns" : {
          "min" : 0,
          "max" : 0,
          "mean" : 0.000000,
          "stddev" : 0.000000,
          "N" : 0
        },
        "clat_ns" : {
          "min" : 0,
          "max" : 0,
          "mean" : 0.000000,
          "stddev" : 0.000000,
          "N" : 0
        },
        "lat_ns" : {
          "min" : 0,
          "max" : 0,
          "mean" : 0.000000,
          "stddev" : 0.000000,
          "N" : 0
        },
        "bw_min" : 0,
        "bw_max" : 0,
        "bw_agg" : 0.000000,
        "bw_mean" : 0.000000,
        "bw_dev" : 0.000000,
        "bw_samples" : 0,
        "iops_min" : 0,
        "iops_max" : 0,
        "iops_mean" : 0.000000,
        "iops_stddev" : 0.000000,
        "iops_samples" : 0
      },
      "trim" : {
        "io_bytes" : 0,
        "io_kbytes" : 0,
        "bw_bytes" : 0,
        "bw" : 0,
        "iops" : 0.000000,
        "runtime" : 0,
        "total_ios" : 0,
        "short_ios" : 0,
        "drop_ios" : 0,
        "slat_ns" : {
          "min" : 0,
          "max" : 0,
          "mean" : 0.000000,
          "stddev" : 0.000000,
          "N" : 0
        },
        "clat_ns" : {
          "min" : 0,
          "max" : 0,
          "mean" : 0.000000,
          "stddev" : 0.000000,
          "N" : 0
        },
        "lat_ns" : {
          "min" : 0,
          "max" : 0,
          "mean" : 0.000000,
          "stddev" : 0.000000,
          "N" : 0
        },
        "bw_min" : 0,
        "bw_max" : 0,
        "bw_agg" : 0.000000,
        "bw_mean" : 0.000000,
        "bw_dev" : 0.000000,
        "bw_samples" : 0,
        "iops_min" : 0,
        "iops_max" : 0,
        "iops_mean" : 0.000000,
        "iops_stddev" : 0.000000,
        "iops_samples" : 0
      },
      "sync" : {
        "total_ios" : 0,
        "lat_ns" : {
          "min" : 0,
          "max" : 0,
          "mean" : 0.000000,
          "stddev" : 0.000000,
          "N" : 0
        }
      },
      "job_runtime" : 19205319,
      "usr_cpu" : 0.111125,
      "sys_cpu" : 0.688538,
      "ctx" : 765261,
      "majf" : 0,
      "minf" : 18936,
      "iodepth_level" : {
        "1" : 0.100000,
        "2" : 0.100000,
        "4" : 0.100000,
        "8" : 0.100000,
        "16" : 0.133898,
        "32" : 0.267796,
        ">=64" : 99.472776
      },
      "iodepth_submit" : {
        "0" : 0.000000,
        "4" : 100.000000,
        "8" : 0.000000,
        "16" : 0.000000,
        "32" : 0.000000,
        "64" : 0.000000,
        ">=64" : 0.000000
      },
      "iodepth_complete" : {
        "0" : 0.000000,
        "4" : 99.991450,
        "8" : 0.000000,
        "16" : 0.000000,
        "32" : 0.000000,
        "64" : 0.000000,
        ">=64" : 0.100000
      },
      "latency_ns" : {
        "2" : 0.000000,
        "4" : 0.000000,
        "10" : 0.000000,
        "20" : 0.000000,
        "50" : 0.000000,
        "100" : 0.000000,
        "250" : 0.000000,
        "500" : 0.000000,
        "750" : 0.000000,
        "1000" : 0.000000
      },
      "latency_us" : {
        "2" : 0.000000,
        "4" : 0.000000,
        "10" : 0.000000,
        "20" : 0.010000,
        "50" : 0.010000,
        "100" : 0.000000,
        "250" : 0.000000,
        "500" : 0.000000,
        "750" : 0.000000,
        "1000" : 0.000000
      },
      "latency_ms" : {
        "2" : 0.000000,
        "4" : 0.000000,
        "10" : 0.010000,
        "20" : 0.010000,
        "50" : 0.010000,
        "100" : 0.010000,
        "250" : 0.035174,
        "500" : 0.053350,
        "750" : 0.047074,
        "1000" : 0.048512,
        "2000" : 0.176918,
        ">=2000" : 99.612820
      },
      "latency_depth" : 256,
      "latency_target" : 0,
      "latency_percentile" : 100.000000,
      "latency_window" : 0
    }
  ]
}
