{
  "fio version" : "fio-3.27",
  "timestamp" : 1626991047,
  "timestamp_ms" : 1626991047909,
  "time" : "Thu Jul 22 23:57:27 2021",
  "jobs" : [
    {
      "jobname" : "randrw",
      "groupid" : 0,
      "error" : 0,
      "eta" : 0,
      "elapsed" : 301,
      "job options" : {
        "bs" : "4K",
        "iodepth" : "256",
        "direct" : "0",
        "ioengine" : "libaio",
        "time_based" : "1",
        "runtime" : "300",
        "numjobs" : "1",
        "size" : "1g",
        "name" : "randrw",
        "rw" : "randrw",
        "directory" : "/scratch/snx2000/ccocha/randrw",
        "filename_format" : "$jobname.1.$jobnum.$filenum"
      },
      "read" : {
        "io_bytes" : 419405824,
        "io_kbytes" : 409576,
        "bw_bytes" : 1397786,
        "bw" : 1365,
        "iops" : 341.256457,
        "runtime" : 300050,
        "total_ios" : 102394,
        "short_ios" : 0,
        "drop_ios" : 0,
        "slat_ns" : {
          "min" : 423112,
          "max" : 1308285735,
          "mean" : 2590310.722415,
          "stddev" : 9255855.897134,
          "N" : 102394
        },
        "clat_ns" : {
          "min" : 65336322,
          "max" : 3025613440,
          "mean" : 372374850.739829,
          "stddev" : 260965771.214775,
          "N" : 102394,
          "percentile" : {
            "1.000000" : 143654912,
            "5.000000" : 173015040,
            "10.000000" : 191889408,
            "20.000000" : 214958080,
            "30.000000" : 238026752,
            "40.000000" : 261095424,
            "50.000000" : 283115520,
            "60.000000" : 312475648,
            "70.000000" : 346030080,
            "80.000000" : 404750336,
            "90.000000" : 826277888,
            "95.000000" : 1002438656,
            "99.000000" : 1266679808,
            "99.500000" : 1384120320,
            "99.900000" : 1887436800,
            "99.950000" : 2466250752,
            "99.990000" : 2936012800
          }
        },
        "lat_ns" : {
          "min" : 66428439,
          "max" : 3033546285,
          "mean" : 374967389.093871,
          "stddev" : 262077752.321680,
          "N" : 102394
        },
        "bw_min" : 56,
        "bw_max" : 3368,
        "bw_agg" : 100.000000,
        "bw_mean" : 1372.057047,
        "bw_dev" : 735.422472,
        "bw_samples" : 596,
        "iops_min" : 14,
        "iops_max" : 842,
        "iops_mean" : 343.010067,
        "iops_stddev" : 183.859738,
        "iops_samples" : 596
      },
      "write" : {
        "io_bytes" : 418693120,
        "io_kbytes" : 408880,
        "bw_bytes" : 1395411,
        "bw" : 1362,
        "iops" : 340.676554,
        "runtime" : 300050,
        "total_ios" : 102220,
        "short_ios" : 0,
        "drop_ios" : 0,
        "slat_ns" : {
          "min" : 75371,
          "max" : 190450567,
          "mean" : 310150.854657,
          "stddev" : 3810542.056777,
          "N" : 102220
        },
        "clat_ns" : {
          "min" : 16140,
          "max" : 3025749530,
          "mean" : 374235733.773693,
          "stddev" : 264689935.171270,
          "N" : 102220,
          "percentile" : {
            "1.000000" : 145752064,
            "5.000000" : 173015040,
            "10.000000" : 191889408,
            "20.000000" : 217055232,
            "30.000000" : 238026752,
            "40.000000" : 261095424,
            "50.000000" : 283115520,
            "60.000000" : 312475648,
            "70.000000" : 346030080,
            "80.000000" : 408944640,
            "90.000000" : 834666496,
            "95.000000" : 1002438656,
            "99.000000" : 1283457024,
            "99.500000" : 1400897536,
            "99.900000" : 2164260864,
            "99.950000" : 2600468480,
            "99.990000" : 2969567232
          }
        },
        "lat_ns" : {
          "min" : 64796068,
          "max" : 3025835721,
          "mean" : 374547082.608204,
          "stddev" : 265219506.651436,
          "N" : 102220
        },
        "bw_min" : 8,
        "bw_max" : 3192,
        "bw_agg" : 100.000000,
        "bw_mean" : 1369.545302,
        "bw_dev" : 732.247331,
        "bw_samples" : 596,
        "iops_min" : 2,
        "iops_max" : 798,
        "iops_mean" : 342.382550,
        "iops_stddev" : 183.065699,
        "iops_samples" : 596
      },
      "trim" : {
        "io_bytes" : 0,
        "io_kbytes" : 0,
        "bw_bytes" : 0,
        "bw" : 0,
        "iops" : 0.000000,
        "runtime" : 0,
        "total_ios" : 0,
        "short_ios" : 0,
        "drop_ios" : 0,
        "slat_ns" : {
          "min" : 0,
          "max" : 0,
          "mean" : 0.000000,
          "stddev" : 0.000000,
          "N" : 0
        },
        "clat_ns" : {
          "min" : 0,
          "max" : 0,
          "mean" : 0.000000,
          "stddev" : 0.000000,
          "N" : 0
        },
        "lat_ns" : {
          "min" : 0,
          "max" : 0,
          "mean" : 0.000000,
          "stddev" : 0.000000,
          "N" : 0
        },
        "bw_min" : 0,
        "bw_max" : 0,
        "bw_agg" : 0.000000,
        "bw_mean" : 0.000000,
        "bw_dev" : 0.000000,
        "bw_samples" : 0,
        "iops_min" : 0,
        "iops_max" : 0,
        "iops_mean" : 0.000000,
        "iops_stddev" : 0.000000,
        "iops_samples" : 0
      },
      "sync" : {
        "total_ios" : 0,
        "lat_ns" : {
          "min" : 0,
          "max" : 0,
          "mean" : 0.000000,
          "stddev" : 0.000000,
          "N" : 0
        }
      },
      "job_runtime" : 300049,
      "usr_cpu" : 1.166809,
      "sys_cpu" : 8.509277,
      "ctx" : 117010,
      "majf" : 0,
      "minf" : 40,
      "iodepth_level" : {
        "1" : 0.100000,
        "2" : 0.100000,
        "4" : 0.100000,
        "8" : 0.100000,
        "16" : 0.100000,
        "32" : 0.100000,
        ">=64" : 99.969210
      },
      "iodepth_submit" : {
        "0" : 0.000000,
        "4" : 100.000000,
        "8" : 0.000000,
        "16" : 0.000000,
        "32" : 0.000000,
        "64" : 0.000000,
        ">=64" : 0.000000
      },
      "iodepth_complete" : {
        "0" : 0.000000,
        "4" : 99.999511,
        "8" : 0.000000,
        "16" : 0.000000,
        "32" : 0.000000,
        "64" : 0.000000,
        ">=64" : 0.100000
      },
      "latency_ns" : {
        "2" : 0.000000,
        "4" : 0.000000,
        "10" : 0.000000,
        "20" : 0.000000,
        "50" : 0.000000,
        "100" : 0.000000,
        "250" : 0.000000,
        "500" : 0.000000,
        "750" : 0.000000,
        "1000" : 0.000000
      },
      "latency_us" : {
        "2" : 0.000000,
        "4" : 0.000000,
        "10" : 0.000000,
        "20" : 0.010000,
        "50" : 0.000000,
        "100" : 0.000000,
        "250" : 0.000000,
        "500" : 0.000000,
        "750" : 0.000000,
        "1000" : 0.000000
      },
      "latency_ms" : {
        "2" : 0.000000,
        "4" : 0.000000,
        "10" : 0.000000,
        "20" : 0.000000,
        "50" : 0.000000,
        "100" : 0.010752,
        "250" : 35.358284,
        "500" : 49.431124,
        "750" : 3.712356,
        "1000" : 6.410607,
        "2000" : 4.979620,
        ">=2000" : 0.096768
      },
      "latency_depth" : 256,
      "latency_target" : 0,
      "latency_percentile" : 100.000000,
      "latency_window" : 0
    }
  ]
}
