{
  "fio version" : "fio-3.27",
  "timestamp" : 1627436592,
  "timestamp_ms" : 1627436592114,
  "time" : "Wed Jul 28 03:43:12 2021",
  "jobs" : [
    {
      "jobname" : "seq-read",
      "groupid" : 0,
      "error" : 0,
      "eta" : 0,
      "elapsed" : 301,
      "job options" : {
        "bs" : "4K",
        "iodepth" : "256",
        "direct" : "1",
        "ioengine" : "libaio",
        "time_based" : "1",
        "runtime" : "300",
        "numjobs" : "64",
        "size" : "1g",
        "name" : "seq-read",
        "rw" : "read",
        "directory" : "/scratch/snx2000/ccocha/seqread/128_node/",
        "filename_format" : "$jobname.21.$jobnum.$filenum"
      },
      "read" : {
        "io_bytes" : 3967438848,
        "io_kbytes" : 3874452,
        "bw_bytes" : 13218319,
        "bw" : 12908,
        "iops" : 3227.128707,
        "runtime" : 300147,
        "total_ios" : 968613,
        "short_ios" : 0,
        "drop_ios" : 0,
        "slat_ns" : {
          "min" : 508124,
          "max" : 1741214358,
          "mean" : 19798267.418405,
          "stddev" : 37783680.935448,
          "N" : 968613
        },
        "clat_ns" : {
          "min" : 14801,
          "max" : 53842020465,
          "mean" : 5021669731.955056,
          "stddev" : 5164143428.388926,
          "N" : 968613,
          "percentile" : {
            "1.000000" : 505413632,
            "5.000000" : 3238002688,
            "10.000000" : 3439329280,
            "20.000000" : 3506438144,
            "30.000000" : 3539992576,
            "40.000000" : 3573547008,
            "50.000000" : 3607101440,
            "60.000000" : 3640655872,
            "70.000000" : 3707764736,
            "80.000000" : 3808428032,
            "90.000000" : 7079985152,
            "95.000000" : 15233712128,
            "99.000000" : 17112760320,
            "99.500000" : 17112760320,
            "99.900000" : 17112760320,
            "99.950000" : 17112760320,
            "99.990000" : 17112760320
          }
        },
        "lat_ns" : {
          "min" : 1513332,
          "max" : 53935901601,
          "mean" : 5041471473.506116,
          "stddev" : 5182477067.024307,
          "N" : 968613
        },
        "bw_min" : 3040,
        "bw_max" : 71273,
        "bw_agg" : 99.988266,
        "bw_mean" : 12907.781461,
        "bw_dev" : 70.851563,
        "bw_samples" : 37002,
        "iops_min" : 760,
        "iops_max" : 17818,
        "iops_mean" : 3226.930999,
        "iops_stddev" : 17.710887,
        "iops_samples" : 37002
      },
      "write" : {
        "io_bytes" : 0,
        "io_kbytes" : 0,
        "bw_bytes" : 0,
        "bw" : 0,
        "iops" : 0.000000,
        "runtime" : 0,
        "total_ios" : 0,
        "short_ios" : 0,
        "drop_ios" : 0,
        "slat_ns" : {
          "min" : 0,
          "max" : 0,
          "mean" : 0.000000,
          "stddev" : 0.000000,
          "N" : 0
        },
        "clat_ns" : {
          "min" : 0,
          "max" : 0,
          "mean" : 0.000000,
          "stddev" : 0.000000,
          "N" : 0
        },
        "lat_ns" : {
          "min" : 0,
          "max" : 0,
          "mean" : 0.000000,
          "stddev" : 0.000000,
          "N" : 0
        },
        "bw_min" : 0,
        "bw_max" : 0,
        "bw_agg" : 0.000000,
        "bw_mean" : 0.000000,
        "bw_dev" : 0.000000,
        "bw_samples" : 0,
        "iops_min" : 0,
        "iops_max" : 0,
        "iops_mean" : 0.000000,
        "iops_stddev" : 0.000000,
        "iops_samples" : 0
      },
      "trim" : {
        "io_bytes" : 0,
        "io_kbytes" : 0,
        "bw_bytes" : 0,
        "bw" : 0,
        "iops" : 0.000000,
        "runtime" : 0,
        "total_ios" : 0,
        "short_ios" : 0,
        "drop_ios" : 0,
        "slat_ns" : {
          "min" : 0,
          "max" : 0,
          "mean" : 0.000000,
          "stddev" : 0.000000,
          "N" : 0
        },
        "clat_ns" : {
          "min" : 0,
          "max" : 0,
          "mean" : 0.000000,
          "stddev" : 0.000000,
          "N" : 0
        },
        "lat_ns" : {
          "min" : 0,
          "max" : 0,
          "mean" : 0.000000,
          "stddev" : 0.000000,
          "N" : 0
        },
        "bw_min" : 0,
        "bw_max" : 0,
        "bw_agg" : 0.000000,
        "bw_mean" : 0.000000,
        "bw_dev" : 0.000000,
        "bw_samples" : 0,
        "iops_min" : 0,
        "iops_max" : 0,
        "iops_mean" : 0.000000,
        "iops_stddev" : 0.000000,
        "iops_samples" : 0
      },
      "sync" : {
        "total_ios" : 0,
        "lat_ns" : {
          "min" : 0,
          "max" : 0,
          "mean" : 0.000000,
          "stddev" : 0.000000,
          "N" : 0
        }
      },
      "job_runtime" : 19200470,
      "usr_cpu" : 0.139038,
      "sys_cpu" : 0.880791,
      "ctx" : 969138,
      "majf" : 0,
      "minf" : 18998,
      "iodepth_level" : {
        "1" : 0.100000,
        "2" : 0.100000,
        "4" : 0.100000,
        "8" : 0.100000,
        "16" : 0.105718,
        "32" : 0.211436,
        ">=64" : 99.583735
      },
      "iodepth_submit" : {
        "0" : 0.000000,
        "4" : 100.000000,
        "8" : 0.000000,
        "16" : 0.000000,
        "32" : 0.000000,
        "64" : 0.000000,
        ">=64" : 0.000000
      },
      "iodepth_complete" : {
        "0" : 0.000000,
        "4" : 99.993280,
        "8" : 0.000000,
        "16" : 0.000000,
        "32" : 0.000000,
        "64" : 0.000000,
        ">=64" : 0.100000
      },
      "latency_ns" : {
        "2" : 0.000000,
        "4" : 0.000000,
        "10" : 0.000000,
        "20" : 0.000000,
        "50" : 0.000000,
        "100" : 0.000000,
        "250" : 0.000000,
        "500" : 0.000000,
        "750" : 0.000000,
        "1000" : 0.000000
      },
      "latency_us" : {
        "2" : 0.000000,
        "4" : 0.000000,
        "10" : 0.000000,
        "20" : 0.010000,
        "50" : 0.010000,
        "100" : 0.000000,
        "250" : 0.000000,
        "500" : 0.000000,
        "750" : 0.000000,
        "1000" : 0.000000
      },
      "latency_ms" : {
        "2" : 0.010000,
        "4" : 0.010000,
        "10" : 0.010943,
        "20" : 0.020235,
        "50" : 0.058537,
        "100" : 0.097356,
        "250" : 0.296300,
        "500" : 0.497206,
        "750" : 0.707919,
        "1000" : 0.440011,
        "2000" : 0.549445,
        ">=2000" : 97.310484
      },
      "latency_depth" : 256,
      "latency_target" : 0,
      "latency_percentile" : 100.000000,
      "latency_window" : 0
    }
  ]
}
