{
  "fio version" : "fio-3.27",
  "timestamp" : 1627029449,
  "timestamp_ms" : 1627029449076,
  "time" : "Fri Jul 23 10:37:29 2021",
  "jobs" : [
    {
      "jobname" : "randrw",
      "groupid" : 0,
      "error" : 0,
      "eta" : 0,
      "elapsed" : 301,
      "job options" : {
        "bs" : "4K",
        "iodepth" : "256",
        "direct" : "0",
        "ioengine" : "libaio",
        "time_based" : "1",
        "runtime" : "300",
        "numjobs" : "4",
        "size" : "1g",
        "name" : "randrw",
        "rw" : "randrw",
        "directory" : "/scratch/snx2000/ccocha/randrw/150_node",
        "filename_format" : "$jobname.116.$jobnum.$filenum"
      },
      "read" : {
        "io_bytes" : 76738560,
        "io_kbytes" : 74940,
        "bw_bytes" : 255703,
        "bw" : 249,
        "iops" : 62.427734,
        "runtime" : 300107,
        "total_ios" : 18735,
        "short_ios" : 0,
        "drop_ios" : 0,
        "slat_ns" : {
          "min" : 508750,
          "max" : 34514843564,
          "mean" : 63901610.936749,
          "stddev" : 428566008.126309,
          "N" : 18735
        },
        "clat_ns" : {
          "min" : 18370,
          "max" : 54841712102,
          "mean" : 8030548471.185429,
          "stddev" : 7445712831.830181,
          "N" : 18735,
          "percentile" : {
            "1.000000" : 943718400,
            "5.000000" : 1082130432,
            "10.000000" : 1132462080,
            "20.000000" : 4596957184,
            "30.000000" : 6878658560,
            "40.000000" : 7482638336,
            "50.000000" : 7952400384,
            "60.000000" : 8355053568,
            "70.000000" : 8791261184,
            "80.000000" : 9328132096,
            "90.000000" : 10401873920,
            "95.000000" : 11609833472,
            "99.000000" : 17112760320,
            "99.500000" : 17112760320,
            "99.900000" : 17112760320,
            "99.950000" : 17112760320,
            "99.990000" : 17112760320
          }
        },
        "lat_ns" : {
          "min" : 24888194,
          "max" : 54883312123,
          "mean" : 8094453456.376458,
          "stddev" : 7475945637.808846,
          "N" : 18735
        },
        "bw_min" : 32,
        "bw_max" : 2328,
        "bw_agg" : 100.000000,
        "bw_mean" : 305.354212,
        "bw_dev" : 85.034108,
        "bw_samples" : 1904,
        "iops_min" : 8,
        "iops_max" : 582,
        "iops_mean" : 76.338553,
        "iops_stddev" : 21.258527,
        "iops_samples" : 1904
      },
      "write" : {
        "io_bytes" : 78618624,
        "io_kbytes" : 76776,
        "bw_bytes" : 261968,
        "bw" : 255,
        "iops" : 63.957189,
        "runtime" : 300107,
        "total_ios" : 19194,
        "short_ios" : 0,
        "drop_ios" : 0,
        "slat_ns" : {
          "min" : 75220,
          "max" : 1540229,
          "mean" : 116399.256643,
          "stddev" : 46370.814931,
          "N" : 19194
        },
        "clat_ns" : {
          "min" : 24897944,
          "max" : 54851721660,
          "mean" : 8077620246.732939,
          "stddev" : 7604934970.230565,
          "N" : 19194,
          "percentile" : {
            "1.000000" : 952107008,
            "5.000000" : 1082130432,
            "10.000000" : 1132462080,
            "20.000000" : 4244635648,
            "30.000000" : 6878658560,
            "40.000000" : 7482638336,
            "50.000000" : 7952400384,
            "60.000000" : 8355053568,
            "70.000000" : 8791261184,
            "80.000000" : 9328132096,
            "90.000000" : 10401873920,
            "95.000000" : 11744051200,
            "99.000000" : 17112760320,
            "99.500000" : 17112760320,
            "99.900000" : 17112760320,
            "99.950000" : 17112760320,
            "99.990000" : 17112760320
          }
        },
        "lat_ns" : {
          "min" : 24979234,
          "max" : 54851807810,
          "mean" : 8077737856.240906,
          "stddev" : 7604935815.688798,
          "N" : 19194
        },
        "bw_min" : 32,
        "bw_max" : 2336,
        "bw_agg" : 100.000000,
        "bw_mean" : 319.183190,
        "bw_dev" : 89.032105,
        "bw_samples" : 1872,
        "iops_min" : 8,
        "iops_max" : 584,
        "iops_mean" : 79.795797,
        "iops_stddev" : 22.258026,
        "iops_samples" : 1872
      },
      "trim" : {
        "io_bytes" : 0,
        "io_kbytes" : 0,
        "bw_bytes" : 0,
        "bw" : 0,
        "iops" : 0.000000,
        "runtime" : 0,
        "total_ios" : 0,
        "short_ios" : 0,
        "drop_ios" : 0,
        "slat_ns" : {
          "min" : 0,
          "max" : 0,
          "mean" : 0.000000,
          "stddev" : 0.000000,
          "N" : 0
        },
        "clat_ns" : {
          "min" : 0,
          "max" : 0,
          "mean" : 0.000000,
          "stddev" : 0.000000,
          "N" : 0
        },
        "lat_ns" : {
          "min" : 0,
          "max" : 0,
          "mean" : 0.000000,
          "stddev" : 0.000000,
          "N" : 0
        },
        "bw_min" : 0,
        "bw_max" : 0,
        "bw_agg" : 0.000000,
        "bw_mean" : 0.000000,
        "bw_dev" : 0.000000,
        "bw_samples" : 0,
        "iops_min" : 0,
        "iops_max" : 0,
        "iops_mean" : 0.000000,
        "iops_stddev" : 0.000000,
        "iops_samples" : 0
      },
      "sync" : {
        "total_ios" : 0,
        "lat_ns" : {
          "min" : 0,
          "max" : 0,
          "mean" : 0.000000,
          "stddev" : 0.000000,
          "N" : 0
        }
      },
      "job_runtime" : 1200144,
      "usr_cpu" : 0.068992,
      "sys_cpu" : 0.446030,
      "ctx" : 18762,
      "majf" : 0,
      "minf" : 174,
      "iodepth_level" : {
        "1" : 0.100000,
        "2" : 0.100000,
        "4" : 0.100000,
        "8" : 0.100000,
        "16" : 0.168736,
        "32" : 0.337473,
        ">=64" : 99.335601
      },
      "iodepth_submit" : {
        "0" : 0.000000,
        "4" : 100.000000,
        "8" : 0.000000,
        "16" : 0.000000,
        "32" : 0.000000,
        "64" : 0.000000,
        ">=64" : 0.000000
      },
      "iodepth_complete" : {
        "0" : 0.000000,
        "4" : 99.989164,
        "8" : 0.000000,
        "16" : 0.000000,
        "32" : 0.000000,
        "64" : 0.000000,
        ">=64" : 0.100000
      },
      "latency_ns" : {
        "2" : 0.000000,
        "4" : 0.000000,
        "10" : 0.000000,
        "20" : 0.000000,
        "50" : 0.000000,
        "100" : 0.000000,
        "250" : 0.000000,
        "500" : 0.000000,
        "750" : 0.000000,
        "1000" : 0.000000
      },
      "latency_us" : {
        "2" : 0.000000,
        "4" : 0.000000,
        "10" : 0.000000,
        "20" : 0.010000,
        "50" : 0.010000,
        "100" : 0.000000,
        "250" : 0.000000,
        "500" : 0.000000,
        "750" : 0.000000,
        "1000" : 0.000000
      },
      "latency_ms" : {
        "2" : 0.000000,
        "4" : 0.000000,
        "10" : 0.000000,
        "20" : 0.000000,
        "50" : 0.015819,
        "100" : 0.010000,
        "250" : 0.023729,
        "500" : 0.039548,
        "750" : 0.071186,
        "1000" : 1.763822,
        "2000" : 17.535395,
        ">=2000" : 80.534683
      },
      "latency_depth" : 256,
      "latency_target" : 0,
      "latency_percentile" : 100.000000,
      "latency_window" : 0
    }
  ]
}
