{
  "fio version" : "fio-3.27",
  "timestamp" : 1627017926,
  "timestamp_ms" : 1627017926527,
  "time" : "Fri Jul 23 07:25:26 2021",
  "jobs" : [
    {
      "jobname" : "randrw",
      "groupid" : 0,
      "error" : 0,
      "eta" : 0,
      "elapsed" : 301,
      "job options" : {
        "bs" : "4K",
        "iodepth" : "256",
        "direct" : "0",
        "ioengine" : "libaio",
        "time_based" : "1",
        "runtime" : "300",
        "numjobs" : "1",
        "size" : "1g",
        "name" : "randrw",
        "rw" : "randrw",
        "directory" : "/scratch/snx2000/ccocha/randrw/64_node",
        "filename_format" : "$jobname.13.$jobnum.$filenum"
      },
      "read" : {
        "io_bytes" : 160468992,
        "io_kbytes" : 156708,
        "bw_bytes" : 534693,
        "bw" : 522,
        "iops" : 130.540395,
        "runtime" : 300114,
        "total_ios" : 39177,
        "short_ios" : 0,
        "drop_ios" : 0,
        "slat_ns" : {
          "min" : 444231,
          "max" : 873984916,
          "mean" : 7525985.775608,
          "stddev" : 20332958.848380,
          "N" : 39177
        },
        "clat_ns" : {
          "min" : 18140,
          "max" : 6732999828,
          "mean" : 977278883.628018,
          "stddev" : 710949255.442289,
          "N" : 39177,
          "percentile" : {
            "1.000000" : 283115520,
            "5.000000" : 337641472,
            "10.000000" : 367001600,
            "20.000000" : 417333248,
            "30.000000" : 467664896,
            "40.000000" : 583008256,
            "50.000000" : 717225984,
            "60.000000" : 952107008,
            "70.000000" : 1233125376,
            "80.000000" : 1518338048,
            "90.000000" : 1870659584,
            "95.000000" : 2231369728,
            "99.000000" : 3170893824,
            "99.500000" : 4043309056,
            "99.900000" : 6677331968,
            "99.950000" : 6677331968,
            "99.990000" : 6744440832
          }
        },
        "lat_ns" : {
          "min" : 186235126,
          "max" : 6738082161,
          "mean" : 984807332.067209,
          "stddev" : 714361467.084607,
          "N" : 39177
        },
        "bw_min" : 8,
        "bw_max" : 1768,
        "bw_agg" : 100.000000,
        "bw_mean" : 528.243655,
        "bw_dev" : 396.332947,
        "bw_samples" : 591,
        "iops_min" : 2,
        "iops_max" : 442,
        "iops_mean" : 132.060914,
        "iops_stddev" : 99.083237,
        "iops_samples" : 591
      },
      "write" : {
        "io_bytes" : 160202752,
        "io_kbytes" : 156448,
        "bw_bytes" : 533806,
        "bw" : 521,
        "iops" : 130.323810,
        "runtime" : 300114,
        "total_ios" : 39112,
        "short_ios" : 0,
        "drop_ios" : 0,
        "slat_ns" : {
          "min" : 75320,
          "max" : 975004,
          "mean" : 103255.788607,
          "stddev" : 39483.738115,
          "N" : 39112
        },
        "clat_ns" : {
          "min" : 216454199,
          "max" : 6725121993,
          "mean" : 975798893.953756,
          "stddev" : 721797378.992756,
          "N" : 39112,
          "percentile" : {
            "1.000000" : 283115520,
            "5.000000" : 333447168,
            "10.000000" : 362807296,
            "20.000000" : 417333248,
            "30.000000" : 471859200,
            "40.000000" : 583008256,
            "50.000000" : 717225984,
            "60.000000" : 943718400,
            "70.000000" : 1233125376,
            "80.000000" : 1501560832,
            "90.000000" : 1870659584,
            "95.000000" : 2231369728,
            "99.000000" : 3170893824,
            "99.500000" : 4076863488,
            "99.900000" : 6677331968,
            "99.950000" : 6677331968,
            "99.990000" : 6744440832
          }
        },
        "lat_ns" : {
          "min" : 216538840,
          "max" : 6725201634,
          "mean" : 975903282.992534,
          "stddev" : 721799800.255490,
          "N" : 39112
        },
        "bw_min" : 8,
        "bw_max" : 1792,
        "bw_agg" : 100.000000,
        "bw_mean" : 522.912752,
        "bw_dev" : 394.364332,
        "bw_samples" : 596,
        "iops_min" : 2,
        "iops_max" : 448,
        "iops_mean" : 130.728188,
        "iops_stddev" : 98.591083,
        "iops_samples" : 596
      },
      "trim" : {
        "io_bytes" : 0,
        "io_kbytes" : 0,
        "bw_bytes" : 0,
        "bw" : 0,
        "iops" : 0.000000,
        "runtime" : 0,
        "total_ios" : 0,
        "short_ios" : 0,
        "drop_ios" : 0,
        "slat_ns" : {
          "min" : 0,
          "max" : 0,
          "mean" : 0.000000,
          "stddev" : 0.000000,
          "N" : 0
        },
        "clat_ns" : {
          "min" : 0,
          "max" : 0,
          "mean" : 0.000000,
          "stddev" : 0.000000,
          "N" : 0
        },
        "lat_ns" : {
          "min" : 0,
          "max" : 0,
          "mean" : 0.000000,
          "stddev" : 0.000000,
          "N" : 0
        },
        "bw_min" : 0,
        "bw_max" : 0,
        "bw_agg" : 0.000000,
        "bw_mean" : 0.000000,
        "bw_dev" : 0.000000,
        "bw_samples" : 0,
        "iops_min" : 0,
        "iops_max" : 0,
        "iops_mean" : 0.000000,
        "iops_stddev" : 0.000000,
        "iops_samples" : 0
      },
      "sync" : {
        "total_ios" : 0,
        "lat_ns" : {
          "min" : 0,
          "max" : 0,
          "mean" : 0.000000,
          "stddev" : 0.000000,
          "N" : 0
        }
      },
      "job_runtime" : 300113,
      "usr_cpu" : 0.485151,
      "sys_cpu" : 3.131820,
      "ctx" : 39184,
      "majf" : 0,
      "minf" : 40,
      "iodepth_level" : {
        "1" : 0.100000,
        "2" : 0.100000,
        "4" : 0.100000,
        "8" : 0.100000,
        "16" : 0.100000,
        "32" : 0.100000,
        ">=64" : 99.919529
      },
      "iodepth_submit" : {
        "0" : 0.000000,
        "4" : 100.000000,
        "8" : 0.000000,
        "16" : 0.000000,
        "32" : 0.000000,
        "64" : 0.000000,
        ">=64" : 0.000000
      },
      "iodepth_complete" : {
        "0" : 0.000000,
        "4" : 99.998719,
        "8" : 0.000000,
        "16" : 0.000000,
        "32" : 0.000000,
        "64" : 0.000000,
        ">=64" : 0.100000
      },
      "latency_ns" : {
        "2" : 0.000000,
        "4" : 0.000000,
        "10" : 0.000000,
        "20" : 0.000000,
        "50" : 0.000000,
        "100" : 0.000000,
        "250" : 0.000000,
        "500" : 0.000000,
        "750" : 0.000000,
        "1000" : 0.000000
      },
      "latency_us" : {
        "2" : 0.000000,
        "4" : 0.000000,
        "10" : 0.000000,
        "20" : 0.010000,
        "50" : 0.000000,
        "100" : 0.000000,
        "250" : 0.000000,
        "500" : 0.000000,
        "750" : 0.000000,
        "1000" : 0.000000
      },
      "latency_ms" : {
        "2" : 0.000000,
        "4" : 0.000000,
        "10" : 0.000000,
        "20" : 0.000000,
        "50" : 0.000000,
        "100" : 0.000000,
        "250" : 0.197984,
        "500" : 32.899897,
        "750" : 18.858333,
        "1000" : 10.568535,
        "2000" : 29.843273,
        ">=2000" : 7.630702
      },
      "latency_depth" : 256,
      "latency_target" : 0,
      "latency_percentile" : 100.000000,
      "latency_window" : 0
    }
  ]
}
