{
  "fio version" : "fio-3.27",
  "timestamp" : 1627415815,
  "timestamp_ms" : 1627415815502,
  "time" : "Tue Jul 27 21:56:55 2021",
  "jobs" : [
    {
      "jobname" : "seq-read",
      "groupid" : 0,
      "error" : 0,
      "eta" : 0,
      "elapsed" : 301,
      "job options" : {
        "bs" : "4K",
        "iodepth" : "256",
        "direct" : "1",
        "ioengine" : "libaio",
        "time_based" : "1",
        "runtime" : "300",
        "numjobs" : "2",
        "size" : "1g",
        "name" : "seq-read",
        "rw" : "read",
        "directory" : "/scratch/snx2000/ccocha/seqread/8_node/",
        "filename_format" : "$jobname.7.$jobnum.$filenum"
      },
      "read" : {
        "io_bytes" : 4563247104,
        "io_kbytes" : 4456296,
        "bw_bytes" : 15210772,
        "bw" : 14854,
        "iops" : 3713.567621,
        "runtime" : 300001,
        "total_ios" : 1114074,
        "short_ios" : 0,
        "drop_ios" : 0,
        "slat_ns" : {
          "min" : 361212,
          "max" : 29910159,
          "mean" : 525626.052189,
          "stddev" : 274876.211584,
          "N" : 1114074
        },
        "clat_ns" : {
          "min" : 11830,
          "max" : 237562101,
          "mean" : 137289979.472112,
          "stddev" : 7822734.099995,
          "N" : 1114074,
          "percentile" : {
            "1.000000" : 125304832,
            "5.000000" : 127401984,
            "10.000000" : 129499136,
            "20.000000" : 131596288,
            "30.000000" : 132644864,
            "40.000000" : 135266304,
            "50.000000" : 135266304,
            "60.000000" : 137363456,
            "70.000000" : 139460608,
            "80.000000" : 141557760,
            "90.000000" : 145752064,
            "95.000000" : 149946368,
            "99.000000" : 162529280,
            "99.500000" : 168820736,
            "99.900000" : 189792256,
            "99.950000" : 200278016,
            "99.990000" : 221249536
          }
        },
        "lat_ns" : {
          "min" : 479993,
          "max" : 244982496,
          "mean" : 137817092.728726,
          "stddev" : 7844780.831321,
          "N" : 1114074
        },
        "bw_min" : 9152,
        "bw_max" : 16240,
        "bw_agg" : 100.000000,
        "bw_mean" : 14855.265442,
        "bw_dev" : 316.855556,
        "bw_samples" : 1198,
        "iops_min" : 2288,
        "iops_max" : 4060,
        "iops_mean" : 3713.816361,
        "iops_stddev" : 79.210572,
        "iops_samples" : 1198
      },
      "write" : {
        "io_bytes" : 0,
        "io_kbytes" : 0,
        "bw_bytes" : 0,
        "bw" : 0,
        "iops" : 0.000000,
        "runtime" : 0,
        "total_ios" : 0,
        "short_ios" : 0,
        "drop_ios" : 0,
        "slat_ns" : {
          "min" : 0,
          "max" : 0,
          "mean" : 0.000000,
          "stddev" : 0.000000,
          "N" : 0
        },
        "clat_ns" : {
          "min" : 0,
          "max" : 0,
          "mean" : 0.000000,
          "stddev" : 0.000000,
          "N" : 0
        },
        "lat_ns" : {
          "min" : 0,
          "max" : 0,
          "mean" : 0.000000,
          "stddev" : 0.000000,
          "N" : 0
        },
        "bw_min" : 0,
        "bw_max" : 0,
        "bw_agg" : 0.000000,
        "bw_mean" : 0.000000,
        "bw_dev" : 0.000000,
        "bw_samples" : 0,
        "iops_min" : 0,
        "iops_max" : 0,
        "iops_mean" : 0.000000,
        "iops_stddev" : 0.000000,
        "iops_samples" : 0
      },
      "trim" : {
        "io_bytes" : 0,
        "io_kbytes" : 0,
        "bw_bytes" : 0,
        "bw" : 0,
        "iops" : 0.000000,
        "runtime" : 0,
        "total_ios" : 0,
        "short_ios" : 0,
        "drop_ios" : 0,
        "slat_ns" : {
          "min" : 0,
          "max" : 0,
          "mean" : 0.000000,
          "stddev" : 0.000000,
          "N" : 0
        },
        "clat_ns" : {
          "min" : 0,
          "max" : 0,
          "mean" : 0.000000,
          "stddev" : 0.000000,
          "N" : 0
        },
        "lat_ns" : {
          "min" : 0,
          "max" : 0,
          "mean" : 0.000000,
          "stddev" : 0.000000,
          "N" : 0
        },
        "bw_min" : 0,
        "bw_max" : 0,
        "bw_agg" : 0.000000,
        "bw_mean" : 0.000000,
        "bw_dev" : 0.000000,
        "bw_samples" : 0,
        "iops_min" : 0,
        "iops_max" : 0,
        "iops_mean" : 0.000000,
        "iops_stddev" : 0.000000,
        "iops_samples" : 0
      },
      "sync" : {
        "total_ios" : 0,
        "lat_ns" : {
          "min" : 0,
          "max" : 0,
          "mean" : 0.000000,
          "stddev" : 0.000000,
          "N" : 0
        }
      },
      "job_runtime" : 600000,
      "usr_cpu" : 2.536833,
      "sys_cpu" : 18.876833,
      "ctx" : 1114134,
      "majf" : 0,
      "minf" : 590,
      "iodepth_level" : {
        "1" : 0.100000,
        "2" : 0.100000,
        "4" : 0.100000,
        "8" : 0.100000,
        "16" : 0.100000,
        "32" : 0.100000,
        ">=64" : 99.988690
      },
      "iodepth_submit" : {
        "0" : 0.000000,
        "4" : 100.000000,
        "8" : 0.000000,
        "16" : 0.000000,
        "32" : 0.000000,
        "64" : 0.000000,
        ">=64" : 0.000000
      },
      "iodepth_complete" : {
        "0" : 0.000000,
        "4" : 99.999820,
        "8" : 0.000000,
        "16" : 0.000000,
        "32" : 0.000000,
        "64" : 0.000000,
        ">=64" : 0.100000
      },
      "latency_ns" : {
        "2" : 0.000000,
        "4" : 0.000000,
        "10" : 0.000000,
        "20" : 0.000000,
        "50" : 0.000000,
        "100" : 0.000000,
        "250" : 0.000000,
        "500" : 0.000000,
        "750" : 0.000000,
        "1000" : 0.000000
      },
      "latency_us" : {
        "2" : 0.000000,
        "4" : 0.000000,
        "10" : 0.000000,
        "20" : 0.010000,
        "50" : 0.000000,
        "100" : 0.000000,
        "250" : 0.000000,
        "500" : 0.010000,
        "750" : 0.000000,
        "1000" : 0.010000
      },
      "latency_ms" : {
        "2" : 0.010000,
        "4" : 0.010000,
        "10" : 0.010000,
        "20" : 0.010000,
        "50" : 0.010000,
        "100" : 0.018042,
        "250" : 99.965263,
        "500" : 0.000000,
        "750" : 0.000000,
        "1000" : 0.000000,
        "2000" : 0.000000,
        ">=2000" : 0.000000
      },
      "latency_depth" : 256,
      "latency_target" : 0,
      "latency_percentile" : 100.000000,
      "latency_window" : 0
    }
  ]
}
