{
  "fio version" : "fio-3.27",
  "timestamp" : 1627430757,
  "timestamp_ms" : 1627430757814,
  "time" : "Wed Jul 28 02:05:57 2021",
  "jobs" : [
    {
      "jobname" : "seq-read",
      "groupid" : 0,
      "error" : 0,
      "eta" : 0,
      "elapsed" : 301,
      "job options" : {
        "bs" : "4K",
        "iodepth" : "256",
        "direct" : "1",
        "ioengine" : "libaio",
        "time_based" : "1",
        "runtime" : "300",
        "numjobs" : "8",
        "size" : "1g",
        "name" : "seq-read",
        "rw" : "read",
        "directory" : "/scratch/snx2000/ccocha/seqread/96_node/",
        "filename_format" : "$jobname.40.$jobnum.$filenum"
      },
      "read" : {
        "io_bytes" : 6953095168,
        "io_kbytes" : 6790132,
        "bw_bytes" : 23176829,
        "bw" : 22633,
        "iops" : 5658.405611,
        "runtime" : 300002,
        "total_ios" : 1697533,
        "short_ios" : 0,
        "drop_ios" : 0,
        "slat_ns" : {
          "min" : 411850,
          "max" : 95935840,
          "mean" : 1394087.378339,
          "stddev" : 915203.920690,
          "N" : 1697533
        },
        "clat_ns" : {
          "min" : 12390,
          "max" : 578799307,
          "mean" : 360356764.773191,
          "stddev" : 24145690.870431,
          "N" : 1697533,
          "percentile" : {
            "1.000000" : 320864256,
            "5.000000" : 333447168,
            "10.000000" : 337641472,
            "20.000000" : 341835776,
            "30.000000" : 346030080,
            "40.000000" : 350224384,
            "50.000000" : 354418688,
            "60.000000" : 362807296,
            "70.000000" : 367001600,
            "80.000000" : 375390208,
            "90.000000" : 392167424,
            "95.000000" : 404750336,
            "99.000000" : 429916160,
            "99.500000" : 442499072,
            "99.900000" : 467664896,
            "99.950000" : 492830720,
            "99.990000" : 557842432
          }
        },
        "lat_ns" : {
          "min" : 1012870,
          "max" : 580333696,
          "mean" : 361753414.597442,
          "stddev" : 24202783.872769,
          "N" : 1697533
        },
        "bw_min" : 10856,
        "bw_max" : 25928,
        "bw_agg" : 99.917724,
        "bw_mean" : 22615.868114,
        "bw_dev" : 166.135374,
        "bw_samples" : 4792,
        "iops_min" : 2714,
        "iops_max" : 6482,
        "iops_mean" : 5653.609349,
        "iops_stddev" : 41.524630,
        "iops_samples" : 4792
      },
      "write" : {
        "io_bytes" : 0,
        "io_kbytes" : 0,
        "bw_bytes" : 0,
        "bw" : 0,
        "iops" : 0.000000,
        "runtime" : 0,
        "total_ios" : 0,
        "short_ios" : 0,
        "drop_ios" : 0,
        "slat_ns" : {
          "min" : 0,
          "max" : 0,
          "mean" : 0.000000,
          "stddev" : 0.000000,
          "N" : 0
        },
        "clat_ns" : {
          "min" : 0,
          "max" : 0,
          "mean" : 0.000000,
          "stddev" : 0.000000,
          "N" : 0
        },
        "lat_ns" : {
          "min" : 0,
          "max" : 0,
          "mean" : 0.000000,
          "stddev" : 0.000000,
          "N" : 0
        },
        "bw_min" : 0,
        "bw_max" : 0,
        "bw_agg" : 0.000000,
        "bw_mean" : 0.000000,
        "bw_dev" : 0.000000,
        "bw_samples" : 0,
        "iops_min" : 0,
        "iops_max" : 0,
        "iops_mean" : 0.000000,
        "iops_stddev" : 0.000000,
        "iops_samples" : 0
      },
      "trim" : {
        "io_bytes" : 0,
        "io_kbytes" : 0,
        "bw_bytes" : 0,
        "bw" : 0,
        "iops" : 0.000000,
        "runtime" : 0,
        "total_ios" : 0,
        "short_ios" : 0,
        "drop_ios" : 0,
        "slat_ns" : {
          "min" : 0,
          "max" : 0,
          "mean" : 0.000000,
          "stddev" : 0.000000,
          "N" : 0
        },
        "clat_ns" : {
          "min" : 0,
          "max" : 0,
          "mean" : 0.000000,
          "stddev" : 0.000000,
          "N" : 0
        },
        "lat_ns" : {
          "min" : 0,
          "max" : 0,
          "mean" : 0.000000,
          "stddev" : 0.000000,
          "N" : 0
        },
        "bw_min" : 0,
        "bw_max" : 0,
        "bw_agg" : 0.000000,
        "bw_mean" : 0.000000,
        "bw_dev" : 0.000000,
        "bw_samples" : 0,
        "iops_min" : 0,
        "iops_max" : 0,
        "iops_mean" : 0.000000,
        "iops_stddev" : 0.000000,
        "iops_samples" : 0
      },
      "sync" : {
        "total_ios" : 0,
        "lat_ns" : {
          "min" : 0,
          "max" : 0,
          "mean" : 0.000000,
          "stddev" : 0.000000,
          "N" : 0
        }
      },
      "job_runtime" : 2400001,
      "usr_cpu" : 1.581833,
      "sys_cpu" : 10.258704,
      "ctx" : 1697685,
      "majf" : 0,
      "minf" : 2367,
      "iodepth_level" : {
        "1" : 0.100000,
        "2" : 0.100000,
        "4" : 0.100000,
        "8" : 0.100000,
        "16" : 0.100000,
        "32" : 0.100000,
        ">=64" : 99.970310
      },
      "iodepth_submit" : {
        "0" : 0.000000,
        "4" : 100.000000,
        "8" : 0.000000,
        "16" : 0.000000,
        "32" : 0.000000,
        "64" : 0.000000,
        ">=64" : 0.000000
      },
      "iodepth_complete" : {
        "0" : 0.000000,
        "4" : 99.999528,
        "8" : 0.000000,
        "16" : 0.000000,
        "32" : 0.000000,
        "64" : 0.000000,
        ">=64" : 0.100000
      },
      "latency_ns" : {
        "2" : 0.000000,
        "4" : 0.000000,
        "10" : 0.000000,
        "20" : 0.000000,
        "50" : 0.000000,
        "100" : 0.000000,
        "250" : 0.000000,
        "500" : 0.000000,
        "750" : 0.000000,
        "1000" : 0.000000
      },
      "latency_us" : {
        "2" : 0.000000,
        "4" : 0.000000,
        "10" : 0.000000,
        "20" : 0.010000,
        "50" : 0.010000,
        "100" : 0.000000,
        "250" : 0.000000,
        "500" : 0.000000,
        "750" : 0.000000,
        "1000" : 0.000000
      },
      "latency_ms" : {
        "2" : 0.010000,
        "4" : 0.010000,
        "10" : 0.010000,
        "20" : 0.010000,
        "50" : 0.011900,
        "100" : 0.017791,
        "250" : 0.078997,
        "500" : 99.838295,
        "750" : 0.044182,
        "1000" : 0.000000,
        "2000" : 0.000000,
        ">=2000" : 0.000000
      },
      "latency_depth" : 256,
      "latency_target" : 0,
      "latency_percentile" : 100.000000,
      "latency_window" : 0
    }
  ]
}
