{
  "fio version" : "fio-3.27",
  "timestamp" : 1627023799,
  "timestamp_ms" : 1627023799852,
  "time" : "Fri Jul 23 09:03:19 2021",
  "jobs" : [
    {
      "jobname" : "randrw",
      "groupid" : 0,
      "error" : 0,
      "eta" : 0,
      "elapsed" : 302,
      "job options" : {
        "bs" : "4K",
        "iodepth" : "256",
        "direct" : "0",
        "ioengine" : "libaio",
        "time_based" : "1",
        "runtime" : "300",
        "numjobs" : "32",
        "size" : "1g",
        "name" : "randrw",
        "rw" : "randrw",
        "directory" : "/scratch/snx2000/ccocha/randrw/96_node",
        "filename_format" : "$jobname.64.$jobnum.$filenum"
      },
      "read" : {
        "io_bytes" : 111038464,
        "io_kbytes" : 108436,
        "bw_bytes" : 369000,
        "bw" : 360,
        "iops" : 90.087964,
        "runtime" : 300917,
        "total_ios" : 27109,
        "short_ios" : 0,
        "drop_ios" : 0,
        "slat_ns" : {
          "min" : 785512,
          "max" : 69216298673,
          "mean" : 354389279.225792,
          "stddev" : 1850449652.101682,
          "N" : 27109
        },
        "clat_ns" : {
          "min" : 19280,
          "max" : 135019576185,
          "mean" : 44607376566.342911,
          "stddev" : 31022108750.156944,
          "N" : 27109,
          "percentile" : {
            "1.000000" : 3070230528,
            "5.000000" : 3909091328,
            "10.000000" : 4244635648,
            "20.000000" : 5133828096,
            "30.000000" : 17112760320,
            "40.000000" : 17112760320,
            "50.000000" : 17112760320,
            "60.000000" : 17112760320,
            "70.000000" : 17112760320,
            "80.000000" : 17112760320,
            "90.000000" : 17112760320,
            "95.000000" : 17112760320,
            "99.000000" : 17112760320,
            "99.500000" : 17112760320,
            "99.900000" : 17112760320,
            "99.950000" : 17112760320,
            "99.990000" : 17112760320
          }
        },
        "lat_ns" : {
          "min" : 484654408,
          "max" : 135229212990,
          "mean" : 44961769609.612312,
          "stddev" : 31142311593.923058,
          "N" : 27109
        },
        "bw_min" : 256,
        "bw_max" : 5520,
        "bw_agg" : 100.000000,
        "bw_mean" : 699.432530,
        "bw_dev" : 24.354501,
        "bw_samples" : 8411,
        "iops_min" : 64,
        "iops_max" : 1380,
        "iops_mean" : 174.858133,
        "iops_stddev" : 6.088625,
        "iops_samples" : 8411
      },
      "write" : {
        "io_bytes" : 111583232,
        "io_kbytes" : 108968,
        "bw_bytes" : 370810,
        "bw" : 362,
        "iops" : 90.529947,
        "runtime" : 300917,
        "total_ios" : 27242,
        "short_ios" : 0,
        "drop_ios" : 0,
        "slat_ns" : {
          "min" : 75260,
          "max" : 2359175,
          "mean" : 127898.911570,
          "stddev" : 59650.592502,
          "N" : 27242
        },
        "clat_ns" : {
          "min" : 484666618,
          "max" : 135229009460,
          "mean" : 45075498142.996841,
          "stddev" : 30882366863.966034,
          "N" : 27242,
          "percentile" : {
            "1.000000" : 3170893824,
            "5.000000" : 3909091328,
            "10.000000" : 4278190080,
            "20.000000" : 5200936960,
            "30.000000" : 17112760320,
            "40.000000" : 17112760320,
            "50.000000" : 17112760320,
            "60.000000" : 17112760320,
            "70.000000" : 17112760320,
            "80.000000" : 17112760320,
            "90.000000" : 17112760320,
            "95.000000" : 17112760320,
            "99.000000" : 17112760320,
            "99.500000" : 17112760320,
            "99.900000" : 17112760320,
            "99.950000" : 17112760320,
            "99.990000" : 17112760320
          }
        },
        "lat_ns" : {
          "min" : 484894969,
          "max" : 135229148650,
          "mean" : 45075627340.647446,
          "stddev" : 30882364690.117702,
          "N" : 27242
        },
        "bw_min" : 256,
        "bw_max" : 5360,
        "bw_agg" : 100.000000,
        "bw_mean" : 698.742306,
        "bw_dev" : 23.798433,
        "bw_samples" : 8487,
        "iops_min" : 64,
        "iops_max" : 1340,
        "iops_mean" : 174.685577,
        "iops_stddev" : 5.949608,
        "iops_samples" : 8487
      },
      "trim" : {
        "io_bytes" : 0,
        "io_kbytes" : 0,
        "bw_bytes" : 0,
        "bw" : 0,
        "iops" : 0.000000,
        "runtime" : 0,
        "total_ios" : 0,
        "short_ios" : 0,
        "drop_ios" : 0,
        "slat_ns" : {
          "min" : 0,
          "max" : 0,
          "mean" : 0.000000,
          "stddev" : 0.000000,
          "N" : 0
        },
        "clat_ns" : {
          "min" : 0,
          "max" : 0,
          "mean" : 0.000000,
          "stddev" : 0.000000,
          "N" : 0
        },
        "lat_ns" : {
          "min" : 0,
          "max" : 0,
          "mean" : 0.000000,
          "stddev" : 0.000000,
          "N" : 0
        },
        "bw_min" : 0,
        "bw_max" : 0,
        "bw_agg" : 0.000000,
        "bw_mean" : 0.000000,
        "bw_dev" : 0.000000,
        "bw_samples" : 0,
        "iops_min" : 0,
        "iops_max" : 0,
        "iops_mean" : 0.000000,
        "iops_stddev" : 0.000000,
        "iops_samples" : 0
      },
      "sync" : {
        "total_ios" : 0,
        "lat_ns" : {
          "min" : 0,
          "max" : 0,
          "mean" : 0.000000,
          "stddev" : 0.000000,
          "N" : 0
        }
      },
      "job_runtime" : 9611786,
      "usr_cpu" : 0.011486,
      "sys_cpu" : 0.088932,
      "ctx" : 27415,
      "majf" : 0,
      "minf" : 1314,
      "iodepth_level" : {
        "1" : 0.100000,
        "2" : 0.117753,
        "4" : 0.235506,
        "8" : 0.471012,
        "16" : 0.942025,
        "32" : 1.884050,
        ">=64" : 96.290777
      },
      "iodepth_submit" : {
        "0" : 0.000000,
        "4" : 100.000000,
        "8" : 0.000000,
        "16" : 0.000000,
        "32" : 0.000000,
        "64" : 0.000000,
        ">=64" : 0.000000
      },
      "iodepth_complete" : {
        "0" : 0.000000,
        "4" : 99.930770,
        "8" : 0.000000,
        "16" : 0.000000,
        "32" : 0.000000,
        "64" : 0.000000,
        ">=64" : 0.100000
      },
      "latency_ns" : {
        "2" : 0.000000,
        "4" : 0.000000,
        "10" : 0.000000,
        "20" : 0.000000,
        "50" : 0.000000,
        "100" : 0.000000,
        "250" : 0.000000,
        "500" : 0.000000,
        "750" : 0.000000,
        "1000" : 0.000000
      },
      "latency_us" : {
        "2" : 0.000000,
        "4" : 0.000000,
        "10" : 0.000000,
        "20" : 0.010000,
        "50" : 0.055197,
        "100" : 0.000000,
        "250" : 0.000000,
        "500" : 0.000000,
        "750" : 0.000000,
        "1000" : 0.000000
      },
      "latency_ms" : {
        "2" : 0.000000,
        "4" : 0.000000,
        "10" : 0.000000,
        "20" : 0.000000,
        "50" : 0.000000,
        "100" : 0.000000,
        "250" : 0.000000,
        "500" : 0.010000,
        "750" : 0.057037,
        "1000" : 0.064396,
        "2000" : 0.259425,
        ">=2000" : 99.551066
      },
      "latency_depth" : 256,
      "latency_target" : 0,
      "latency_percentile" : 100.000000,
      "latency_window" : 0
    }
  ]
}
