{
  "fio version" : "fio-3.27",
  "timestamp" : 1627438108,
  "timestamp_ms" : 1627438108524,
  "time" : "Wed Jul 28 04:08:28 2021",
  "jobs" : [
    {
      "jobname" : "seq-read",
      "groupid" : 0,
      "error" : 0,
      "eta" : 0,
      "elapsed" : 301,
      "job options" : {
        "bs" : "4K",
        "iodepth" : "256",
        "direct" : "1",
        "ioengine" : "libaio",
        "time_based" : "1",
        "runtime" : "300",
        "numjobs" : "8",
        "size" : "1g",
        "name" : "seq-read",
        "rw" : "read",
        "directory" : "/scratch/snx2000/ccocha/seqread/150_node/",
        "filename_format" : "$jobname.32.$jobnum.$filenum"
      },
      "read" : {
        "io_bytes" : 4552241152,
        "io_kbytes" : 4445548,
        "bw_bytes" : 15173934,
        "bw" : 14818,
        "iops" : 3704.573939,
        "runtime" : 300004,
        "total_ios" : 1111387,
        "short_ios" : 0,
        "drop_ios" : 0,
        "slat_ns" : {
          "min" : 497202,
          "max" : 140785215,
          "mean" : 2139043.295493,
          "stddev" : 900105.282782,
          "N" : 1111387
        },
        "clat_ns" : {
          "min" : 14130,
          "max" : 742224171,
          "mean" : 550249267.150468,
          "stddev" : 37658931.082347,
          "N" : 1111387,
          "percentile" : {
            "1.000000" : 476053504,
            "5.000000" : 492830720,
            "10.000000" : 501219328,
            "20.000000" : 522190848,
            "30.000000" : 534773760,
            "40.000000" : 541065216,
            "50.000000" : 549453824,
            "60.000000" : 557842432,
            "70.000000" : 566231040,
            "80.000000" : 574619648,
            "90.000000" : 591396864,
            "95.000000" : 608174080,
            "99.000000" : 633339904,
            "99.500000" : 641728512,
            "99.900000" : 683671552,
            "99.950000" : 692060160,
            "99.990000" : 725614592
          }
        },
        "lat_ns" : {
          "min" : 1073235,
          "max" : 744020631,
          "mean" : 552391028.090400,
          "stddev" : 37767875.371284,
          "N" : 1111387
        },
        "bw_min" : 6339,
        "bw_max" : 17024,
        "bw_agg" : 99.923777,
        "bw_mean" : 14807.679449,
        "bw_dev" : 113.345226,
        "bw_samples" : 4788,
        "iops_min" : 1584,
        "iops_max" : 4256,
        "iops_mean" : 3701.647928,
        "iops_stddev" : 28.344331,
        "iops_samples" : 4788
      },
      "write" : {
        "io_bytes" : 0,
        "io_kbytes" : 0,
        "bw_bytes" : 0,
        "bw" : 0,
        "iops" : 0.000000,
        "runtime" : 0,
        "total_ios" : 0,
        "short_ios" : 0,
        "drop_ios" : 0,
        "slat_ns" : {
          "min" : 0,
          "max" : 0,
          "mean" : 0.000000,
          "stddev" : 0.000000,
          "N" : 0
        },
        "clat_ns" : {
          "min" : 0,
          "max" : 0,
          "mean" : 0.000000,
          "stddev" : 0.000000,
          "N" : 0
        },
        "lat_ns" : {
          "min" : 0,
          "max" : 0,
          "mean" : 0.000000,
          "stddev" : 0.000000,
          "N" : 0
        },
        "bw_min" : 0,
        "bw_max" : 0,
        "bw_agg" : 0.000000,
        "bw_mean" : 0.000000,
        "bw_dev" : 0.000000,
        "bw_samples" : 0,
        "iops_min" : 0,
        "iops_max" : 0,
        "iops_mean" : 0.000000,
        "iops_stddev" : 0.000000,
        "iops_samples" : 0
      },
      "trim" : {
        "io_bytes" : 0,
        "io_kbytes" : 0,
        "bw_bytes" : 0,
        "bw" : 0,
        "iops" : 0.000000,
        "runtime" : 0,
        "total_ios" : 0,
        "short_ios" : 0,
        "drop_ios" : 0,
        "slat_ns" : {
          "min" : 0,
          "max" : 0,
          "mean" : 0.000000,
          "stddev" : 0.000000,
          "N" : 0
        },
        "clat_ns" : {
          "min" : 0,
          "max" : 0,
          "mean" : 0.000000,
          "stddev" : 0.000000,
          "N" : 0
        },
        "lat_ns" : {
          "min" : 0,
          "max" : 0,
          "mean" : 0.000000,
          "stddev" : 0.000000,
          "N" : 0
        },
        "bw_min" : 0,
        "bw_max" : 0,
        "bw_agg" : 0.000000,
        "bw_mean" : 0.000000,
        "bw_dev" : 0.000000,
        "bw_samples" : 0,
        "iops_min" : 0,
        "iops_max" : 0,
        "iops_mean" : 0.000000,
        "iops_stddev" : 0.000000,
        "iops_samples" : 0
      },
      "sync" : {
        "total_ios" : 0,
        "lat_ns" : {
          "min" : 0,
          "max" : 0,
          "mean" : 0.000000,
          "stddev" : 0.000000,
          "N" : 0
        }
      },
      "job_runtime" : 2400006,
      "usr_cpu" : 1.063414,
      "sys_cpu" : 6.927024,
      "ctx" : 1111526,
      "majf" : 0,
      "minf" : 2368,
      "iodepth_level" : {
        "1" : 0.100000,
        "2" : 0.100000,
        "4" : 0.100000,
        "8" : 0.100000,
        "16" : 0.100000,
        "32" : 0.100000,
        ">=64" : 99.954651
      },
      "iodepth_submit" : {
        "0" : 0.000000,
        "4" : 100.000000,
        "8" : 0.000000,
        "16" : 0.000000,
        "32" : 0.000000,
        "64" : 0.000000,
        ">=64" : 0.000000
      },
      "iodepth_complete" : {
        "0" : 0.000000,
        "4" : 99.999279,
        "8" : 0.000000,
        "16" : 0.000000,
        "32" : 0.000000,
        "64" : 0.000000,
        ">=64" : 0.100000
      },
      "latency_ns" : {
        "2" : 0.000000,
        "4" : 0.000000,
        "10" : 0.000000,
        "20" : 0.000000,
        "50" : 0.000000,
        "100" : 0.000000,
        "250" : 0.000000,
        "500" : 0.000000,
        "750" : 0.000000,
        "1000" : 0.000000
      },
      "latency_us" : {
        "2" : 0.000000,
        "4" : 0.000000,
        "10" : 0.000000,
        "20" : 0.010000,
        "50" : 0.010000,
        "100" : 0.000000,
        "250" : 0.000000,
        "500" : 0.000000,
        "750" : 0.000000,
        "1000" : 0.000000
      },
      "latency_ms" : {
        "2" : 0.010000,
        "4" : 0.010000,
        "10" : 0.010000,
        "20" : 0.010000,
        "50" : 0.015296,
        "100" : 0.023304,
        "250" : 0.061635,
        "500" : 8.848313,
        "750" : 91.040835,
        "1000" : 0.000000,
        "2000" : 0.000000,
        ">=2000" : 0.000000
      },
      "latency_depth" : 256,
      "latency_target" : 0,
      "latency_percentile" : 100.000000,
      "latency_window" : 0
    }
  ]
}
