{
  "fio version" : "fio-3.27",
  "timestamp" : 1627430005,
  "timestamp_ms" : 1627430005657,
  "time" : "Wed Jul 28 01:53:25 2021",
  "jobs" : [
    {
      "jobname" : "seq-read",
      "groupid" : 0,
      "error" : 0,
      "eta" : 0,
      "elapsed" : 301,
      "job options" : {
        "bs" : "4K",
        "iodepth" : "256",
        "direct" : "1",
        "ioengine" : "libaio",
        "time_based" : "1",
        "runtime" : "300",
        "numjobs" : "2",
        "size" : "1g",
        "name" : "seq-read",
        "rw" : "read",
        "directory" : "/scratch/snx2000/ccocha/seqread/96_node/",
        "filename_format" : "$jobname.60.$jobnum.$filenum"
      },
      "read" : {
        "io_bytes" : 3704766464,
        "io_kbytes" : 3617936,
        "bw_bytes" : 12349180,
        "bw" : 12059,
        "iops" : 3014.936617,
        "runtime" : 300001,
        "total_ios" : 904484,
        "short_ios" : 0,
        "drop_ios" : 0,
        "slat_ns" : {
          "min" : 366264,
          "max" : 70120604,
          "mean" : 648133.064578,
          "stddev" : 949301.104475,
          "N" : 904484
        },
        "clat_ns" : {
          "min" : 11900,
          "max" : 359648991,
          "mean" : 169069868.646993,
          "stddev" : 26800893.325307,
          "N" : 904484,
          "percentile" : {
            "1.000000" : 135266304,
            "5.000000" : 139460608,
            "10.000000" : 143654912,
            "20.000000" : 147849216,
            "30.000000" : 152043520,
            "40.000000" : 158334976,
            "50.000000" : 162529280,
            "60.000000" : 168820736,
            "70.000000" : 175112192,
            "80.000000" : 185597952,
            "90.000000" : 204472320,
            "95.000000" : 221249536,
            "99.000000" : 265289728,
            "99.500000" : 278921216,
            "99.900000" : 320864256,
            "99.950000" : 341835776,
            "99.990000" : 354418688
          }
        },
        "lat_ns" : {
          "min" : 468906,
          "max" : 360282589,
          "mean" : 169719905.547362,
          "stddev" : 26864663.710621,
          "N" : 904484
        },
        "bw_min" : 5488,
        "bw_max" : 14736,
        "bw_agg" : 99.985521,
        "bw_mean" : 12058.809683,
        "bw_dev" : 572.599694,
        "bw_samples" : 1198,
        "iops_min" : 1372,
        "iops_max" : 3684,
        "iops_mean" : 3014.681135,
        "iops_stddev" : 143.151975,
        "iops_samples" : 1198
      },
      "write" : {
        "io_bytes" : 0,
        "io_kbytes" : 0,
        "bw_bytes" : 0,
        "bw" : 0,
        "iops" : 0.000000,
        "runtime" : 0,
        "total_ios" : 0,
        "short_ios" : 0,
        "drop_ios" : 0,
        "slat_ns" : {
          "min" : 0,
          "max" : 0,
          "mean" : 0.000000,
          "stddev" : 0.000000,
          "N" : 0
        },
        "clat_ns" : {
          "min" : 0,
          "max" : 0,
          "mean" : 0.000000,
          "stddev" : 0.000000,
          "N" : 0
        },
        "lat_ns" : {
          "min" : 0,
          "max" : 0,
          "mean" : 0.000000,
          "stddev" : 0.000000,
          "N" : 0
        },
        "bw_min" : 0,
        "bw_max" : 0,
        "bw_agg" : 0.000000,
        "bw_mean" : 0.000000,
        "bw_dev" : 0.000000,
        "bw_samples" : 0,
        "iops_min" : 0,
        "iops_max" : 0,
        "iops_mean" : 0.000000,
        "iops_stddev" : 0.000000,
        "iops_samples" : 0
      },
      "trim" : {
        "io_bytes" : 0,
        "io_kbytes" : 0,
        "bw_bytes" : 0,
        "bw" : 0,
        "iops" : 0.000000,
        "runtime" : 0,
        "total_ios" : 0,
        "short_ios" : 0,
        "drop_ios" : 0,
        "slat_ns" : {
          "min" : 0,
          "max" : 0,
          "mean" : 0.000000,
          "stddev" : 0.000000,
          "N" : 0
        },
        "clat_ns" : {
          "min" : 0,
          "max" : 0,
          "mean" : 0.000000,
          "stddev" : 0.000000,
          "N" : 0
        },
        "lat_ns" : {
          "min" : 0,
          "max" : 0,
          "mean" : 0.000000,
          "stddev" : 0.000000,
          "N" : 0
        },
        "bw_min" : 0,
        "bw_max" : 0,
        "bw_agg" : 0.000000,
        "bw_mean" : 0.000000,
        "bw_dev" : 0.000000,
        "bw_samples" : 0,
        "iops_min" : 0,
        "iops_max" : 0,
        "iops_mean" : 0.000000,
        "iops_stddev" : 0.000000,
        "iops_samples" : 0
      },
      "sync" : {
        "total_ios" : 0,
        "lat_ns" : {
          "min" : 0,
          "max" : 0,
          "mean" : 0.000000,
          "stddev" : 0.000000,
          "N" : 0
        }
      },
      "job_runtime" : 600000,
      "usr_cpu" : 2.308167,
      "sys_cpu" : 18.079833,
      "ctx" : 904528,
      "majf" : 0,
      "minf" : 591,
      "iodepth_level" : {
        "1" : 0.100000,
        "2" : 0.100000,
        "4" : 0.100000,
        "8" : 0.100000,
        "16" : 0.100000,
        "32" : 0.100000,
        ">=64" : 99.986069
      },
      "iodepth_submit" : {
        "0" : 0.000000,
        "4" : 100.000000,
        "8" : 0.000000,
        "16" : 0.000000,
        "32" : 0.000000,
        "64" : 0.000000,
        ">=64" : 0.000000
      },
      "iodepth_complete" : {
        "0" : 0.000000,
        "4" : 99.999779,
        "8" : 0.000000,
        "16" : 0.000000,
        "32" : 0.000000,
        "64" : 0.000000,
        ">=64" : 0.100000
      },
      "latency_ns" : {
        "2" : 0.000000,
        "4" : 0.000000,
        "10" : 0.000000,
        "20" : 0.000000,
        "50" : 0.000000,
        "100" : 0.000000,
        "250" : 0.000000,
        "500" : 0.000000,
        "750" : 0.000000,
        "1000" : 0.000000
      },
      "latency_us" : {
        "2" : 0.000000,
        "4" : 0.000000,
        "10" : 0.000000,
        "20" : 0.010000,
        "50" : 0.000000,
        "100" : 0.000000,
        "250" : 0.000000,
        "500" : 0.010000,
        "750" : 0.010000,
        "1000" : 0.010000
      },
      "latency_ms" : {
        "2" : 0.010000,
        "4" : 0.010000,
        "10" : 0.010000,
        "20" : 0.010000,
        "50" : 0.011167,
        "100" : 0.019016,
        "250" : 98.208592,
        "500" : 1.753486,
        "750" : 0.000000,
        "1000" : 0.000000,
        "2000" : 0.000000,
        ">=2000" : 0.000000
      },
      "latency_depth" : 256,
      "latency_target" : 0,
      "latency_percentile" : 100.000000,
      "latency_window" : 0
    }
  ]
}
