{
  "fio version" : "fio-3.27",
  "timestamp" : 1627431937,
  "timestamp_ms" : 1627431937105,
  "time" : "Wed Jul 28 02:25:37 2021",
  "jobs" : [
    {
      "jobname" : "seq-read",
      "groupid" : 0,
      "error" : 0,
      "eta" : 0,
      "elapsed" : 301,
      "job options" : {
        "bs" : "4K",
        "iodepth" : "256",
        "direct" : "1",
        "ioengine" : "libaio",
        "time_based" : "1",
        "runtime" : "300",
        "numjobs" : "32",
        "size" : "1g",
        "name" : "seq-read",
        "rw" : "read",
        "directory" : "/scratch/snx2000/ccocha/seqread/96_node/",
        "filename_format" : "$jobname.20.$jobnum.$filenum"
      },
      "read" : {
        "io_bytes" : 6951022592,
        "io_kbytes" : 6788108,
        "bw_bytes" : 23169071,
        "bw" : 22626,
        "iops" : 5656.511551,
        "runtime" : 300013,
        "total_ios" : 1697027,
        "short_ios" : 0,
        "drop_ios" : 0,
        "slat_ns" : {
          "min" : 488586,
          "max" : 322301857,
          "mean" : 5634295.506624,
          "stddev" : 3438625.032242,
          "N" : 1697027
        },
        "clat_ns" : {
          "min" : 14900,
          "max" : 2919823747,
          "mean" : 1441179438.342797,
          "stddev" : 163160041.696327,
          "N" : 1697027,
          "percentile" : {
            "1.000000" : 1052770304,
            "5.000000" : 1283457024,
            "10.000000" : 1317011456,
            "20.000000" : 1350565888,
            "30.000000" : 1367343104,
            "40.000000" : 1400897536,
            "50.000000" : 1417674752,
            "60.000000" : 1434451968,
            "70.000000" : 1468006400,
            "80.000000" : 1518338048,
            "90.000000" : 1635778560,
            "95.000000" : 1736441856,
            "99.000000" : 1988100096,
            "99.500000" : 2038431744,
            "99.900000" : 2197815296,
            "99.950000" : 2264924160,
            "99.990000" : 2868903936
          }
        },
        "lat_ns" : {
          "min" : 3206735,
          "max" : 2925807981,
          "mean" : 1446816865.946950,
          "stddev" : 163612226.537601,
          "N" : 1697027
        },
        "bw_min" : 4656,
        "bw_max" : 36112,
        "bw_agg" : 99.743455,
        "bw_mean" : 22568.026756,
        "bw_dev" : 102.759903,
        "bw_samples" : 19136,
        "iops_min" : 1164,
        "iops_max" : 9028,
        "iops_mean" : 5641.478261,
        "iops_stddev" : 25.689462,
        "iops_samples" : 19136
      },
      "write" : {
        "io_bytes" : 0,
        "io_kbytes" : 0,
        "bw_bytes" : 0,
        "bw" : 0,
        "iops" : 0.000000,
        "runtime" : 0,
        "total_ios" : 0,
        "short_ios" : 0,
        "drop_ios" : 0,
        "slat_ns" : {
          "min" : 0,
          "max" : 0,
          "mean" : 0.000000,
          "stddev" : 0.000000,
          "N" : 0
        },
        "clat_ns" : {
          "min" : 0,
          "max" : 0,
          "mean" : 0.000000,
          "stddev" : 0.000000,
          "N" : 0
        },
        "lat_ns" : {
          "min" : 0,
          "max" : 0,
          "mean" : 0.000000,
          "stddev" : 0.000000,
          "N" : 0
        },
        "bw_min" : 0,
        "bw_max" : 0,
        "bw_agg" : 0.000000,
        "bw_mean" : 0.000000,
        "bw_dev" : 0.000000,
        "bw_samples" : 0,
        "iops_min" : 0,
        "iops_max" : 0,
        "iops_mean" : 0.000000,
        "iops_stddev" : 0.000000,
        "iops_samples" : 0
      },
      "trim" : {
        "io_bytes" : 0,
        "io_kbytes" : 0,
        "bw_bytes" : 0,
        "bw" : 0,
        "iops" : 0.000000,
        "runtime" : 0,
        "total_ios" : 0,
        "short_ios" : 0,
        "drop_ios" : 0,
        "slat_ns" : {
          "min" : 0,
          "max" : 0,
          "mean" : 0.000000,
          "stddev" : 0.000000,
          "N" : 0
        },
        "clat_ns" : {
          "min" : 0,
          "max" : 0,
          "mean" : 0.000000,
          "stddev" : 0.000000,
          "N" : 0
        },
        "lat_ns" : {
          "min" : 0,
          "max" : 0,
          "mean" : 0.000000,
          "stddev" : 0.000000,
          "N" : 0
        },
        "bw_min" : 0,
        "bw_max" : 0,
        "bw_agg" : 0.000000,
        "bw_mean" : 0.000000,
        "bw_dev" : 0.000000,
        "bw_samples" : 0,
        "iops_min" : 0,
        "iops_max" : 0,
        "iops_mean" : 0.000000,
        "iops_stddev" : 0.000000,
        "iops_samples" : 0
      },
      "sync" : {
        "total_ios" : 0,
        "lat_ns" : {
          "min" : 0,
          "max" : 0,
          "mean" : 0.000000,
          "stddev" : 0.000000,
          "N" : 0
        }
      },
      "job_runtime" : 9600080,
      "usr_cpu" : 0.458350,
      "sys_cpu" : 2.888122,
      "ctx" : 1697392,
      "majf" : 0,
      "minf" : 9478,
      "iodepth_level" : {
        "1" : 0.100000,
        "2" : 0.100000,
        "4" : 0.100000,
        "8" : 0.100000,
        "16" : 0.100000,
        "32" : 0.100000,
        ">=64" : 99.881204
      },
      "iodepth_submit" : {
        "0" : 0.000000,
        "4" : 100.000000,
        "8" : 0.000000,
        "16" : 0.000000,
        "32" : 0.000000,
        "64" : 0.000000,
        ">=64" : 0.000000
      },
      "iodepth_complete" : {
        "0" : 0.000000,
        "4" : 99.998105,
        "8" : 0.000000,
        "16" : 0.000000,
        "32" : 0.000000,
        "64" : 0.000000,
        ">=64" : 0.100000
      },
      "latency_ns" : {
        "2" : 0.000000,
        "4" : 0.000000,
        "10" : 0.000000,
        "20" : 0.000000,
        "50" : 0.000000,
        "100" : 0.000000,
        "250" : 0.000000,
        "500" : 0.000000,
        "750" : 0.000000,
        "1000" : 0.000000
      },
      "latency_us" : {
        "2" : 0.000000,
        "4" : 0.000000,
        "10" : 0.000000,
        "20" : 0.010000,
        "50" : 0.010000,
        "100" : 0.010000,
        "250" : 0.000000,
        "500" : 0.000000,
        "750" : 0.000000,
        "1000" : 0.000000
      },
      "latency_ms" : {
        "2" : 0.000000,
        "4" : 0.010000,
        "10" : 0.010000,
        "20" : 0.010000,
        "50" : 0.012551,
        "100" : 0.020271,
        "250" : 0.057100,
        "500" : 0.086033,
        "750" : 0.200586,
        "1000" : 0.470470,
        "2000" : 98.288301,
        ">=2000" : 0.855614
      },
      "latency_depth" : 256,
      "latency_target" : 0,
      "latency_percentile" : 100.000000,
      "latency_window" : 0
    }
  ]
}
