{
  "fio version" : "fio-3.27",
  "timestamp" : 1627425790,
  "timestamp_ms" : 1627425790681,
  "time" : "Wed Jul 28 00:43:10 2021",
  "jobs" : [
    {
      "jobname" : "seq-read",
      "groupid" : 0,
      "error" : 0,
      "eta" : 0,
      "elapsed" : 301,
      "job options" : {
        "bs" : "4K",
        "iodepth" : "256",
        "direct" : "1",
        "ioengine" : "libaio",
        "time_based" : "1",
        "runtime" : "300",
        "numjobs" : "64",
        "size" : "1g",
        "name" : "seq-read",
        "rw" : "read",
        "directory" : "/scratch/snx2000/ccocha/seqread/32_node/",
        "filename_format" : "$jobname.10.$jobnum.$filenum"
      },
      "read" : {
        "io_bytes" : 21677666304,
        "io_kbytes" : 21169596,
        "bw_bytes" : 72256960,
        "bw" : 70563,
        "iops" : 17640.859577,
        "runtime" : 300008,
        "total_ios" : 5292399,
        "short_ios" : 0,
        "drop_ios" : 0,
        "slat_ns" : {
          "min" : 556915,
          "max" : 96786809,
          "mean" : 3604594.612224,
          "stddev" : 1192538.174476,
          "N" : 5292399
        },
        "clat_ns" : {
          "min" : 13350,
          "max" : 1398483733,
          "mean" : 923779559.605326,
          "stddev" : 164903290.376756,
          "N" : 5292399,
          "percentile" : {
            "1.000000" : 708837376,
            "5.000000" : 759169024,
            "10.000000" : 775946240,
            "20.000000" : 801112064,
            "30.000000" : 809500672,
            "40.000000" : 826277888,
            "50.000000" : 843055104,
            "60.000000" : 868220928,
            "70.000000" : 1035993088,
            "80.000000" : 1098907648,
            "90.000000" : 1199570944,
            "95.000000" : 1233125376,
            "99.000000" : 1283457024,
            "99.500000" : 1300234240,
            "99.900000" : 1333788672,
            "99.950000" : 1350565888,
            "99.990000" : 1367343104
          }
        },
        "lat_ns" : {
          "min" : 1754034,
          "max" : 1403589685,
          "mean" : 927387444.211108,
          "stddev" : 165523729.820032,
          "N" : 5292399
        },
        "bw_min" : 38400,
        "bw_max" : 84235,
        "bw_agg" : 99.983791,
        "bw_mean" : 70552.761393,
        "bw_dev" : 58.202225,
        "bw_samples" : 38255,
        "iops_min" : 9602,
        "iops_max" : 21052,
        "iops_mean" : 17633.249962,
        "iops_stddev" : 14.573949,
        "iops_samples" : 38255
      },
      "write" : {
        "io_bytes" : 0,
        "io_kbytes" : 0,
        "bw_bytes" : 0,
        "bw" : 0,
        "iops" : 0.000000,
        "runtime" : 0,
        "total_ios" : 0,
        "short_ios" : 0,
        "drop_ios" : 0,
        "slat_ns" : {
          "min" : 0,
          "max" : 0,
          "mean" : 0.000000,
          "stddev" : 0.000000,
          "N" : 0
        },
        "clat_ns" : {
          "min" : 0,
          "max" : 0,
          "mean" : 0.000000,
          "stddev" : 0.000000,
          "N" : 0
        },
        "lat_ns" : {
          "min" : 0,
          "max" : 0,
          "mean" : 0.000000,
          "stddev" : 0.000000,
          "N" : 0
        },
        "bw_min" : 0,
        "bw_max" : 0,
        "bw_agg" : 0.000000,
        "bw_mean" : 0.000000,
        "bw_dev" : 0.000000,
        "bw_samples" : 0,
        "iops_min" : 0,
        "iops_max" : 0,
        "iops_mean" : 0.000000,
        "iops_stddev" : 0.000000,
        "iops_samples" : 0
      },
      "trim" : {
        "io_bytes" : 0,
        "io_kbytes" : 0,
        "bw_bytes" : 0,
        "bw" : 0,
        "iops" : 0.000000,
        "runtime" : 0,
        "total_ios" : 0,
        "short_ios" : 0,
        "drop_ios" : 0,
        "slat_ns" : {
          "min" : 0,
          "max" : 0,
          "mean" : 0.000000,
          "stddev" : 0.000000,
          "N" : 0
        },
        "clat_ns" : {
          "min" : 0,
          "max" : 0,
          "mean" : 0.000000,
          "stddev" : 0.000000,
          "N" : 0
        },
        "lat_ns" : {
          "min" : 0,
          "max" : 0,
          "mean" : 0.000000,
          "stddev" : 0.000000,
          "N" : 0
        },
        "bw_min" : 0,
        "bw_max" : 0,
        "bw_agg" : 0.000000,
        "bw_mean" : 0.000000,
        "bw_dev" : 0.000000,
        "bw_samples" : 0,
        "iops_min" : 0,
        "iops_max" : 0,
        "iops_mean" : 0.000000,
        "iops_stddev" : 0.000000,
        "iops_samples" : 0
      },
      "sync" : {
        "total_ios" : 0,
        "lat_ns" : {
          "min" : 0,
          "max" : 0,
          "mean" : 0.000000,
          "stddev" : 0.000000,
          "N" : 0
        }
      },
      "job_runtime" : 19200072,
      "usr_cpu" : 0.754456,
      "sys_cpu" : 4.433041,
      "ctx" : 5293379,
      "majf" : 0,
      "minf" : 18948,
      "iodepth_level" : {
        "1" : 0.100000,
        "2" : 0.100000,
        "4" : 0.100000,
        "8" : 0.100000,
        "16" : 0.100000,
        "32" : 0.100000,
        ">=64" : 99.923815
      },
      "iodepth_submit" : {
        "0" : 0.000000,
        "4" : 100.000000,
        "8" : 0.000000,
        "16" : 0.000000,
        "32" : 0.000000,
        "64" : 0.000000,
        ">=64" : 0.000000
      },
      "iodepth_complete" : {
        "0" : 0.000000,
        "4" : 99.998787,
        "8" : 0.000000,
        "16" : 0.000000,
        "32" : 0.000000,
        "64" : 0.000000,
        ">=64" : 0.100000
      },
      "latency_ns" : {
        "2" : 0.000000,
        "4" : 0.000000,
        "10" : 0.000000,
        "20" : 0.000000,
        "50" : 0.000000,
        "100" : 0.000000,
        "250" : 0.000000,
        "500" : 0.000000,
        "750" : 0.000000,
        "1000" : 0.000000
      },
      "latency_us" : {
        "2" : 0.000000,
        "4" : 0.000000,
        "10" : 0.000000,
        "20" : 0.010000,
        "50" : 0.010000,
        "100" : 0.000000,
        "250" : 0.000000,
        "500" : 0.000000,
        "750" : 0.000000,
        "1000" : 0.000000
      },
      "latency_ms" : {
        "2" : 0.010000,
        "4" : 0.010000,
        "10" : 0.010000,
        "20" : 0.010000,
        "50" : 0.011299,
        "100" : 0.019046,
        "250" : 0.057176,
        "500" : 0.095684,
        "750" : 3.828207,
        "1000" : 62.365082,
        "2000" : 33.615417,
        ">=2000" : 0.000000
      },
      "latency_depth" : 256,
      "latency_target" : 0,
      "latency_percentile" : 100.000000,
      "latency_window" : 0
    }
  ]
}
