{
  "fio version" : "fio-3.27",
  "timestamp" : 1627031000,
  "timestamp_ms" : 1627031000453,
  "time" : "Fri Jul 23 11:03:20 2021",
  "jobs" : [
    {
      "jobname" : "randrw",
      "groupid" : 0,
      "error" : 0,
      "eta" : 0,
      "elapsed" : 302,
      "job options" : {
        "bs" : "4K",
        "iodepth" : "256",
        "direct" : "0",
        "ioengine" : "libaio",
        "time_based" : "1",
        "runtime" : "300",
        "numjobs" : "32",
        "size" : "1g",
        "name" : "randrw",
        "rw" : "randrw",
        "directory" : "/scratch/snx2000/ccocha/randrw/150_node",
        "filename_format" : "$jobname.36.$jobnum.$filenum"
      },
      "read" : {
        "io_bytes" : 62713856,
        "io_kbytes" : 61244,
        "bw_bytes" : 208506,
        "bw" : 203,
        "iops" : 50.904823,
        "runtime" : 300777,
        "total_ios" : 15311,
        "short_ios" : 0,
        "drop_ios" : 0,
        "slat_ns" : {
          "min" : 17114059,
          "max" : 68819997037,
          "mean" : 627535464.687872,
          "stddev" : 2522278218.799580,
          "N" : 15311
        },
        "clat_ns" : {
          "min" : 20380,
          "max" : 163482418313,
          "mean" : 79000585137.497482,
          "stddev" : 34643525704.323006,
          "N" : 15311,
          "percentile" : {
            "1.000000" : 6543114240,
            "5.000000" : 8556380160,
            "10.000000" : 17112760320,
            "20.000000" : 17112760320,
            "30.000000" : 17112760320,
            "40.000000" : 17112760320,
            "50.000000" : 17112760320,
            "60.000000" : 17112760320,
            "70.000000" : 17112760320,
            "80.000000" : 17112760320,
            "90.000000" : 17112760320,
            "95.000000" : 17112760320,
            "99.000000" : 17112760320,
            "99.500000" : 17112760320,
            "99.900000" : 17112760320,
            "99.950000" : 17112760320,
            "99.990000" : 17112760320
          }
        },
        "lat_ns" : {
          "min" : 647499098,
          "max" : 164262063291,
          "mean" : 79628124573.204544,
          "stddev" : 34676644573.695564,
          "N" : 15311
        },
        "bw_min" : 256,
        "bw_max" : 2184,
        "bw_agg" : 100.000000,
        "bw_mean" : 482.785800,
        "bw_dev" : 10.413584,
        "bw_samples" : 5953,
        "iops_min" : 64,
        "iops_max" : 546,
        "iops_mean" : 120.696450,
        "iops_stddev" : 2.603396,
        "iops_samples" : 5953
      },
      "write" : {
        "io_bytes" : 62935040,
        "io_kbytes" : 61460,
        "bw_bytes" : 209241,
        "bw" : 204,
        "iops" : 51.084358,
        "runtime" : 300777,
        "total_ios" : 15365,
        "short_ios" : 0,
        "drop_ios" : 0,
        "slat_ns" : {
          "min" : 75400,
          "max" : 2875075,
          "mean" : 130306.931598,
          "stddev" : 82320.403951,
          "N" : 15365
        },
        "clat_ns" : {
          "min" : 647510038,
          "max" : 163949163359,
          "mean" : 78611912644.737442,
          "stddev" : 34103590590.024471,
          "N" : 15365,
          "percentile" : {
            "1.000000" : 6744440832,
            "5.000000" : 8556380160,
            "10.000000" : 17112760320,
            "20.000000" : 17112760320,
            "30.000000" : 17112760320,
            "40.000000" : 17112760320,
            "50.000000" : 17112760320,
            "60.000000" : 17112760320,
            "70.000000" : 17112760320,
            "80.000000" : 17112760320,
            "90.000000" : 17112760320,
            "95.000000" : 17112760320,
            "99.000000" : 17112760320,
            "99.500000" : 17112760320,
            "99.900000" : 17112760320,
            "99.950000" : 17112760320,
            "99.990000" : 17112760320
          }
        },
        "lat_ns" : {
          "min" : 647682051,
          "max" : 163949247230,
          "mean" : 78612044226.455368,
          "stddev" : 34103584834.105721,
          "N" : 15365
        },
        "bw_min" : 256,
        "bw_max" : 2416,
        "bw_agg" : 100.000000,
        "bw_mean" : 482.898273,
        "bw_dev" : 10.862068,
        "bw_samples" : 5955,
        "iops_min" : 64,
        "iops_max" : 604,
        "iops_mean" : 120.724568,
        "iops_stddev" : 2.715517,
        "iops_samples" : 5955
      },
      "trim" : {
        "io_bytes" : 0,
        "io_kbytes" : 0,
        "bw_bytes" : 0,
        "bw" : 0,
        "iops" : 0.000000,
        "runtime" : 0,
        "total_ios" : 0,
        "short_ios" : 0,
        "drop_ios" : 0,
        "slat_ns" : {
          "min" : 0,
          "max" : 0,
          "mean" : 0.000000,
          "stddev" : 0.000000,
          "N" : 0
        },
        "clat_ns" : {
          "min" : 0,
          "max" : 0,
          "mean" : 0.000000,
          "stddev" : 0.000000,
          "N" : 0
        },
        "lat_ns" : {
          "min" : 0,
          "max" : 0,
          "mean" : 0.000000,
          "stddev" : 0.000000,
          "N" : 0
        },
        "bw_min" : 0,
        "bw_max" : 0,
        "bw_agg" : 0.000000,
        "bw_mean" : 0.000000,
        "bw_dev" : 0.000000,
        "bw_samples" : 0,
        "iops_min" : 0,
        "iops_max" : 0,
        "iops_mean" : 0.000000,
        "iops_stddev" : 0.000000,
        "iops_samples" : 0
      },
      "sync" : {
        "total_ios" : 0,
        "lat_ns" : {
          "min" : 0,
          "max" : 0,
          "mean" : 0.000000,
          "stddev" : 0.000000,
          "N" : 0
        }
      },
      "job_runtime" : 9610887,
      "usr_cpu" : 0.006794,
      "sys_cpu" : 0.050932,
      "ctx" : 15599,
      "majf" : 0,
      "minf" : 1304,
      "iodepth_level" : {
        "1" : 0.104316,
        "2" : 0.208632,
        "4" : 0.417264,
        "8" : 0.834529,
        "16" : 1.669057,
        "32" : 3.338114,
        ">=64" : 93.428087
      },
      "iodepth_submit" : {
        "0" : 0.000000,
        "4" : 100.000000,
        "8" : 0.000000,
        "16" : 0.000000,
        "32" : 0.000000,
        "64" : 0.000000,
        ">=64" : 0.000000
      },
      "iodepth_complete" : {
        "0" : 0.000000,
        "4" : 99.858081,
        "8" : 0.000000,
        "16" : 0.000000,
        "32" : 0.000000,
        "64" : 0.000000,
        ">=64" : 0.141919
      },
      "latency_ns" : {
        "2" : 0.000000,
        "4" : 0.000000,
        "10" : 0.000000,
        "20" : 0.000000,
        "50" : 0.000000,
        "100" : 0.000000,
        "250" : 0.000000,
        "500" : 0.000000,
        "750" : 0.000000,
        "1000" : 0.000000
      },
      "latency_us" : {
        "2" : 0.000000,
        "4" : 0.000000,
        "10" : 0.000000,
        "20" : 0.000000,
        "50" : 0.104316,
        "100" : 0.000000,
        "250" : 0.000000,
        "500" : 0.000000,
        "750" : 0.000000,
        "1000" : 0.000000
      },
      "latency_ms" : {
        "2" : 0.000000,
        "4" : 0.000000,
        "10" : 0.000000,
        "20" : 0.000000,
        "50" : 0.000000,
        "100" : 0.000000,
        "250" : 0.000000,
        "500" : 0.000000,
        "750" : 0.022819,
        "1000" : 0.107576,
        "2000" : 0.068457,
        ">=2000" : 99.696831
      },
      "latency_depth" : 256,
      "latency_target" : 0,
      "latency_percentile" : 100.000000,
      "latency_window" : 0
    }
  ]
}
