{
  "fio version" : "fio-3.27",
  "timestamp" : 1627424803,
  "timestamp_ms" : 1627424803707,
  "time" : "Wed Jul 28 00:26:43 2021",
  "jobs" : [
    {
      "jobname" : "seq-read",
      "groupid" : 0,
      "error" : 0,
      "eta" : 0,
      "elapsed" : 301,
      "job options" : {
        "bs" : "4K",
        "iodepth" : "256",
        "direct" : "1",
        "ioengine" : "libaio",
        "time_based" : "1",
        "runtime" : "300",
        "numjobs" : "32",
        "size" : "1g",
        "name" : "seq-read",
        "rw" : "read",
        "directory" : "/scratch/snx2000/ccocha/seqread/32_node/",
        "filename_format" : "$jobname.23.$jobnum.$filenum"
      },
      "read" : {
        "io_bytes" : 21980315648,
        "io_kbytes" : 21465152,
        "bw_bytes" : 73266741,
        "bw" : 71549,
        "iops" : 17887.388168,
        "runtime" : 300004,
        "total_ios" : 5366288,
        "short_ios" : 0,
        "drop_ios" : 0,
        "slat_ns" : {
          "min" : 519496,
          "max" : 122812976,
          "mean" : 1767951.892896,
          "stddev" : 882756.069946,
          "N" : 5366288
        },
        "clat_ns" : {
          "min" : 12970,
          "max" : 717127627,
          "mean" : 455826979.488375,
          "stddev" : 34390253.885270,
          "N" : 5366288,
          "percentile" : {
            "1.000000" : 400556032,
            "5.000000" : 413138944,
            "10.000000" : 417333248,
            "20.000000" : 429916160,
            "30.000000" : 434110464,
            "40.000000" : 442499072,
            "50.000000" : 450887680,
            "60.000000" : 459276288,
            "70.000000" : 471859200,
            "80.000000" : 480247808,
            "90.000000" : 497025024,
            "95.000000" : 513802240,
            "99.000000" : 549453824,
            "99.500000" : 566231040,
            "99.900000" : 624951296,
            "99.950000" : 650117120,
            "99.990000" : 683671552
          }
        },
        "lat_ns" : {
          "min" : 1127483,
          "max" : 719121301,
          "mean" : 457597712.364166,
          "stddev" : 34493192.194392,
          "N" : 5366288
        },
        "bw_min" : 10264,
        "bw_max" : 80124,
        "bw_agg" : 99.894406,
        "bw_mean" : 71474.502091,
        "bw_dev" : 146.170438,
        "bw_samples" : 19165,
        "iops_min" : 2566,
        "iops_max" : 20029,
        "iops_mean" : 17868.301534,
        "iops_stddev" : 36.553790,
        "iops_samples" : 19165
      },
      "write" : {
        "io_bytes" : 0,
        "io_kbytes" : 0,
        "bw_bytes" : 0,
        "bw" : 0,
        "iops" : 0.000000,
        "runtime" : 0,
        "total_ios" : 0,
        "short_ios" : 0,
        "drop_ios" : 0,
        "slat_ns" : {
          "min" : 0,
          "max" : 0,
          "mean" : 0.000000,
          "stddev" : 0.000000,
          "N" : 0
        },
        "clat_ns" : {
          "min" : 0,
          "max" : 0,
          "mean" : 0.000000,
          "stddev" : 0.000000,
          "N" : 0
        },
        "lat_ns" : {
          "min" : 0,
          "max" : 0,
          "mean" : 0.000000,
          "stddev" : 0.000000,
          "N" : 0
        },
        "bw_min" : 0,
        "bw_max" : 0,
        "bw_agg" : 0.000000,
        "bw_mean" : 0.000000,
        "bw_dev" : 0.000000,
        "bw_samples" : 0,
        "iops_min" : 0,
        "iops_max" : 0,
        "iops_mean" : 0.000000,
        "iops_stddev" : 0.000000,
        "iops_samples" : 0
      },
      "trim" : {
        "io_bytes" : 0,
        "io_kbytes" : 0,
        "bw_bytes" : 0,
        "bw" : 0,
        "iops" : 0.000000,
        "runtime" : 0,
        "total_ios" : 0,
        "short_ios" : 0,
        "drop_ios" : 0,
        "slat_ns" : {
          "min" : 0,
          "max" : 0,
          "mean" : 0.000000,
          "stddev" : 0.000000,
          "N" : 0
        },
        "clat_ns" : {
          "min" : 0,
          "max" : 0,
          "mean" : 0.000000,
          "stddev" : 0.000000,
          "N" : 0
        },
        "lat_ns" : {
          "min" : 0,
          "max" : 0,
          "mean" : 0.000000,
          "stddev" : 0.000000,
          "N" : 0
        },
        "bw_min" : 0,
        "bw_max" : 0,
        "bw_agg" : 0.000000,
        "bw_mean" : 0.000000,
        "bw_dev" : 0.000000,
        "bw_samples" : 0,
        "iops_min" : 0,
        "iops_max" : 0,
        "iops_mean" : 0.000000,
        "iops_stddev" : 0.000000,
        "iops_samples" : 0
      },
      "sync" : {
        "total_ios" : 0,
        "lat_ns" : {
          "min" : 0,
          "max" : 0,
          "mean" : 0.000000,
          "stddev" : 0.000000,
          "N" : 0
        }
      },
      "job_runtime" : 9600025,
      "usr_cpu" : 1.373778,
      "sys_cpu" : 8.399614,
      "ctx" : 5367011,
      "majf" : 0,
      "minf" : 9477,
      "iodepth_level" : {
        "1" : 0.100000,
        "2" : 0.100000,
        "4" : 0.100000,
        "8" : 0.100000,
        "16" : 0.100000,
        "32" : 0.100000,
        ">=64" : 99.962432
      },
      "iodepth_submit" : {
        "0" : 0.000000,
        "4" : 100.000000,
        "8" : 0.000000,
        "16" : 0.000000,
        "32" : 0.000000,
        "64" : 0.000000,
        ">=64" : 0.000000
      },
      "iodepth_complete" : {
        "0" : 0.000000,
        "4" : 99.999403,
        "8" : 0.000000,
        "16" : 0.000000,
        "32" : 0.000000,
        "64" : 0.000000,
        ">=64" : 0.100000
      },
      "latency_ns" : {
        "2" : 0.000000,
        "4" : 0.000000,
        "10" : 0.000000,
        "20" : 0.000000,
        "50" : 0.000000,
        "100" : 0.000000,
        "250" : 0.000000,
        "500" : 0.000000,
        "750" : 0.000000,
        "1000" : 0.000000
      },
      "latency_us" : {
        "2" : 0.000000,
        "4" : 0.000000,
        "10" : 0.000000,
        "20" : 0.010000,
        "50" : 0.010000,
        "100" : 0.000000,
        "250" : 0.000000,
        "500" : 0.000000,
        "750" : 0.000000,
        "1000" : 0.000000
      },
      "latency_ms" : {
        "2" : 0.010000,
        "4" : 0.010000,
        "10" : 0.010000,
        "20" : 0.010000,
        "50" : 0.011125,
        "100" : 0.018281,
        "250" : 0.054973,
        "500" : 90.836794,
        "750" : 9.071187,
        "1000" : 0.000000,
        "2000" : 0.000000,
        ">=2000" : 0.000000
      },
      "latency_depth" : 256,
      "latency_target" : 0,
      "latency_percentile" : 100.000000,
      "latency_window" : 0
    }
  ]
}
