{
  "fio version" : "fio-3.27",
  "timestamp" : 1627423276,
  "timestamp_ms" : 1627423276246,
  "time" : "Wed Jul 28 00:01:16 2021",
  "jobs" : [
    {
      "jobname" : "seq-read",
      "groupid" : 0,
      "error" : 0,
      "eta" : 0,
      "elapsed" : 301,
      "job options" : {
        "bs" : "4K",
        "iodepth" : "256",
        "direct" : "1",
        "ioengine" : "libaio",
        "time_based" : "1",
        "runtime" : "300",
        "numjobs" : "4",
        "size" : "1g",
        "name" : "seq-read",
        "rw" : "read",
        "directory" : "/scratch/snx2000/ccocha/seqread/32_node/",
        "filename_format" : "$jobname.27.$jobnum.$filenum"
      },
      "read" : {
        "io_bytes" : 7301595136,
        "io_kbytes" : 7130464,
        "bw_bytes" : 24338163,
        "bw" : 23767,
        "iops" : 5941.934495,
        "runtime" : 300006,
        "total_ios" : 1782616,
        "short_ios" : 0,
        "drop_ios" : 0,
        "slat_ns" : {
          "min" : 366997,
          "max" : 207195516,
          "mean" : 657706.439868,
          "stddev" : 894713.595527,
          "N" : 1782616
        },
        "clat_ns" : {
          "min" : 12450,
          "max" : 447621252,
          "mean" : 171593535.424088,
          "stddev" : 24591912.994925,
          "N" : 1782616,
          "percentile" : {
            "1.000000" : 141557760,
            "5.000000" : 147849216,
            "10.000000" : 149946368,
            "20.000000" : 154140672,
            "30.000000" : 158334976,
            "40.000000" : 160432128,
            "50.000000" : 164626432,
            "60.000000" : 168820736,
            "70.000000" : 175112192,
            "80.000000" : 183500800,
            "90.000000" : 200278016,
            "95.000000" : 217055232,
            "99.000000" : 267386880,
            "99.500000" : 287309824,
            "99.900000" : 346030080,
            "99.950000" : 371195904,
            "99.990000" : 434110464
          }
        },
        "lat_ns" : {
          "min" : 599000,
          "max" : 448286863,
          "mean" : 172253074.025546,
          "stddev" : 24648547.809198,
          "N" : 1782616
        },
        "bw_min" : 12272,
        "bw_max" : 27928,
        "bw_agg" : 99.984276,
        "bw_mean" : 23764.711547,
        "bw_dev" : 526.775409,
        "bw_samples" : 2397,
        "iops_min" : 3068,
        "iops_max" : 6982,
        "iops_mean" : 5940.904213,
        "iops_stddev" : 131.720786,
        "iops_samples" : 2397
      },
      "write" : {
        "io_bytes" : 0,
        "io_kbytes" : 0,
        "bw_bytes" : 0,
        "bw" : 0,
        "iops" : 0.000000,
        "runtime" : 0,
        "total_ios" : 0,
        "short_ios" : 0,
        "drop_ios" : 0,
        "slat_ns" : {
          "min" : 0,
          "max" : 0,
          "mean" : 0.000000,
          "stddev" : 0.000000,
          "N" : 0
        },
        "clat_ns" : {
          "min" : 0,
          "max" : 0,
          "mean" : 0.000000,
          "stddev" : 0.000000,
          "N" : 0
        },
        "lat_ns" : {
          "min" : 0,
          "max" : 0,
          "mean" : 0.000000,
          "stddev" : 0.000000,
          "N" : 0
        },
        "bw_min" : 0,
        "bw_max" : 0,
        "bw_agg" : 0.000000,
        "bw_mean" : 0.000000,
        "bw_dev" : 0.000000,
        "bw_samples" : 0,
        "iops_min" : 0,
        "iops_max" : 0,
        "iops_mean" : 0.000000,
        "iops_stddev" : 0.000000,
        "iops_samples" : 0
      },
      "trim" : {
        "io_bytes" : 0,
        "io_kbytes" : 0,
        "bw_bytes" : 0,
        "bw" : 0,
        "iops" : 0.000000,
        "runtime" : 0,
        "total_ios" : 0,
        "short_ios" : 0,
        "drop_ios" : 0,
        "slat_ns" : {
          "min" : 0,
          "max" : 0,
          "mean" : 0.000000,
          "stddev" : 0.000000,
          "N" : 0
        },
        "clat_ns" : {
          "min" : 0,
          "max" : 0,
          "mean" : 0.000000,
          "stddev" : 0.000000,
          "N" : 0
        },
        "lat_ns" : {
          "min" : 0,
          "max" : 0,
          "mean" : 0.000000,
          "stddev" : 0.000000,
          "N" : 0
        },
        "bw_min" : 0,
        "bw_max" : 0,
        "bw_agg" : 0.000000,
        "bw_mean" : 0.000000,
        "bw_dev" : 0.000000,
        "bw_samples" : 0,
        "iops_min" : 0,
        "iops_max" : 0,
        "iops_mean" : 0.000000,
        "iops_stddev" : 0.000000,
        "iops_samples" : 0
      },
      "sync" : {
        "total_ios" : 0,
        "lat_ns" : {
          "min" : 0,
          "max" : 0,
          "mean" : 0.000000,
          "stddev" : 0.000000,
          "N" : 0
        }
      },
      "job_runtime" : 1200005,
      "usr_cpu" : 2.308490,
      "sys_cpu" : 17.615093,
      "ctx" : 1782700,
      "majf" : 0,
      "minf" : 1183,
      "iodepth_level" : {
        "1" : 0.100000,
        "2" : 0.100000,
        "4" : 0.100000,
        "8" : 0.100000,
        "16" : 0.100000,
        "32" : 0.100000,
        ">=64" : 99.985863
      },
      "iodepth_submit" : {
        "0" : 0.000000,
        "4" : 100.000000,
        "8" : 0.000000,
        "16" : 0.000000,
        "32" : 0.000000,
        "64" : 0.000000,
        ">=64" : 0.000000
      },
      "iodepth_complete" : {
        "0" : 0.000000,
        "4" : 99.999775,
        "8" : 0.000000,
        "16" : 0.000000,
        "32" : 0.000000,
        "64" : 0.000000,
        ">=64" : 0.100000
      },
      "latency_ns" : {
        "2" : 0.000000,
        "4" : 0.000000,
        "10" : 0.000000,
        "20" : 0.000000,
        "50" : 0.000000,
        "100" : 0.000000,
        "250" : 0.000000,
        "500" : 0.000000,
        "750" : 0.000000,
        "1000" : 0.000000
      },
      "latency_us" : {
        "2" : 0.000000,
        "4" : 0.000000,
        "10" : 0.000000,
        "20" : 0.010000,
        "50" : 0.000000,
        "100" : 0.000000,
        "250" : 0.000000,
        "500" : 0.000000,
        "750" : 0.010000,
        "1000" : 0.000000
      },
      "latency_ms" : {
        "2" : 0.010000,
        "4" : 0.010000,
        "10" : 0.010000,
        "20" : 0.010000,
        "50" : 0.010098,
        "100" : 0.013015,
        "250" : 98.359714,
        "500" : 1.610106,
        "750" : 0.000000,
        "1000" : 0.000000,
        "2000" : 0.000000,
        ">=2000" : 0.000000
      },
      "latency_depth" : 256,
      "latency_target" : 0,
      "latency_percentile" : 100.000000,
      "latency_window" : 0
    }
  ]
}
