{
  "fio version" : "fio-3.27",
  "timestamp" : 1627015450,
  "timestamp_ms" : 1627015450781,
  "time" : "Fri Jul 23 06:44:10 2021",
  "jobs" : [
    {
      "jobname" : "randrw",
      "groupid" : 0,
      "error" : 0,
      "eta" : 0,
      "elapsed" : 302,
      "job options" : {
        "bs" : "4K",
        "iodepth" : "256",
        "direct" : "0",
        "ioengine" : "libaio",
        "time_based" : "1",
        "runtime" : "300",
        "numjobs" : "8",
        "size" : "1g",
        "name" : "randrw",
        "rw" : "randrw",
        "directory" : "/scratch/snx2000/ccocha/randrw/32_node",
        "filename_format" : "$jobname.18.$jobnum.$filenum"
      },
      "read" : {
        "io_bytes" : 363028480,
        "io_kbytes" : 354520,
        "bw_bytes" : 1207302,
        "bw" : 1179,
        "iops" : 294.751475,
        "runtime" : 300694,
        "total_ios" : 88630,
        "short_ios" : 0,
        "drop_ios" : 0,
        "slat_ns" : {
          "min" : 487303,
          "max" : 10111054739,
          "mean" : 26946481.514961,
          "stddev" : 99913609.401818,
          "N" : 88630
        },
        "clat_ns" : {
          "min" : 16720,
          "max" : 27099860401,
          "mean" : 3450578348.325364,
          "stddev" : 2505160918.746941,
          "N" : 88630,
          "percentile" : {
            "1.000000" : 759169024,
            "5.000000" : 834666496,
            "10.000000" : 935329792,
            "20.000000" : 2038431744,
            "30.000000" : 2533359616,
            "40.000000" : 2902458368,
            "50.000000" : 3271557120,
            "60.000000" : 3707764736,
            "70.000000" : 4043309056,
            "80.000000" : 4529848320,
            "90.000000" : 4999610368,
            "95.000000" : 5536481280,
            "99.000000" : 17112760320,
            "99.500000" : 17112760320,
            "99.900000" : 17112760320,
            "99.950000" : 17112760320,
            "99.990000" : 17112760320
          }
        },
        "lat_ns" : {
          "min" : 61285764,
          "max" : 27104697275,
          "mean" : 3477527736.173093,
          "stddev" : 2513070953.932908,
          "N" : 88630
        },
        "bw_min" : 64,
        "bw_max" : 5920,
        "bw_agg" : 100.000000,
        "bw_mean" : 1262.629658,
        "bw_dev" : 149.426298,
        "bw_samples" : 4440,
        "iops_min" : 16,
        "iops_max" : 1480,
        "iops_mean" : 315.647085,
        "iops_stddev" : 37.353002,
        "iops_samples" : 4440
      },
      "write" : {
        "io_bytes" : 363753472,
        "io_kbytes" : 355228,
        "bw_bytes" : 1209713,
        "bw" : 1181,
        "iops" : 295.340113,
        "runtime" : 300694,
        "total_ios" : 88807,
        "short_ios" : 0,
        "drop_ios" : 0,
        "slat_ns" : {
          "min" : 75421,
          "max" : 1589091,
          "mean" : 113185.902192,
          "stddev" : 39853.668903,
          "N" : 88807
        },
        "clat_ns" : {
          "min" : 140080609,
          "max" : 27099826070,
          "mean" : 3442368332.975702,
          "stddev" : 2516680806.347402,
          "N" : 88807,
          "percentile" : {
            "1.000000" : 759169024,
            "5.000000" : 834666496,
            "10.000000" : 926941184,
            "20.000000" : 2004877312,
            "30.000000" : 2499805184,
            "40.000000" : 2868903936,
            "50.000000" : 3271557120,
            "60.000000" : 3707764736,
            "70.000000" : 4043309056,
            "80.000000" : 4529848320,
            "90.000000" : 4999610368,
            "95.000000" : 5536481280,
            "99.000000" : 17112760320,
            "99.500000" : 17112760320,
            "99.900000" : 17112760320,
            "99.950000" : 17112760320,
            "99.990000" : 17112760320
          }
        },
        "lat_ns" : {
          "min" : 140227440,
          "max" : 27099951261,
          "mean" : 3442482709.542374,
          "stddev" : 2516680098.234901,
          "N" : 88807
        },
        "bw_min" : 64,
        "bw_max" : 5985,
        "bw_agg" : 100.000000,
        "bw_mean" : 1259.847286,
        "bw_dev" : 150.792792,
        "bw_samples" : 4457,
        "iops_min" : 16,
        "iops_max" : 1496,
        "iops_mean" : 314.951095,
        "iops_stddev" : 37.694444,
        "iops_samples" : 4457
      },
      "trim" : {
        "io_bytes" : 0,
        "io_kbytes" : 0,
        "bw_bytes" : 0,
        "bw" : 0,
        "iops" : 0.000000,
        "runtime" : 0,
        "total_ios" : 0,
        "short_ios" : 0,
        "drop_ios" : 0,
        "slat_ns" : {
          "min" : 0,
          "max" : 0,
          "mean" : 0.000000,
          "stddev" : 0.000000,
          "N" : 0
        },
        "clat_ns" : {
          "min" : 0,
          "max" : 0,
          "mean" : 0.000000,
          "stddev" : 0.000000,
          "N" : 0
        },
        "lat_ns" : {
          "min" : 0,
          "max" : 0,
          "mean" : 0.000000,
          "stddev" : 0.000000,
          "N" : 0
        },
        "bw_min" : 0,
        "bw_max" : 0,
        "bw_agg" : 0.000000,
        "bw_mean" : 0.000000,
        "bw_dev" : 0.000000,
        "bw_samples" : 0,
        "iops_min" : 0,
        "iops_max" : 0,
        "iops_mean" : 0.000000,
        "iops_stddev" : 0.000000,
        "iops_samples" : 0
      },
      "sync" : {
        "total_ios" : 0,
        "lat_ns" : {
          "min" : 0,
          "max" : 0,
          "mean" : 0.000000,
          "stddev" : 0.000000,
          "N" : 0
        }
      },
      "job_runtime" : 2401484,
      "usr_cpu" : 0.147409,
      "sys_cpu" : 0.977271,
      "ctx" : 88716,
      "majf" : 0,
      "minf" : 338,
      "iodepth_level" : {
        "1" : 0.100000,
        "2" : 0.100000,
        "4" : 0.100000,
        "8" : 0.100000,
        "16" : 0.100000,
        "32" : 0.144277,
        ">=64" : 99.715956
      },
      "iodepth_submit" : {
        "0" : 0.000000,
        "4" : 100.000000,
        "8" : 0.000000,
        "16" : 0.000000,
        "32" : 0.000000,
        "64" : 0.000000,
        ">=64" : 0.000000
      },
      "iodepth_complete" : {
        "0" : 0.000000,
        "4" : 99.995439,
        "8" : 0.000000,
        "16" : 0.000000,
        "32" : 0.000000,
        "64" : 0.000000,
        ">=64" : 0.100000
      },
      "latency_ns" : {
        "2" : 0.000000,
        "4" : 0.000000,
        "10" : 0.000000,
        "20" : 0.000000,
        "50" : 0.000000,
        "100" : 0.000000,
        "250" : 0.000000,
        "500" : 0.000000,
        "750" : 0.000000,
        "1000" : 0.000000
      },
      "latency_us" : {
        "2" : 0.000000,
        "4" : 0.000000,
        "10" : 0.000000,
        "20" : 0.010000,
        "50" : 0.010000,
        "100" : 0.000000,
        "250" : 0.000000,
        "500" : 0.000000,
        "750" : 0.000000,
        "1000" : 0.000000
      },
      "latency_ms" : {
        "2" : 0.000000,
        "4" : 0.000000,
        "10" : 0.000000,
        "20" : 0.000000,
        "50" : 0.000000,
        "100" : 0.010000,
        "250" : 0.010144,
        "500" : 0.044523,
        "750" : 0.699403,
        "1000" : 10.067799,
        "2000" : 8.840884,
        ">=2000" : 80.332174
      },
      "latency_depth" : 256,
      "latency_target" : 0,
      "latency_percentile" : 100.000000,
      "latency_window" : 0
    }
  ]
}
