{
  "fio version" : "fio-3.27",
  "timestamp" : 1627426465,
  "timestamp_ms" : 1627426465735,
  "time" : "Wed Jul 28 00:54:25 2021",
  "jobs" : [
    {
      "jobname" : "seq-read",
      "groupid" : 0,
      "error" : 0,
      "eta" : 0,
      "elapsed" : 301,
      "job options" : {
        "bs" : "4K",
        "iodepth" : "256",
        "direct" : "1",
        "ioengine" : "libaio",
        "time_based" : "1",
        "runtime" : "300",
        "numjobs" : "2",
        "size" : "1g",
        "name" : "seq-read",
        "rw" : "read",
        "directory" : "/scratch/snx2000/ccocha/seqread/64_node/",
        "filename_format" : "$jobname.5.$jobnum.$filenum"
      },
      "read" : {
        "io_bytes" : 3845263360,
        "io_kbytes" : 3755140,
        "bw_bytes" : 12817501,
        "bw" : 12517,
        "iops" : 3129.272902,
        "runtime" : 300001,
        "total_ios" : 938785,
        "short_ios" : 0,
        "drop_ios" : 0,
        "slat_ns" : {
          "min" : 369641,
          "max" : 164194284,
          "mean" : 626002.154656,
          "stddev" : 966615.384013,
          "N" : 938785
        },
        "clat_ns" : {
          "min" : 13710,
          "max" : 464692331,
          "mean" : 162920753.248462,
          "stddev" : 27445729.792594,
          "N" : 938785,
          "percentile" : {
            "1.000000" : 131596288,
            "5.000000" : 137363456,
            "10.000000" : 139460608,
            "20.000000" : 143654912,
            "30.000000" : 147849216,
            "40.000000" : 152043520,
            "50.000000" : 154140672,
            "60.000000" : 160432128,
            "70.000000" : 166723584,
            "80.000000" : 177209344,
            "90.000000" : 196083712,
            "95.000000" : 214958080,
            "99.000000" : 265289728,
            "99.500000" : 295698432,
            "99.900000" : 350224384,
            "99.950000" : 379584512,
            "99.990000" : 455081984
          }
        },
        "lat_ns" : {
          "min" : 518731,
          "max" : 465153842,
          "mean" : 163548356.885781,
          "stddev" : 27510195.275436,
          "N" : 938785
        },
        "bw_min" : 7008,
        "bw_max" : 15184,
        "bw_agg" : 99.991285,
        "bw_mean" : 12516.474124,
        "bw_dev" : 628.875680,
        "bw_samples" : 1198,
        "iops_min" : 1752,
        "iops_max" : 3796,
        "iops_mean" : 3129.111853,
        "iops_stddev" : 157.220720,
        "iops_samples" : 1198
      },
      "write" : {
        "io_bytes" : 0,
        "io_kbytes" : 0,
        "bw_bytes" : 0,
        "bw" : 0,
        "iops" : 0.000000,
        "runtime" : 0,
        "total_ios" : 0,
        "short_ios" : 0,
        "drop_ios" : 0,
        "slat_ns" : {
          "min" : 0,
          "max" : 0,
          "mean" : 0.000000,
          "stddev" : 0.000000,
          "N" : 0
        },
        "clat_ns" : {
          "min" : 0,
          "max" : 0,
          "mean" : 0.000000,
          "stddev" : 0.000000,
          "N" : 0
        },
        "lat_ns" : {
          "min" : 0,
          "max" : 0,
          "mean" : 0.000000,
          "stddev" : 0.000000,
          "N" : 0
        },
        "bw_min" : 0,
        "bw_max" : 0,
        "bw_agg" : 0.000000,
        "bw_mean" : 0.000000,
        "bw_dev" : 0.000000,
        "bw_samples" : 0,
        "iops_min" : 0,
        "iops_max" : 0,
        "iops_mean" : 0.000000,
        "iops_stddev" : 0.000000,
        "iops_samples" : 0
      },
      "trim" : {
        "io_bytes" : 0,
        "io_kbytes" : 0,
        "bw_bytes" : 0,
        "bw" : 0,
        "iops" : 0.000000,
        "runtime" : 0,
        "total_ios" : 0,
        "short_ios" : 0,
        "drop_ios" : 0,
        "slat_ns" : {
          "min" : 0,
          "max" : 0,
          "mean" : 0.000000,
          "stddev" : 0.000000,
          "N" : 0
        },
        "clat_ns" : {
          "min" : 0,
          "max" : 0,
          "mean" : 0.000000,
          "stddev" : 0.000000,
          "N" : 0
        },
        "lat_ns" : {
          "min" : 0,
          "max" : 0,
          "mean" : 0.000000,
          "stddev" : 0.000000,
          "N" : 0
        },
        "bw_min" : 0,
        "bw_max" : 0,
        "bw_agg" : 0.000000,
        "bw_mean" : 0.000000,
        "bw_dev" : 0.000000,
        "bw_samples" : 0,
        "iops_min" : 0,
        "iops_max" : 0,
        "iops_mean" : 0.000000,
        "iops_stddev" : 0.000000,
        "iops_samples" : 0
      },
      "sync" : {
        "total_ios" : 0,
        "lat_ns" : {
          "min" : 0,
          "max" : 0,
          "mean" : 0.000000,
          "stddev" : 0.000000,
          "N" : 0
        }
      },
      "job_runtime" : 600000,
      "usr_cpu" : 2.100000,
      "sys_cpu" : 16.278167,
      "ctx" : 938833,
      "majf" : 0,
      "minf" : 591,
      "iodepth_level" : {
        "1" : 0.100000,
        "2" : 0.100000,
        "4" : 0.100000,
        "8" : 0.100000,
        "16" : 0.100000,
        "32" : 0.100000,
        ">=64" : 99.986578
      },
      "iodepth_submit" : {
        "0" : 0.000000,
        "4" : 100.000000,
        "8" : 0.000000,
        "16" : 0.000000,
        "32" : 0.000000,
        "64" : 0.000000,
        ">=64" : 0.000000
      },
      "iodepth_complete" : {
        "0" : 0.000000,
        "4" : 99.999787,
        "8" : 0.000000,
        "16" : 0.000000,
        "32" : 0.000000,
        "64" : 0.000000,
        ">=64" : 0.100000
      },
      "latency_ns" : {
        "2" : 0.000000,
        "4" : 0.000000,
        "10" : 0.000000,
        "20" : 0.000000,
        "50" : 0.000000,
        "100" : 0.000000,
        "250" : 0.000000,
        "500" : 0.000000,
        "750" : 0.000000,
        "1000" : 0.000000
      },
      "latency_us" : {
        "2" : 0.000000,
        "4" : 0.000000,
        "10" : 0.000000,
        "20" : 0.010000,
        "50" : 0.000000,
        "100" : 0.000000,
        "250" : 0.000000,
        "500" : 0.000000,
        "750" : 0.010000,
        "1000" : 0.000000
      },
      "latency_ms" : {
        "2" : 0.010000,
        "4" : 0.010000,
        "10" : 0.010000,
        "20" : 0.010000,
        "50" : 0.010333,
        "100" : 0.017043,
        "250" : 98.296841,
        "500" : 1.668859,
        "750" : 0.000000,
        "1000" : 0.000000,
        "2000" : 0.000000,
        ">=2000" : 0.000000
      },
      "latency_depth" : 256,
      "latency_target" : 0,
      "latency_percentile" : 100.000000,
      "latency_window" : 0
    }
  ]
}
