{
  "fio version" : "fio-3.27",
  "timestamp" : 1627030354,
  "timestamp_ms" : 1627030354321,
  "time" : "Fri Jul 23 10:52:34 2021",
  "jobs" : [
    {
      "jobname" : "randrw",
      "groupid" : 0,
      "error" : 0,
      "eta" : 0,
      "elapsed" : 302,
      "job options" : {
        "bs" : "4K",
        "iodepth" : "256",
        "direct" : "0",
        "ioengine" : "libaio",
        "time_based" : "1",
        "runtime" : "300",
        "numjobs" : "16",
        "size" : "1g",
        "name" : "randrw",
        "rw" : "randrw",
        "directory" : "/scratch/snx2000/ccocha/randrw/150_node",
        "filename_format" : "$jobname.52.$jobnum.$filenum"
      },
      "read" : {
        "io_bytes" : 78340096,
        "io_kbytes" : 76504,
        "bw_bytes" : 260376,
        "bw" : 254,
        "iops" : 63.568561,
        "runtime" : 300872,
        "total_ios" : 19126,
        "short_ios" : 0,
        "drop_ios" : 0,
        "slat_ns" : {
          "min" : 2549062,
          "max" : 89846892982,
          "mean" : 251126090.373314,
          "stddev" : 2108718085.898871,
          "N" : 19126
        },
        "clat_ns" : {
          "min" : 25101,
          "max" : 136805649801,
          "mean" : 31573172924.426369,
          "stddev" : 29986926914.052910,
          "N" : 19126,
          "percentile" : {
            "1.000000" : 2969567232,
            "5.000000" : 3204448256,
            "10.000000" : 3372220416,
            "20.000000" : 3674210304,
            "30.000000" : 7751073792,
            "40.000000" : 17112760320,
            "50.000000" : 17112760320,
            "60.000000" : 17112760320,
            "70.000000" : 17112760320,
            "80.000000" : 17112760320,
            "90.000000" : 17112760320,
            "95.000000" : 17112760320,
            "99.000000" : 17112760320,
            "99.500000" : 17112760320,
            "99.900000" : 17112760320,
            "99.950000" : 17112760320,
            "99.990000" : 17112760320
          }
        },
        "lat_ns" : {
          "min" : 520675946,
          "max" : 137306915459,
          "mean" : 31824302386.513920,
          "stddev" : 30110201746.267460,
          "N" : 19126
        },
        "bw_min" : 128,
        "bw_max" : 3608,
        "bw_agg" : 100.000000,
        "bw_mean" : 582.842074,
        "bw_dev" : 40.279060,
        "bw_samples" : 3746,
        "iops_min" : 32,
        "iops_max" : 902,
        "iops_mean" : 145.710518,
        "iops_stddev" : 10.069765,
        "iops_samples" : 3746
      },
      "write" : {
        "io_bytes" : 78893056,
        "io_kbytes" : 77044,
        "bw_bytes" : 262214,
        "bw" : 256,
        "iops" : 64.017257,
        "runtime" : 300872,
        "total_ios" : 19261,
        "short_ios" : 0,
        "drop_ios" : 0,
        "slat_ns" : {
          "min" : 75471,
          "max" : 1988296,
          "mean" : 122391.516224,
          "stddev" : 55925.603831,
          "N" : 19261
        },
        "clat_ns" : {
          "min" : 664973024,
          "max" : 136828251241,
          "mean" : 31945410106.335815,
          "stddev" : 30251611931.944370,
          "N" : 19261,
          "percentile" : {
            "1.000000" : 3003121664,
            "5.000000" : 3238002688,
            "10.000000" : 3405774848,
            "20.000000" : 3674210304,
            "30.000000" : 10536091648,
            "40.000000" : 17112760320,
            "50.000000" : 17112760320,
            "60.000000" : 17112760320,
            "70.000000" : 17112760320,
            "80.000000" : 17112760320,
            "90.000000" : 17112760320,
            "95.000000" : 17112760320,
            "99.000000" : 17112760320,
            "99.500000" : 17112760320,
            "99.900000" : 17112760320,
            "99.950000" : 17112760320,
            "99.990000" : 17112760320
          }
        },
        "lat_ns" : {
          "min" : 665125656,
          "max" : 136828331682,
          "mean" : 31945533693.378628,
          "stddev" : 30251611264.690323,
          "N" : 19261
        },
        "bw_min" : 128,
        "bw_max" : 3464,
        "bw_agg" : 100.000000,
        "bw_mean" : 576.630473,
        "bw_dev" : 40.014400,
        "bw_samples" : 3835,
        "iops_min" : 32,
        "iops_max" : 866,
        "iops_mean" : 144.157618,
        "iops_stddev" : 10.003600,
        "iops_samples" : 3835
      },
      "trim" : {
        "io_bytes" : 0,
        "io_kbytes" : 0,
        "bw_bytes" : 0,
        "bw" : 0,
        "iops" : 0.000000,
        "runtime" : 0,
        "total_ios" : 0,
        "short_ios" : 0,
        "drop_ios" : 0,
        "slat_ns" : {
          "min" : 0,
          "max" : 0,
          "mean" : 0.000000,
          "stddev" : 0.000000,
          "N" : 0
        },
        "clat_ns" : {
          "min" : 0,
          "max" : 0,
          "mean" : 0.000000,
          "stddev" : 0.000000,
          "N" : 0
        },
        "lat_ns" : {
          "min" : 0,
          "max" : 0,
          "mean" : 0.000000,
          "stddev" : 0.000000,
          "N" : 0
        },
        "bw_min" : 0,
        "bw_max" : 0,
        "bw_agg" : 0.000000,
        "bw_mean" : 0.000000,
        "bw_dev" : 0.000000,
        "bw_samples" : 0,
        "iops_min" : 0,
        "iops_max" : 0,
        "iops_mean" : 0.000000,
        "iops_stddev" : 0.000000,
        "iops_samples" : 0
      },
      "sync" : {
        "total_ios" : 0,
        "lat_ns" : {
          "min" : 0,
          "max" : 0,
          "mean" : 0.000000,
          "stddev" : 0.000000,
          "N" : 0
        }
      },
      "job_runtime" : 4806146,
      "usr_cpu" : 0.014710,
      "sys_cpu" : 0.120388,
      "ctx" : 19254,
      "majf" : 0,
      "minf" : 654,
      "iodepth_level" : {
        "1" : 0.100000,
        "2" : 0.100000,
        "4" : 0.166723,
        "8" : 0.333446,
        "16" : 0.666892,
        "32" : 1.333785,
        ">=64" : 97.374111
      },
      "iodepth_submit" : {
        "0" : 0.000000,
        "4" : 100.000000,
        "8" : 0.000000,
        "16" : 0.000000,
        "32" : 0.000000,
        "64" : 0.000000,
        ">=64" : 0.000000
      },
      "iodepth_complete" : {
        "0" : 0.000000,
        "4" : 99.953384,
        "8" : 0.000000,
        "16" : 0.000000,
        "32" : 0.000000,
        "64" : 0.000000,
        ">=64" : 0.100000
      },
      "latency_ns" : {
        "2" : 0.000000,
        "4" : 0.000000,
        "10" : 0.000000,
        "20" : 0.000000,
        "50" : 0.000000,
        "100" : 0.000000,
        "250" : 0.000000,
        "500" : 0.000000,
        "750" : 0.000000,
        "1000" : 0.000000
      },
      "latency_us" : {
        "2" : 0.000000,
        "4" : 0.000000,
        "10" : 0.000000,
        "20" : 0.000000,
        "50" : 0.041681,
        "100" : 0.000000,
        "250" : 0.000000,
        "500" : 0.000000,
        "750" : 0.000000,
        "1000" : 0.000000
      },
      "latency_ms" : {
        "2" : 0.000000,
        "4" : 0.000000,
        "10" : 0.000000,
        "20" : 0.000000,
        "50" : 0.000000,
        "100" : 0.000000,
        "250" : 0.000000,
        "500" : 0.000000,
        "750" : 0.018235,
        "1000" : 0.010000,
        "2000" : 0.106807,
        ">=2000" : 99.830672
      },
      "latency_depth" : 256,
      "latency_target" : 0,
      "latency_percentile" : 100.000000,
      "latency_window" : 0
    }
  ]
}
