{
  "fio version" : "fio-3.27",
  "timestamp" : 1627422248,
  "timestamp_ms" : 1627422248883,
  "time" : "Tue Jul 27 23:44:08 2021",
  "jobs" : [
    {
      "jobname" : "seq-read",
      "groupid" : 0,
      "error" : 0,
      "eta" : 0,
      "elapsed" : 301,
      "job options" : {
        "bs" : "4K",
        "iodepth" : "256",
        "direct" : "1",
        "ioengine" : "libaio",
        "time_based" : "1",
        "runtime" : "300",
        "numjobs" : "64",
        "size" : "1g",
        "name" : "seq-read",
        "rw" : "read",
        "directory" : "/scratch/snx2000/ccocha/seqread/16_node/",
        "filename_format" : "$jobname.1.$jobnum.$filenum"
      },
      "read" : {
        "io_bytes" : 23396143104,
        "io_kbytes" : 22847796,
        "bw_bytes" : 77985843,
        "bw" : 76158,
        "iops" : 19039.512675,
        "runtime" : 300005,
        "total_ios" : 5711949,
        "short_ios" : 0,
        "drop_ios" : 0,
        "slat_ns" : {
          "min" : 738235,
          "max" : 81511844,
          "mean" : 3336461.213259,
          "stddev" : 1607760.539853,
          "N" : 5711949
        },
        "clat_ns" : {
          "min" : 13560,
          "max" : 2102099807,
          "mean" : 855488507.312024,
          "stddev" : 275770432.582059,
          "N" : 5711949,
          "percentile" : {
            "1.000000" : 666894336,
            "5.000000" : 675282944,
            "10.000000" : 675282944,
            "20.000000" : 683671552,
            "30.000000" : 692060160,
            "40.000000" : 708837376,
            "50.000000" : 725614592,
            "60.000000" : 750780416,
            "70.000000" : 792723456,
            "80.000000" : 960495616,
            "90.000000" : 1350565888,
            "95.000000" : 1400897536,
            "99.000000" : 1870659584,
            "99.500000" : 1920991232,
            "99.900000" : 1988100096,
            "99.950000" : 2004877312,
            "99.990000" : 2038431744
          }
        },
        "lat_ns" : {
          "min" : 1330810,
          "max" : 2110280288,
          "mean" : 858828463.472338,
          "stddev" : 276839683.925331,
          "N" : 5711949
        },
        "bw_min" : 25760,
        "bw_max" : 85353,
        "bw_agg" : 100.000000,
        "bw_mean" : 76212.762547,
        "bw_dev" : 118.629026,
        "bw_samples" : 38224,
        "iops_min" : 6440,
        "iops_max" : 21328,
        "iops_mean" : 19048.543671,
        "iops_stddev" : 29.623283,
        "iops_samples" : 38224
      },
      "write" : {
        "io_bytes" : 0,
        "io_kbytes" : 0,
        "bw_bytes" : 0,
        "bw" : 0,
        "iops" : 0.000000,
        "runtime" : 0,
        "total_ios" : 0,
        "short_ios" : 0,
        "drop_ios" : 0,
        "slat_ns" : {
          "min" : 0,
          "max" : 0,
          "mean" : 0.000000,
          "stddev" : 0.000000,
          "N" : 0
        },
        "clat_ns" : {
          "min" : 0,
          "max" : 0,
          "mean" : 0.000000,
          "stddev" : 0.000000,
          "N" : 0
        },
        "lat_ns" : {
          "min" : 0,
          "max" : 0,
          "mean" : 0.000000,
          "stddev" : 0.000000,
          "N" : 0
        },
        "bw_min" : 0,
        "bw_max" : 0,
        "bw_agg" : 0.000000,
        "bw_mean" : 0.000000,
        "bw_dev" : 0.000000,
        "bw_samples" : 0,
        "iops_min" : 0,
        "iops_max" : 0,
        "iops_mean" : 0.000000,
        "iops_stddev" : 0.000000,
        "iops_samples" : 0
      },
      "trim" : {
        "io_bytes" : 0,
        "io_kbytes" : 0,
        "bw_bytes" : 0,
        "bw" : 0,
        "iops" : 0.000000,
        "runtime" : 0,
        "total_ios" : 0,
        "short_ios" : 0,
        "drop_ios" : 0,
        "slat_ns" : {
          "min" : 0,
          "max" : 0,
          "mean" : 0.000000,
          "stddev" : 0.000000,
          "N" : 0
        },
        "clat_ns" : {
          "min" : 0,
          "max" : 0,
          "mean" : 0.000000,
          "stddev" : 0.000000,
          "N" : 0
        },
        "lat_ns" : {
          "min" : 0,
          "max" : 0,
          "mean" : 0.000000,
          "stddev" : 0.000000,
          "N" : 0
        },
        "bw_min" : 0,
        "bw_max" : 0,
        "bw_agg" : 0.000000,
        "bw_mean" : 0.000000,
        "bw_dev" : 0.000000,
        "bw_samples" : 0,
        "iops_min" : 0,
        "iops_max" : 0,
        "iops_mean" : 0.000000,
        "iops_stddev" : 0.000000,
        "iops_samples" : 0
      },
      "sync" : {
        "total_ios" : 0,
        "lat_ns" : {
          "min" : 0,
          "max" : 0,
          "mean" : 0.000000,
          "stddev" : 0.000000,
          "N" : 0
        }
      },
      "job_runtime" : 19200068,
      "usr_cpu" : 0.879705,
      "sys_cpu" : 5.011941,
      "ctx" : 5713091,
      "majf" : 0,
      "minf" : 18946,
      "iodepth_level" : {
        "1" : 0.100000,
        "2" : 0.100000,
        "4" : 0.100000,
        "8" : 0.100000,
        "16" : 0.100000,
        "32" : 0.100000,
        ">=64" : 99.929411
      },
      "iodepth_submit" : {
        "0" : 0.000000,
        "4" : 100.000000,
        "8" : 0.000000,
        "16" : 0.000000,
        "32" : 0.000000,
        "64" : 0.000000,
        ">=64" : 0.000000
      },
      "iodepth_complete" : {
        "0" : 0.000000,
        "4" : 99.998876,
        "8" : 0.000000,
        "16" : 0.000000,
        "32" : 0.000000,
        "64" : 0.000000,
        ">=64" : 0.100000
      },
      "latency_ns" : {
        "2" : 0.000000,
        "4" : 0.000000,
        "10" : 0.000000,
        "20" : 0.000000,
        "50" : 0.000000,
        "100" : 0.000000,
        "250" : 0.000000,
        "500" : 0.000000,
        "750" : 0.000000,
        "1000" : 0.000000
      },
      "latency_us" : {
        "2" : 0.000000,
        "4" : 0.000000,
        "10" : 0.000000,
        "20" : 0.010000,
        "50" : 0.010000,
        "100" : 0.000000,
        "250" : 0.000000,
        "500" : 0.000000,
        "750" : 0.000000,
        "1000" : 0.000000
      },
      "latency_ms" : {
        "2" : 0.010000,
        "4" : 0.010000,
        "10" : 0.010000,
        "20" : 0.010000,
        "50" : 0.010662,
        "100" : 0.017560,
        "250" : 0.052521,
        "500" : 0.087343,
        "750" : 60.605005,
        "1000" : 19.654920,
        "2000" : 19.504831,
        ">=2000" : 0.059454
      },
      "latency_depth" : 256,
      "latency_target" : 0,
      "latency_percentile" : 100.000000,
      "latency_window" : 0
    }
  ]
}
