{
  "fio version" : "fio-3.27",
  "timestamp" : 1627016616,
  "timestamp_ms" : 1627016616053,
  "time" : "Fri Jul 23 07:03:36 2021",
  "jobs" : [
    {
      "jobname" : "randrw",
      "groupid" : 0,
      "error" : 0,
      "eta" : 0,
      "elapsed" : 301,
      "job options" : {
        "bs" : "4K",
        "iodepth" : "256",
        "direct" : "0",
        "ioengine" : "libaio",
        "time_based" : "1",
        "runtime" : "300",
        "numjobs" : "32",
        "size" : "1g",
        "name" : "randrw",
        "rw" : "randrw",
        "directory" : "/scratch/snx2000/ccocha/randrw/32_node",
        "filename_format" : "$jobname.3.$jobnum.$filenum"
      },
      "read" : {
        "io_bytes" : 256307200,
        "io_kbytes" : 250300,
        "bw_bytes" : 853771,
        "bw" : 833,
        "iops" : 208.440204,
        "runtime" : 300206,
        "total_ios" : 62575,
        "short_ios" : 0,
        "drop_ios" : 0,
        "slat_ns" : {
          "min" : 491493,
          "max" : 43987966126,
          "mean" : 153059415.675334,
          "stddev" : 651911286.579092,
          "N" : 62575
        },
        "clat_ns" : {
          "min" : 14610,
          "max" : 70073889961,
          "mean" : 19492093263.996548,
          "stddev" : 15219755436.035999,
          "N" : 62575,
          "percentile" : {
            "1.000000" : 1233125376,
            "5.000000" : 1484783616,
            "10.000000" : 1686110208,
            "20.000000" : 3003121664,
            "30.000000" : 12683575296,
            "40.000000" : 14696841216,
            "50.000000" : 16710107136,
            "60.000000" : 17112760320,
            "70.000000" : 17112760320,
            "80.000000" : 17112760320,
            "90.000000" : 17112760320,
            "95.000000" : 17112760320,
            "99.000000" : 17112760320,
            "99.500000" : 17112760320,
            "99.900000" : 17112760320,
            "99.950000" : 17112760320,
            "99.990000" : 17112760320
          }
        },
        "lat_ns" : {
          "min" : 4525177,
          "max" : 70153076115,
          "mean" : 19645156180.831581,
          "stddev" : 15286949264.018826,
          "N" : 62575
        },
        "bw_min" : 256,
        "bw_max" : 13664,
        "bw_agg" : 100.000000,
        "bw_mean" : 1105.574153,
        "bw_dev" : 48.829683,
        "bw_samples" : 13259,
        "iops_min" : 64,
        "iops_max" : 3416,
        "iops_mean" : 276.393538,
        "iops_stddev" : 12.207421,
        "iops_samples" : 13259
      },
      "write" : {
        "io_bytes" : 256442368,
        "io_kbytes" : 250432,
        "bw_bytes" : 854221,
        "bw" : 834,
        "iops" : 208.550129,
        "runtime" : 300206,
        "total_ios" : 62608,
        "short_ios" : 0,
        "drop_ios" : 0,
        "slat_ns" : {
          "min" : 75860,
          "max" : 1679401740,
          "mean" : 341318.394630,
          "stddev" : 18852490.720153,
          "N" : 62608
        },
        "clat_ns" : {
          "min" : 4535117,
          "max" : 69764038377,
          "mean" : 19520054467.231129,
          "stddev" : 15309031644.135809,
          "N" : 62608,
          "percentile" : {
            "1.000000" : 1233125376,
            "5.000000" : 1484783616,
            "10.000000" : 1702887424,
            "20.000000" : 3003121664,
            "30.000000" : 12683575296,
            "40.000000" : 14696841216,
            "50.000000" : 16710107136,
            "60.000000" : 17112760320,
            "70.000000" : 17112760320,
            "80.000000" : 17112760320,
            "90.000000" : 17112760320,
            "95.000000" : 17112760320,
            "99.000000" : 17112760320,
            "99.500000" : 17112760320,
            "99.900000" : 17112760320,
            "99.950000" : 17112760320,
            "99.990000" : 17112760320
          }
        },
        "lat_ns" : {
          "min" : 4621477,
          "max" : 69764133757,
          "mean" : 19520397045.945435,
          "stddev" : 15309645261.914804,
          "N" : 62608
        },
        "bw_min" : 256,
        "bw_max" : 13200,
        "bw_agg" : 100.000000,
        "bw_mean" : 1100.408861,
        "bw_dev" : 48.751402,
        "bw_samples" : 13288,
        "iops_min" : 64,
        "iops_max" : 3300,
        "iops_mean" : 275.102215,
        "iops_stddev" : 12.187851,
        "iops_samples" : 13288
      },
      "trim" : {
        "io_bytes" : 0,
        "io_kbytes" : 0,
        "bw_bytes" : 0,
        "bw" : 0,
        "iops" : 0.000000,
        "runtime" : 0,
        "total_ios" : 0,
        "short_ios" : 0,
        "drop_ios" : 0,
        "slat_ns" : {
          "min" : 0,
          "max" : 0,
          "mean" : 0.000000,
          "stddev" : 0.000000,
          "N" : 0
        },
        "clat_ns" : {
          "min" : 0,
          "max" : 0,
          "mean" : 0.000000,
          "stddev" : 0.000000,
          "N" : 0
        },
        "lat_ns" : {
          "min" : 0,
          "max" : 0,
          "mean" : 0.000000,
          "stddev" : 0.000000,
          "N" : 0
        },
        "bw_min" : 0,
        "bw_max" : 0,
        "bw_agg" : 0.000000,
        "bw_mean" : 0.000000,
        "bw_dev" : 0.000000,
        "bw_samples" : 0,
        "iops_min" : 0,
        "iops_max" : 0,
        "iops_mean" : 0.000000,
        "iops_stddev" : 0.000000,
        "iops_samples" : 0
      },
      "sync" : {
        "total_ios" : 0,
        "lat_ns" : {
          "min" : 0,
          "max" : 0,
          "mean" : 0.000000,
          "stddev" : 0.000000,
          "N" : 0
        }
      },
      "job_runtime" : 9601646,
      "usr_cpu" : 0.028412,
      "sys_cpu" : 0.196810,
      "ctx" : 62931,
      "majf" : 0,
      "minf" : 1381,
      "iodepth_level" : {
        "1" : 0.100000,
        "2" : 0.100000,
        "4" : 0.102250,
        "8" : 0.204501,
        "16" : 0.409001,
        "32" : 0.818002,
        ">=64" : 98.389558
      },
      "iodepth_submit" : {
        "0" : 0.000000,
        "4" : 100.000000,
        "8" : 0.000000,
        "16" : 0.000000,
        "32" : 0.000000,
        "64" : 0.000000,
        ">=64" : 0.000000
      },
      "iodepth_complete" : {
        "0" : 0.000000,
        "4" : 99.972662,
        "8" : 0.000000,
        "16" : 0.000000,
        "32" : 0.000000,
        "64" : 0.000000,
        ">=64" : 0.100000
      },
      "latency_ns" : {
        "2" : 0.000000,
        "4" : 0.000000,
        "10" : 0.000000,
        "20" : 0.000000,
        "50" : 0.000000,
        "100" : 0.000000,
        "250" : 0.000000,
        "500" : 0.000000,
        "750" : 0.000000,
        "1000" : 0.000000
      },
      "latency_us" : {
        "2" : 0.000000,
        "4" : 0.000000,
        "10" : 0.000000,
        "20" : 0.010000,
        "50" : 0.019172,
        "100" : 0.000000,
        "250" : 0.000000,
        "500" : 0.000000,
        "750" : 0.000000,
        "1000" : 0.000000
      },
      "latency_ms" : {
        "2" : 0.000000,
        "4" : 0.000000,
        "10" : 0.010000,
        "20" : 0.010385,
        "50" : 0.039942,
        "100" : 0.080682,
        "250" : 0.176542,
        "500" : 0.242844,
        "750" : 0.105446,
        "1000" : 0.084676,
        "2000" : 11.638162,
        ">=2000" : 87.588570
      },
      "latency_depth" : 256,
      "latency_target" : 0,
      "latency_percentile" : 100.000000,
      "latency_window" : 0
    }
  ]
}
