{
  "fio version" : "fio-3.27",
  "timestamp" : 1627029448,
  "timestamp_ms" : 1627029448746,
  "time" : "Fri Jul 23 10:37:28 2021",
  "jobs" : [
    {
      "jobname" : "randrw",
      "groupid" : 0,
      "error" : 0,
      "eta" : 0,
      "elapsed" : 301,
      "job options" : {
        "bs" : "4K",
        "iodepth" : "256",
        "direct" : "0",
        "ioengine" : "libaio",
        "time_based" : "1",
        "runtime" : "300",
        "numjobs" : "4",
        "size" : "1g",
        "name" : "randrw",
        "rw" : "randrw",
        "directory" : "/scratch/snx2000/ccocha/randrw/150_node",
        "filename_format" : "$jobname.106.$jobnum.$filenum"
      },
      "read" : {
        "io_bytes" : 78471168,
        "io_kbytes" : 76632,
        "bw_bytes" : 261404,
        "bw" : 255,
        "iops" : 63.819368,
        "runtime" : 300191,
        "total_ios" : 19158,
        "short_ios" : 0,
        "drop_ios" : 0,
        "slat_ns" : {
          "min" : 482583,
          "max" : 29780047242,
          "mean" : 62503333.307913,
          "stddev" : 420238838.589415,
          "N" : 19158
        },
        "clat_ns" : {
          "min" : 19000,
          "max" : 56122006792,
          "mean" : 7843881524.914339,
          "stddev" : 7385750512.197534,
          "N" : 19158,
          "percentile" : {
            "1.000000" : 960495616,
            "5.000000" : 1044381696,
            "10.000000" : 1115684864,
            "20.000000" : 2332033024,
            "30.000000" : 6476005376,
            "40.000000" : 7415529472,
            "50.000000" : 7952400384,
            "60.000000" : 8355053568,
            "70.000000" : 8925478912,
            "80.000000" : 9462349824,
            "90.000000" : 10267656192,
            "95.000000" : 10938744832,
            "99.000000" : 17112760320,
            "99.500000" : 17112760320,
            "99.900000" : 17112760320,
            "99.950000" : 17112760320,
            "99.990000" : 17112760320
          }
        },
        "lat_ns" : {
          "min" : 156468802,
          "max" : 56145732937,
          "mean" : 7906387844.437513,
          "stddev" : 7415259344.876623,
          "N" : 19158
        },
        "bw_min" : 32,
        "bw_max" : 2216,
        "bw_agg" : 100.000000,
        "bw_mean" : 324.929016,
        "bw_dev" : 89.044095,
        "bw_samples" : 1835,
        "iops_min" : 8,
        "iops_max" : 554,
        "iops_mean" : 81.232254,
        "iops_stddev" : 22.261024,
        "iops_samples" : 1835
      },
      "write" : {
        "io_bytes" : 80338944,
        "io_kbytes" : 78456,
        "bw_bytes" : 267626,
        "bw" : 261,
        "iops" : 65.338401,
        "runtime" : 300191,
        "total_ios" : 19614,
        "short_ios" : 0,
        "drop_ios" : 0,
        "slat_ns" : {
          "min" : 75400,
          "max" : 1749852,
          "mean" : 112860.980065,
          "stddev" : 44296.336141,
          "N" : 19614
        },
        "clat_ns" : {
          "min" : 394270346,
          "max" : 56145533876,
          "mean" : 7917030994.416123,
          "stddev" : 7589210472.163768,
          "N" : 19614,
          "percentile" : {
            "1.000000" : 960495616,
            "5.000000" : 1044381696,
            "10.000000" : 1115684864,
            "20.000000" : 1686110208,
            "30.000000" : 6476005376,
            "40.000000" : 7415529472,
            "50.000000" : 8019509248,
            "60.000000" : 8422162432,
            "70.000000" : 8925478912,
            "80.000000" : 9462349824,
            "90.000000" : 10267656192,
            "95.000000" : 11072962560,
            "99.000000" : 17112760320,
            "99.500000" : 17112760320,
            "99.900000" : 17112760320,
            "99.950000" : 17112760320,
            "99.990000" : 17112760320
          }
        },
        "lat_ns" : {
          "min" : 394407827,
          "max" : 56145627116,
          "mean" : 7917145024.764105,
          "stddev" : 7589210265.897675,
          "N" : 19614
        },
        "bw_min" : 32,
        "bw_max" : 2344,
        "bw_agg" : 100.000000,
        "bw_mean" : 327.531414,
        "bw_dev" : 91.584026,
        "bw_samples" : 1868,
        "iops_min" : 8,
        "iops_max" : 586,
        "iops_mean" : 81.882853,
        "iops_stddev" : 22.896007,
        "iops_samples" : 1868
      },
      "trim" : {
        "io_bytes" : 0,
        "io_kbytes" : 0,
        "bw_bytes" : 0,
        "bw" : 0,
        "iops" : 0.000000,
        "runtime" : 0,
        "total_ios" : 0,
        "short_ios" : 0,
        "drop_ios" : 0,
        "slat_ns" : {
          "min" : 0,
          "max" : 0,
          "mean" : 0.000000,
          "stddev" : 0.000000,
          "N" : 0
        },
        "clat_ns" : {
          "min" : 0,
          "max" : 0,
          "mean" : 0.000000,
          "stddev" : 0.000000,
          "N" : 0
        },
        "lat_ns" : {
          "min" : 0,
          "max" : 0,
          "mean" : 0.000000,
          "stddev" : 0.000000,
          "N" : 0
        },
        "bw_min" : 0,
        "bw_max" : 0,
        "bw_agg" : 0.000000,
        "bw_mean" : 0.000000,
        "bw_dev" : 0.000000,
        "bw_samples" : 0,
        "iops_min" : 0,
        "iops_max" : 0,
        "iops_mean" : 0.000000,
        "iops_stddev" : 0.000000,
        "iops_samples" : 0
      },
      "sync" : {
        "total_ios" : 0,
        "lat_ns" : {
          "min" : 0,
          "max" : 0,
          "mean" : 0.000000,
          "stddev" : 0.000000,
          "N" : 0
        }
      },
      "job_runtime" : 1200349,
      "usr_cpu" : 0.060732,
      "sys_cpu" : 0.438373,
      "ctx" : 19197,
      "majf" : 0,
      "minf" : 167,
      "iodepth_level" : {
        "1" : 0.100000,
        "2" : 0.100000,
        "4" : 0.100000,
        "8" : 0.100000,
        "16" : 0.165068,
        "32" : 0.330135,
        ">=64" : 99.350046
      },
      "iodepth_submit" : {
        "0" : 0.000000,
        "4" : 100.000000,
        "8" : 0.000000,
        "16" : 0.000000,
        "32" : 0.000000,
        "64" : 0.000000,
        ">=64" : 0.000000
      },
      "iodepth_complete" : {
        "0" : 0.000000,
        "4" : 99.989406,
        "8" : 0.000000,
        "16" : 0.000000,
        "32" : 0.000000,
        "64" : 0.000000,
        ">=64" : 0.100000
      },
      "latency_ns" : {
        "2" : 0.000000,
        "4" : 0.000000,
        "10" : 0.000000,
        "20" : 0.000000,
        "50" : 0.000000,
        "100" : 0.000000,
        "250" : 0.000000,
        "500" : 0.000000,
        "750" : 0.000000,
        "1000" : 0.000000
      },
      "latency_us" : {
        "2" : 0.000000,
        "4" : 0.000000,
        "10" : 0.000000,
        "20" : 0.010000,
        "50" : 0.010000,
        "100" : 0.000000,
        "250" : 0.000000,
        "500" : 0.000000,
        "750" : 0.000000,
        "1000" : 0.000000
      },
      "latency_ms" : {
        "2" : 0.000000,
        "4" : 0.000000,
        "10" : 0.000000,
        "20" : 0.000000,
        "50" : 0.000000,
        "100" : 0.000000,
        "250" : 0.010000,
        "500" : 0.049004,
        "750" : 0.074796,
        "1000" : 2.329000,
        "2000" : 17.468792,
        ">=2000" : 80.060353
      },
      "latency_depth" : 256,
      "latency_target" : 0,
      "latency_percentile" : 100.000000,
      "latency_window" : 0
    }
  ]
}
