{
  "fio version" : "fio-3.27",
  "timestamp" : 1627029448,
  "timestamp_ms" : 1627029448972,
  "time" : "Fri Jul 23 10:37:28 2021",
  "jobs" : [
    {
      "jobname" : "randrw",
      "groupid" : 0,
      "error" : 0,
      "eta" : 0,
      "elapsed" : 301,
      "job options" : {
        "bs" : "4K",
        "iodepth" : "256",
        "direct" : "0",
        "ioengine" : "libaio",
        "time_based" : "1",
        "runtime" : "300",
        "numjobs" : "4",
        "size" : "1g",
        "name" : "randrw",
        "rw" : "randrw",
        "directory" : "/scratch/snx2000/ccocha/randrw/150_node",
        "filename_format" : "$jobname.122.$jobnum.$filenum"
      },
      "read" : {
        "io_bytes" : 78123008,
        "io_kbytes" : 76292,
        "bw_bytes" : 260132,
        "bw" : 254,
        "iops" : 63.508924,
        "runtime" : 300320,
        "total_ios" : 19073,
        "short_ios" : 0,
        "drop_ios" : 0,
        "slat_ns" : {
          "min" : 496155,
          "max" : 27612512913,
          "mean" : 62785926.425313,
          "stddev" : 402721127.533417,
          "N" : 19073
        },
        "clat_ns" : {
          "min" : 16120,
          "max" : 56244644918,
          "mean" : 7885606883.482621,
          "stddev" : 7378501824.134737,
          "N" : 19073,
          "percentile" : {
            "1.000000" : 960495616,
            "5.000000" : 1044381696,
            "10.000000" : 1132462080,
            "20.000000" : 2936012800,
            "30.000000" : 6677331968,
            "40.000000" : 7348420608,
            "50.000000" : 7818182656,
            "60.000000" : 8220835840,
            "70.000000" : 8657043456,
            "80.000000" : 9193914368,
            "90.000000" : 10267656192,
            "95.000000" : 11475615744,
            "99.000000" : 17112760320,
            "99.500000" : 17112760320,
            "99.900000" : 17112760320,
            "99.950000" : 17112760320,
            "99.990000" : 17112760320
          }
        },
        "lat_ns" : {
          "min" : 30031502,
          "max" : 56260747883,
          "mean" : 7948395838.443559,
          "stddev" : 7408294336.415150,
          "N" : 19073
        },
        "bw_min" : 32,
        "bw_max" : 2312,
        "bw_agg" : 100.000000,
        "bw_mean" : 311.340400,
        "bw_dev" : 85.560244,
        "bw_samples" : 1905,
        "iops_min" : 8,
        "iops_max" : 578,
        "iops_mean" : 77.835100,
        "iops_stddev" : 21.390061,
        "iops_samples" : 1905
      },
      "write" : {
        "io_bytes" : 80031744,
        "io_kbytes" : 78156,
        "bw_bytes" : 266488,
        "bw" : 260,
        "iops" : 65.060602,
        "runtime" : 300320,
        "total_ios" : 19539,
        "short_ios" : 0,
        "drop_ios" : 0,
        "slat_ns" : {
          "min" : 75551,
          "max" : 2048608,
          "mean" : 113092.379190,
          "stddev" : 45959.851537,
          "N" : 19539
        },
        "clat_ns" : {
          "min" : 30044343,
          "max" : 56244623377,
          "mean" : 7942723112.483701,
          "stddev" : 7572177863.745068,
          "N" : 19539,
          "percentile" : {
            "1.000000" : 952107008,
            "5.000000" : 1044381696,
            "10.000000" : 1132462080,
            "20.000000" : 1400897536,
            "30.000000" : 6744440832,
            "40.000000" : 7348420608,
            "50.000000" : 7818182656,
            "60.000000" : 8220835840,
            "70.000000" : 8657043456,
            "80.000000" : 9328132096,
            "90.000000" : 10401873920,
            "95.000000" : 11609833472,
            "99.000000" : 17112760320,
            "99.500000" : 17112760320,
            "99.900000" : 17112760320,
            "99.950000" : 17112760320,
            "99.990000" : 17112760320
          }
        },
        "lat_ns" : {
          "min" : 30210724,
          "max" : 56244822259,
          "mean" : 7942837412.302016,
          "stddev" : 7572177082.789851,
          "N" : 19539
        },
        "bw_min" : 32,
        "bw_max" : 2392,
        "bw_agg" : 100.000000,
        "bw_mean" : 318.635657,
        "bw_dev" : 88.657614,
        "bw_samples" : 1912,
        "iops_min" : 8,
        "iops_max" : 598,
        "iops_mean" : 79.658914,
        "iops_stddev" : 22.164404,
        "iops_samples" : 1912
      },
      "trim" : {
        "io_bytes" : 0,
        "io_kbytes" : 0,
        "bw_bytes" : 0,
        "bw" : 0,
        "iops" : 0.000000,
        "runtime" : 0,
        "total_ios" : 0,
        "short_ios" : 0,
        "drop_ios" : 0,
        "slat_ns" : {
          "min" : 0,
          "max" : 0,
          "mean" : 0.000000,
          "stddev" : 0.000000,
          "N" : 0
        },
        "clat_ns" : {
          "min" : 0,
          "max" : 0,
          "mean" : 0.000000,
          "stddev" : 0.000000,
          "N" : 0
        },
        "lat_ns" : {
          "min" : 0,
          "max" : 0,
          "mean" : 0.000000,
          "stddev" : 0.000000,
          "N" : 0
        },
        "bw_min" : 0,
        "bw_max" : 0,
        "bw_agg" : 0.000000,
        "bw_mean" : 0.000000,
        "bw_dev" : 0.000000,
        "bw_samples" : 0,
        "iops_min" : 0,
        "iops_max" : 0,
        "iops_mean" : 0.000000,
        "iops_stddev" : 0.000000,
        "iops_samples" : 0
      },
      "sync" : {
        "total_ios" : 0,
        "lat_ns" : {
          "min" : 0,
          "max" : 0,
          "mean" : 0.000000,
          "stddev" : 0.000000,
          "N" : 0
        }
      },
      "job_runtime" : 1200413,
      "usr_cpu" : 0.062478,
      "sys_cpu" : 0.435184,
      "ctx" : 19105,
      "majf" : 0,
      "minf" : 170,
      "iodepth_level" : {
        "1" : 0.100000,
        "2" : 0.100000,
        "4" : 0.100000,
        "8" : 0.100000,
        "16" : 0.165752,
        "32" : 0.331503,
        ">=64" : 99.347353
      },
      "iodepth_submit" : {
        "0" : 0.000000,
        "4" : 100.000000,
        "8" : 0.000000,
        "16" : 0.000000,
        "32" : 0.000000,
        "64" : 0.000000,
        ">=64" : 0.000000
      },
      "iodepth_complete" : {
        "0" : 0.000000,
        "4" : 99.989361,
        "8" : 0.000000,
        "16" : 0.000000,
        "32" : 0.000000,
        "64" : 0.000000,
        ">=64" : 0.100000
      },
      "latency_ns" : {
        "2" : 0.000000,
        "4" : 0.000000,
        "10" : 0.000000,
        "20" : 0.000000,
        "50" : 0.000000,
        "100" : 0.000000,
        "250" : 0.000000,
        "500" : 0.000000,
        "750" : 0.000000,
        "1000" : 0.000000
      },
      "latency_us" : {
        "2" : 0.000000,
        "4" : 0.000000,
        "10" : 0.000000,
        "20" : 0.010000,
        "50" : 0.010000,
        "100" : 0.000000,
        "250" : 0.000000,
        "500" : 0.000000,
        "750" : 0.000000,
        "1000" : 0.000000
      },
      "latency_ms" : {
        "2" : 0.000000,
        "4" : 0.000000,
        "10" : 0.000000,
        "20" : 0.000000,
        "50" : 0.010000,
        "100" : 0.023309,
        "250" : 0.012949,
        "500" : 0.106185,
        "750" : 0.082876,
        "1000" : 2.297213,
        "2000" : 17.414275,
        ">=2000" : 80.047654
      },
      "latency_depth" : 256,
      "latency_target" : 0,
      "latency_percentile" : 100.000000,
      "latency_window" : 0
    }
  ]
}
