{
  "fio version" : "fio-3.27",
  "timestamp" : 1627021525,
  "timestamp_ms" : 1627021525960,
  "time" : "Fri Jul 23 08:25:25 2021",
  "jobs" : [
    {
      "jobname" : "randrw",
      "groupid" : 0,
      "error" : 0,
      "eta" : 0,
      "elapsed" : 301,
      "job options" : {
        "bs" : "4K",
        "iodepth" : "256",
        "direct" : "0",
        "ioengine" : "libaio",
        "time_based" : "1",
        "runtime" : "300",
        "numjobs" : "1",
        "size" : "1g",
        "name" : "randrw",
        "rw" : "randrw",
        "directory" : "/scratch/snx2000/ccocha/randrw/96_node",
        "filename_format" : "$jobname.93.$jobnum.$filenum"
      },
      "read" : {
        "io_bytes" : 98226176,
        "io_kbytes" : 95924,
        "bw_bytes" : 327397,
        "bw" : 319,
        "iops" : 79.931071,
        "runtime" : 300021,
        "total_ios" : 23981,
        "short_ios" : 0,
        "drop_ios" : 0,
        "slat_ns" : {
          "min" : 481713,
          "max" : 880686305,
          "mean" : 12375334.450357,
          "stddev" : 29133631.295798,
          "N" : 23981
        },
        "clat_ns" : {
          "min" : 26110,
          "max" : 9888070887,
          "mean" : 1592013311.585962,
          "stddev" : 839394312.175983,
          "N" : 23981,
          "percentile" : {
            "1.000000" : 583008256,
            "5.000000" : 666894336,
            "10.000000" : 734003200,
            "20.000000" : 1044381696,
            "30.000000" : 1199570944,
            "40.000000" : 1333788672,
            "50.000000" : 1468006400,
            "60.000000" : 1635778560,
            "70.000000" : 1820327936,
            "80.000000" : 2004877312,
            "90.000000" : 2365587456,
            "95.000000" : 2801795072,
            "99.000000" : 4529848320,
            "99.500000" : 4932501504,
            "99.900000" : 9865003008,
            "99.950000" : 9865003008,
            "99.990000" : 9865003008
          }
        },
        "lat_ns" : {
          "min" : 22094227,
          "max" : 9888965583,
          "mean" : 1604391160.238559,
          "stddev" : 842721841.246194,
          "N" : 23981
        },
        "bw_min" : 8,
        "bw_max" : 1000,
        "bw_agg" : 100.000000,
        "bw_mean" : 323.159322,
        "bw_dev" : 205.727955,
        "bw_samples" : 590,
        "iops_min" : 2,
        "iops_max" : 250,
        "iops_mean" : 80.789831,
        "iops_stddev" : 51.431989,
        "iops_samples" : 590
      },
      "write" : {
        "io_bytes" : 97738752,
        "io_kbytes" : 95448,
        "bw_bytes" : 325773,
        "bw" : 318,
        "iops" : 79.534433,
        "runtime" : 300021,
        "total_ios" : 23862,
        "short_ios" : 0,
        "drop_ios" : 0,
        "slat_ns" : {
          "min" : 75090,
          "max" : 891067,
          "mean" : 104046.853826,
          "stddev" : 39961.030225,
          "N" : 23862
        },
        "clat_ns" : {
          "min" : 22106167,
          "max" : 9880473289,
          "mean" : 1602417068.774026,
          "stddev" : 866794348.314071,
          "N" : 23862,
          "percentile" : {
            "1.000000" : 583008256,
            "5.000000" : 666894336,
            "10.000000" : 734003200,
            "20.000000" : 1044381696,
            "30.000000" : 1199570944,
            "40.000000" : 1333788672,
            "50.000000" : 1484783616,
            "60.000000" : 1635778560,
            "70.000000" : 1820327936,
            "80.000000" : 2004877312,
            "90.000000" : 2365587456,
            "95.000000" : 2801795072,
            "99.000000" : 4529848320,
            "99.500000" : 6140461056,
            "99.900000" : 9865003008,
            "99.950000" : 9865003008,
            "99.990000" : 9865003008
          }
        },
        "lat_ns" : {
          "min" : 22295088,
          "max" : 9880557710,
          "mean" : 1602522254.728943,
          "stddev" : 866794881.399220,
          "N" : 23862
        },
        "bw_min" : 8,
        "bw_max" : 920,
        "bw_agg" : 100.000000,
        "bw_mean" : 322.200340,
        "bw_dev" : 202.326992,
        "bw_samples" : 589,
        "iops_min" : 2,
        "iops_max" : 230,
        "iops_mean" : 80.550085,
        "iops_stddev" : 50.581748,
        "iops_samples" : 589
      },
      "trim" : {
        "io_bytes" : 0,
        "io_kbytes" : 0,
        "bw_bytes" : 0,
        "bw" : 0,
        "iops" : 0.000000,
        "runtime" : 0,
        "total_ios" : 0,
        "short_ios" : 0,
        "drop_ios" : 0,
        "slat_ns" : {
          "min" : 0,
          "max" : 0,
          "mean" : 0.000000,
          "stddev" : 0.000000,
          "N" : 0
        },
        "clat_ns" : {
          "min" : 0,
          "max" : 0,
          "mean" : 0.000000,
          "stddev" : 0.000000,
          "N" : 0
        },
        "lat_ns" : {
          "min" : 0,
          "max" : 0,
          "mean" : 0.000000,
          "stddev" : 0.000000,
          "N" : 0
        },
        "bw_min" : 0,
        "bw_max" : 0,
        "bw_agg" : 0.000000,
        "bw_mean" : 0.000000,
        "bw_dev" : 0.000000,
        "bw_samples" : 0,
        "iops_min" : 0,
        "iops_max" : 0,
        "iops_mean" : 0.000000,
        "iops_stddev" : 0.000000,
        "iops_samples" : 0
      },
      "sync" : {
        "total_ios" : 0,
        "lat_ns" : {
          "min" : 0,
          "max" : 0,
          "mean" : 0.000000,
          "stddev" : 0.000000,
          "N" : 0
        }
      },
      "job_runtime" : 300020,
      "usr_cpu" : 0.280315,
      "sys_cpu" : 1.966869,
      "ctx" : 23991,
      "majf" : 0,
      "minf" : 42,
      "iodepth_level" : {
        "1" : 0.100000,
        "2" : 0.100000,
        "4" : 0.100000,
        "8" : 0.100000,
        "16" : 0.100000,
        "32" : 0.100000,
        ">=64" : 99.868319
      },
      "iodepth_submit" : {
        "0" : 0.000000,
        "4" : 100.000000,
        "8" : 0.000000,
        "16" : 0.000000,
        "32" : 0.000000,
        "64" : 0.000000,
        ">=64" : 0.000000
      },
      "iodepth_complete" : {
        "0" : 0.000000,
        "4" : 99.997899,
        "8" : 0.000000,
        "16" : 0.000000,
        "32" : 0.000000,
        "64" : 0.000000,
        ">=64" : 0.100000
      },
      "latency_ns" : {
        "2" : 0.000000,
        "4" : 0.000000,
        "10" : 0.000000,
        "20" : 0.000000,
        "50" : 0.000000,
        "100" : 0.000000,
        "250" : 0.000000,
        "500" : 0.000000,
        "750" : 0.000000,
        "1000" : 0.000000
      },
      "latency_us" : {
        "2" : 0.000000,
        "4" : 0.000000,
        "10" : 0.000000,
        "20" : 0.000000,
        "50" : 0.010000,
        "100" : 0.000000,
        "250" : 0.000000,
        "500" : 0.000000,
        "750" : 0.000000,
        "1000" : 0.000000
      },
      "latency_ms" : {
        "2" : 0.000000,
        "4" : 0.000000,
        "10" : 0.000000,
        "20" : 0.000000,
        "50" : 0.010451,
        "100" : 0.000000,
        "250" : 0.010451,
        "500" : 0.163033,
        "750" : 10.630604,
        "1000" : 7.833957,
        "2000" : 61.344397,
        ">=2000" : 20.005016
      },
      "latency_depth" : 256,
      "latency_target" : 0,
      "latency_percentile" : 100.000000,
      "latency_window" : 0
    }
  ]
}
