{
  "fio version" : "fio-3.27",
  "timestamp" : 1627021867,
  "timestamp_ms" : 1627021867874,
  "time" : "Fri Jul 23 08:31:07 2021",
  "jobs" : [
    {
      "jobname" : "randrw",
      "groupid" : 0,
      "error" : 0,
      "eta" : 0,
      "elapsed" : 301,
      "job options" : {
        "bs" : "4K",
        "iodepth" : "256",
        "direct" : "0",
        "ioengine" : "libaio",
        "time_based" : "1",
        "runtime" : "300",
        "numjobs" : "2",
        "size" : "1g",
        "name" : "randrw",
        "rw" : "randrw",
        "directory" : "/scratch/snx2000/ccocha/randrw/96_node",
        "filename_format" : "$jobname.3.$jobnum.$filenum"
      },
      "read" : {
        "io_bytes" : 115318784,
        "io_kbytes" : 112616,
        "bw_bytes" : 384374,
        "bw" : 375,
        "iops" : 93.841349,
        "runtime" : 300017,
        "total_ios" : 28154,
        "short_ios" : 0,
        "drop_ios" : 0,
        "slat_ns" : {
          "min" : 469193,
          "max" : 2557105210,
          "mean" : 21170866.422782,
          "stddev" : 55120254.626439,
          "N" : 28154
        },
        "clat_ns" : {
          "min" : 18590,
          "max" : 21753330734,
          "mean" : 2697248920.008568,
          "stddev" : 1835341113.048308,
          "N" : 28154,
          "percentile" : {
            "1.000000" : 692060160,
            "5.000000" : 767557632,
            "10.000000" : 868220928,
            "20.000000" : 1652555776,
            "30.000000" : 2055208960,
            "40.000000" : 2332033024,
            "50.000000" : 2634022912,
            "60.000000" : 2902458368,
            "70.000000" : 3137339392,
            "80.000000" : 3405774848,
            "90.000000" : 3741319168,
            "95.000000" : 4328521728,
            "99.000000" : 7415529472,
            "99.500000" : 17112760320,
            "99.900000" : 17112760320,
            "99.950000" : 17112760320,
            "99.990000" : 17112760320
          }
        },
        "lat_ns" : {
          "min" : 18409241,
          "max" : 21760528282,
          "mean" : 2718422475.888394,
          "stddev" : 1842886184.847266,
          "N" : 28154
        },
        "bw_min" : 16,
        "bw_max" : 1608,
        "bw_agg" : 100.000000,
        "bw_mean" : 392.982730,
        "bw_dev" : 147.805105,
        "bw_samples" : 1134,
        "iops_min" : 4,
        "iops_max" : 402,
        "iops_mean" : 98.245683,
        "iops_stddev" : 36.951276,
        "iops_samples" : 1134
      },
      "write" : {
        "io_bytes" : 116101120,
        "io_kbytes" : 113380,
        "bw_bytes" : 386981,
        "bw" : 377,
        "iops" : 94.477980,
        "runtime" : 300017,
        "total_ios" : 28345,
        "short_ios" : 0,
        "drop_ios" : 0,
        "slat_ns" : {
          "min" : 75311,
          "max" : 1589303,
          "mean" : 107049.435597,
          "stddev" : 41530.072007,
          "N" : 28345
        },
        "clat_ns" : {
          "min" : 18419711,
          "max" : 21750902013,
          "mean" : 2712155898.917057,
          "stddev" : 1880532252.579484,
          "N" : 28345,
          "percentile" : {
            "1.000000" : 700448768,
            "5.000000" : 767557632,
            "10.000000" : 859832320,
            "20.000000" : 1635778560,
            "30.000000" : 2055208960,
            "40.000000" : 2332033024,
            "50.000000" : 2667577344,
            "60.000000" : 2902458368,
            "70.000000" : 3137339392,
            "80.000000" : 3405774848,
            "90.000000" : 3774873600,
            "95.000000" : 4328521728,
            "99.000000" : 10536091648,
            "99.500000" : 17112760320,
            "99.900000" : 17112760320,
            "99.950000" : 17112760320,
            "99.990000" : 17112760320
          }
        },
        "lat_ns" : {
          "min" : 18511331,
          "max" : 21751009884,
          "mean" : 2712264109.654405,
          "stddev" : 1880531624.851348,
          "N" : 28345
        },
        "bw_min" : 16,
        "bw_max" : 1592,
        "bw_agg" : 100.000000,
        "bw_mean" : 392.631622,
        "bw_dev" : 150.737088,
        "bw_samples" : 1144,
        "iops_min" : 4,
        "iops_max" : 398,
        "iops_mean" : 98.157906,
        "iops_stddev" : 37.684272,
        "iops_samples" : 1144
      },
      "trim" : {
        "io_bytes" : 0,
        "io_kbytes" : 0,
        "bw_bytes" : 0,
        "bw" : 0,
        "iops" : 0.000000,
        "runtime" : 0,
        "total_ios" : 0,
        "short_ios" : 0,
        "drop_ios" : 0,
        "slat_ns" : {
          "min" : 0,
          "max" : 0,
          "mean" : 0.000000,
          "stddev" : 0.000000,
          "N" : 0
        },
        "clat_ns" : {
          "min" : 0,
          "max" : 0,
          "mean" : 0.000000,
          "stddev" : 0.000000,
          "N" : 0
        },
        "lat_ns" : {
          "min" : 0,
          "max" : 0,
          "mean" : 0.000000,
          "stddev" : 0.000000,
          "N" : 0
        },
        "bw_min" : 0,
        "bw_max" : 0,
        "bw_agg" : 0.000000,
        "bw_mean" : 0.000000,
        "bw_dev" : 0.000000,
        "bw_samples" : 0,
        "iops_min" : 0,
        "iops_max" : 0,
        "iops_mean" : 0.000000,
        "iops_stddev" : 0.000000,
        "iops_samples" : 0
      },
      "sync" : {
        "total_ios" : 0,
        "lat_ns" : {
          "min" : 0,
          "max" : 0,
          "mean" : 0.000000,
          "stddev" : 0.000000,
          "N" : 0
        }
      },
      "job_runtime" : 600026,
      "usr_cpu" : 0.204991,
      "sys_cpu" : 1.166616,
      "ctx" : 28172,
      "majf" : 0,
      "minf" : 86,
      "iodepth_level" : {
        "1" : 0.100000,
        "2" : 0.100000,
        "4" : 0.100000,
        "8" : 0.100000,
        "16" : 0.100000,
        "32" : 0.113276,
        ">=64" : 99.776987
      },
      "iodepth_submit" : {
        "0" : 0.000000,
        "4" : 100.000000,
        "8" : 0.000000,
        "16" : 0.000000,
        "32" : 0.000000,
        "64" : 0.000000,
        ">=64" : 0.000000
      },
      "iodepth_complete" : {
        "0" : 0.000000,
        "4" : 99.996428,
        "8" : 0.000000,
        "16" : 0.000000,
        "32" : 0.000000,
        "64" : 0.000000,
        ">=64" : 0.100000
      },
      "latency_ns" : {
        "2" : 0.000000,
        "4" : 0.000000,
        "10" : 0.000000,
        "20" : 0.000000,
        "50" : 0.000000,
        "100" : 0.000000,
        "250" : 0.000000,
        "500" : 0.000000,
        "750" : 0.000000,
        "1000" : 0.000000
      },
      "latency_us" : {
        "2" : 0.000000,
        "4" : 0.000000,
        "10" : 0.000000,
        "20" : 0.010000,
        "50" : 0.010000,
        "100" : 0.000000,
        "250" : 0.000000,
        "500" : 0.000000,
        "750" : 0.000000,
        "1000" : 0.000000
      },
      "latency_ms" : {
        "2" : 0.000000,
        "4" : 0.000000,
        "10" : 0.000000,
        "20" : 0.010000,
        "50" : 0.014160,
        "100" : 0.017699,
        "250" : 0.069028,
        "500" : 0.072568,
        "750" : 3.603604,
        "1000" : 7.292164,
        "2000" : 17.655180,
        ">=2000" : 71.266748
      },
      "latency_depth" : 256,
      "latency_target" : 0,
      "latency_percentile" : 100.000000,
      "latency_window" : 0
    }
  ]
}
