{
  "fio version" : "fio-3.27",
  "timestamp" : 1627020199,
  "timestamp_ms" : 1627020199612,
  "time" : "Fri Jul 23 08:03:19 2021",
  "jobs" : [
    {
      "jobname" : "randrw",
      "groupid" : 0,
      "error" : 0,
      "eta" : 0,
      "elapsed" : 302,
      "job options" : {
        "bs" : "4K",
        "iodepth" : "256",
        "direct" : "0",
        "ioengine" : "libaio",
        "time_based" : "1",
        "runtime" : "300",
        "numjobs" : "32",
        "size" : "1g",
        "name" : "randrw",
        "rw" : "randrw",
        "directory" : "/scratch/snx2000/ccocha/randrw/64_node",
        "filename_format" : "$jobname.60.$jobnum.$filenum"
      },
      "read" : {
        "io_bytes" : 181170176,
        "io_kbytes" : 176924,
        "bw_bytes" : 602406,
        "bw" : 588,
        "iops" : 147.071928,
        "runtime" : 300744,
        "total_ios" : 44231,
        "short_ios" : 0,
        "drop_ios" : 0,
        "slat_ns" : {
          "min" : 618687,
          "max" : 65199240027,
          "mean" : 217099390.119577,
          "stddev" : 1242530971.891868,
          "N" : 44231
        },
        "clat_ns" : {
          "min" : 18131,
          "max" : 108835775890,
          "mean" : 27569006065.676388,
          "stddev" : 23531045154.373055,
          "N" : 44231,
          "percentile" : {
            "1.000000" : 2071986176,
            "5.000000" : 2399141888,
            "10.000000" : 2701131776,
            "20.000000" : 3137339392,
            "30.000000" : 17112760320,
            "40.000000" : 17112760320,
            "50.000000" : 17112760320,
            "60.000000" : 17112760320,
            "70.000000" : 17112760320,
            "80.000000" : 17112760320,
            "90.000000" : 17112760320,
            "95.000000" : 17112760320,
            "99.000000" : 17112760320,
            "99.500000" : 17112760320,
            "99.900000" : 17112760320,
            "99.950000" : 17112760320,
            "99.990000" : 17112760320
          }
        },
        "lat_ns" : {
          "min" : 406281230,
          "max" : 108864018750,
          "mean" : 27786108931.741337,
          "stddev" : 23619485513.636463,
          "N" : 44231
        },
        "bw_min" : 256,
        "bw_max" : 8312,
        "bw_agg" : 100.000000,
        "bw_mean" : 990.277444,
        "bw_dev" : 37.690522,
        "bw_samples" : 10341,
        "iops_min" : 64,
        "iops_max" : 2078,
        "iops_mean" : 247.569361,
        "iops_stddev" : 9.422631,
        "iops_samples" : 10341
      },
      "write" : {
        "io_bytes" : 180555776,
        "io_kbytes" : 176324,
        "bw_bytes" : 600363,
        "bw" : 586,
        "iops" : 146.573165,
        "runtime" : 300744,
        "total_ios" : 44081,
        "short_ios" : 0,
        "drop_ios" : 0,
        "slat_ns" : {
          "min" : 75331,
          "max" : 2047532,
          "mean" : 123324.301196,
          "stddev" : 50953.827680,
          "N" : 44081
        },
        "clat_ns" : {
          "min" : 422194970,
          "max" : 108835815860,
          "mean" : 27720511082.876431,
          "stddev" : 23789882960.090992,
          "N" : 44081,
          "percentile" : {
            "1.000000" : 2105540608,
            "5.000000" : 2399141888,
            "10.000000" : 2701131776,
            "20.000000" : 3137339392,
            "30.000000" : 17112760320,
            "40.000000" : 17112760320,
            "50.000000" : 17112760320,
            "60.000000" : 17112760320,
            "70.000000" : 17112760320,
            "80.000000" : 17112760320,
            "90.000000" : 17112760320,
            "95.000000" : 17112760320,
            "99.000000" : 17112760320,
            "99.500000" : 17112760320,
            "99.900000" : 17112760320,
            "99.950000" : 17112760320,
            "99.990000" : 17112760320
          }
        },
        "lat_ns" : {
          "min" : 422345521,
          "max" : 108835963022,
          "mean" : 27720635655.865547,
          "stddev" : 23789882922.638069,
          "N" : 44081
        },
        "bw_min" : 256,
        "bw_max" : 8256,
        "bw_agg" : 100.000000,
        "bw_mean" : 993.491024,
        "bw_dev" : 37.844394,
        "bw_samples" : 10298,
        "iops_min" : 64,
        "iops_max" : 2064,
        "iops_mean" : 248.372756,
        "iops_stddev" : 9.461098,
        "iops_samples" : 10298
      },
      "trim" : {
        "io_bytes" : 0,
        "io_kbytes" : 0,
        "bw_bytes" : 0,
        "bw" : 0,
        "iops" : 0.000000,
        "runtime" : 0,
        "total_ios" : 0,
        "short_ios" : 0,
        "drop_ios" : 0,
        "slat_ns" : {
          "min" : 0,
          "max" : 0,
          "mean" : 0.000000,
          "stddev" : 0.000000,
          "N" : 0
        },
        "clat_ns" : {
          "min" : 0,
          "max" : 0,
          "mean" : 0.000000,
          "stddev" : 0.000000,
          "N" : 0
        },
        "lat_ns" : {
          "min" : 0,
          "max" : 0,
          "mean" : 0.000000,
          "stddev" : 0.000000,
          "N" : 0
        },
        "bw_min" : 0,
        "bw_max" : 0,
        "bw_agg" : 0.000000,
        "bw_mean" : 0.000000,
        "bw_dev" : 0.000000,
        "bw_samples" : 0,
        "iops_min" : 0,
        "iops_max" : 0,
        "iops_mean" : 0.000000,
        "iops_stddev" : 0.000000,
        "iops_samples" : 0
      },
      "sync" : {
        "total_ios" : 0,
        "lat_ns" : {
          "min" : 0,
          "max" : 0,
          "mean" : 0.000000,
          "stddev" : 0.000000,
          "N" : 0
        }
      },
      "job_runtime" : 9609765,
      "usr_cpu" : 0.020375,
      "sys_cpu" : 0.134967,
      "ctx" : 44558,
      "majf" : 0,
      "minf" : 1320,
      "iodepth_level" : {
        "1" : 0.100000,
        "2" : 0.100000,
        "4" : 0.144941,
        "8" : 0.289881,
        "16" : 0.579763,
        "32" : 1.159525,
        ">=64" : 97.717185
      },
      "iodepth_submit" : {
        "0" : 0.000000,
        "4" : 100.000000,
        "8" : 0.000000,
        "16" : 0.000000,
        "32" : 0.000000,
        "64" : 0.000000,
        ">=64" : 0.000000
      },
      "iodepth_complete" : {
        "0" : 0.000000,
        "4" : 99.960092,
        "8" : 0.000000,
        "16" : 0.000000,
        "32" : 0.000000,
        "64" : 0.000000,
        ">=64" : 0.100000
      },
      "latency_ns" : {
        "2" : 0.000000,
        "4" : 0.000000,
        "10" : 0.000000,
        "20" : 0.000000,
        "50" : 0.000000,
        "100" : 0.000000,
        "250" : 0.000000,
        "500" : 0.000000,
        "750" : 0.000000,
        "1000" : 0.000000
      },
      "latency_us" : {
        "2" : 0.000000,
        "4" : 0.000000,
        "10" : 0.000000,
        "20" : 0.010000,
        "50" : 0.029441,
        "100" : 0.010000,
        "250" : 0.000000,
        "500" : 0.000000,
        "750" : 0.000000,
        "1000" : 0.000000
      },
      "latency_ms" : {
        "2" : 0.000000,
        "4" : 0.000000,
        "10" : 0.000000,
        "20" : 0.000000,
        "50" : 0.000000,
        "100" : 0.000000,
        "250" : 0.000000,
        "500" : 0.022647,
        "750" : 0.060014,
        "1000" : 0.078132,
        "2000" : 0.595616,
        ">=2000" : 99.207356
      },
      "latency_depth" : 256,
      "latency_target" : 0,
      "latency_percentile" : 100.000000,
      "latency_window" : 0
    }
  ]
}
