{
  "fio version" : "fio-3.27",
  "timestamp" : 1627025848,
  "timestamp_ms" : 1627025848913,
  "time" : "Fri Jul 23 09:37:28 2021",
  "jobs" : [
    {
      "jobname" : "randrw",
      "groupid" : 0,
      "error" : 0,
      "eta" : 0,
      "elapsed" : 301,
      "job options" : {
        "bs" : "4K",
        "iodepth" : "256",
        "direct" : "0",
        "ioengine" : "libaio",
        "time_based" : "1",
        "runtime" : "300",
        "numjobs" : "4",
        "size" : "1g",
        "name" : "randrw",
        "rw" : "randrw",
        "directory" : "/scratch/snx2000/ccocha/randrw/128_node",
        "filename_format" : "$jobname.117.$jobnum.$filenum"
      },
      "read" : {
        "io_bytes" : 92041216,
        "io_kbytes" : 89884,
        "bw_bytes" : 306488,
        "bw" : 299,
        "iops" : 74.826262,
        "runtime" : 300309,
        "total_ios" : 22471,
        "short_ios" : 0,
        "drop_ios" : 0,
        "slat_ns" : {
          "min" : 481430,
          "max" : 23356321508,
          "mean" : 53278547.776111,
          "stddev" : 332860188.195508,
          "N" : 22471
        },
        "clat_ns" : {
          "min" : 14630,
          "max" : 47976624195,
          "mean" : 6761076105.595125,
          "stddev" : 6284575675.603555,
          "N" : 22471,
          "percentile" : {
            "1.000000" : 926941184,
            "5.000000" : 1010827264,
            "10.000000" : 1069547520,
            "20.000000" : 3070230528,
            "30.000000" : 4999610368,
            "40.000000" : 6073352192,
            "50.000000" : 6811549696,
            "60.000000" : 7415529472,
            "70.000000" : 7885291520,
            "80.000000" : 8355053568,
            "90.000000" : 9059696640,
            "95.000000" : 9596567552,
            "99.000000" : 17112760320,
            "99.500000" : 17112760320,
            "99.900000" : 17112760320,
            "99.950000" : 17112760320,
            "99.990000" : 17112760320
          }
        },
        "lat_ns" : {
          "min" : 146141789,
          "max" : 47990455292,
          "mean" : 6814357645.975300,
          "stddev" : 6305101105.730830,
          "N" : 22471
        },
        "bw_min" : 32,
        "bw_max" : 2312,
        "bw_agg" : 100.000000,
        "bw_mean" : 369.832782,
        "bw_dev" : 97.851711,
        "bw_samples" : 1902,
        "iops_min" : 8,
        "iops_max" : 578,
        "iops_mean" : 92.458195,
        "iops_stddev" : 24.462928,
        "iops_samples" : 1902
      },
      "write" : {
        "io_bytes" : 93786112,
        "io_kbytes" : 91588,
        "bw_bytes" : 312298,
        "bw" : 304,
        "iops" : 76.244801,
        "runtime" : 300309,
        "total_ios" : 22897,
        "short_ios" : 0,
        "drop_ios" : 0,
        "slat_ns" : {
          "min" : 75390,
          "max" : 1722779,
          "mean" : 111965.288335,
          "stddev" : 43914.003605,
          "N" : 22897
        },
        "clat_ns" : {
          "min" : 146152309,
          "max" : 47990252462,
          "mean" : 6714152853.204441,
          "stddev" : 6245188497.211538,
          "N" : 22897,
          "percentile" : {
            "1.000000" : 935329792,
            "5.000000" : 1010827264,
            "10.000000" : 1061158912,
            "20.000000" : 2902458368,
            "30.000000" : 4932501504,
            "40.000000" : 6073352192,
            "50.000000" : 6811549696,
            "60.000000" : 7415529472,
            "70.000000" : 7818182656,
            "80.000000" : 8355053568,
            "90.000000" : 9059696640,
            "95.000000" : 9596567552,
            "99.000000" : 17112760320,
            "99.500000" : 17112760320,
            "99.900000" : 17112760320,
            "99.950000" : 17112760320,
            "99.990000" : 17112760320
          }
        },
        "lat_ns" : {
          "min" : 146233669,
          "max" : 47990332652,
          "mean" : 6714266015.994371,
          "stddev" : 6245188454.579104,
          "N" : 22897
        },
        "bw_min" : 32,
        "bw_max" : 2368,
        "bw_agg" : 100.000000,
        "bw_mean" : 377.574360,
        "bw_dev" : 100.435905,
        "bw_samples" : 1900,
        "iops_min" : 8,
        "iops_max" : 592,
        "iops_mean" : 94.393590,
        "iops_stddev" : 25.108976,
        "iops_samples" : 1900
      },
      "trim" : {
        "io_bytes" : 0,
        "io_kbytes" : 0,
        "bw_bytes" : 0,
        "bw" : 0,
        "iops" : 0.000000,
        "runtime" : 0,
        "total_ios" : 0,
        "short_ios" : 0,
        "drop_ios" : 0,
        "slat_ns" : {
          "min" : 0,
          "max" : 0,
          "mean" : 0.000000,
          "stddev" : 0.000000,
          "N" : 0
        },
        "clat_ns" : {
          "min" : 0,
          "max" : 0,
          "mean" : 0.000000,
          "stddev" : 0.000000,
          "N" : 0
        },
        "lat_ns" : {
          "min" : 0,
          "max" : 0,
          "mean" : 0.000000,
          "stddev" : 0.000000,
          "N" : 0
        },
        "bw_min" : 0,
        "bw_max" : 0,
        "bw_agg" : 0.000000,
        "bw_mean" : 0.000000,
        "bw_dev" : 0.000000,
        "bw_samples" : 0,
        "iops_min" : 0,
        "iops_max" : 0,
        "iops_mean" : 0.000000,
        "iops_stddev" : 0.000000,
        "iops_samples" : 0
      },
      "sync" : {
        "total_ios" : 0,
        "lat_ns" : {
          "min" : 0,
          "max" : 0,
          "mean" : 0.000000,
          "stddev" : 0.000000,
          "N" : 0
        }
      },
      "job_runtime" : 1200596,
      "usr_cpu" : 0.068383,
      "sys_cpu" : 0.511996,
      "ctx" : 22501,
      "majf" : 0,
      "minf" : 169,
      "iodepth_level" : {
        "1" : 0.100000,
        "2" : 0.100000,
        "4" : 0.100000,
        "8" : 0.100000,
        "16" : 0.141069,
        "32" : 0.282137,
        ">=64" : 99.444542
      },
      "iodepth_submit" : {
        "0" : 0.000000,
        "4" : 100.000000,
        "8" : 0.000000,
        "16" : 0.000000,
        "32" : 0.000000,
        "64" : 0.000000,
        ">=64" : 0.000000
      },
      "iodepth_complete" : {
        "0" : 0.000000,
        "4" : 99.990981,
        "8" : 0.000000,
        "16" : 0.000000,
        "32" : 0.000000,
        "64" : 0.000000,
        ">=64" : 0.100000
      },
      "latency_ns" : {
        "2" : 0.000000,
        "4" : 0.000000,
        "10" : 0.000000,
        "20" : 0.000000,
        "50" : 0.000000,
        "100" : 0.000000,
        "250" : 0.000000,
        "500" : 0.000000,
        "750" : 0.000000,
        "1000" : 0.000000
      },
      "latency_us" : {
        "2" : 0.000000,
        "4" : 0.000000,
        "10" : 0.000000,
        "20" : 0.010000,
        "50" : 0.010000,
        "100" : 0.000000,
        "250" : 0.000000,
        "500" : 0.000000,
        "750" : 0.000000,
        "1000" : 0.000000
      },
      "latency_ms" : {
        "2" : 0.000000,
        "4" : 0.000000,
        "10" : 0.000000,
        "20" : 0.000000,
        "50" : 0.000000,
        "100" : 0.000000,
        "250" : 0.024246,
        "500" : 0.022042,
        "750" : 0.074943,
        "1000" : 3.925674,
        "2000" : 14.020896,
        ">=2000" : 81.923382
      },
      "latency_depth" : 256,
      "latency_target" : 0,
      "latency_percentile" : 100.000000,
      "latency_window" : 0
    }
  ]
}
