{
  "fio version" : "fio-3.27",
  "timestamp" : 1627427697,
  "timestamp_ms" : 1627427697465,
  "time" : "Wed Jul 28 01:14:57 2021",
  "jobs" : [
    {
      "jobname" : "seq-read",
      "groupid" : 0,
      "error" : 0,
      "eta" : 0,
      "elapsed" : 301,
      "job options" : {
        "bs" : "4K",
        "iodepth" : "256",
        "direct" : "1",
        "ioengine" : "libaio",
        "time_based" : "1",
        "runtime" : "300",
        "numjobs" : "16",
        "size" : "1g",
        "name" : "seq-read",
        "rw" : "read",
        "directory" : "/scratch/snx2000/ccocha/seqread/64_node/",
        "filename_format" : "$jobname.30.$jobnum.$filenum"
      },
      "read" : {
        "io_bytes" : 10621784064,
        "io_kbytes" : 10372836,
        "bw_bytes" : 35405592,
        "bw" : 34575,
        "iops" : 8643.943561,
        "runtime" : 300003,
        "total_ios" : 2593209,
        "short_ios" : 0,
        "drop_ios" : 0,
        "slat_ns" : {
          "min" : 454820,
          "max" : 128331662,
          "mean" : 1829747.439430,
          "stddev" : 913810.655875,
          "N" : 2593209
        },
        "clat_ns" : {
          "min" : 12980,
          "max" : 696729288,
          "mean" : 471635978.848271,
          "stddev" : 30290968.225527,
          "N" : 2593209,
          "percentile" : {
            "1.000000" : 425721856,
            "5.000000" : 438304768,
            "10.000000" : 442499072,
            "20.000000" : 450887680,
            "30.000000" : 459276288,
            "40.000000" : 463470592,
            "50.000000" : 467664896,
            "60.000000" : 476053504,
            "70.000000" : 480247808,
            "80.000000" : 492830720,
            "90.000000" : 505413632,
            "95.000000" : 517996544,
            "99.000000" : 541065216,
            "99.500000" : 549453824,
            "99.900000" : 583008256,
            "99.950000" : 599785472,
            "99.990000" : 650117120
          }
        },
        "lat_ns" : {
          "min" : 662951,
          "max" : 698363449,
          "mean" : 473468607.917790,
          "stddev" : 30372979.291005,
          "N" : 2593209
        },
        "bw_min" : 10435,
        "bw_max" : 44096,
        "bw_agg" : 99.844477,
        "bw_mean" : 34522.092920,
        "bw_dev" : 131.052109,
        "bw_samples" : 9579,
        "iops_min" : 2608,
        "iops_max" : 11024,
        "iops_mean" : 8630.465584,
        "iops_stddev" : 32.770875,
        "iops_samples" : 9579
      },
      "write" : {
        "io_bytes" : 0,
        "io_kbytes" : 0,
        "bw_bytes" : 0,
        "bw" : 0,
        "iops" : 0.000000,
        "runtime" : 0,
        "total_ios" : 0,
        "short_ios" : 0,
        "drop_ios" : 0,
        "slat_ns" : {
          "min" : 0,
          "max" : 0,
          "mean" : 0.000000,
          "stddev" : 0.000000,
          "N" : 0
        },
        "clat_ns" : {
          "min" : 0,
          "max" : 0,
          "mean" : 0.000000,
          "stddev" : 0.000000,
          "N" : 0
        },
        "lat_ns" : {
          "min" : 0,
          "max" : 0,
          "mean" : 0.000000,
          "stddev" : 0.000000,
          "N" : 0
        },
        "bw_min" : 0,
        "bw_max" : 0,
        "bw_agg" : 0.000000,
        "bw_mean" : 0.000000,
        "bw_dev" : 0.000000,
        "bw_samples" : 0,
        "iops_min" : 0,
        "iops_max" : 0,
        "iops_mean" : 0.000000,
        "iops_stddev" : 0.000000,
        "iops_samples" : 0
      },
      "trim" : {
        "io_bytes" : 0,
        "io_kbytes" : 0,
        "bw_bytes" : 0,
        "bw" : 0,
        "iops" : 0.000000,
        "runtime" : 0,
        "total_ios" : 0,
        "short_ios" : 0,
        "drop_ios" : 0,
        "slat_ns" : {
          "min" : 0,
          "max" : 0,
          "mean" : 0.000000,
          "stddev" : 0.000000,
          "N" : 0
        },
        "clat_ns" : {
          "min" : 0,
          "max" : 0,
          "mean" : 0.000000,
          "stddev" : 0.000000,
          "N" : 0
        },
        "lat_ns" : {
          "min" : 0,
          "max" : 0,
          "mean" : 0.000000,
          "stddev" : 0.000000,
          "N" : 0
        },
        "bw_min" : 0,
        "bw_max" : 0,
        "bw_agg" : 0.000000,
        "bw_mean" : 0.000000,
        "bw_dev" : 0.000000,
        "bw_samples" : 0,
        "iops_min" : 0,
        "iops_max" : 0,
        "iops_mean" : 0.000000,
        "iops_stddev" : 0.000000,
        "iops_samples" : 0
      },
      "sync" : {
        "total_ios" : 0,
        "lat_ns" : {
          "min" : 0,
          "max" : 0,
          "mean" : 0.000000,
          "stddev" : 0.000000,
          "N" : 0
        }
      },
      "job_runtime" : 4800006,
      "usr_cpu" : 1.347873,
      "sys_cpu" : 8.216823,
      "ctx" : 2593545,
      "majf" : 0,
      "minf" : 4736,
      "iodepth_level" : {
        "1" : 0.100000,
        "2" : 0.100000,
        "4" : 0.100000,
        "8" : 0.100000,
        "16" : 0.100000,
        "32" : 0.100000,
        ">=64" : 99.961129
      },
      "iodepth_submit" : {
        "0" : 0.000000,
        "4" : 100.000000,
        "8" : 0.000000,
        "16" : 0.000000,
        "32" : 0.000000,
        "64" : 0.000000,
        ">=64" : 0.000000
      },
      "iodepth_complete" : {
        "0" : 0.000000,
        "4" : 99.999382,
        "8" : 0.000000,
        "16" : 0.000000,
        "32" : 0.000000,
        "64" : 0.000000,
        ">=64" : 0.100000
      },
      "latency_ns" : {
        "2" : 0.000000,
        "4" : 0.000000,
        "10" : 0.000000,
        "20" : 0.000000,
        "50" : 0.000000,
        "100" : 0.000000,
        "250" : 0.000000,
        "500" : 0.000000,
        "750" : 0.000000,
        "1000" : 0.000000
      },
      "latency_us" : {
        "2" : 0.000000,
        "4" : 0.000000,
        "10" : 0.000000,
        "20" : 0.010000,
        "50" : 0.010000,
        "100" : 0.000000,
        "250" : 0.000000,
        "500" : 0.000000,
        "750" : 0.010000,
        "1000" : 0.010000
      },
      "latency_ms" : {
        "2" : 0.010000,
        "4" : 0.010000,
        "10" : 0.010000,
        "20" : 0.010000,
        "50" : 0.020438,
        "100" : 0.033202,
        "250" : 0.182669,
        "500" : 86.430172,
        "750" : 13.319713,
        "1000" : 0.000000,
        "2000" : 0.000000,
        ">=2000" : 0.000000
      },
      "latency_depth" : 256,
      "latency_target" : 0,
      "latency_percentile" : 100.000000,
      "latency_window" : 0
    }
  ]
}
