{
  "fio version" : "fio-3.27",
  "timestamp" : 1627432960,
  "timestamp_ms" : 1627432960520,
  "time" : "Wed Jul 28 02:42:40 2021",
  "jobs" : [
    {
      "jobname" : "seq-read",
      "groupid" : 0,
      "error" : 0,
      "eta" : 0,
      "elapsed" : 302,
      "job options" : {
        "bs" : "4K",
        "iodepth" : "256",
        "direct" : "1",
        "ioengine" : "libaio",
        "time_based" : "1",
        "runtime" : "300",
        "numjobs" : "64",
        "size" : "1g",
        "name" : "seq-read",
        "rw" : "read",
        "directory" : "/scratch/snx2000/ccocha/seqread/96_node/",
        "filename_format" : "$jobname.84.$jobnum.$filenum"
      },
      "read" : {
        "io_bytes" : 6847897600,
        "io_kbytes" : 6687400,
        "bw_bytes" : 22753438,
        "bw" : 22220,
        "iops" : 5555.038693,
        "runtime" : 300961,
        "total_ios" : 1671850,
        "short_ios" : 0,
        "drop_ios" : 0,
        "slat_ns" : {
          "min" : 570568,
          "max" : 1691256155,
          "mean" : 11461891.877251,
          "stddev" : 20135539.535268,
          "N" : 1671850
        },
        "clat_ns" : {
          "min" : 14910,
          "max" : 46182549440,
          "mean" : 2922684747.909262,
          "stddev" : 1829105017.714516,
          "N" : 1671850,
          "percentile" : {
            "1.000000" : 1954545664,
            "5.000000" : 2432696320,
            "10.000000" : 2499805184,
            "20.000000" : 2566914048,
            "30.000000" : 2600468480,
            "40.000000" : 2667577344,
            "50.000000" : 2701131776,
            "60.000000" : 2768240640,
            "70.000000" : 2835349504,
            "80.000000" : 2902458368,
            "90.000000" : 3036676096,
            "95.000000" : 3170893824,
            "99.000000" : 9462349824,
            "99.500000" : 11207180288,
            "99.900000" : 17112760320,
            "99.950000" : 17112760320,
            "99.990000" : 17112760320
          }
        },
        "lat_ns" : {
          "min" : 4397435,
          "max" : 46225355548,
          "mean" : 2934150155.335432,
          "stddev" : 1835682288.573708,
          "N" : 1671850
        },
        "bw_min" : 6840,
        "bw_max" : 30992,
        "bw_agg" : 100.000000,
        "bw_mean" : 22420.044563,
        "bw_dev" : 72.745269,
        "bw_samples" : 37612,
        "iops_min" : 1710,
        "iops_max" : 7748,
        "iops_mean" : 5605.011559,
        "iops_stddev" : 18.186253,
        "iops_samples" : 37612
      },
      "write" : {
        "io_bytes" : 0,
        "io_kbytes" : 0,
        "bw_bytes" : 0,
        "bw" : 0,
        "iops" : 0.000000,
        "runtime" : 0,
        "total_ios" : 0,
        "short_ios" : 0,
        "drop_ios" : 0,
        "slat_ns" : {
          "min" : 0,
          "max" : 0,
          "mean" : 0.000000,
          "stddev" : 0.000000,
          "N" : 0
        },
        "clat_ns" : {
          "min" : 0,
          "max" : 0,
          "mean" : 0.000000,
          "stddev" : 0.000000,
          "N" : 0
        },
        "lat_ns" : {
          "min" : 0,
          "max" : 0,
          "mean" : 0.000000,
          "stddev" : 0.000000,
          "N" : 0
        },
        "bw_min" : 0,
        "bw_max" : 0,
        "bw_agg" : 0.000000,
        "bw_mean" : 0.000000,
        "bw_dev" : 0.000000,
        "bw_samples" : 0,
        "iops_min" : 0,
        "iops_max" : 0,
        "iops_mean" : 0.000000,
        "iops_stddev" : 0.000000,
        "iops_samples" : 0
      },
      "trim" : {
        "io_bytes" : 0,
        "io_kbytes" : 0,
        "bw_bytes" : 0,
        "bw" : 0,
        "iops" : 0.000000,
        "runtime" : 0,
        "total_ios" : 0,
        "short_ios" : 0,
        "drop_ios" : 0,
        "slat_ns" : {
          "min" : 0,
          "max" : 0,
          "mean" : 0.000000,
          "stddev" : 0.000000,
          "N" : 0
        },
        "clat_ns" : {
          "min" : 0,
          "max" : 0,
          "mean" : 0.000000,
          "stddev" : 0.000000,
          "N" : 0
        },
        "lat_ns" : {
          "min" : 0,
          "max" : 0,
          "mean" : 0.000000,
          "stddev" : 0.000000,
          "N" : 0
        },
        "bw_min" : 0,
        "bw_max" : 0,
        "bw_agg" : 0.000000,
        "bw_mean" : 0.000000,
        "bw_dev" : 0.000000,
        "bw_samples" : 0,
        "iops_min" : 0,
        "iops_max" : 0,
        "iops_mean" : 0.000000,
        "iops_stddev" : 0.000000,
        "iops_samples" : 0
      },
      "sync" : {
        "total_ios" : 0,
        "lat_ns" : {
          "min" : 0,
          "max" : 0,
          "mean" : 0.000000,
          "stddev" : 0.000000,
          "N" : 0
        }
      },
      "job_runtime" : 19203416,
      "usr_cpu" : 0.244654,
      "sys_cpu" : 1.504472,
      "ctx" : 1672422,
      "majf" : 0,
      "minf" : 18965,
      "iodepth_level" : {
        "1" : 0.100000,
        "2" : 0.100000,
        "4" : 0.100000,
        "8" : 0.100000,
        "16" : 0.100000,
        "32" : 0.122499,
        ">=64" : 99.758830
      },
      "iodepth_submit" : {
        "0" : 0.000000,
        "4" : 100.000000,
        "8" : 0.000000,
        "16" : 0.000000,
        "32" : 0.000000,
        "64" : 0.000000,
        ">=64" : 0.000000
      },
      "iodepth_complete" : {
        "0" : 0.000000,
        "4" : 99.996134,
        "8" : 0.000000,
        "16" : 0.000000,
        "32" : 0.000000,
        "64" : 0.000000,
        ">=64" : 0.100000
      },
      "latency_ns" : {
        "2" : 0.000000,
        "4" : 0.000000,
        "10" : 0.000000,
        "20" : 0.000000,
        "50" : 0.000000,
        "100" : 0.000000,
        "250" : 0.000000,
        "500" : 0.000000,
        "750" : 0.000000,
        "1000" : 0.000000
      },
      "latency_us" : {
        "2" : 0.000000,
        "4" : 0.000000,
        "10" : 0.000000,
        "20" : 0.010000,
        "50" : 0.010000,
        "100" : 0.000000,
        "250" : 0.000000,
        "500" : 0.000000,
        "750" : 0.000000,
        "1000" : 0.000000
      },
      "latency_ms" : {
        "2" : 0.000000,
        "4" : 0.000000,
        "10" : 0.010000,
        "20" : 0.010000,
        "50" : 0.010000,
        "100" : 0.017705,
        "250" : 0.049466,
        "500" : 0.085713,
        "750" : 0.085474,
        "1000" : 0.081407,
        "2000" : 0.732841,
        ">=2000" : 98.927057
      },
      "latency_depth" : 256,
      "latency_target" : 0,
      "latency_percentile" : 100.000000,
      "latency_window" : 0
    }
  ]
}
