{
  "fio version" : "fio-3.27",
  "timestamp" : 1627017926,
  "timestamp_ms" : 1627017926373,
  "time" : "Fri Jul 23 07:25:26 2021",
  "jobs" : [
    {
      "jobname" : "randrw",
      "groupid" : 0,
      "error" : 0,
      "eta" : 0,
      "elapsed" : 301,
      "job options" : {
        "bs" : "4K",
        "iodepth" : "256",
        "direct" : "0",
        "ioengine" : "libaio",
        "time_based" : "1",
        "runtime" : "300",
        "numjobs" : "1",
        "size" : "1g",
        "name" : "randrw",
        "rw" : "randrw",
        "directory" : "/scratch/snx2000/ccocha/randrw/64_node",
        "filename_format" : "$jobname.15.$jobnum.$filenum"
      },
      "read" : {
        "io_bytes" : 131182592,
        "io_kbytes" : 128108,
        "bw_bytes" : 437203,
        "bw" : 426,
        "iops" : 106.739233,
        "runtime" : 300049,
        "total_ios" : 32027,
        "short_ios" : 0,
        "drop_ios" : 0,
        "slat_ns" : {
          "min" : 470415,
          "max" : 2869511912,
          "mean" : 9233466.684048,
          "stddev" : 26411294.537575,
          "N" : 32027
        },
        "clat_ns" : {
          "min" : 26790,
          "max" : 7212184670,
          "mean" : 1192962309.706597,
          "stddev" : 604864284.943089,
          "N" : 32027,
          "percentile" : {
            "1.000000" : 541065216,
            "5.000000" : 608174080,
            "10.000000" : 658505728,
            "20.000000" : 734003200,
            "30.000000" : 792723456,
            "40.000000" : 952107008,
            "50.000000" : 1098907648,
            "60.000000" : 1199570944,
            "70.000000" : 1350565888,
            "80.000000" : 1551892480,
            "90.000000" : 1820327936,
            "95.000000" : 2139095040,
            "99.000000" : 3103784960,
            "99.500000" : 3674210304,
            "99.900000" : 7147094016,
            "99.950000" : 7147094016,
            "99.990000" : 7214202880
          }
        },
        "lat_ns" : {
          "min" : 101728134,
          "max" : 7218857896,
          "mean" : 1202198191.105293,
          "stddev" : 607126843.205751,
          "N" : 32027
        },
        "bw_min" : 8,
        "bw_max" : 1064,
        "bw_agg" : 100.000000,
        "bw_mean" : 433.050934,
        "bw_dev" : 235.463505,
        "bw_samples" : 589,
        "iops_min" : 2,
        "iops_max" : 266,
        "iops_mean" : 108.261460,
        "iops_stddev" : 58.864362,
        "iops_samples" : 589
      },
      "write" : {
        "io_bytes" : 131465216,
        "io_kbytes" : 128384,
        "bw_bytes" : 438145,
        "bw" : 427,
        "iops" : 106.969195,
        "runtime" : 300049,
        "total_ios" : 32096,
        "short_ios" : 0,
        "drop_ios" : 0,
        "slat_ns" : {
          "min" : 75461,
          "max" : 814399,
          "mean" : 103241.555241,
          "stddev" : 39650.747603,
          "N" : 32096
        },
        "clat_ns" : {
          "min" : 101738014,
          "max" : 7210967677,
          "mean" : 1190883580.887998,
          "stddev" : 621180078.841284,
          "N" : 32096,
          "percentile" : {
            "1.000000" : 541065216,
            "5.000000" : 608174080,
            "10.000000" : 658505728,
            "20.000000" : 734003200,
            "30.000000" : 792723456,
            "40.000000" : 952107008,
            "50.000000" : 1082130432,
            "60.000000" : 1199570944,
            "70.000000" : 1350565888,
            "80.000000" : 1535115264,
            "90.000000" : 1803550720,
            "95.000000" : 2122317824,
            "99.000000" : 3103784960,
            "99.500000" : 3707764736,
            "99.900000" : 7147094016,
            "99.950000" : 7214202880,
            "99.990000" : 7214202880
          }
        },
        "lat_ns" : {
          "min" : 101821035,
          "max" : 7211058408,
          "mean" : 1190987943.936053,
          "stddev" : 621180566.623017,
          "N" : 32096
        },
        "bw_min" : 8,
        "bw_max" : 1096,
        "bw_agg" : 100.000000,
        "bw_mean" : 433.088136,
        "bw_dev" : 238.429409,
        "bw_samples" : 590,
        "iops_min" : 2,
        "iops_max" : 274,
        "iops_mean" : 108.271186,
        "iops_stddev" : 59.606471,
        "iops_samples" : 590
      },
      "trim" : {
        "io_bytes" : 0,
        "io_kbytes" : 0,
        "bw_bytes" : 0,
        "bw" : 0,
        "iops" : 0.000000,
        "runtime" : 0,
        "total_ios" : 0,
        "short_ios" : 0,
        "drop_ios" : 0,
        "slat_ns" : {
          "min" : 0,
          "max" : 0,
          "mean" : 0.000000,
          "stddev" : 0.000000,
          "N" : 0
        },
        "clat_ns" : {
          "min" : 0,
          "max" : 0,
          "mean" : 0.000000,
          "stddev" : 0.000000,
          "N" : 0
        },
        "lat_ns" : {
          "min" : 0,
          "max" : 0,
          "mean" : 0.000000,
          "stddev" : 0.000000,
          "N" : 0
        },
        "bw_min" : 0,
        "bw_max" : 0,
        "bw_agg" : 0.000000,
        "bw_mean" : 0.000000,
        "bw_dev" : 0.000000,
        "bw_samples" : 0,
        "iops_min" : 0,
        "iops_max" : 0,
        "iops_mean" : 0.000000,
        "iops_stddev" : 0.000000,
        "iops_samples" : 0
      },
      "sync" : {
        "total_ios" : 0,
        "lat_ns" : {
          "min" : 0,
          "max" : 0,
          "mean" : 0.000000,
          "stddev" : 0.000000,
          "N" : 0
        }
      },
      "job_runtime" : 300048,
      "usr_cpu" : 0.367608,
      "sys_cpu" : 2.598918,
      "ctx" : 32042,
      "majf" : 0,
      "minf" : 40,
      "iodepth_level" : {
        "1" : 0.100000,
        "2" : 0.100000,
        "4" : 0.100000,
        "8" : 0.100000,
        "16" : 0.100000,
        "32" : 0.100000,
        ">=64" : 99.901751
      },
      "iodepth_submit" : {
        "0" : 0.000000,
        "4" : 100.000000,
        "8" : 0.000000,
        "16" : 0.000000,
        "32" : 0.000000,
        "64" : 0.000000,
        ">=64" : 0.000000
      },
      "iodepth_complete" : {
        "0" : 0.000000,
        "4" : 99.998434,
        "8" : 0.000000,
        "16" : 0.000000,
        "32" : 0.000000,
        "64" : 0.000000,
        ">=64" : 0.100000
      },
      "latency_ns" : {
        "2" : 0.000000,
        "4" : 0.000000,
        "10" : 0.000000,
        "20" : 0.000000,
        "50" : 0.000000,
        "100" : 0.000000,
        "250" : 0.000000,
        "500" : 0.000000,
        "750" : 0.000000,
        "1000" : 0.000000
      },
      "latency_us" : {
        "2" : 0.000000,
        "4" : 0.000000,
        "10" : 0.000000,
        "20" : 0.000000,
        "50" : 0.010000,
        "100" : 0.000000,
        "250" : 0.000000,
        "500" : 0.000000,
        "750" : 0.000000,
        "1000" : 0.000000
      },
      "latency_ms" : {
        "2" : 0.000000,
        "4" : 0.000000,
        "10" : 0.000000,
        "20" : 0.000000,
        "50" : 0.000000,
        "100" : 0.000000,
        "250" : 0.040547,
        "500" : 0.146593,
        "750" : 22.204201,
        "1000" : 20.123825,
        "2000" : 50.679163,
        ">=2000" : 6.804111
      },
      "latency_depth" : 256,
      "latency_target" : 0,
      "latency_percentile" : 100.000000,
      "latency_window" : 0
    }
  ]
}
