{
  "fio version" : "fio-3.27",
  "timestamp" : 1627030354,
  "timestamp_ms" : 1627030354326,
  "time" : "Fri Jul 23 10:52:34 2021",
  "jobs" : [
    {
      "jobname" : "randrw",
      "groupid" : 0,
      "error" : 0,
      "eta" : 0,
      "elapsed" : 302,
      "job options" : {
        "bs" : "4K",
        "iodepth" : "256",
        "direct" : "0",
        "ioengine" : "libaio",
        "time_based" : "1",
        "runtime" : "300",
        "numjobs" : "16",
        "size" : "1g",
        "name" : "randrw",
        "rw" : "randrw",
        "directory" : "/scratch/snx2000/ccocha/randrw/150_node",
        "filename_format" : "$jobname.95.$jobnum.$filenum"
      },
      "read" : {
        "io_bytes" : 78684160,
        "io_kbytes" : 76840,
        "bw_bytes" : 261455,
        "bw" : 255,
        "iops" : 63.831837,
        "runtime" : 300947,
        "total_ios" : 19210,
        "short_ios" : 0,
        "drop_ios" : 0,
        "slat_ns" : {
          "min" : 2606304,
          "max" : 83384293810,
          "mean" : 250102384.703488,
          "stddev" : 2090395196.957584,
          "N" : 19210
        },
        "clat_ns" : {
          "min" : 18320,
          "max" : 129950251732,
          "mean" : 31572277054.910412,
          "stddev" : 30186877452.675819,
          "N" : 19210,
          "percentile" : {
            "1.000000" : 2768240640,
            "5.000000" : 3137339392,
            "10.000000" : 3338665984,
            "20.000000" : 3674210304,
            "30.000000" : 6610223104,
            "40.000000" : 17112760320,
            "50.000000" : 17112760320,
            "60.000000" : 17112760320,
            "70.000000" : 17112760320,
            "80.000000" : 17112760320,
            "90.000000" : 17112760320,
            "95.000000" : 17112760320,
            "99.000000" : 17112760320,
            "99.500000" : 17112760320,
            "99.900000" : 17112760320,
            "99.950000" : 17112760320,
            "99.990000" : 17112760320
          }
        },
        "lat_ns" : {
          "min" : 487391681,
          "max" : 130000417529,
          "mean" : 31822382876.075279,
          "stddev" : 30306650154.183975,
          "N" : 19210
        },
        "bw_min" : 128,
        "bw_max" : 3576,
        "bw_agg" : 100.000000,
        "bw_mean" : 595.188801,
        "bw_dev" : 41.051464,
        "bw_samples" : 3693,
        "iops_min" : 32,
        "iops_max" : 894,
        "iops_mean" : 148.797200,
        "iops_stddev" : 10.262866,
        "iops_samples" : 3693
      },
      "write" : {
        "io_bytes" : 79306752,
        "io_kbytes" : 77448,
        "bw_bytes" : 263523,
        "bw" : 257,
        "iops" : 64.336910,
        "runtime" : 300947,
        "total_ios" : 19362,
        "short_ios" : 0,
        "drop_ios" : 0,
        "slat_ns" : {
          "min" : 75640,
          "max" : 2092133,
          "mean" : 121827.514668,
          "stddev" : 55299.885123,
          "N" : 19362
        },
        "clat_ns" : {
          "min" : 487402221,
          "max" : 129950373492,
          "mean" : 31657234692.661758,
          "stddev" : 30412503443.584110,
          "N" : 19362,
          "percentile" : {
            "1.000000" : 2768240640,
            "5.000000" : 3137339392,
            "10.000000" : 3338665984,
            "20.000000" : 3674210304,
            "30.000000" : 6341787648,
            "40.000000" : 17112760320,
            "50.000000" : 17112760320,
            "60.000000" : 17112760320,
            "70.000000" : 17112760320,
            "80.000000" : 17112760320,
            "90.000000" : 17112760320,
            "95.000000" : 17112760320,
            "99.000000" : 17112760320,
            "99.500000" : 17112760320,
            "99.900000" : 17112760320,
            "99.950000" : 17112760320,
            "99.990000" : 17112760320
          }
        },
        "lat_ns" : {
          "min" : 487484851,
          "max" : 129950491802,
          "mean" : 31657357742.465351,
          "stddev" : 30412501985.163548,
          "N" : 19362
        },
        "bw_min" : 128,
        "bw_max" : 3472,
        "bw_agg" : 100.000000,
        "bw_mean" : 598.408638,
        "bw_dev" : 41.206290,
        "bw_samples" : 3705,
        "iops_min" : 32,
        "iops_max" : 868,
        "iops_mean" : 149.602160,
        "iops_stddev" : 10.301573,
        "iops_samples" : 3705
      },
      "trim" : {
        "io_bytes" : 0,
        "io_kbytes" : 0,
        "bw_bytes" : 0,
        "bw" : 0,
        "iops" : 0.000000,
        "runtime" : 0,
        "total_ios" : 0,
        "short_ios" : 0,
        "drop_ios" : 0,
        "slat_ns" : {
          "min" : 0,
          "max" : 0,
          "mean" : 0.000000,
          "stddev" : 0.000000,
          "N" : 0
        },
        "clat_ns" : {
          "min" : 0,
          "max" : 0,
          "mean" : 0.000000,
          "stddev" : 0.000000,
          "N" : 0
        },
        "lat_ns" : {
          "min" : 0,
          "max" : 0,
          "mean" : 0.000000,
          "stddev" : 0.000000,
          "N" : 0
        },
        "bw_min" : 0,
        "bw_max" : 0,
        "bw_agg" : 0.000000,
        "bw_mean" : 0.000000,
        "bw_dev" : 0.000000,
        "bw_samples" : 0,
        "iops_min" : 0,
        "iops_max" : 0,
        "iops_mean" : 0.000000,
        "iops_stddev" : 0.000000,
        "iops_samples" : 0
      },
      "sync" : {
        "total_ios" : 0,
        "lat_ns" : {
          "min" : 0,
          "max" : 0,
          "mean" : 0.000000,
          "stddev" : 0.000000,
          "N" : 0
        }
      },
      "job_runtime" : 4807581,
      "usr_cpu" : 0.016661,
      "sys_cpu" : 0.118958,
      "ctx" : 19331,
      "majf" : 0,
      "minf" : 657,
      "iodepth_level" : {
        "1" : 0.100000,
        "2" : 0.100000,
        "4" : 0.165923,
        "8" : 0.331847,
        "16" : 0.663694,
        "32" : 1.327388,
        ">=64" : 97.386705
      },
      "iodepth_submit" : {
        "0" : 0.000000,
        "4" : 100.000000,
        "8" : 0.000000,
        "16" : 0.000000,
        "32" : 0.000000,
        "64" : 0.000000,
        ">=64" : 0.000000
      },
      "iodepth_complete" : {
        "0" : 0.000000,
        "4" : 99.953634,
        "8" : 0.000000,
        "16" : 0.000000,
        "32" : 0.000000,
        "64" : 0.000000,
        ">=64" : 0.100000
      },
      "latency_ns" : {
        "2" : 0.000000,
        "4" : 0.000000,
        "10" : 0.000000,
        "20" : 0.000000,
        "50" : 0.000000,
        "100" : 0.000000,
        "250" : 0.000000,
        "500" : 0.000000,
        "750" : 0.000000,
        "1000" : 0.000000
      },
      "latency_us" : {
        "2" : 0.000000,
        "4" : 0.000000,
        "10" : 0.000000,
        "20" : 0.010000,
        "50" : 0.038888,
        "100" : 0.000000,
        "250" : 0.000000,
        "500" : 0.000000,
        "750" : 0.000000,
        "1000" : 0.000000
      },
      "latency_ms" : {
        "2" : 0.000000,
        "4" : 0.000000,
        "10" : 0.000000,
        "20" : 0.000000,
        "50" : 0.000000,
        "100" : 0.000000,
        "250" : 0.000000,
        "500" : 0.010000,
        "750" : 0.000000,
        "1000" : 0.044073,
        "2000" : 0.119257,
        ">=2000" : 99.787411
      },
      "latency_depth" : 256,
      "latency_target" : 0,
      "latency_percentile" : 100.000000,
      "latency_window" : 0
    }
  ]
}
