{
  "fio version" : "fio-3.27",
  "timestamp" : 1627434418,
  "timestamp_ms" : 1627434418293,
  "time" : "Wed Jul 28 03:06:58 2021",
  "jobs" : [
    {
      "jobname" : "seq-read",
      "groupid" : 0,
      "error" : 0,
      "eta" : 0,
      "elapsed" : 301,
      "job options" : {
        "bs" : "4K",
        "iodepth" : "256",
        "direct" : "1",
        "ioengine" : "libaio",
        "time_based" : "1",
        "runtime" : "300",
        "numjobs" : "8",
        "size" : "1g",
        "name" : "seq-read",
        "rw" : "read",
        "directory" : "/scratch/snx2000/ccocha/seqread/128_node/",
        "filename_format" : "$jobname.118.$jobnum.$filenum"
      },
      "read" : {
        "io_bytes" : 5215948800,
        "io_kbytes" : 5093700,
        "bw_bytes" : 17386090,
        "bw" : 16978,
        "iops" : 4244.650958,
        "runtime" : 300007,
        "total_ios" : 1273425,
        "short_ios" : 0,
        "drop_ios" : 0,
        "slat_ns" : {
          "min" : 483080,
          "max" : 100127062,
          "mean" : 1861711.895063,
          "stddev" : 894514.284907,
          "N" : 1273425
        },
        "clat_ns" : {
          "min" : 14070,
          "max" : 695306718,
          "mean" : 480246195.130951,
          "stddev" : 31347209.268916,
          "N" : 1273425,
          "percentile" : {
            "1.000000" : 425721856,
            "5.000000" : 438304768,
            "10.000000" : 450887680,
            "20.000000" : 459276288,
            "30.000000" : 467664896,
            "40.000000" : 471859200,
            "50.000000" : 476053504,
            "60.000000" : 484442112,
            "70.000000" : 492830720,
            "80.000000" : 501219328,
            "90.000000" : 517996544,
            "95.000000" : 530579456,
            "99.000000" : 557842432,
            "99.500000" : 566231040,
            "99.900000" : 599785472,
            "99.950000" : 624951296,
            "99.990000" : 692060160
          }
        },
        "lat_ns" : {
          "min" : 674091,
          "max" : 697125629,
          "mean" : 482111102.487547,
          "stddev" : 31431239.842219,
          "N" : 1273425
        },
        "bw_min" : 3240,
        "bw_max" : 19568,
        "bw_agg" : 99.825642,
        "bw_mean" : 16949.979969,
        "bw_dev" : 130.339845,
        "bw_samples" : 4791,
        "iops_min" : 810,
        "iops_max" : 4892,
        "iops_mean" : 4237.306313,
        "iops_stddev" : 32.611407,
        "iops_samples" : 4791
      },
      "write" : {
        "io_bytes" : 0,
        "io_kbytes" : 0,
        "bw_bytes" : 0,
        "bw" : 0,
        "iops" : 0.000000,
        "runtime" : 0,
        "total_ios" : 0,
        "short_ios" : 0,
        "drop_ios" : 0,
        "slat_ns" : {
          "min" : 0,
          "max" : 0,
          "mean" : 0.000000,
          "stddev" : 0.000000,
          "N" : 0
        },
        "clat_ns" : {
          "min" : 0,
          "max" : 0,
          "mean" : 0.000000,
          "stddev" : 0.000000,
          "N" : 0
        },
        "lat_ns" : {
          "min" : 0,
          "max" : 0,
          "mean" : 0.000000,
          "stddev" : 0.000000,
          "N" : 0
        },
        "bw_min" : 0,
        "bw_max" : 0,
        "bw_agg" : 0.000000,
        "bw_mean" : 0.000000,
        "bw_dev" : 0.000000,
        "bw_samples" : 0,
        "iops_min" : 0,
        "iops_max" : 0,
        "iops_mean" : 0.000000,
        "iops_stddev" : 0.000000,
        "iops_samples" : 0
      },
      "trim" : {
        "io_bytes" : 0,
        "io_kbytes" : 0,
        "bw_bytes" : 0,
        "bw" : 0,
        "iops" : 0.000000,
        "runtime" : 0,
        "total_ios" : 0,
        "short_ios" : 0,
        "drop_ios" : 0,
        "slat_ns" : {
          "min" : 0,
          "max" : 0,
          "mean" : 0.000000,
          "stddev" : 0.000000,
          "N" : 0
        },
        "clat_ns" : {
          "min" : 0,
          "max" : 0,
          "mean" : 0.000000,
          "stddev" : 0.000000,
          "N" : 0
        },
        "lat_ns" : {
          "min" : 0,
          "max" : 0,
          "mean" : 0.000000,
          "stddev" : 0.000000,
          "N" : 0
        },
        "bw_min" : 0,
        "bw_max" : 0,
        "bw_agg" : 0.000000,
        "bw_mean" : 0.000000,
        "bw_dev" : 0.000000,
        "bw_samples" : 0,
        "iops_min" : 0,
        "iops_max" : 0,
        "iops_mean" : 0.000000,
        "iops_stddev" : 0.000000,
        "iops_samples" : 0
      },
      "sync" : {
        "total_ios" : 0,
        "lat_ns" : {
          "min" : 0,
          "max" : 0,
          "mean" : 0.000000,
          "stddev" : 0.000000,
          "N" : 0
        }
      },
      "job_runtime" : 2400006,
      "usr_cpu" : 1.422288,
      "sys_cpu" : 9.039394,
      "ctx" : 1273591,
      "majf" : 0,
      "minf" : 2367,
      "iodepth_level" : {
        "1" : 0.100000,
        "2" : 0.100000,
        "4" : 0.100000,
        "8" : 0.100000,
        "16" : 0.100000,
        "32" : 0.100000,
        ">=64" : 99.960422
      },
      "iodepth_submit" : {
        "0" : 0.000000,
        "4" : 100.000000,
        "8" : 0.000000,
        "16" : 0.000000,
        "32" : 0.000000,
        "64" : 0.000000,
        ">=64" : 0.000000
      },
      "iodepth_complete" : {
        "0" : 0.000000,
        "4" : 99.999371,
        "8" : 0.000000,
        "16" : 0.000000,
        "32" : 0.000000,
        "64" : 0.000000,
        ">=64" : 0.100000
      },
      "latency_ns" : {
        "2" : 0.000000,
        "4" : 0.000000,
        "10" : 0.000000,
        "20" : 0.000000,
        "50" : 0.000000,
        "100" : 0.000000,
        "250" : 0.000000,
        "500" : 0.000000,
        "750" : 0.000000,
        "1000" : 0.000000
      },
      "latency_us" : {
        "2" : 0.000000,
        "4" : 0.000000,
        "10" : 0.000000,
        "20" : 0.010000,
        "50" : 0.010000,
        "100" : 0.000000,
        "250" : 0.000000,
        "500" : 0.000000,
        "750" : 0.010000,
        "1000" : 0.010000
      },
      "latency_ms" : {
        "2" : 0.010000,
        "4" : 0.010000,
        "10" : 0.010000,
        "20" : 0.010000,
        "50" : 0.022773,
        "100" : 0.035809,
        "250" : 0.079157,
        "500" : 77.473271,
        "750" : 22.373442,
        "1000" : 0.000000,
        "2000" : 0.000000,
        ">=2000" : 0.000000
      },
      "latency_depth" : 256,
      "latency_target" : 0,
      "latency_percentile" : 100.000000,
      "latency_window" : 0
    }
  ]
}
