{
  "fio version" : "fio-3.27",
  "timestamp" : 1627026250,
  "timestamp_ms" : 1627026250536,
  "time" : "Fri Jul 23 09:44:10 2021",
  "jobs" : [
    {
      "jobname" : "randrw",
      "groupid" : 0,
      "error" : 0,
      "eta" : 0,
      "elapsed" : 301,
      "job options" : {
        "bs" : "4K",
        "iodepth" : "256",
        "direct" : "0",
        "ioengine" : "libaio",
        "time_based" : "1",
        "runtime" : "300",
        "numjobs" : "8",
        "size" : "1g",
        "name" : "randrw",
        "rw" : "randrw",
        "directory" : "/scratch/snx2000/ccocha/randrw/128_node",
        "filename_format" : "$jobname.61.$jobnum.$filenum"
      },
      "read" : {
        "io_bytes" : 97587200,
        "io_kbytes" : 95300,
        "bw_bytes" : 324736,
        "bw" : 317,
        "iops" : 79.281360,
        "runtime" : 300512,
        "total_ios" : 23825,
        "short_ios" : 0,
        "drop_ios" : 0,
        "slat_ns" : {
          "min" : 500057,
          "max" : 46882257119,
          "mean" : 100625358.640462,
          "stddev" : 748559133.929098,
          "N" : 23825
        },
        "clat_ns" : {
          "min" : 13300,
          "max" : 80791530167,
          "mean" : 12716530581.151186,
          "stddev" : 13315622277.599453,
          "N" : 23825,
          "percentile" : {
            "1.000000" : 1300234240,
            "5.000000" : 1451229184,
            "10.000000" : 1535115264,
            "20.000000" : 1786773504,
            "30.000000" : 9328132096,
            "40.000000" : 10401873920,
            "50.000000" : 11207180288,
            "60.000000" : 12146704384,
            "70.000000" : 13488881664,
            "80.000000" : 15770583040,
            "90.000000" : 17112760320,
            "95.000000" : 17112760320,
            "99.000000" : 17112760320,
            "99.500000" : 17112760320,
            "99.900000" : 17112760320,
            "99.950000" : 17112760320,
            "99.990000" : 17112760320
          }
        },
        "lat_ns" : {
          "min" : 14645908,
          "max" : 80874533910,
          "mean" : 12817159208.393044,
          "stddev" : 13369527534.061544,
          "N" : 23825
        },
        "bw_min" : 64,
        "bw_max" : 3640,
        "bw_agg" : 100.000000,
        "bw_mean" : 482.831012,
        "bw_dev" : 72.941812,
        "bw_samples" : 3015,
        "iops_min" : 16,
        "iops_max" : 910,
        "iops_mean" : 120.707753,
        "iops_stddev" : 18.235453,
        "iops_samples" : 3015
      },
      "write" : {
        "io_bytes" : 98934784,
        "io_kbytes" : 96616,
        "bw_bytes" : 329220,
        "bw" : 321,
        "iops" : 80.376158,
        "runtime" : 300512,
        "total_ios" : 24154,
        "short_ios" : 0,
        "drop_ios" : 0,
        "slat_ns" : {
          "min" : 75391,
          "max" : 1853734,
          "mean" : 116960.842014,
          "stddev" : 47581.219630,
          "N" : 24154
        },
        "clat_ns" : {
          "min" : 14656028,
          "max" : 80848710279,
          "mean" : 12748452200.406546,
          "stddev" : 13537019649.300900,
          "N" : 24154,
          "percentile" : {
            "1.000000" : 1300234240,
            "5.000000" : 1451229184,
            "10.000000" : 1535115264,
            "20.000000" : 1753219072,
            "30.000000" : 9193914368,
            "40.000000" : 10401873920,
            "50.000000" : 11207180288,
            "60.000000" : 12146704384,
            "70.000000" : 13488881664,
            "80.000000" : 15770583040,
            "90.000000" : 17112760320,
            "95.000000" : 17112760320,
            "99.000000" : 17112760320,
            "99.500000" : 17112760320,
            "99.900000" : 17112760320,
            "99.950000" : 17112760320,
            "99.990000" : 17112760320
          }
        },
        "lat_ns" : {
          "min" : 14750629,
          "max" : 80848797171,
          "mean" : 12748570340.291344,
          "stddev" : 13537019157.803753,
          "N" : 24154
        },
        "bw_min" : 64,
        "bw_max" : 3720,
        "bw_agg" : 100.000000,
        "bw_mean" : 486.573092,
        "bw_dev" : 74.431470,
        "bw_samples" : 3035,
        "iops_min" : 16,
        "iops_max" : 930,
        "iops_mean" : 121.643273,
        "iops_stddev" : 18.607868,
        "iops_samples" : 3035
      },
      "trim" : {
        "io_bytes" : 0,
        "io_kbytes" : 0,
        "bw_bytes" : 0,
        "bw" : 0,
        "iops" : 0.000000,
        "runtime" : 0,
        "total_ios" : 0,
        "short_ios" : 0,
        "drop_ios" : 0,
        "slat_ns" : {
          "min" : 0,
          "max" : 0,
          "mean" : 0.000000,
          "stddev" : 0.000000,
          "N" : 0
        },
        "clat_ns" : {
          "min" : 0,
          "max" : 0,
          "mean" : 0.000000,
          "stddev" : 0.000000,
          "N" : 0
        },
        "lat_ns" : {
          "min" : 0,
          "max" : 0,
          "mean" : 0.000000,
          "stddev" : 0.000000,
          "N" : 0
        },
        "bw_min" : 0,
        "bw_max" : 0,
        "bw_agg" : 0.000000,
        "bw_mean" : 0.000000,
        "bw_dev" : 0.000000,
        "bw_samples" : 0,
        "iops_min" : 0,
        "iops_max" : 0,
        "iops_mean" : 0.000000,
        "iops_stddev" : 0.000000,
        "iops_samples" : 0
      },
      "sync" : {
        "total_ios" : 0,
        "lat_ns" : {
          "min" : 0,
          "max" : 0,
          "mean" : 0.000000,
          "stddev" : 0.000000,
          "N" : 0
        }
      },
      "job_runtime" : 2401127,
      "usr_cpu" : 0.037899,
      "sys_cpu" : 0.284991,
      "ctx" : 23892,
      "majf" : 0,
      "minf" : 339,
      "iodepth_level" : {
        "1" : 0.100000,
        "2" : 0.100000,
        "4" : 0.100000,
        "8" : 0.133392,
        "16" : 0.266783,
        "32" : 0.533567,
        ">=64" : 98.949540
      },
      "iodepth_submit" : {
        "0" : 0.000000,
        "4" : 100.000000,
        "8" : 0.000000,
        "16" : 0.000000,
        "32" : 0.000000,
        "64" : 0.000000,
        ">=64" : 0.000000
      },
      "iodepth_complete" : {
        "0" : 0.000000,
        "4" : 99.982589,
        "8" : 0.000000,
        "16" : 0.000000,
        "32" : 0.000000,
        "64" : 0.000000,
        ">=64" : 0.100000
      },
      "latency_ns" : {
        "2" : 0.000000,
        "4" : 0.000000,
        "10" : 0.000000,
        "20" : 0.000000,
        "50" : 0.000000,
        "100" : 0.000000,
        "250" : 0.000000,
        "500" : 0.000000,
        "750" : 0.000000,
        "1000" : 0.000000
      },
      "latency_us" : {
        "2" : 0.000000,
        "4" : 0.000000,
        "10" : 0.000000,
        "20" : 0.010000,
        "50" : 0.010421,
        "100" : 0.000000,
        "250" : 0.000000,
        "500" : 0.000000,
        "750" : 0.000000,
        "1000" : 0.000000
      },
      "latency_ms" : {
        "2" : 0.000000,
        "4" : 0.000000,
        "10" : 0.000000,
        "20" : 0.010000,
        "50" : 0.010000,
        "100" : 0.025011,
        "250" : 0.100044,
        "500" : 0.166740,
        "750" : 0.062527,
        "1000" : 0.056275,
        "2000" : 21.086309,
        ">=2000" : 78.473916
      },
      "latency_depth" : 256,
      "latency_target" : 0,
      "latency_percentile" : 100.000000,
      "latency_window" : 0
    }
  ]
}
