{
  "fio version" : "fio-3.27",
  "timestamp" : 1627434418,
  "timestamp_ms" : 1627434418311,
  "time" : "Wed Jul 28 03:06:58 2021",
  "jobs" : [
    {
      "jobname" : "seq-read",
      "groupid" : 0,
      "error" : 0,
      "eta" : 0,
      "elapsed" : 301,
      "job options" : {
        "bs" : "4K",
        "iodepth" : "256",
        "direct" : "1",
        "ioengine" : "libaio",
        "time_based" : "1",
        "runtime" : "300",
        "numjobs" : "8",
        "size" : "1g",
        "name" : "seq-read",
        "rw" : "read",
        "directory" : "/scratch/snx2000/ccocha/seqread/128_node/",
        "filename_format" : "$jobname.99.$jobnum.$filenum"
      },
      "read" : {
        "io_bytes" : 5317066752,
        "io_kbytes" : 5192448,
        "bw_bytes" : 17723496,
        "bw" : 17308,
        "iops" : 4327.025577,
        "runtime" : 300001,
        "total_ios" : 1298112,
        "short_ios" : 0,
        "drop_ios" : 0,
        "slat_ns" : {
          "min" : 446549,
          "max" : 75618206,
          "mean" : 1827704.606898,
          "stddev" : 930409.802787,
          "N" : 1298112
        },
        "clat_ns" : {
          "min" : 11660,
          "max" : 735023823,
          "mean" : 471053817.624252,
          "stddev" : 29749160.700352,
          "N" : 1298112,
          "percentile" : {
            "1.000000" : 421527552,
            "5.000000" : 438304768,
            "10.000000" : 442499072,
            "20.000000" : 450887680,
            "30.000000" : 459276288,
            "40.000000" : 463470592,
            "50.000000" : 467664896,
            "60.000000" : 471859200,
            "70.000000" : 480247808,
            "80.000000" : 488636416,
            "90.000000" : 505413632,
            "95.000000" : 517996544,
            "99.000000" : 549453824,
            "99.500000" : 557842432,
            "99.900000" : 591396864,
            "99.950000" : 608174080,
            "99.990000" : 624951296
          }
        },
        "lat_ns" : {
          "min" : 623639,
          "max" : 736899930,
          "mean" : 472884413.581436,
          "stddev" : 29825722.459511,
          "N" : 1298112
        },
        "bw_min" : 7200,
        "bw_max" : 19720,
        "bw_agg" : 99.901193,
        "bw_mean" : 17291.983049,
        "bw_dev" : 124.871628,
        "bw_samples" : 4788,
        "iops_min" : 1800,
        "iops_max" : 4930,
        "iops_mean" : 4322.977811,
        "iops_stddev" : 31.220377,
        "iops_samples" : 4788
      },
      "write" : {
        "io_bytes" : 0,
        "io_kbytes" : 0,
        "bw_bytes" : 0,
        "bw" : 0,
        "iops" : 0.000000,
        "runtime" : 0,
        "total_ios" : 0,
        "short_ios" : 0,
        "drop_ios" : 0,
        "slat_ns" : {
          "min" : 0,
          "max" : 0,
          "mean" : 0.000000,
          "stddev" : 0.000000,
          "N" : 0
        },
        "clat_ns" : {
          "min" : 0,
          "max" : 0,
          "mean" : 0.000000,
          "stddev" : 0.000000,
          "N" : 0
        },
        "lat_ns" : {
          "min" : 0,
          "max" : 0,
          "mean" : 0.000000,
          "stddev" : 0.000000,
          "N" : 0
        },
        "bw_min" : 0,
        "bw_max" : 0,
        "bw_agg" : 0.000000,
        "bw_mean" : 0.000000,
        "bw_dev" : 0.000000,
        "bw_samples" : 0,
        "iops_min" : 0,
        "iops_max" : 0,
        "iops_mean" : 0.000000,
        "iops_stddev" : 0.000000,
        "iops_samples" : 0
      },
      "trim" : {
        "io_bytes" : 0,
        "io_kbytes" : 0,
        "bw_bytes" : 0,
        "bw" : 0,
        "iops" : 0.000000,
        "runtime" : 0,
        "total_ios" : 0,
        "short_ios" : 0,
        "drop_ios" : 0,
        "slat_ns" : {
          "min" : 0,
          "max" : 0,
          "mean" : 0.000000,
          "stddev" : 0.000000,
          "N" : 0
        },
        "clat_ns" : {
          "min" : 0,
          "max" : 0,
          "mean" : 0.000000,
          "stddev" : 0.000000,
          "N" : 0
        },
        "lat_ns" : {
          "min" : 0,
          "max" : 0,
          "mean" : 0.000000,
          "stddev" : 0.000000,
          "N" : 0
        },
        "bw_min" : 0,
        "bw_max" : 0,
        "bw_agg" : 0.000000,
        "bw_mean" : 0.000000,
        "bw_dev" : 0.000000,
        "bw_samples" : 0,
        "iops_min" : 0,
        "iops_max" : 0,
        "iops_mean" : 0.000000,
        "iops_stddev" : 0.000000,
        "iops_samples" : 0
      },
      "sync" : {
        "total_ios" : 0,
        "lat_ns" : {
          "min" : 0,
          "max" : 0,
          "mean" : 0.000000,
          "stddev" : 0.000000,
          "N" : 0
        }
      },
      "job_runtime" : 2400001,
      "usr_cpu" : 1.346791,
      "sys_cpu" : 8.452830,
      "ctx" : 1298271,
      "majf" : 0,
      "minf" : 2367,
      "iodepth_level" : {
        "1" : 0.100000,
        "2" : 0.100000,
        "4" : 0.100000,
        "8" : 0.100000,
        "16" : 0.100000,
        "32" : 0.100000,
        ">=64" : 99.961174
      },
      "iodepth_submit" : {
        "0" : 0.000000,
        "4" : 100.000000,
        "8" : 0.000000,
        "16" : 0.000000,
        "32" : 0.000000,
        "64" : 0.000000,
        ">=64" : 0.000000
      },
      "iodepth_complete" : {
        "0" : 0.000000,
        "4" : 99.999383,
        "8" : 0.000000,
        "16" : 0.000000,
        "32" : 0.000000,
        "64" : 0.000000,
        ">=64" : 0.100000
      },
      "latency_ns" : {
        "2" : 0.000000,
        "4" : 0.000000,
        "10" : 0.000000,
        "20" : 0.000000,
        "50" : 0.000000,
        "100" : 0.000000,
        "250" : 0.000000,
        "500" : 0.000000,
        "750" : 0.000000,
        "1000" : 0.000000
      },
      "latency_us" : {
        "2" : 0.000000,
        "4" : 0.000000,
        "10" : 0.000000,
        "20" : 0.010000,
        "50" : 0.010000,
        "100" : 0.000000,
        "250" : 0.000000,
        "500" : 0.000000,
        "750" : 0.010000,
        "1000" : 0.010000
      },
      "latency_ms" : {
        "2" : 0.010000,
        "4" : 0.010000,
        "10" : 0.010000,
        "20" : 0.010000,
        "50" : 0.024959,
        "100" : 0.037824,
        "250" : 0.085509,
        "500" : 87.016529,
        "750" : 12.816614,
        "1000" : 0.000000,
        "2000" : 0.000000,
        ">=2000" : 0.000000
      },
      "latency_depth" : 256,
      "latency_target" : 0,
      "latency_percentile" : 100.000000,
      "latency_window" : 0
    }
  ]
}
