{
  "fio version" : "fio-3.27",
  "timestamp" : 1627023154,
  "timestamp_ms" : 1627023154561,
  "time" : "Fri Jul 23 08:52:34 2021",
  "jobs" : [
    {
      "jobname" : "randrw",
      "groupid" : 0,
      "error" : 0,
      "eta" : 0,
      "elapsed" : 302,
      "job options" : {
        "bs" : "4K",
        "iodepth" : "256",
        "direct" : "0",
        "ioengine" : "libaio",
        "time_based" : "1",
        "runtime" : "300",
        "numjobs" : "16",
        "size" : "1g",
        "name" : "randrw",
        "rw" : "randrw",
        "directory" : "/scratch/snx2000/ccocha/randrw/96_node",
        "filename_format" : "$jobname.41.$jobnum.$filenum"
      },
      "read" : {
        "io_bytes" : 134742016,
        "io_kbytes" : 131584,
        "bw_bytes" : 446914,
        "bw" : 436,
        "iops" : 109.109966,
        "runtime" : 301494,
        "total_ios" : 32896,
        "short_ios" : 0,
        "drop_ios" : 0,
        "slat_ns" : {
          "min" : 509261,
          "max" : 81381540077,
          "mean" : 146033639.877736,
          "stddev" : 1393459454.859726,
          "N" : 32896
        },
        "clat_ns" : {
          "min" : 23030,
          "max" : 116522184340,
          "mean" : 18484005363.315392,
          "stddev" : 21941316930.558502,
          "N" : 32896,
          "percentile" : {
            "1.000000" : 1736441856,
            "5.000000" : 1904214016,
            "10.000000" : 2038431744,
            "20.000000" : 2298478592,
            "30.000000" : 4664066048,
            "40.000000" : 13757317120,
            "50.000000" : 17112760320,
            "60.000000" : 17112760320,
            "70.000000" : 17112760320,
            "80.000000" : 17112760320,
            "90.000000" : 17112760320,
            "95.000000" : 17112760320,
            "99.000000" : 17112760320,
            "99.500000" : 17112760320,
            "99.900000" : 17112760320,
            "99.950000" : 17112760320,
            "99.990000" : 17112760320
          }
        },
        "lat_ns" : {
          "min" : 603449727,
          "max" : 118469220890,
          "mean" : 18630042304.999886,
          "stddev" : 22026287228.081573,
          "N" : 32896
        },
        "bw_min" : 128,
        "bw_max" : 5656,
        "bw_agg" : 100.000000,
        "bw_mean" : 875.165150,
        "bw_dev" : 65.636154,
        "bw_samples" : 4508,
        "iops_min" : 32,
        "iops_max" : 1414,
        "iops_mean" : 218.791287,
        "iops_stddev" : 16.409039,
        "iops_samples" : 4508
      },
      "write" : {
        "io_bytes" : 135229440,
        "io_kbytes" : 132060,
        "bw_bytes" : 448531,
        "bw" : 438,
        "iops" : 109.504667,
        "runtime" : 301494,
        "total_ios" : 33015,
        "short_ios" : 0,
        "drop_ios" : 0,
        "slat_ns" : {
          "min" : 75190,
          "max" : 2366896,
          "mean" : 119846.358867,
          "stddev" : 51589.147796,
          "N" : 33015
        },
        "clat_ns" : {
          "min" : 603592947,
          "max" : 117709405679,
          "mean" : 18609200475.398178,
          "stddev" : 22371418457.373070,
          "N" : 33015,
          "percentile" : {
            "1.000000" : 1753219072,
            "5.000000" : 1904214016,
            "10.000000" : 2038431744,
            "20.000000" : 2298478592,
            "30.000000" : 4110417920,
            "40.000000" : 13488881664,
            "50.000000" : 17112760320,
            "60.000000" : 17112760320,
            "70.000000" : 17112760320,
            "80.000000" : 17112760320,
            "90.000000" : 17112760320,
            "95.000000" : 17112760320,
            "99.000000" : 17112760320,
            "99.500000" : 17112760320,
            "99.900000" : 17112760320,
            "99.950000" : 17112760320,
            "99.990000" : 17112760320
          }
        },
        "lat_ns" : {
          "min" : 603716018,
          "max" : 117709670320,
          "mean" : 18609321541.854061,
          "stddev" : 22371418078.452213,
          "N" : 33015
        },
        "bw_min" : 128,
        "bw_max" : 5576,
        "bw_agg" : 100.000000,
        "bw_mean" : 872.421339,
        "bw_dev" : 66.424330,
        "bw_samples" : 4537,
        "iops_min" : 32,
        "iops_max" : 1394,
        "iops_mean" : 218.105335,
        "iops_stddev" : 16.606083,
        "iops_samples" : 4537
      },
      "trim" : {
        "io_bytes" : 0,
        "io_kbytes" : 0,
        "bw_bytes" : 0,
        "bw" : 0,
        "iops" : 0.000000,
        "runtime" : 0,
        "total_ios" : 0,
        "short_ios" : 0,
        "drop_ios" : 0,
        "slat_ns" : {
          "min" : 0,
          "max" : 0,
          "mean" : 0.000000,
          "stddev" : 0.000000,
          "N" : 0
        },
        "clat_ns" : {
          "min" : 0,
          "max" : 0,
          "mean" : 0.000000,
          "stddev" : 0.000000,
          "N" : 0
        },
        "lat_ns" : {
          "min" : 0,
          "max" : 0,
          "mean" : 0.000000,
          "stddev" : 0.000000,
          "N" : 0
        },
        "bw_min" : 0,
        "bw_max" : 0,
        "bw_agg" : 0.000000,
        "bw_mean" : 0.000000,
        "bw_dev" : 0.000000,
        "bw_samples" : 0,
        "iops_min" : 0,
        "iops_max" : 0,
        "iops_mean" : 0.000000,
        "iops_stddev" : 0.000000,
        "iops_samples" : 0
      },
      "sync" : {
        "total_ios" : 0,
        "lat_ns" : {
          "min" : 0,
          "max" : 0,
          "mean" : 0.000000,
          "stddev" : 0.000000,
          "N" : 0
        }
      },
      "job_runtime" : 4809158,
      "usr_cpu" : 0.027760,
      "sys_cpu" : 0.196978,
      "ctx" : 33053,
      "majf" : 0,
      "minf" : 656,
      "iodepth_level" : {
        "1" : 0.100000,
        "2" : 0.100000,
        "4" : 0.100000,
        "8" : 0.194201,
        "16" : 0.388403,
        "32" : 0.776805,
        ">=64" : 98.470665
      },
      "iodepth_submit" : {
        "0" : 0.000000,
        "4" : 100.000000,
        "8" : 0.000000,
        "16" : 0.000000,
        "32" : 0.000000,
        "64" : 0.000000,
        ">=64" : 0.000000
      },
      "iodepth_complete" : {
        "0" : 0.000000,
        "4" : 99.974130,
        "8" : 0.000000,
        "16" : 0.000000,
        "32" : 0.000000,
        "64" : 0.000000,
        ">=64" : 0.100000
      },
      "latency_ns" : {
        "2" : 0.000000,
        "4" : 0.000000,
        "10" : 0.000000,
        "20" : 0.000000,
        "50" : 0.000000,
        "100" : 0.000000,
        "250" : 0.000000,
        "500" : 0.000000,
        "750" : 0.000000,
        "1000" : 0.000000
      },
      "latency_us" : {
        "2" : 0.000000,
        "4" : 0.000000,
        "10" : 0.000000,
        "20" : 0.000000,
        "50" : 0.022758,
        "100" : 0.010000,
        "250" : 0.000000,
        "500" : 0.000000,
        "750" : 0.000000,
        "1000" : 0.000000
      },
      "latency_ms" : {
        "2" : 0.000000,
        "4" : 0.000000,
        "10" : 0.000000,
        "20" : 0.000000,
        "50" : 0.000000,
        "100" : 0.000000,
        "250" : 0.000000,
        "500" : 0.000000,
        "750" : 0.019724,
        "1000" : 0.024275,
        "2000" : 8.226244,
        ">=2000" : 91.705482
      },
      "latency_depth" : 256,
      "latency_target" : 0,
      "latency_percentile" : 100.000000,
      "latency_window" : 0
    }
  ]
}
