{
  "fio version" : "fio-3.27",
  "timestamp" : 1627430758,
  "timestamp_ms" : 1627430758288,
  "time" : "Wed Jul 28 02:05:58 2021",
  "jobs" : [
    {
      "jobname" : "seq-read",
      "groupid" : 0,
      "error" : 0,
      "eta" : 0,
      "elapsed" : 301,
      "job options" : {
        "bs" : "4K",
        "iodepth" : "256",
        "direct" : "1",
        "ioengine" : "libaio",
        "time_based" : "1",
        "runtime" : "300",
        "numjobs" : "8",
        "size" : "1g",
        "name" : "seq-read",
        "rw" : "read",
        "directory" : "/scratch/snx2000/ccocha/seqread/96_node/",
        "filename_format" : "$jobname.89.$jobnum.$filenum"
      },
      "read" : {
        "io_bytes" : 6898421760,
        "io_kbytes" : 6736740,
        "bw_bytes" : 22994432,
        "bw" : 22455,
        "iops" : 5613.875148,
        "runtime" : 300004,
        "total_ios" : 1684185,
        "short_ios" : 0,
        "drop_ios" : 0,
        "slat_ns" : {
          "min" : 460263,
          "max" : 63309269,
          "mean" : 1404017.596823,
          "stddev" : 935443.964944,
          "N" : 1684185
        },
        "clat_ns" : {
          "min" : 11730,
          "max" : 610432453,
          "mean" : 363147629.173602,
          "stddev" : 27574766.546887,
          "N" : 1684185,
          "percentile" : {
            "1.000000" : 316669952,
            "5.000000" : 329252864,
            "10.000000" : 337641472,
            "20.000000" : 341835776,
            "30.000000" : 350224384,
            "40.000000" : 354418688,
            "50.000000" : 358612992,
            "60.000000" : 367001600,
            "70.000000" : 371195904,
            "80.000000" : 383778816,
            "90.000000" : 396361728,
            "95.000000" : 408944640,
            "99.000000" : 438304768,
            "99.500000" : 446693376,
            "99.900000" : 467664896,
            "99.950000" : 480247808,
            "99.990000" : 599785472
          }
        },
        "lat_ns" : {
          "min" : 529423,
          "max" : 611525920,
          "mean" : 364554477.129695,
          "stddev" : 27649345.125355,
          "N" : 1684185
        },
        "bw_min" : 4552,
        "bw_max" : 27720,
        "bw_agg" : 99.841910,
        "bw_mean" : 22420.006678,
        "bw_dev" : 192.525488,
        "bw_samples" : 4792,
        "iops_min" : 1138,
        "iops_max" : 6930,
        "iops_mean" : 5605.008347,
        "iops_stddev" : 48.130661,
        "iops_samples" : 4792
      },
      "write" : {
        "io_bytes" : 0,
        "io_kbytes" : 0,
        "bw_bytes" : 0,
        "bw" : 0,
        "iops" : 0.000000,
        "runtime" : 0,
        "total_ios" : 0,
        "short_ios" : 0,
        "drop_ios" : 0,
        "slat_ns" : {
          "min" : 0,
          "max" : 0,
          "mean" : 0.000000,
          "stddev" : 0.000000,
          "N" : 0
        },
        "clat_ns" : {
          "min" : 0,
          "max" : 0,
          "mean" : 0.000000,
          "stddev" : 0.000000,
          "N" : 0
        },
        "lat_ns" : {
          "min" : 0,
          "max" : 0,
          "mean" : 0.000000,
          "stddev" : 0.000000,
          "N" : 0
        },
        "bw_min" : 0,
        "bw_max" : 0,
        "bw_agg" : 0.000000,
        "bw_mean" : 0.000000,
        "bw_dev" : 0.000000,
        "bw_samples" : 0,
        "iops_min" : 0,
        "iops_max" : 0,
        "iops_mean" : 0.000000,
        "iops_stddev" : 0.000000,
        "iops_samples" : 0
      },
      "trim" : {
        "io_bytes" : 0,
        "io_kbytes" : 0,
        "bw_bytes" : 0,
        "bw" : 0,
        "iops" : 0.000000,
        "runtime" : 0,
        "total_ios" : 0,
        "short_ios" : 0,
        "drop_ios" : 0,
        "slat_ns" : {
          "min" : 0,
          "max" : 0,
          "mean" : 0.000000,
          "stddev" : 0.000000,
          "N" : 0
        },
        "clat_ns" : {
          "min" : 0,
          "max" : 0,
          "mean" : 0.000000,
          "stddev" : 0.000000,
          "N" : 0
        },
        "lat_ns" : {
          "min" : 0,
          "max" : 0,
          "mean" : 0.000000,
          "stddev" : 0.000000,
          "N" : 0
        },
        "bw_min" : 0,
        "bw_max" : 0,
        "bw_agg" : 0.000000,
        "bw_mean" : 0.000000,
        "bw_dev" : 0.000000,
        "bw_samples" : 0,
        "iops_min" : 0,
        "iops_max" : 0,
        "iops_mean" : 0.000000,
        "iops_stddev" : 0.000000,
        "iops_samples" : 0
      },
      "sync" : {
        "total_ios" : 0,
        "lat_ns" : {
          "min" : 0,
          "max" : 0,
          "mean" : 0.000000,
          "stddev" : 0.000000,
          "N" : 0
        }
      },
      "job_runtime" : 2400003,
      "usr_cpu" : 1.658123,
      "sys_cpu" : 10.886153,
      "ctx" : 1684371,
      "majf" : 0,
      "minf" : 2366,
      "iodepth_level" : {
        "1" : 0.100000,
        "2" : 0.100000,
        "4" : 0.100000,
        "8" : 0.100000,
        "16" : 0.100000,
        "32" : 0.100000,
        ">=64" : 99.970075
      },
      "iodepth_submit" : {
        "0" : 0.000000,
        "4" : 100.000000,
        "8" : 0.000000,
        "16" : 0.000000,
        "32" : 0.000000,
        "64" : 0.000000,
        ">=64" : 0.000000
      },
      "iodepth_complete" : {
        "0" : 0.000000,
        "4" : 99.999524,
        "8" : 0.000000,
        "16" : 0.000000,
        "32" : 0.000000,
        "64" : 0.000000,
        ">=64" : 0.100000
      },
      "latency_ns" : {
        "2" : 0.000000,
        "4" : 0.000000,
        "10" : 0.000000,
        "20" : 0.000000,
        "50" : 0.000000,
        "100" : 0.000000,
        "250" : 0.000000,
        "500" : 0.000000,
        "750" : 0.000000,
        "1000" : 0.000000
      },
      "latency_us" : {
        "2" : 0.000000,
        "4" : 0.000000,
        "10" : 0.000000,
        "20" : 0.010000,
        "50" : 0.000000,
        "100" : 0.000000,
        "250" : 0.000000,
        "500" : 0.000000,
        "750" : 0.010000,
        "1000" : 0.000000
      },
      "latency_ms" : {
        "2" : 0.010000,
        "4" : 0.010000,
        "10" : 0.010000,
        "20" : 0.010000,
        "50" : 0.020307,
        "100" : 0.034319,
        "250" : 0.242610,
        "500" : 99.663101,
        "750" : 0.025235,
        "1000" : 0.000000,
        "2000" : 0.000000,
        ">=2000" : 0.000000
      },
      "latency_depth" : 256,
      "latency_target" : 0,
      "latency_percentile" : 100.000000,
      "latency_window" : 0
    }
  ]
}
