{
  "fio version" : "fio-3.27",
  "timestamp" : 1627440312,
  "timestamp_ms" : 1627440312175,
  "time" : "Wed Jul 28 04:45:12 2021",
  "jobs" : [
    {
      "jobname" : "seq-read",
      "groupid" : 0,
      "error" : 0,
      "eta" : 0,
      "elapsed" : 302,
      "job options" : {
        "bs" : "4K",
        "iodepth" : "256",
        "direct" : "1",
        "ioengine" : "libaio",
        "time_based" : "1",
        "runtime" : "300",
        "numjobs" : "64",
        "size" : "1g",
        "name" : "seq-read",
        "rw" : "read",
        "directory" : "/scratch/snx2000/ccocha/seqread/150_node/",
        "filename_format" : "$jobname.121.$jobnum.$filenum"
      },
      "read" : {
        "io_bytes" : 2935021568,
        "io_kbytes" : 2866232,
        "bw_bytes" : 9745009,
        "bw" : 9516,
        "iops" : 2379.152805,
        "runtime" : 301182,
        "total_ios" : 716558,
        "short_ios" : 0,
        "drop_ios" : 0,
        "slat_ns" : {
          "min" : 564451,
          "max" : 1916165358,
          "mean" : 26775086.434431,
          "stddev" : 48710152.715826,
          "N" : 716558
        },
        "clat_ns" : {
          "min" : 15160,
          "max" : 59279411627,
          "mean" : 6779287516.926342,
          "stddev" : 5386546019.549382,
          "N" : 716558,
          "percentile" : {
            "1.000000" : 2868903936,
            "5.000000" : 3674210304,
            "10.000000" : 3976200192,
            "20.000000" : 4143972352,
            "30.000000" : 4278190080,
            "40.000000" : 4529848320,
            "50.000000" : 4999610368,
            "60.000000" : 5335154688,
            "70.000000" : 7549747200,
            "80.000000" : 8153726976,
            "90.000000" : 9462349824,
            "95.000000" : 15770583040,
            "99.000000" : 17112760320,
            "99.500000" : 17112760320,
            "99.900000" : 17112760320,
            "99.950000" : 17112760320,
            "99.990000" : 17112760320
          }
        },
        "lat_ns" : {
          "min" : 5405518,
          "max" : 59380013320,
          "mean" : 6806065972.171542,
          "stddev" : 5405243324.445012,
          "N" : 716558
        },
        "bw_min" : 1456,
        "bw_max" : 19056,
        "bw_agg" : 100.000000,
        "bw_mean" : 9754.947348,
        "bw_dev" : 65.003404,
        "bw_samples" : 36481,
        "iops_min" : 364,
        "iops_max" : 4764,
        "iops_mean" : 2438.736837,
        "iops_stddev" : 16.250851,
        "iops_samples" : 36481
      },
      "write" : {
        "io_bytes" : 0,
        "io_kbytes" : 0,
        "bw_bytes" : 0,
        "bw" : 0,
        "iops" : 0.000000,
        "runtime" : 0,
        "total_ios" : 0,
        "short_ios" : 0,
        "drop_ios" : 0,
        "slat_ns" : {
          "min" : 0,
          "max" : 0,
          "mean" : 0.000000,
          "stddev" : 0.000000,
          "N" : 0
        },
        "clat_ns" : {
          "min" : 0,
          "max" : 0,
          "mean" : 0.000000,
          "stddev" : 0.000000,
          "N" : 0
        },
        "lat_ns" : {
          "min" : 0,
          "max" : 0,
          "mean" : 0.000000,
          "stddev" : 0.000000,
          "N" : 0
        },
        "bw_min" : 0,
        "bw_max" : 0,
        "bw_agg" : 0.000000,
        "bw_mean" : 0.000000,
        "bw_dev" : 0.000000,
        "bw_samples" : 0,
        "iops_min" : 0,
        "iops_max" : 0,
        "iops_mean" : 0.000000,
        "iops_stddev" : 0.000000,
        "iops_samples" : 0
      },
      "trim" : {
        "io_bytes" : 0,
        "io_kbytes" : 0,
        "bw_bytes" : 0,
        "bw" : 0,
        "iops" : 0.000000,
        "runtime" : 0,
        "total_ios" : 0,
        "short_ios" : 0,
        "drop_ios" : 0,
        "slat_ns" : {
          "min" : 0,
          "max" : 0,
          "mean" : 0.000000,
          "stddev" : 0.000000,
          "N" : 0
        },
        "clat_ns" : {
          "min" : 0,
          "max" : 0,
          "mean" : 0.000000,
          "stddev" : 0.000000,
          "N" : 0
        },
        "lat_ns" : {
          "min" : 0,
          "max" : 0,
          "mean" : 0.000000,
          "stddev" : 0.000000,
          "N" : 0
        },
        "bw_min" : 0,
        "bw_max" : 0,
        "bw_agg" : 0.000000,
        "bw_mean" : 0.000000,
        "bw_dev" : 0.000000,
        "bw_samples" : 0,
        "iops_min" : 0,
        "iops_max" : 0,
        "iops_mean" : 0.000000,
        "iops_stddev" : 0.000000,
        "iops_samples" : 0
      },
      "sync" : {
        "total_ios" : 0,
        "lat_ns" : {
          "min" : 0,
          "max" : 0,
          "mean" : 0.000000,
          "stddev" : 0.000000,
          "N" : 0
        }
      },
      "job_runtime" : 19203006,
      "usr_cpu" : 0.103578,
      "sys_cpu" : 0.633755,
      "ctx" : 717002,
      "majf" : 0,
      "minf" : 18975,
      "iodepth_level" : {
        "1" : 0.100000,
        "2" : 0.100000,
        "4" : 0.100000,
        "8" : 0.100000,
        "16" : 0.142905,
        "32" : 0.285811,
        ">=64" : 99.437310
      },
      "iodepth_submit" : {
        "0" : 0.000000,
        "4" : 100.000000,
        "8" : 0.000000,
        "16" : 0.000000,
        "32" : 0.000000,
        "64" : 0.000000,
        ">=64" : 0.000000
      },
      "iodepth_complete" : {
        "0" : 0.000000,
        "4" : 99.990861,
        "8" : 0.000000,
        "16" : 0.000000,
        "32" : 0.000000,
        "64" : 0.000000,
        ">=64" : 0.100000
      },
      "latency_ns" : {
        "2" : 0.000000,
        "4" : 0.000000,
        "10" : 0.000000,
        "20" : 0.000000,
        "50" : 0.000000,
        "100" : 0.000000,
        "250" : 0.000000,
        "500" : 0.000000,
        "750" : 0.000000,
        "1000" : 0.000000
      },
      "latency_us" : {
        "2" : 0.000000,
        "4" : 0.000000,
        "10" : 0.000000,
        "20" : 0.010000,
        "50" : 0.010000,
        "100" : 0.000000,
        "250" : 0.000000,
        "500" : 0.000000,
        "750" : 0.000000,
        "1000" : 0.000000
      },
      "latency_ms" : {
        "2" : 0.000000,
        "4" : 0.000000,
        "10" : 0.010000,
        "20" : 0.010000,
        "50" : 0.025260,
        "100" : 0.033354,
        "250" : 0.087083,
        "500" : 0.105225,
        "750" : 0.088758,
        "1000" : 0.071453,
        "2000" : 0.246456,
        ">=2000" : 99.321897
      },
      "latency_depth" : 256,
      "latency_target" : 0,
      "latency_percentile" : 100.000000,
      "latency_window" : 0
    }
  ]
}
