{
  "fio version" : "fio-3.27",
  "timestamp" : 1627028725,
  "timestamp_ms" : 1627028725991,
  "time" : "Fri Jul 23 10:25:25 2021",
  "jobs" : [
    {
      "jobname" : "randrw",
      "groupid" : 0,
      "error" : 0,
      "eta" : 0,
      "elapsed" : 301,
      "job options" : {
        "bs" : "4K",
        "iodepth" : "256",
        "direct" : "0",
        "ioengine" : "libaio",
        "time_based" : "1",
        "runtime" : "300",
        "numjobs" : "1",
        "size" : "1g",
        "name" : "randrw",
        "rw" : "randrw",
        "directory" : "/scratch/snx2000/ccocha/randrw/150_node",
        "filename_format" : "$jobname.53.$jobnum.$filenum"
      },
      "read" : {
        "io_bytes" : 71761920,
        "io_kbytes" : 70080,
        "bw_bytes" : 239179,
        "bw" : 233,
        "iops" : 58.393382,
        "runtime" : 300034,
        "total_ios" : 17520,
        "short_ios" : 0,
        "drop_ios" : 0,
        "slat_ns" : {
          "min" : 481304,
          "max" : 5350182115,
          "mean" : 16990601.671518,
          "stddev" : 56958251.007697,
          "N" : 17520
        },
        "clat_ns" : {
          "min" : 27260,
          "max" : 16356054605,
          "mean" : 2173848078.949033,
          "stddev" : 1385028435.004443,
          "N" : 17520,
          "percentile" : {
            "1.000000" : 650117120,
            "5.000000" : 742391808,
            "10.000000" : 826277888,
            "20.000000" : 1400897536,
            "30.000000" : 1669332992,
            "40.000000" : 1853882368,
            "50.000000" : 2055208960,
            "60.000000" : 2264924160,
            "70.000000" : 2466250752,
            "80.000000" : 2768240640,
            "90.000000" : 3170893824,
            "95.000000" : 3539992576,
            "99.000000" : 5804916736,
            "99.500000" : 13623099392,
            "99.900000" : 16173236224,
            "99.950000" : 16173236224,
            "99.990000" : 16307453952
          }
        },
        "lat_ns" : {
          "min" : 52540239,
          "max" : 16365657923,
          "mean" : 2190841095.225537,
          "stddev" : 1390407409.536667,
          "N" : 17520
        },
        "bw_min" : 8,
        "bw_max" : 872,
        "bw_agg" : 100.000000,
        "bw_mean" : 242.207679,
        "bw_dev" : 168.477138,
        "bw_samples" : 573,
        "iops_min" : 2,
        "iops_max" : 218,
        "iops_mean" : 60.551483,
        "iops_stddev" : 42.118583,
        "iops_samples" : 573
      },
      "write" : {
        "io_bytes" : 71766016,
        "io_kbytes" : 70084,
        "bw_bytes" : 239192,
        "bw" : 233,
        "iops" : 58.396715,
        "runtime" : 300034,
        "total_ios" : 17521,
        "short_ios" : 0,
        "drop_ios" : 0,
        "slat_ns" : {
          "min" : 75271,
          "max" : 932207,
          "mean" : 103038.458593,
          "stddev" : 39784.960127,
          "N" : 17521
        },
        "clat_ns" : {
          "min" : 52550789,
          "max" : 16363756548,
          "mean" : 2186345327.876253,
          "stddev" : 1417518283.214148,
          "N" : 17521,
          "percentile" : {
            "1.000000" : 650117120,
            "5.000000" : 742391808,
            "10.000000" : 817889280,
            "20.000000" : 1400897536,
            "30.000000" : 1669332992,
            "40.000000" : 1870659584,
            "50.000000" : 2055208960,
            "60.000000" : 2264924160,
            "70.000000" : 2499805184,
            "80.000000" : 2768240640,
            "90.000000" : 3170893824,
            "95.000000" : 3573547008,
            "99.000000" : 5872025600,
            "99.500000" : 13623099392,
            "99.900000" : 16173236224,
            "99.950000" : 16307453952,
            "99.990000" : 16307453952
          }
        },
        "lat_ns" : {
          "min" : 52681660,
          "max" : 16363841708,
          "mean" : 2186449516.638011,
          "stddev" : 1417518485.854573,
          "N" : 17521
        },
        "bw_min" : 8,
        "bw_max" : 856,
        "bw_agg" : 100.000000,
        "bw_mean" : 241.970332,
        "bw_dev" : 166.972133,
        "bw_samples" : 573,
        "iops_min" : 2,
        "iops_max" : 214,
        "iops_mean" : 60.492147,
        "iops_stddev" : 41.742325,
        "iops_samples" : 573
      },
      "trim" : {
        "io_bytes" : 0,
        "io_kbytes" : 0,
        "bw_bytes" : 0,
        "bw" : 0,
        "iops" : 0.000000,
        "runtime" : 0,
        "total_ios" : 0,
        "short_ios" : 0,
        "drop_ios" : 0,
        "slat_ns" : {
          "min" : 0,
          "max" : 0,
          "mean" : 0.000000,
          "stddev" : 0.000000,
          "N" : 0
        },
        "clat_ns" : {
          "min" : 0,
          "max" : 0,
          "mean" : 0.000000,
          "stddev" : 0.000000,
          "N" : 0
        },
        "lat_ns" : {
          "min" : 0,
          "max" : 0,
          "mean" : 0.000000,
          "stddev" : 0.000000,
          "N" : 0
        },
        "bw_min" : 0,
        "bw_max" : 0,
        "bw_agg" : 0.000000,
        "bw_mean" : 0.000000,
        "bw_dev" : 0.000000,
        "bw_samples" : 0,
        "iops_min" : 0,
        "iops_max" : 0,
        "iops_mean" : 0.000000,
        "iops_stddev" : 0.000000,
        "iops_samples" : 0
      },
      "sync" : {
        "total_ios" : 0,
        "lat_ns" : {
          "min" : 0,
          "max" : 0,
          "mean" : 0.000000,
          "stddev" : 0.000000,
          "N" : 0
        }
      },
      "job_runtime" : 300033,
      "usr_cpu" : 0.193979,
      "sys_cpu" : 1.428510,
      "ctx" : 17526,
      "majf" : 0,
      "minf" : 43,
      "iodepth_level" : {
        "1" : 0.100000,
        "2" : 0.100000,
        "4" : 0.100000,
        "8" : 0.100000,
        "16" : 0.100000,
        "32" : 0.100000,
        ">=64" : 99.820211
      },
      "iodepth_submit" : {
        "0" : 0.000000,
        "4" : 100.000000,
        "8" : 0.000000,
        "16" : 0.000000,
        "32" : 0.000000,
        "64" : 0.000000,
        ">=64" : 0.000000
      },
      "iodepth_complete" : {
        "0" : 0.000000,
        "4" : 99.997125,
        "8" : 0.000000,
        "16" : 0.000000,
        "32" : 0.000000,
        "64" : 0.000000,
        ">=64" : 0.100000
      },
      "latency_ns" : {
        "2" : 0.000000,
        "4" : 0.000000,
        "10" : 0.000000,
        "20" : 0.000000,
        "50" : 0.000000,
        "100" : 0.000000,
        "250" : 0.000000,
        "500" : 0.000000,
        "750" : 0.000000,
        "1000" : 0.000000
      },
      "latency_us" : {
        "2" : 0.000000,
        "4" : 0.000000,
        "10" : 0.000000,
        "20" : 0.000000,
        "50" : 0.010000,
        "100" : 0.000000,
        "250" : 0.000000,
        "500" : 0.000000,
        "750" : 0.000000,
        "1000" : 0.000000
      },
      "latency_ms" : {
        "2" : 0.000000,
        "4" : 0.000000,
        "10" : 0.000000,
        "20" : 0.000000,
        "50" : 0.000000,
        "100" : 0.010000,
        "250" : 0.117006,
        "500" : 0.194058,
        "750" : 5.159670,
        "1000" : 8.201821,
        "2000" : 33.292429,
        ">=2000" : 53.026455
      },
      "latency_depth" : 256,
      "latency_target" : 0,
      "latency_percentile" : 100.000000,
      "latency_window" : 0
    }
  ]
}
