{
  "fio version" : "fio-3.27",
  "timestamp" : 1627424157,
  "timestamp_ms" : 1627424157815,
  "time" : "Wed Jul 28 00:15:57 2021",
  "jobs" : [
    {
      "jobname" : "seq-read",
      "groupid" : 0,
      "error" : 0,
      "eta" : 0,
      "elapsed" : 301,
      "job options" : {
        "bs" : "4K",
        "iodepth" : "256",
        "direct" : "1",
        "ioengine" : "libaio",
        "time_based" : "1",
        "runtime" : "300",
        "numjobs" : "16",
        "size" : "1g",
        "name" : "seq-read",
        "rw" : "read",
        "directory" : "/scratch/snx2000/ccocha/seqread/32_node/",
        "filename_format" : "$jobname.18.$jobnum.$filenum"
      },
      "read" : {
        "io_bytes" : 20294385664,
        "io_kbytes" : 19818736,
        "bw_bytes" : 67647501,
        "bw" : 66062,
        "iops" : 16515.503230,
        "runtime" : 300002,
        "total_ios" : 4954684,
        "short_ios" : 0,
        "drop_ios" : 0,
        "slat_ns" : {
          "min" : 436623,
          "max" : 85545899,
          "mean" : 950953.799291,
          "stddev" : 937352.480408,
          "N" : 4954684
        },
        "clat_ns" : {
          "min" : 12500,
          "max" : 484746231,
          "mean" : 246935624.369201,
          "stddev" : 24858304.909566,
          "N" : 4954684,
          "percentile" : {
            "1.000000" : 210763776,
            "5.000000" : 219152384,
            "10.000000" : 223346688,
            "20.000000" : 227540992,
            "30.000000" : 231735296,
            "40.000000" : 235929600,
            "50.000000" : 240123904,
            "60.000000" : 246415360,
            "70.000000" : 254803968,
            "80.000000" : 263192576,
            "90.000000" : 278921216,
            "95.000000" : 295698432,
            "99.000000" : 325058560,
            "99.500000" : 341835776,
            "99.900000" : 371195904,
            "99.950000" : 387973120,
            "99.990000" : 417333248
          }
        },
        "lat_ns" : {
          "min" : 612094,
          "max" : 485617745,
          "mean" : 247888809.382114,
          "stddev" : 24919085.614559,
          "N" : 4954684
        },
        "bw_min" : 30880,
        "bw_max" : 76516,
        "bw_agg" : 99.962138,
        "bw_mean" : 66037.557596,
        "bw_dev" : 308.511882,
        "bw_samples" : 9584,
        "iops_min" : 7720,
        "iops_max" : 19128,
        "iops_mean" : 16508.958264,
        "iops_stddev" : 77.152477,
        "iops_samples" : 9584
      },
      "write" : {
        "io_bytes" : 0,
        "io_kbytes" : 0,
        "bw_bytes" : 0,
        "bw" : 0,
        "iops" : 0.000000,
        "runtime" : 0,
        "total_ios" : 0,
        "short_ios" : 0,
        "drop_ios" : 0,
        "slat_ns" : {
          "min" : 0,
          "max" : 0,
          "mean" : 0.000000,
          "stddev" : 0.000000,
          "N" : 0
        },
        "clat_ns" : {
          "min" : 0,
          "max" : 0,
          "mean" : 0.000000,
          "stddev" : 0.000000,
          "N" : 0
        },
        "lat_ns" : {
          "min" : 0,
          "max" : 0,
          "mean" : 0.000000,
          "stddev" : 0.000000,
          "N" : 0
        },
        "bw_min" : 0,
        "bw_max" : 0,
        "bw_agg" : 0.000000,
        "bw_mean" : 0.000000,
        "bw_dev" : 0.000000,
        "bw_samples" : 0,
        "iops_min" : 0,
        "iops_max" : 0,
        "iops_mean" : 0.000000,
        "iops_stddev" : 0.000000,
        "iops_samples" : 0
      },
      "trim" : {
        "io_bytes" : 0,
        "io_kbytes" : 0,
        "bw_bytes" : 0,
        "bw" : 0,
        "iops" : 0.000000,
        "runtime" : 0,
        "total_ios" : 0,
        "short_ios" : 0,
        "drop_ios" : 0,
        "slat_ns" : {
          "min" : 0,
          "max" : 0,
          "mean" : 0.000000,
          "stddev" : 0.000000,
          "N" : 0
        },
        "clat_ns" : {
          "min" : 0,
          "max" : 0,
          "mean" : 0.000000,
          "stddev" : 0.000000,
          "N" : 0
        },
        "lat_ns" : {
          "min" : 0,
          "max" : 0,
          "mean" : 0.000000,
          "stddev" : 0.000000,
          "N" : 0
        },
        "bw_min" : 0,
        "bw_max" : 0,
        "bw_agg" : 0.000000,
        "bw_mean" : 0.000000,
        "bw_dev" : 0.000000,
        "bw_samples" : 0,
        "iops_min" : 0,
        "iops_max" : 0,
        "iops_mean" : 0.000000,
        "iops_stddev" : 0.000000,
        "iops_samples" : 0
      },
      "sync" : {
        "total_ios" : 0,
        "lat_ns" : {
          "min" : 0,
          "max" : 0,
          "mean" : 0.000000,
          "stddev" : 0.000000,
          "N" : 0
        }
      },
      "job_runtime" : 4800001,
      "usr_cpu" : 2.151104,
      "sys_cpu" : 13.481851,
      "ctx" : 4955230,
      "majf" : 0,
      "minf" : 4728,
      "iodepth_level" : {
        "1" : 0.100000,
        "2" : 0.100000,
        "4" : 0.100000,
        "8" : 0.100000,
        "16" : 0.100000,
        "32" : 0.100000,
        ">=64" : 99.979656
      },
      "iodepth_submit" : {
        "0" : 0.000000,
        "4" : 100.000000,
        "8" : 0.000000,
        "16" : 0.000000,
        "32" : 0.000000,
        "64" : 0.000000,
        ">=64" : 0.000000
      },
      "iodepth_complete" : {
        "0" : 0.000000,
        "4" : 99.999677,
        "8" : 0.000000,
        "16" : 0.000000,
        "32" : 0.000000,
        "64" : 0.000000,
        ">=64" : 0.100000
      },
      "latency_ns" : {
        "2" : 0.000000,
        "4" : 0.000000,
        "10" : 0.000000,
        "20" : 0.000000,
        "50" : 0.000000,
        "100" : 0.000000,
        "250" : 0.000000,
        "500" : 0.000000,
        "750" : 0.000000,
        "1000" : 0.000000
      },
      "latency_us" : {
        "2" : 0.000000,
        "4" : 0.000000,
        "10" : 0.000000,
        "20" : 0.010000,
        "50" : 0.010000,
        "100" : 0.000000,
        "250" : 0.000000,
        "500" : 0.000000,
        "750" : 0.010000,
        "1000" : 0.010000
      },
      "latency_ms" : {
        "2" : 0.010000,
        "4" : 0.010000,
        "10" : 0.010000,
        "20" : 0.010000,
        "50" : 0.010919,
        "100" : 0.018124,
        "250" : 64.635505,
        "500" : 35.327803,
        "750" : 0.000000,
        "1000" : 0.000000,
        "2000" : 0.000000,
        ">=2000" : 0.000000
      },
      "latency_depth" : 256,
      "latency_target" : 0,
      "latency_percentile" : 100.000000,
      "latency_window" : 0
    }
  ]
}
