{
  "fio version" : "fio-3.27",
  "timestamp" : 1627423677,
  "timestamp_ms" : 1627423677692,
  "time" : "Wed Jul 28 00:07:57 2021",
  "jobs" : [
    {
      "jobname" : "seq-read",
      "groupid" : 0,
      "error" : 0,
      "eta" : 0,
      "elapsed" : 301,
      "job options" : {
        "bs" : "4K",
        "iodepth" : "256",
        "direct" : "1",
        "ioengine" : "libaio",
        "time_based" : "1",
        "runtime" : "300",
        "numjobs" : "8",
        "size" : "1g",
        "name" : "seq-read",
        "rw" : "read",
        "directory" : "/scratch/snx2000/ccocha/seqread/32_node/",
        "filename_format" : "$jobname.22.$jobnum.$filenum"
      },
      "read" : {
        "io_bytes" : 12969816064,
        "io_kbytes" : 12665836,
        "bw_bytes" : 43232576,
        "bw" : 42219,
        "iops" : 10554.828151,
        "runtime" : 300001,
        "total_ios" : 3166459,
        "short_ios" : 0,
        "drop_ios" : 0,
        "slat_ns" : {
          "min" : 375956,
          "max" : 197224590,
          "mean" : 741780.167529,
          "stddev" : 1048225.431252,
          "N" : 3166459
        },
        "clat_ns" : {
          "min" : 12910,
          "max" : 547108049,
          "mean" : 193196465.707534,
          "stddev" : 27739330.166466,
          "N" : 3166459,
          "percentile" : {
            "1.000000" : 156237824,
            "5.000000" : 162529280,
            "10.000000" : 166723584,
            "20.000000" : 173015040,
            "30.000000" : 177209344,
            "40.000000" : 181403648,
            "50.000000" : 185597952,
            "60.000000" : 191889408,
            "70.000000" : 200278016,
            "80.000000" : 210763776,
            "90.000000" : 227540992,
            "95.000000" : 246415360,
            "99.000000" : 291504128,
            "99.500000" : 308281344,
            "99.900000" : 371195904,
            "99.950000" : 383778816,
            "99.990000" : 429916160
          }
        },
        "lat_ns" : {
          "min" : 568029,
          "max" : 547946793,
          "mean" : 193940183.669534,
          "stddev" : 27802369.949496,
          "N" : 3166459
        },
        "bw_min" : 20448,
        "bw_max" : 51288,
        "bw_agg" : 99.982680,
        "bw_mean" : 42212.741235,
        "bw_dev" : 505.251352,
        "bw_samples" : 4792,
        "iops_min" : 5112,
        "iops_max" : 12822,
        "iops_mean" : 10552.777963,
        "iops_stddev" : 126.303438,
        "iops_samples" : 4792
      },
      "write" : {
        "io_bytes" : 0,
        "io_kbytes" : 0,
        "bw_bytes" : 0,
        "bw" : 0,
        "iops" : 0.000000,
        "runtime" : 0,
        "total_ios" : 0,
        "short_ios" : 0,
        "drop_ios" : 0,
        "slat_ns" : {
          "min" : 0,
          "max" : 0,
          "mean" : 0.000000,
          "stddev" : 0.000000,
          "N" : 0
        },
        "clat_ns" : {
          "min" : 0,
          "max" : 0,
          "mean" : 0.000000,
          "stddev" : 0.000000,
          "N" : 0
        },
        "lat_ns" : {
          "min" : 0,
          "max" : 0,
          "mean" : 0.000000,
          "stddev" : 0.000000,
          "N" : 0
        },
        "bw_min" : 0,
        "bw_max" : 0,
        "bw_agg" : 0.000000,
        "bw_mean" : 0.000000,
        "bw_dev" : 0.000000,
        "bw_samples" : 0,
        "iops_min" : 0,
        "iops_max" : 0,
        "iops_mean" : 0.000000,
        "iops_stddev" : 0.000000,
        "iops_samples" : 0
      },
      "trim" : {
        "io_bytes" : 0,
        "io_kbytes" : 0,
        "bw_bytes" : 0,
        "bw" : 0,
        "iops" : 0.000000,
        "runtime" : 0,
        "total_ios" : 0,
        "short_ios" : 0,
        "drop_ios" : 0,
        "slat_ns" : {
          "min" : 0,
          "max" : 0,
          "mean" : 0.000000,
          "stddev" : 0.000000,
          "N" : 0
        },
        "clat_ns" : {
          "min" : 0,
          "max" : 0,
          "mean" : 0.000000,
          "stddev" : 0.000000,
          "N" : 0
        },
        "lat_ns" : {
          "min" : 0,
          "max" : 0,
          "mean" : 0.000000,
          "stddev" : 0.000000,
          "N" : 0
        },
        "bw_min" : 0,
        "bw_max" : 0,
        "bw_agg" : 0.000000,
        "bw_mean" : 0.000000,
        "bw_dev" : 0.000000,
        "bw_samples" : 0,
        "iops_min" : 0,
        "iops_max" : 0,
        "iops_mean" : 0.000000,
        "iops_stddev" : 0.000000,
        "iops_samples" : 0
      },
      "sync" : {
        "total_ios" : 0,
        "lat_ns" : {
          "min" : 0,
          "max" : 0,
          "mean" : 0.000000,
          "stddev" : 0.000000,
          "N" : 0
        }
      },
      "job_runtime" : 2400000,
      "usr_cpu" : 2.308250,
      "sys_cpu" : 15.938833,
      "ctx" : 3166676,
      "majf" : 0,
      "minf" : 2364,
      "iodepth_level" : {
        "1" : 0.100000,
        "2" : 0.100000,
        "4" : 0.100000,
        "8" : 0.100000,
        "16" : 0.100000,
        "32" : 0.100000,
        ">=64" : 99.984083
      },
      "iodepth_submit" : {
        "0" : 0.000000,
        "4" : 100.000000,
        "8" : 0.000000,
        "16" : 0.000000,
        "32" : 0.000000,
        "64" : 0.000000,
        ">=64" : 0.000000
      },
      "iodepth_complete" : {
        "0" : 0.000000,
        "4" : 99.999747,
        "8" : 0.000000,
        "16" : 0.000000,
        "32" : 0.000000,
        "64" : 0.000000,
        ">=64" : 0.100000
      },
      "latency_ns" : {
        "2" : 0.000000,
        "4" : 0.000000,
        "10" : 0.000000,
        "20" : 0.000000,
        "50" : 0.000000,
        "100" : 0.000000,
        "250" : 0.000000,
        "500" : 0.000000,
        "750" : 0.000000,
        "1000" : 0.000000
      },
      "latency_us" : {
        "2" : 0.000000,
        "4" : 0.000000,
        "10" : 0.000000,
        "20" : 0.010000,
        "50" : 0.000000,
        "100" : 0.000000,
        "250" : 0.000000,
        "500" : 0.000000,
        "750" : 0.010000,
        "1000" : 0.010000
      },
      "latency_ms" : {
        "2" : 0.010000,
        "4" : 0.010000,
        "10" : 0.010000,
        "20" : 0.010000,
        "50" : 0.010000,
        "100" : 0.016169,
        "250" : 95.674980,
        "500" : 4.285228,
        "750" : 0.010000,
        "1000" : 0.000000,
        "2000" : 0.000000,
        ">=2000" : 0.000000
      },
      "latency_depth" : 256,
      "latency_target" : 0,
      "latency_percentile" : 100.000000,
      "latency_window" : 0
    }
  ]
}
