{
  "fio version" : "fio-3.27",
  "timestamp" : 1627010737,
  "timestamp_ms" : 1627010737534,
  "time" : "Fri Jul 23 05:25:37 2021",
  "jobs" : [
    {
      "jobname" : "randrw",
      "groupid" : 0,
      "error" : 0,
      "eta" : 0,
      "elapsed" : 301,
      "job options" : {
        "bs" : "4K",
        "iodepth" : "256",
        "direct" : "0",
        "ioengine" : "libaio",
        "time_based" : "1",
        "runtime" : "300",
        "numjobs" : "1",
        "size" : "1g",
        "name" : "randrw",
        "rw" : "randrw",
        "directory" : "/scratch/snx2000/ccocha/randrw/16_node",
        "filename_format" : "$jobname.11.$jobnum.$filenum"
      },
      "read" : {
        "io_bytes" : 549052416,
        "io_kbytes" : 536184,
        "bw_bytes" : 1830168,
        "bw" : 1787,
        "iops" : 446.818511,
        "runtime" : 300001,
        "total_ios" : 134046,
        "short_ios" : 0,
        "drop_ios" : 0,
        "slat_ns" : {
          "min" : 10970,
          "max" : 1149174867,
          "mean" : 2098818.757024,
          "stddev" : 8280612.393037,
          "N" : 134046
        },
        "clat_ns" : {
          "min" : 11960,
          "max" : 1806329250,
          "mean" : 284389494.863825,
          "stddev" : 164960543.741514,
          "N" : 134046,
          "percentile" : {
            "1.000000" : 121110528,
            "5.000000" : 149946368,
            "10.000000" : 166723584,
            "20.000000" : 189792256,
            "30.000000" : 208666624,
            "40.000000" : 225443840,
            "50.000000" : 240123904,
            "60.000000" : 258998272,
            "70.000000" : 278921216,
            "80.000000" : 312475648,
            "90.000000" : 484442112,
            "95.000000" : 658505728,
            "99.000000" : 977272832,
            "99.500000" : 1069547520,
            "99.900000" : 1686110208,
            "99.950000" : 1753219072,
            "99.990000" : 1803550720
          }
        },
        "lat_ns" : {
          "min" : 572633,
          "max" : 1807395976,
          "mean" : 286490477.599943,
          "stddev" : 165664521.753987,
          "N" : 134046
        },
        "bw_min" : 16,
        "bw_max" : 4472,
        "bw_agg" : 100.000000,
        "bw_mean" : 1801.048822,
        "bw_dev" : 719.651381,
        "bw_samples" : 594,
        "iops_min" : 4,
        "iops_max" : 1118,
        "iops_mean" : 450.185185,
        "iops_stddev" : 179.919467,
        "iops_samples" : 594
      },
      "write" : {
        "io_bytes" : 549552128,
        "io_kbytes" : 536672,
        "bw_bytes" : 1831834,
        "bw" : 1788,
        "iops" : 447.225176,
        "runtime" : 300001,
        "total_ios" : 134168,
        "short_ios" : 0,
        "drop_ios" : 0,
        "slat_ns" : {
          "min" : 68970,
          "max" : 1619909,
          "mean" : 100856.129271,
          "stddev" : 39725.579250,
          "N" : 134168
        },
        "clat_ns" : {
          "min" : 582473,
          "max" : 1807190124,
          "mean" : 284638401.567119,
          "stddev" : 165107949.606712,
          "N" : 134168,
          "percentile" : {
            "1.000000" : 122159104,
            "5.000000" : 149946368,
            "10.000000" : 166723584,
            "20.000000" : 187695104,
            "30.000000" : 208666624,
            "40.000000" : 225443840,
            "50.000000" : 240123904,
            "60.000000" : 258998272,
            "70.000000" : 278921216,
            "80.000000" : 312475648,
            "90.000000" : 484442112,
            "95.000000" : 666894336,
            "99.000000" : 960495616,
            "99.500000" : 1069547520,
            "99.900000" : 1686110208,
            "99.950000" : 1769996288,
            "99.990000" : 1803550720
          }
        },
        "lat_ns" : {
          "min" : 671484,
          "max" : 1807381726,
          "mean" : 284740388.299952,
          "stddev" : 165109652.445239,
          "N" : 134168
        },
        "bw_min" : 8,
        "bw_max" : 4120,
        "bw_agg" : 100.000000,
        "bw_mean" : 1799.798319,
        "bw_dev" : 730.208604,
        "bw_samples" : 595,
        "iops_min" : 2,
        "iops_max" : 1030,
        "iops_mean" : 449.868908,
        "iops_stddev" : 182.556369,
        "iops_samples" : 595
      },
      "trim" : {
        "io_bytes" : 0,
        "io_kbytes" : 0,
        "bw_bytes" : 0,
        "bw" : 0,
        "iops" : 0.000000,
        "runtime" : 0,
        "total_ios" : 0,
        "short_ios" : 0,
        "drop_ios" : 0,
        "slat_ns" : {
          "min" : 0,
          "max" : 0,
          "mean" : 0.000000,
          "stddev" : 0.000000,
          "N" : 0
        },
        "clat_ns" : {
          "min" : 0,
          "max" : 0,
          "mean" : 0.000000,
          "stddev" : 0.000000,
          "N" : 0
        },
        "lat_ns" : {
          "min" : 0,
          "max" : 0,
          "mean" : 0.000000,
          "stddev" : 0.000000,
          "N" : 0
        },
        "bw_min" : 0,
        "bw_max" : 0,
        "bw_agg" : 0.000000,
        "bw_mean" : 0.000000,
        "bw_dev" : 0.000000,
        "bw_samples" : 0,
        "iops_min" : 0,
        "iops_max" : 0,
        "iops_mean" : 0.000000,
        "iops_stddev" : 0.000000,
        "iops_samples" : 0
      },
      "sync" : {
        "total_ios" : 0,
        "lat_ns" : {
          "min" : 0,
          "max" : 0,
          "mean" : 0.000000,
          "stddev" : 0.000000,
          "N" : 0
        }
      },
      "job_runtime" : 300000,
      "usr_cpu" : 1.542333,
      "sys_cpu" : 10.545333,
      "ctx" : 133781,
      "majf" : 0,
      "minf" : 43,
      "iodepth_level" : {
        "1" : 0.100000,
        "2" : 0.100000,
        "4" : 0.100000,
        "8" : 0.100000,
        "16" : 0.100000,
        "32" : 0.100000,
        ">=64" : 99.976511
      },
      "iodepth_submit" : {
        "0" : 0.000000,
        "4" : 100.000000,
        "8" : 0.000000,
        "16" : 0.000000,
        "32" : 0.000000,
        "64" : 0.000000,
        ">=64" : 0.000000
      },
      "iodepth_complete" : {
        "0" : 0.000000,
        "4" : 99.999627,
        "8" : 0.000000,
        "16" : 0.000000,
        "32" : 0.000000,
        "64" : 0.000000,
        ">=64" : 0.100000
      },
      "latency_ns" : {
        "2" : 0.000000,
        "4" : 0.000000,
        "10" : 0.000000,
        "20" : 0.000000,
        "50" : 0.000000,
        "100" : 0.000000,
        "250" : 0.000000,
        "500" : 0.000000,
        "750" : 0.000000,
        "1000" : 0.000000
      },
      "latency_us" : {
        "2" : 0.000000,
        "4" : 0.000000,
        "10" : 0.000000,
        "20" : 0.010000,
        "50" : 0.000000,
        "100" : 0.000000,
        "250" : 0.000000,
        "500" : 0.000000,
        "750" : 0.010000,
        "1000" : 0.010000
      },
      "latency_ms" : {
        "2" : 0.010000,
        "4" : 0.010000,
        "10" : 0.010000,
        "20" : 0.010000,
        "50" : 0.010067,
        "100" : 0.172623,
        "250" : 54.955744,
        "500" : 35.082434,
        "750" : 7.780354,
        "1000" : 1.060347,
        "2000" : 0.932464,
        ">=2000" : 0.000000
      },
      "latency_depth" : 256,
      "latency_target" : 0,
      "latency_percentile" : 100.000000,
      "latency_window" : 0
    }
  ]
}
