{
  "fio version" : "fio-3.27",
  "timestamp" : 1627434921,
  "timestamp_ms" : 1627434921342,
  "time" : "Wed Jul 28 03:15:21 2021",
  "jobs" : [
    {
      "jobname" : "seq-read",
      "groupid" : 0,
      "error" : 0,
      "eta" : 0,
      "elapsed" : 301,
      "job options" : {
        "bs" : "4K",
        "iodepth" : "256",
        "direct" : "1",
        "ioengine" : "libaio",
        "time_based" : "1",
        "runtime" : "300",
        "numjobs" : "16",
        "size" : "1g",
        "name" : "seq-read",
        "rw" : "read",
        "directory" : "/scratch/snx2000/ccocha/seqread/128_node/",
        "filename_format" : "$jobname.101.$jobnum.$filenum"
      },
      "read" : {
        "io_bytes" : 5253672960,
        "io_kbytes" : 5130540,
        "bw_bytes" : 17512068,
        "bw" : 17101,
        "iops" : 4275.407246,
        "runtime" : 300003,
        "total_ios" : 1282635,
        "short_ios" : 0,
        "drop_ios" : 0,
        "slat_ns" : {
          "min" : 538496,
          "max" : 212761552,
          "mean" : 3719986.103275,
          "stddev" : 1603685.266564,
          "N" : 1282635
        },
        "clat_ns" : {
          "min" : 12330,
          "max" : 1566920590,
          "mean" : 952926802.248006,
          "stddev" : 69190515.549687,
          "N" : 1282635,
          "percentile" : {
            "1.000000" : 826277888,
            "5.000000" : 868220928,
            "10.000000" : 893386752,
            "20.000000" : 910163968,
            "30.000000" : 926941184,
            "40.000000" : 935329792,
            "50.000000" : 952107008,
            "60.000000" : 960495616,
            "70.000000" : 968884224,
            "80.000000" : 985661440,
            "90.000000" : 1019215872,
            "95.000000" : 1052770304,
            "99.000000" : 1166016512,
            "99.500000" : 1216348160,
            "99.900000" : 1333788672,
            "99.950000" : 1350565888,
            "99.990000" : 1468006400
          }
        },
        "lat_ns" : {
          "min" : 1203074,
          "max" : 1591791243,
          "mean" : 956649818.845683,
          "stddev" : 69365213.226424,
          "N" : 1282635
        },
        "bw_min" : 3440,
        "bw_max" : 20736,
        "bw_agg" : 99.867680,
        "bw_mean" : 17079.239130,
        "bw_dev" : 86.979885,
        "bw_samples" : 9568,
        "iops_min" : 860,
        "iops_max" : 5184,
        "iops_mean" : 4269.133779,
        "iops_stddev" : 21.740018,
        "iops_samples" : 9568
      },
      "write" : {
        "io_bytes" : 0,
        "io_kbytes" : 0,
        "bw_bytes" : 0,
        "bw" : 0,
        "iops" : 0.000000,
        "runtime" : 0,
        "total_ios" : 0,
        "short_ios" : 0,
        "drop_ios" : 0,
        "slat_ns" : {
          "min" : 0,
          "max" : 0,
          "mean" : 0.000000,
          "stddev" : 0.000000,
          "N" : 0
        },
        "clat_ns" : {
          "min" : 0,
          "max" : 0,
          "mean" : 0.000000,
          "stddev" : 0.000000,
          "N" : 0
        },
        "lat_ns" : {
          "min" : 0,
          "max" : 0,
          "mean" : 0.000000,
          "stddev" : 0.000000,
          "N" : 0
        },
        "bw_min" : 0,
        "bw_max" : 0,
        "bw_agg" : 0.000000,
        "bw_mean" : 0.000000,
        "bw_dev" : 0.000000,
        "bw_samples" : 0,
        "iops_min" : 0,
        "iops_max" : 0,
        "iops_mean" : 0.000000,
        "iops_stddev" : 0.000000,
        "iops_samples" : 0
      },
      "trim" : {
        "io_bytes" : 0,
        "io_kbytes" : 0,
        "bw_bytes" : 0,
        "bw" : 0,
        "iops" : 0.000000,
        "runtime" : 0,
        "total_ios" : 0,
        "short_ios" : 0,
        "drop_ios" : 0,
        "slat_ns" : {
          "min" : 0,
          "max" : 0,
          "mean" : 0.000000,
          "stddev" : 0.000000,
          "N" : 0
        },
        "clat_ns" : {
          "min" : 0,
          "max" : 0,
          "mean" : 0.000000,
          "stddev" : 0.000000,
          "N" : 0
        },
        "lat_ns" : {
          "min" : 0,
          "max" : 0,
          "mean" : 0.000000,
          "stddev" : 0.000000,
          "N" : 0
        },
        "bw_min" : 0,
        "bw_max" : 0,
        "bw_agg" : 0.000000,
        "bw_mean" : 0.000000,
        "bw_dev" : 0.000000,
        "bw_samples" : 0,
        "iops_min" : 0,
        "iops_max" : 0,
        "iops_mean" : 0.000000,
        "iops_stddev" : 0.000000,
        "iops_samples" : 0
      },
      "sync" : {
        "total_ios" : 0,
        "lat_ns" : {
          "min" : 0,
          "max" : 0,
          "mean" : 0.000000,
          "stddev" : 0.000000,
          "N" : 0
        }
      },
      "job_runtime" : 4800007,
      "usr_cpu" : 0.668687,
      "sys_cpu" : 4.371514,
      "ctx" : 1282820,
      "majf" : 0,
      "minf" : 4733,
      "iodepth_level" : {
        "1" : 0.100000,
        "2" : 0.100000,
        "4" : 0.100000,
        "8" : 0.100000,
        "16" : 0.100000,
        "32" : 0.100000,
        ">=64" : 99.921412
      },
      "iodepth_submit" : {
        "0" : 0.000000,
        "4" : 100.000000,
        "8" : 0.000000,
        "16" : 0.000000,
        "32" : 0.000000,
        "64" : 0.000000,
        ">=64" : 0.000000
      },
      "iodepth_complete" : {
        "0" : 0.000000,
        "4" : 99.998749,
        "8" : 0.000000,
        "16" : 0.000000,
        "32" : 0.000000,
        "64" : 0.000000,
        ">=64" : 0.100000
      },
      "latency_ns" : {
        "2" : 0.000000,
        "4" : 0.000000,
        "10" : 0.000000,
        "20" : 0.000000,
        "50" : 0.000000,
        "100" : 0.000000,
        "250" : 0.000000,
        "500" : 0.000000,
        "750" : 0.000000,
        "1000" : 0.000000
      },
      "latency_us" : {
        "2" : 0.000000,
        "4" : 0.000000,
        "10" : 0.000000,
        "20" : 0.010000,
        "50" : 0.010000,
        "100" : 0.000000,
        "250" : 0.000000,
        "500" : 0.000000,
        "750" : 0.000000,
        "1000" : 0.000000
      },
      "latency_ms" : {
        "2" : 0.010000,
        "4" : 0.010000,
        "10" : 0.010000,
        "20" : 0.010000,
        "50" : 0.017464,
        "100" : 0.025494,
        "250" : 0.065802,
        "500" : 0.091842,
        "750" : 0.087788,
        "1000" : 84.811657,
        "2000" : 14.886542,
        ">=2000" : 0.000000
      },
      "latency_depth" : 256,
      "latency_target" : 0,
      "latency_percentile" : 100.000000,
      "latency_window" : 0
    }
  ]
}
