{
  "fio version" : "fio-3.27",
  "timestamp" : 1627029068,
  "timestamp_ms" : 1627029068152,
  "time" : "Fri Jul 23 10:31:08 2021",
  "jobs" : [
    {
      "jobname" : "randrw",
      "groupid" : 0,
      "error" : 0,
      "eta" : 0,
      "elapsed" : 301,
      "job options" : {
        "bs" : "4K",
        "iodepth" : "256",
        "direct" : "0",
        "ioengine" : "libaio",
        "time_based" : "1",
        "runtime" : "300",
        "numjobs" : "2",
        "size" : "1g",
        "name" : "randrw",
        "rw" : "randrw",
        "directory" : "/scratch/snx2000/ccocha/randrw/150_node",
        "filename_format" : "$jobname.133.$jobnum.$filenum"
      },
      "read" : {
        "io_bytes" : 78106624,
        "io_kbytes" : 76276,
        "bw_bytes" : 260288,
        "bw" : 254,
        "iops" : 63.547023,
        "runtime" : 300077,
        "total_ios" : 19069,
        "short_ios" : 0,
        "drop_ios" : 0,
        "slat_ns" : {
          "min" : 488762,
          "max" : 9258099366,
          "mean" : 31326826.247155,
          "stddev" : 93743920.810727,
          "N" : 19069
        },
        "clat_ns" : {
          "min" : 13710,
          "max" : 28850178638,
          "mean" : 3968272996.316012,
          "stddev" : 2752404306.310927,
          "N" : 19069,
          "percentile" : {
            "1.000000" : 775946240,
            "5.000000" : 851443712,
            "10.000000" : 935329792,
            "20.000000" : 2667577344,
            "30.000000" : 3204448256,
            "40.000000" : 3607101440,
            "50.000000" : 3942645760,
            "60.000000" : 4211081216,
            "70.000000" : 4529848320,
            "80.000000" : 4932501504,
            "90.000000" : 5469372416,
            "95.000000" : 6073352192,
            "99.000000" : 17112760320,
            "99.500000" : 17112760320,
            "99.900000" : 17112760320,
            "99.950000" : 17112760320,
            "99.990000" : 17112760320
          }
        },
        "lat_ns" : {
          "min" : 15353108,
          "max" : 28868706540,
          "mean" : 3999602527.577802,
          "stddev" : 2765190010.742969,
          "N" : 19069
        },
        "bw_min" : 16,
        "bw_max" : 1376,
        "bw_agg" : 100.000000,
        "bw_mean" : 268.412961,
        "bw_dev" : 111.695920,
        "bw_samples" : 1118,
        "iops_min" : 4,
        "iops_max" : 344,
        "iops_mean" : 67.103240,
        "iops_stddev" : 27.923980,
        "iops_samples" : 1118
      },
      "write" : {
        "io_bytes" : 78524416,
        "io_kbytes" : 76684,
        "bw_bytes" : 261680,
        "bw" : 255,
        "iops" : 63.886936,
        "runtime" : 300077,
        "total_ios" : 19171,
        "short_ios" : 0,
        "drop_ios" : 0,
        "slat_ns" : {
          "min" : 75210,
          "max" : 2003649,
          "mean" : 108560.230661,
          "stddev" : 41627.383150,
          "N" : 19171
        },
        "clat_ns" : {
          "min" : 37996818,
          "max" : 28846187600,
          "mean" : 4023707672.745179,
          "stddev" : 2955679215.007784,
          "N" : 19171,
          "percentile" : {
            "1.000000" : 784334848,
            "5.000000" : 851443712,
            "10.000000" : 926941184,
            "20.000000" : 2634022912,
            "30.000000" : 3204448256,
            "40.000000" : 3607101440,
            "50.000000" : 3976200192,
            "60.000000" : 4244635648,
            "70.000000" : 4596957184,
            "80.000000" : 4999610368,
            "90.000000" : 5469372416,
            "95.000000" : 6140461056,
            "99.000000" : 17112760320,
            "99.500000" : 17112760320,
            "99.900000" : 17112760320,
            "99.950000" : 17112760320,
            "99.990000" : 17112760320
          }
        },
        "lat_ns" : {
          "min" : 38076468,
          "max" : 28846266911,
          "mean" : 4023817381.786090,
          "stddev" : 2955678498.363257,
          "N" : 19171
        },
        "bw_min" : 16,
        "bw_max" : 1464,
        "bw_agg" : 100.000000,
        "bw_mean" : 269.528398,
        "bw_dev" : 114.287738,
        "bw_samples" : 1122,
        "iops_min" : 4,
        "iops_max" : 366,
        "iops_mean" : 67.382099,
        "iops_stddev" : 28.571935,
        "iops_samples" : 1122
      },
      "trim" : {
        "io_bytes" : 0,
        "io_kbytes" : 0,
        "bw_bytes" : 0,
        "bw" : 0,
        "iops" : 0.000000,
        "runtime" : 0,
        "total_ios" : 0,
        "short_ios" : 0,
        "drop_ios" : 0,
        "slat_ns" : {
          "min" : 0,
          "max" : 0,
          "mean" : 0.000000,
          "stddev" : 0.000000,
          "N" : 0
        },
        "clat_ns" : {
          "min" : 0,
          "max" : 0,
          "mean" : 0.000000,
          "stddev" : 0.000000,
          "N" : 0
        },
        "lat_ns" : {
          "min" : 0,
          "max" : 0,
          "mean" : 0.000000,
          "stddev" : 0.000000,
          "N" : 0
        },
        "bw_min" : 0,
        "bw_max" : 0,
        "bw_agg" : 0.000000,
        "bw_mean" : 0.000000,
        "bw_dev" : 0.000000,
        "bw_samples" : 0,
        "iops_min" : 0,
        "iops_max" : 0,
        "iops_mean" : 0.000000,
        "iops_stddev" : 0.000000,
        "iops_samples" : 0
      },
      "sync" : {
        "total_ios" : 0,
        "lat_ns" : {
          "min" : 0,
          "max" : 0,
          "mean" : 0.000000,
          "stddev" : 0.000000,
          "N" : 0
        }
      },
      "job_runtime" : 600090,
      "usr_cpu" : 0.108817,
      "sys_cpu" : 0.825709,
      "ctx" : 19084,
      "majf" : 0,
      "minf" : 85,
      "iodepth_level" : {
        "1" : 0.100000,
        "2" : 0.100000,
        "4" : 0.100000,
        "8" : 0.100000,
        "16" : 0.100000,
        "32" : 0.167364,
        ">=64" : 99.670502
      },
      "iodepth_submit" : {
        "0" : 0.000000,
        "4" : 100.000000,
        "8" : 0.000000,
        "16" : 0.000000,
        "32" : 0.000000,
        "64" : 0.000000,
        ">=64" : 0.000000
      },
      "iodepth_complete" : {
        "0" : 0.000000,
        "4" : 99.994699,
        "8" : 0.000000,
        "16" : 0.000000,
        "32" : 0.000000,
        "64" : 0.000000,
        ">=64" : 0.100000
      },
      "latency_ns" : {
        "2" : 0.000000,
        "4" : 0.000000,
        "10" : 0.000000,
        "20" : 0.000000,
        "50" : 0.000000,
        "100" : 0.000000,
        "250" : 0.000000,
        "500" : 0.000000,
        "750" : 0.000000,
        "1000" : 0.000000
      },
      "latency_us" : {
        "2" : 0.000000,
        "4" : 0.000000,
        "10" : 0.000000,
        "20" : 0.010000,
        "50" : 0.010000,
        "100" : 0.000000,
        "250" : 0.000000,
        "500" : 0.000000,
        "750" : 0.000000,
        "1000" : 0.000000
      },
      "latency_ms" : {
        "2" : 0.000000,
        "4" : 0.000000,
        "10" : 0.000000,
        "20" : 0.010000,
        "50" : 0.023536,
        "100" : 0.028766,
        "250" : 0.033996,
        "500" : 0.075837,
        "750" : 0.104603,
        "1000" : 12.183577,
        "2000" : 2.144351,
        ">=2000" : 85.397490
      },
      "latency_depth" : 256,
      "latency_target" : 0,
      "latency_percentile" : 100.000000,
      "latency_window" : 0
    }
  ]
}
