{
  "fio version" : "fio-3.27",
  "timestamp" : 1627431261,
  "timestamp_ms" : 1627431261276,
  "time" : "Wed Jul 28 02:14:21 2021",
  "jobs" : [
    {
      "jobname" : "seq-read",
      "groupid" : 0,
      "error" : 0,
      "eta" : 0,
      "elapsed" : 301,
      "job options" : {
        "bs" : "4K",
        "iodepth" : "256",
        "direct" : "1",
        "ioengine" : "libaio",
        "time_based" : "1",
        "runtime" : "300",
        "numjobs" : "16",
        "size" : "1g",
        "name" : "seq-read",
        "rw" : "read",
        "directory" : "/scratch/snx2000/ccocha/seqread/96_node/",
        "filename_format" : "$jobname.18.$jobnum.$filenum"
      },
      "read" : {
        "io_bytes" : 6824099840,
        "io_kbytes" : 6664160,
        "bw_bytes" : 22746847,
        "bw" : 22213,
        "iops" : 5553.429644,
        "runtime" : 300002,
        "total_ios" : 1666040,
        "short_ios" : 0,
        "drop_ios" : 0,
        "slat_ns" : {
          "min" : 442832,
          "max" : 158415997,
          "mean" : 2859433.251224,
          "stddev" : 926316.653853,
          "N" : 1666040
        },
        "clat_ns" : {
          "min" : 12770,
          "max" : 1178010719,
          "mean" : 733874354.026701,
          "stddev" : 41047015.656907,
          "N" : 1666040,
          "percentile" : {
            "1.000000" : 650117120,
            "5.000000" : 683671552,
            "10.000000" : 700448768,
            "20.000000" : 717225984,
            "30.000000" : 725614592,
            "40.000000" : 725614592,
            "50.000000" : 734003200,
            "60.000000" : 742391808,
            "70.000000" : 750780416,
            "80.000000" : 759169024,
            "90.000000" : 767557632,
            "95.000000" : 784334848,
            "99.000000" : 817889280,
            "99.500000" : 834666496,
            "99.900000" : 918552576,
            "99.950000" : 935329792,
            "99.990000" : 1132462080
          }
        },
        "lat_ns" : {
          "min" : 868302,
          "max" : 1180817617,
          "mean" : 736736682.266284,
          "stddev" : 41146903.507553,
          "N" : 1666040
        },
        "bw_min" : 13264,
        "bw_max" : 25152,
        "bw_agg" : 99.906734,
        "bw_mean" : 22193.346154,
        "bw_dev" : 64.161908,
        "bw_samples" : 9568,
        "iops_min" : 3316,
        "iops_max" : 6288,
        "iops_mean" : 5547.267559,
        "iops_stddev" : 16.042224,
        "iops_samples" : 9568
      },
      "write" : {
        "io_bytes" : 0,
        "io_kbytes" : 0,
        "bw_bytes" : 0,
        "bw" : 0,
        "iops" : 0.000000,
        "runtime" : 0,
        "total_ios" : 0,
        "short_ios" : 0,
        "drop_ios" : 0,
        "slat_ns" : {
          "min" : 0,
          "max" : 0,
          "mean" : 0.000000,
          "stddev" : 0.000000,
          "N" : 0
        },
        "clat_ns" : {
          "min" : 0,
          "max" : 0,
          "mean" : 0.000000,
          "stddev" : 0.000000,
          "N" : 0
        },
        "lat_ns" : {
          "min" : 0,
          "max" : 0,
          "mean" : 0.000000,
          "stddev" : 0.000000,
          "N" : 0
        },
        "bw_min" : 0,
        "bw_max" : 0,
        "bw_agg" : 0.000000,
        "bw_mean" : 0.000000,
        "bw_dev" : 0.000000,
        "bw_samples" : 0,
        "iops_min" : 0,
        "iops_max" : 0,
        "iops_mean" : 0.000000,
        "iops_stddev" : 0.000000,
        "iops_samples" : 0
      },
      "trim" : {
        "io_bytes" : 0,
        "io_kbytes" : 0,
        "bw_bytes" : 0,
        "bw" : 0,
        "iops" : 0.000000,
        "runtime" : 0,
        "total_ios" : 0,
        "short_ios" : 0,
        "drop_ios" : 0,
        "slat_ns" : {
          "min" : 0,
          "max" : 0,
          "mean" : 0.000000,
          "stddev" : 0.000000,
          "N" : 0
        },
        "clat_ns" : {
          "min" : 0,
          "max" : 0,
          "mean" : 0.000000,
          "stddev" : 0.000000,
          "N" : 0
        },
        "lat_ns" : {
          "min" : 0,
          "max" : 0,
          "mean" : 0.000000,
          "stddev" : 0.000000,
          "N" : 0
        },
        "bw_min" : 0,
        "bw_max" : 0,
        "bw_agg" : 0.000000,
        "bw_mean" : 0.000000,
        "bw_dev" : 0.000000,
        "bw_samples" : 0,
        "iops_min" : 0,
        "iops_max" : 0,
        "iops_mean" : 0.000000,
        "iops_stddev" : 0.000000,
        "iops_samples" : 0
      },
      "sync" : {
        "total_ios" : 0,
        "lat_ns" : {
          "min" : 0,
          "max" : 0,
          "mean" : 0.000000,
          "stddev" : 0.000000,
          "N" : 0
        }
      },
      "job_runtime" : 4800006,
      "usr_cpu" : 0.858957,
      "sys_cpu" : 5.503160,
      "ctx" : 1666311,
      "majf" : 0,
      "minf" : 4735,
      "iodepth_level" : {
        "1" : 0.100000,
        "2" : 0.100000,
        "4" : 0.100000,
        "8" : 0.100000,
        "16" : 0.100000,
        "32" : 0.100000,
        ">=64" : 99.939497
      },
      "iodepth_submit" : {
        "0" : 0.000000,
        "4" : 100.000000,
        "8" : 0.000000,
        "16" : 0.000000,
        "32" : 0.000000,
        "64" : 0.000000,
        ">=64" : 0.000000
      },
      "iodepth_complete" : {
        "0" : 0.000000,
        "4" : 99.999037,
        "8" : 0.000000,
        "16" : 0.000000,
        "32" : 0.000000,
        "64" : 0.000000,
        ">=64" : 0.100000
      },
      "latency_ns" : {
        "2" : 0.000000,
        "4" : 0.000000,
        "10" : 0.000000,
        "20" : 0.000000,
        "50" : 0.000000,
        "100" : 0.000000,
        "250" : 0.000000,
        "500" : 0.000000,
        "750" : 0.000000,
        "1000" : 0.000000
      },
      "latency_us" : {
        "2" : 0.000000,
        "4" : 0.000000,
        "10" : 0.000000,
        "20" : 0.010000,
        "50" : 0.010000,
        "100" : 0.000000,
        "250" : 0.000000,
        "500" : 0.000000,
        "750" : 0.000000,
        "1000" : 0.010000
      },
      "latency_ms" : {
        "2" : 0.010000,
        "4" : 0.010000,
        "10" : 0.010000,
        "20" : 0.010000,
        "50" : 0.019988,
        "100" : 0.031752,
        "250" : 0.075748,
        "500" : 0.095076,
        "750" : 72.728386,
        "1000" : 27.017779,
        "2000" : 0.015726,
        ">=2000" : 0.000000
      },
      "latency_depth" : 256,
      "latency_target" : 0,
      "latency_percentile" : 100.000000,
      "latency_window" : 0
    }
  ]
}
