{
  "fio version" : "fio-3.27",
  "timestamp" : 1627028393,
  "timestamp_ms" : 1627028393571,
  "time" : "Fri Jul 23 10:19:53 2021",
  "jobs" : [
    {
      "jobname" : "randrw",
      "groupid" : 0,
      "error" : 0,
      "eta" : 0,
      "elapsed" : 302,
      "job options" : {
        "bs" : "4K",
        "iodepth" : "256",
        "direct" : "0",
        "ioengine" : "libaio",
        "time_based" : "1",
        "runtime" : "300",
        "numjobs" : "64",
        "size" : "1g",
        "name" : "randrw",
        "rw" : "randrw",
        "directory" : "/scratch/snx2000/ccocha/randrw/128_node",
        "filename_format" : "$jobname.71.$jobnum.$filenum"
      },
      "read" : {
        "io_bytes" : 68849664,
        "io_kbytes" : 67236,
        "bw_bytes" : 228472,
        "bw" : 223,
        "iops" : 55.779365,
        "runtime" : 301348,
        "total_ios" : 16809,
        "short_ios" : 0,
        "drop_ios" : 0,
        "slat_ns" : {
          "min" : 18202141,
          "max" : 80642494479,
          "mean" : 1144123985.812065,
          "stddev" : 3589303812.865160,
          "N" : 16809
        },
        "clat_ns" : {
          "min" : 20631,
          "max" : 298816552303,
          "mean" : 131243338074.242142,
          "stddev" : 65842402415.399452,
          "N" : 16809,
          "percentile" : {
            "1.000000" : 3003121664,
            "5.000000" : 17112760320,
            "10.000000" : 17112760320,
            "20.000000" : 17112760320,
            "30.000000" : 17112760320,
            "40.000000" : 17112760320,
            "50.000000" : 17112760320,
            "60.000000" : 17112760320,
            "70.000000" : 17112760320,
            "80.000000" : 17112760320,
            "90.000000" : 17112760320,
            "95.000000" : 17112760320,
            "99.000000" : 17112760320,
            "99.500000" : 17112760320,
            "99.900000" : 17112760320,
            "99.950000" : 17112760320,
            "99.990000" : 17112760320
          }
        },
        "lat_ns" : {
          "min" : 802840323,
          "max" : 298917907007,
          "mean" : 132387466223.854477,
          "stddev" : 65805931985.909523,
          "N" : 16809
        },
        "bw_min" : 512,
        "bw_max" : 2520,
        "bw_agg" : 100.000000,
        "bw_mean" : 769.386601,
        "bw_dev" : 6.883619,
        "bw_samples" : 5722,
        "iops_min" : 128,
        "iops_max" : 630,
        "iops_mean" : 192.346650,
        "iops_stddev" : 1.720905,
        "iops_samples" : 5722
      },
      "write" : {
        "io_bytes" : 68853760,
        "io_kbytes" : 67240,
        "bw_bytes" : 228485,
        "bw" : 223,
        "iops" : 55.782683,
        "runtime" : 301348,
        "total_ios" : 16810,
        "short_ios" : 0,
        "drop_ios" : 0,
        "slat_ns" : {
          "min" : 75621,
          "max" : 3581431,
          "mean" : 140723.918322,
          "stddev" : 104437.655864,
          "N" : 16810
        },
        "clat_ns" : {
          "min" : 802850613,
          "max" : 298917897966,
          "mean" : 131478483066.797226,
          "stddev" : 66002579208.223579,
          "N" : 16810,
          "percentile" : {
            "1.000000" : 4244635648,
            "5.000000" : 17112760320,
            "10.000000" : 17112760320,
            "20.000000" : 17112760320,
            "30.000000" : 17112760320,
            "40.000000" : 17112760320,
            "50.000000" : 17112760320,
            "60.000000" : 17112760320,
            "70.000000" : 17112760320,
            "80.000000" : 17112760320,
            "90.000000" : 17112760320,
            "95.000000" : 17112760320,
            "99.000000" : 17112760320,
            "99.500000" : 17112760320,
            "99.900000" : 17112760320,
            "99.950000" : 17112760320,
            "99.990000" : 17112760320
          }
        },
        "lat_ns" : {
          "min" : 802936495,
          "max" : 298917986188,
          "mean" : 131478625137.628494,
          "stddev" : 66002573924.134827,
          "N" : 16810
        },
        "bw_min" : 512,
        "bw_max" : 2688,
        "bw_agg" : 100.000000,
        "bw_mean" : 769.438389,
        "bw_dev" : 7.157108,
        "bw_samples" : 5707,
        "iops_min" : 128,
        "iops_max" : 672,
        "iops_mean" : 192.359597,
        "iops_stddev" : 1.789277,
        "iops_samples" : 5707
      },
      "trim" : {
        "io_bytes" : 0,
        "io_kbytes" : 0,
        "bw_bytes" : 0,
        "bw" : 0,
        "iops" : 0.000000,
        "runtime" : 0,
        "total_ios" : 0,
        "short_ios" : 0,
        "drop_ios" : 0,
        "slat_ns" : {
          "min" : 0,
          "max" : 0,
          "mean" : 0.000000,
          "stddev" : 0.000000,
          "N" : 0
        },
        "clat_ns" : {
          "min" : 0,
          "max" : 0,
          "mean" : 0.000000,
          "stddev" : 0.000000,
          "N" : 0
        },
        "lat_ns" : {
          "min" : 0,
          "max" : 0,
          "mean" : 0.000000,
          "stddev" : 0.000000,
          "N" : 0
        },
        "bw_min" : 0,
        "bw_max" : 0,
        "bw_agg" : 0.000000,
        "bw_mean" : 0.000000,
        "bw_dev" : 0.000000,
        "bw_samples" : 0,
        "iops_min" : 0,
        "iops_max" : 0,
        "iops_mean" : 0.000000,
        "iops_stddev" : 0.000000,
        "iops_samples" : 0
      },
      "sync" : {
        "total_ios" : 0,
        "lat_ns" : {
          "min" : 0,
          "max" : 0,
          "mean" : 0.000000,
          "stddev" : 0.000000,
          "N" : 0
        }
      },
      "job_runtime" : 19234944,
      "usr_cpu" : 0.004076,
      "sys_cpu" : 0.028682,
      "ctx" : 17528,
      "majf" : 0,
      "minf" : 2601,
      "iodepth_level" : {
        "1" : 0.190369,
        "2" : 0.380737,
        "4" : 0.761474,
        "8" : 1.522948,
        "16" : 3.045897,
        "32" : 6.091793,
        ">=64" : 88.006782
      },
      "iodepth_submit" : {
        "0" : 0.000000,
        "4" : 100.000000,
        "8" : 0.000000,
        "16" : 0.000000,
        "32" : 0.000000,
        "64" : 0.000000,
        ">=64" : 0.000000
      },
      "iodepth_complete" : {
        "0" : 0.000000,
        "4" : 99.631400,
        "8" : 0.000000,
        "16" : 0.000000,
        "32" : 0.000000,
        "64" : 0.000000,
        ">=64" : 0.368600
      },
      "latency_ns" : {
        "2" : 0.000000,
        "4" : 0.000000,
        "10" : 0.000000,
        "20" : 0.000000,
        "50" : 0.000000,
        "100" : 0.000000,
        "250" : 0.000000,
        "500" : 0.000000,
        "750" : 0.000000,
        "1000" : 0.000000
      },
      "latency_us" : {
        "2" : 0.000000,
        "4" : 0.000000,
        "10" : 0.000000,
        "20" : 0.000000,
        "50" : 0.190369,
        "100" : 0.000000,
        "250" : 0.000000,
        "500" : 0.000000,
        "750" : 0.000000,
        "1000" : 0.000000
      },
      "latency_ms" : {
        "2" : 0.000000,
        "4" : 0.000000,
        "10" : 0.000000,
        "20" : 0.000000,
        "50" : 0.000000,
        "100" : 0.000000,
        "250" : 0.000000,
        "500" : 0.000000,
        "750" : 0.000000,
        "1000" : 0.059490,
        "2000" : 0.291502,
        ">=2000" : 99.458639
      },
      "latency_depth" : 256,
      "latency_target" : 0,
      "latency_percentile" : 100.000000,
      "latency_window" : 0
    }
  ]
}
