{
  "fio version" : "fio-3.27",
  "timestamp" : 1627012999,
  "timestamp_ms" : 1627012999709,
  "time" : "Fri Jul 23 06:03:19 2021",
  "jobs" : [
    {
      "jobname" : "randrw",
      "groupid" : 0,
      "error" : 0,
      "eta" : 0,
      "elapsed" : 301,
      "job options" : {
        "bs" : "4K",
        "iodepth" : "256",
        "direct" : "0",
        "ioengine" : "libaio",
        "time_based" : "1",
        "runtime" : "300",
        "numjobs" : "32",
        "size" : "1g",
        "name" : "randrw",
        "rw" : "randrw",
        "directory" : "/scratch/snx2000/ccocha/randrw/16_node",
        "filename_format" : "$jobname.14.$jobnum.$filenum"
      },
      "read" : {
        "io_bytes" : 606224384,
        "io_kbytes" : 592016,
        "bw_bytes" : 2018070,
        "bw" : 1970,
        "iops" : 492.693027,
        "runtime" : 300398,
        "total_ios" : 148004,
        "short_ios" : 0,
        "drop_ios" : 0,
        "slat_ns" : {
          "min" : 496203,
          "max" : 27939473216,
          "mean" : 64708049.344802,
          "stddev" : 270185944.227652,
          "N" : 148004
        },
        "clat_ns" : {
          "min" : 14830,
          "max" : 54157545161,
          "mean" : 8248427960.339907,
          "stddev" : 6980646270.014777,
          "N" : 148004,
          "percentile" : {
            "1.000000" : 884998144,
            "5.000000" : 977272832,
            "10.000000" : 1044381696,
            "20.000000" : 1266679808,
            "30.000000" : 7147094016,
            "40.000000" : 7751073792,
            "50.000000" : 8220835840,
            "60.000000" : 8791261184,
            "70.000000" : 9462349824,
            "80.000000" : 10267656192,
            "90.000000" : 11475615744,
            "95.000000" : 12683575296,
            "99.000000" : 17112760320,
            "99.500000" : 17112760320,
            "99.900000" : 17112760320,
            "99.950000" : 17112760320,
            "99.990000" : 17112760320
          }
        },
        "lat_ns" : {
          "min" : 10285231,
          "max" : 54168004613,
          "mean" : 8313139502.330108,
          "stddev" : 7011647795.248754,
          "N" : 148004
        },
        "bw_min" : 256,
        "bw_max" : 19808,
        "bw_agg" : 100.000000,
        "bw_mean" : 2280.608044,
        "bw_dev" : 81.128323,
        "bw_samples" : 16108,
        "iops_min" : 64,
        "iops_max" : 4952,
        "iops_mean" : 570.152011,
        "iops_stddev" : 20.282081,
        "iops_samples" : 16108
      },
      "write" : {
        "io_bytes" : 607444992,
        "io_kbytes" : 593208,
        "bw_bytes" : 2022133,
        "bw" : 1974,
        "iops" : 493.685045,
        "runtime" : 300398,
        "total_ios" : 148302,
        "short_ios" : 0,
        "drop_ios" : 0,
        "slat_ns" : {
          "min" : 75351,
          "max" : 2112225,
          "mean" : 129826.017970,
          "stddev" : 41475.111205,
          "N" : 148302
        },
        "clat_ns" : {
          "min" : 10295671,
          "max" : 54167870762,
          "mean" : 8250493716.358754,
          "stddev" : 6923272823.914686,
          "N" : 148302,
          "percentile" : {
            "1.000000" : 893386752,
            "5.000000" : 977272832,
            "10.000000" : 1044381696,
            "20.000000" : 1266679808,
            "30.000000" : 7147094016,
            "40.000000" : 7751073792,
            "50.000000" : 8220835840,
            "60.000000" : 8791261184,
            "70.000000" : 9462349824,
            "80.000000" : 10401873920,
            "90.000000" : 11475615744,
            "95.000000" : 12549357568,
            "99.000000" : 17112760320,
            "99.500000" : 17112760320,
            "99.900000" : 17112760320,
            "99.950000" : 17112760320,
            "99.990000" : 17112760320
          }
        },
        "lat_ns" : {
          "min" : 10428612,
          "max" : 54167957712,
          "mean" : 8250624894.728362,
          "stddev" : 6923272546.890442,
          "N" : 148302
        },
        "bw_min" : 256,
        "bw_max" : 19448,
        "bw_agg" : 100.000000,
        "bw_mean" : 2287.119053,
        "bw_dev" : 81.133920,
        "bw_samples" : 16092,
        "iops_min" : 64,
        "iops_max" : 4862,
        "iops_mean" : 571.779763,
        "iops_stddev" : 20.283480,
        "iops_samples" : 16092
      },
      "trim" : {
        "io_bytes" : 0,
        "io_kbytes" : 0,
        "bw_bytes" : 0,
        "bw" : 0,
        "iops" : 0.000000,
        "runtime" : 0,
        "total_ios" : 0,
        "short_ios" : 0,
        "drop_ios" : 0,
        "slat_ns" : {
          "min" : 0,
          "max" : 0,
          "mean" : 0.000000,
          "stddev" : 0.000000,
          "N" : 0
        },
        "clat_ns" : {
          "min" : 0,
          "max" : 0,
          "mean" : 0.000000,
          "stddev" : 0.000000,
          "N" : 0
        },
        "lat_ns" : {
          "min" : 0,
          "max" : 0,
          "mean" : 0.000000,
          "stddev" : 0.000000,
          "N" : 0
        },
        "bw_min" : 0,
        "bw_max" : 0,
        "bw_agg" : 0.000000,
        "bw_mean" : 0.000000,
        "bw_dev" : 0.000000,
        "bw_samples" : 0,
        "iops_min" : 0,
        "iops_max" : 0,
        "iops_mean" : 0.000000,
        "iops_stddev" : 0.000000,
        "iops_samples" : 0
      },
      "sync" : {
        "total_ios" : 0,
        "lat_ns" : {
          "min" : 0,
          "max" : 0,
          "mean" : 0.000000,
          "stddev" : 0.000000,
          "N" : 0
        }
      },
      "job_runtime" : 9602442,
      "usr_cpu" : 0.068795,
      "sys_cpu" : 0.463236,
      "ctx" : 148354,
      "majf" : 0,
      "minf" : 1375,
      "iodepth_level" : {
        "1" : 0.100000,
        "2" : 0.100000,
        "4" : 0.100000,
        "8" : 0.100000,
        "16" : 0.172794,
        "32" : 0.345589,
        ">=64" : 99.319622
      },
      "iodepth_submit" : {
        "0" : 0.000000,
        "4" : 100.000000,
        "8" : 0.000000,
        "16" : 0.000000,
        "32" : 0.000000,
        "64" : 0.000000,
        ">=64" : 0.000000
      },
      "iodepth_complete" : {
        "0" : 0.000000,
        "4" : 99.988896,
        "8" : 0.000000,
        "16" : 0.000000,
        "32" : 0.000000,
        "64" : 0.000000,
        ">=64" : 0.100000
      },
      "latency_ns" : {
        "2" : 0.000000,
        "4" : 0.000000,
        "10" : 0.000000,
        "20" : 0.000000,
        "50" : 0.000000,
        "100" : 0.000000,
        "250" : 0.000000,
        "500" : 0.000000,
        "750" : 0.000000,
        "1000" : 0.000000
      },
      "latency_us" : {
        "2" : 0.000000,
        "4" : 0.000000,
        "10" : 0.000000,
        "20" : 0.010000,
        "50" : 0.010000,
        "100" : 0.000000,
        "250" : 0.000000,
        "500" : 0.000000,
        "750" : 0.000000,
        "1000" : 0.000000
      },
      "latency_ms" : {
        "2" : 0.000000,
        "4" : 0.000000,
        "10" : 0.000000,
        "20" : 0.010000,
        "50" : 0.013837,
        "100" : 0.023287,
        "250" : 0.039486,
        "500" : 0.073235,
        "750" : 0.053998,
        "1000" : 6.289107,
        "2000" : 13.988242,
        ">=2000" : 79.506321
      },
      "latency_depth" : 256,
      "latency_target" : 0,
      "latency_percentile" : 100.000000,
      "latency_window" : 0
    }
  ]
}
