{
  "fio version" : "fio-3.27",
  "timestamp" : 1627029449,
  "timestamp_ms" : 1627029449124,
  "time" : "Fri Jul 23 10:37:29 2021",
  "jobs" : [
    {
      "jobname" : "randrw",
      "groupid" : 0,
      "error" : 0,
      "eta" : 0,
      "elapsed" : 301,
      "job options" : {
        "bs" : "4K",
        "iodepth" : "256",
        "direct" : "0",
        "ioengine" : "libaio",
        "time_based" : "1",
        "runtime" : "300",
        "numjobs" : "4",
        "size" : "1g",
        "name" : "randrw",
        "rw" : "randrw",
        "directory" : "/scratch/snx2000/ccocha/randrw/150_node",
        "filename_format" : "$jobname.112.$jobnum.$filenum"
      },
      "read" : {
        "io_bytes" : 77586432,
        "io_kbytes" : 75768,
        "bw_bytes" : 258200,
        "bw" : 252,
        "iops" : 63.037249,
        "runtime" : 300489,
        "total_ios" : 18942,
        "short_ios" : 0,
        "drop_ios" : 0,
        "slat_ns" : {
          "min" : 486515,
          "max" : 29074973360,
          "mean" : 63250109.026291,
          "stddev" : 410941996.942822,
          "N" : 18942
        },
        "clat_ns" : {
          "min" : 25840,
          "max" : 52985140513,
          "mean" : 7951813609.529989,
          "stddev" : 7345088392.355001,
          "N" : 18942,
          "percentile" : {
            "1.000000" : 943718400,
            "5.000000" : 1035993088,
            "10.000000" : 1098907648,
            "20.000000" : 1417674752,
            "30.000000" : 6677331968,
            "40.000000" : 7549747200,
            "50.000000" : 8220835840,
            "60.000000" : 8657043456,
            "70.000000" : 9059696640,
            "80.000000" : 9596567552,
            "90.000000" : 10267656192,
            "95.000000" : 11072962560,
            "99.000000" : 17112760320,
            "99.500000" : 17112760320,
            "99.900000" : 17112760320,
            "99.950000" : 17112760320,
            "99.990000" : 17112760320
          }
        },
        "lat_ns" : {
          "min" : 63777479,
          "max" : 53001274300,
          "mean" : 8015066534.134575,
          "stddev" : 7373345668.961458,
          "N" : 18942
        },
        "bw_min" : 32,
        "bw_max" : 2312,
        "bw_agg" : 100.000000,
        "bw_mean" : 318.259793,
        "bw_dev" : 89.798532,
        "bw_samples" : 1850,
        "iops_min" : 8,
        "iops_max" : 578,
        "iops_mean" : 79.564948,
        "iops_stddev" : 22.449633,
        "iops_samples" : 1850
      },
      "write" : {
        "io_bytes" : 79564800,
        "io_kbytes" : 77700,
        "bw_bytes" : 264784,
        "bw" : 258,
        "iops" : 64.644629,
        "runtime" : 300489,
        "total_ios" : 19425,
        "short_ios" : 0,
        "drop_ios" : 0,
        "slat_ns" : {
          "min" : 75101,
          "max" : 1951909,
          "mean" : 110587.873153,
          "stddev" : 44772.176456,
          "N" : 19425
        },
        "clat_ns" : {
          "min" : 63787659,
          "max" : 52984249845,
          "mean" : 7983703437.888237,
          "stddev" : 7561302297.562155,
          "N" : 19425,
          "percentile" : {
            "1.000000" : 935329792,
            "5.000000" : 1035993088,
            "10.000000" : 1098907648,
            "20.000000" : 1317011456,
            "30.000000" : 6543114240,
            "40.000000" : 7549747200,
            "50.000000" : 8220835840,
            "60.000000" : 8657043456,
            "70.000000" : 9059696640,
            "80.000000" : 9596567552,
            "90.000000" : 10267656192,
            "95.000000" : 11072962560,
            "99.000000" : 17112760320,
            "99.500000" : 17112760320,
            "99.900000" : 17112760320,
            "99.950000" : 17112760320,
            "99.990000" : 17112760320
          }
        },
        "lat_ns" : {
          "min" : 63909850,
          "max" : 52984332415,
          "mean" : 7983815188.666612,
          "stddev" : 7561301604.150933,
          "N" : 19425
        },
        "bw_min" : 32,
        "bw_max" : 2464,
        "bw_agg" : 100.000000,
        "bw_mean" : 324.771658,
        "bw_dev" : 93.838727,
        "bw_samples" : 1861,
        "iops_min" : 8,
        "iops_max" : 616,
        "iops_mean" : 81.192915,
        "iops_stddev" : 23.459682,
        "iops_samples" : 1861
      },
      "trim" : {
        "io_bytes" : 0,
        "io_kbytes" : 0,
        "bw_bytes" : 0,
        "bw" : 0,
        "iops" : 0.000000,
        "runtime" : 0,
        "total_ios" : 0,
        "short_ios" : 0,
        "drop_ios" : 0,
        "slat_ns" : {
          "min" : 0,
          "max" : 0,
          "mean" : 0.000000,
          "stddev" : 0.000000,
          "N" : 0
        },
        "clat_ns" : {
          "min" : 0,
          "max" : 0,
          "mean" : 0.000000,
          "stddev" : 0.000000,
          "N" : 0
        },
        "lat_ns" : {
          "min" : 0,
          "max" : 0,
          "mean" : 0.000000,
          "stddev" : 0.000000,
          "N" : 0
        },
        "bw_min" : 0,
        "bw_max" : 0,
        "bw_agg" : 0.000000,
        "bw_mean" : 0.000000,
        "bw_dev" : 0.000000,
        "bw_samples" : 0,
        "iops_min" : 0,
        "iops_max" : 0,
        "iops_mean" : 0.000000,
        "iops_stddev" : 0.000000,
        "iops_samples" : 0
      },
      "sync" : {
        "total_ios" : 0,
        "lat_ns" : {
          "min" : 0,
          "max" : 0,
          "mean" : 0.000000,
          "stddev" : 0.000000,
          "N" : 0
        }
      },
      "job_runtime" : 1200892,
      "usr_cpu" : 0.068949,
      "sys_cpu" : 0.411278,
      "ctx" : 18963,
      "majf" : 0,
      "minf" : 170,
      "iodepth_level" : {
        "1" : 0.100000,
        "2" : 0.100000,
        "4" : 0.100000,
        "8" : 0.100000,
        "16" : 0.166810,
        "32" : 0.333620,
        ">=64" : 99.343186
      },
      "iodepth_submit" : {
        "0" : 0.000000,
        "4" : 100.000000,
        "8" : 0.000000,
        "16" : 0.000000,
        "32" : 0.000000,
        "64" : 0.000000,
        ">=64" : 0.000000
      },
      "iodepth_complete" : {
        "0" : 0.000000,
        "4" : 99.989291,
        "8" : 0.000000,
        "16" : 0.000000,
        "32" : 0.000000,
        "64" : 0.000000,
        ">=64" : 0.100000
      },
      "latency_ns" : {
        "2" : 0.000000,
        "4" : 0.000000,
        "10" : 0.000000,
        "20" : 0.000000,
        "50" : 0.000000,
        "100" : 0.000000,
        "250" : 0.000000,
        "500" : 0.000000,
        "750" : 0.000000,
        "1000" : 0.000000
      },
      "latency_us" : {
        "2" : 0.000000,
        "4" : 0.000000,
        "10" : 0.000000,
        "20" : 0.000000,
        "50" : 0.010426,
        "100" : 0.000000,
        "250" : 0.000000,
        "500" : 0.000000,
        "750" : 0.000000,
        "1000" : 0.000000
      },
      "latency_ms" : {
        "2" : 0.000000,
        "4" : 0.000000,
        "10" : 0.000000,
        "20" : 0.000000,
        "50" : 0.000000,
        "100" : 0.026064,
        "250" : 0.057341,
        "500" : 0.166810,
        "750" : 0.052128,
        "1000" : 2.330127,
        "2000" : 17.924258,
        ">=2000" : 79.432846
      },
      "latency_depth" : 256,
      "latency_target" : 0,
      "latency_percentile" : 100.000000,
      "latency_window" : 0
    }
  ]
}
