{
  "fio version" : "fio-3.27",
  "timestamp" : 1627029068,
  "timestamp_ms" : 1627029068179,
  "time" : "Fri Jul 23 10:31:08 2021",
  "jobs" : [
    {
      "jobname" : "randrw",
      "groupid" : 0,
      "error" : 0,
      "eta" : 0,
      "elapsed" : 301,
      "job options" : {
        "bs" : "4K",
        "iodepth" : "256",
        "direct" : "0",
        "ioengine" : "libaio",
        "time_based" : "1",
        "runtime" : "300",
        "numjobs" : "2",
        "size" : "1g",
        "name" : "randrw",
        "rw" : "randrw",
        "directory" : "/scratch/snx2000/ccocha/randrw/150_node",
        "filename_format" : "$jobname.26.$jobnum.$filenum"
      },
      "read" : {
        "io_bytes" : 77545472,
        "io_kbytes" : 75728,
        "bw_bytes" : 258413,
        "bw" : 252,
        "iops" : 63.089212,
        "runtime" : 300083,
        "total_ios" : 18932,
        "short_ios" : 0,
        "drop_ios" : 0,
        "slat_ns" : {
          "min" : 496301,
          "max" : 12739743515,
          "mean" : 31556832.246989,
          "stddev" : 183446562.706910,
          "N" : 18932
        },
        "clat_ns" : {
          "min" : 24760,
          "max" : 30079099498,
          "mean" : 4032893787.955099,
          "stddev" : 3318699227.352817,
          "N" : 18932,
          "percentile" : {
            "1.000000" : 767557632,
            "5.000000" : 843055104,
            "10.000000" : 935329792,
            "20.000000" : 2499805184,
            "30.000000" : 3070230528,
            "40.000000" : 3506438144,
            "50.000000" : 3875536896,
            "60.000000" : 4244635648,
            "70.000000" : 4596957184,
            "80.000000" : 5066719232,
            "90.000000" : 5603590144,
            "95.000000" : 5939134464,
            "99.000000" : 17112760320,
            "99.500000" : 17112760320,
            "99.900000" : 17112760320,
            "99.950000" : 17112760320,
            "99.990000" : 17112760320
          }
        },
        "lat_ns" : {
          "min" : 8715220,
          "max" : 30079780830,
          "mean" : 4064453160.480511,
          "stddev" : 3329461059.098413,
          "N" : 18932
        },
        "bw_min" : 16,
        "bw_max" : 1440,
        "bw_agg" : 100.000000,
        "bw_mean" : 277.561314,
        "bw_dev" : 114.387641,
        "bw_samples" : 1076,
        "iops_min" : 4,
        "iops_max" : 360,
        "iops_mean" : 69.390329,
        "iops_stddev" : 28.596910,
        "iops_samples" : 1076
      },
      "write" : {
        "io_bytes" : 78241792,
        "io_kbytes" : 76408,
        "bw_bytes" : 260733,
        "bw" : 254,
        "iops" : 63.655722,
        "runtime" : 300083,
        "total_ios" : 19102,
        "short_ios" : 0,
        "drop_ios" : 0,
        "slat_ns" : {
          "min" : 74960,
          "max" : 1781714,
          "mean" : 106209.077898,
          "stddev" : 40254.292890,
          "N" : 19102
        },
        "clat_ns" : {
          "min" : 8725570,
          "max" : 30078957658,
          "mean" : 4001173522.095591,
          "stddev" : 3238119084.169815,
          "N" : 19102,
          "percentile" : {
            "1.000000" : 767557632,
            "5.000000" : 834666496,
            "10.000000" : 926941184,
            "20.000000" : 2432696320,
            "30.000000" : 3070230528,
            "40.000000" : 3506438144,
            "50.000000" : 3875536896,
            "60.000000" : 4244635648,
            "70.000000" : 4664066048,
            "80.000000" : 5066719232,
            "90.000000" : 5670699008,
            "95.000000" : 6006243328,
            "99.000000" : 17112760320,
            "99.500000" : 17112760320,
            "99.900000" : 17112760320,
            "99.950000" : 17112760320,
            "99.990000" : 17112760320
          }
        },
        "lat_ns" : {
          "min" : 8816740,
          "max" : 30079207439,
          "mean" : 4001280863.938959,
          "stddev" : 3238118518.033250,
          "N" : 19102
        },
        "bw_min" : 16,
        "bw_max" : 1440,
        "bw_agg" : 100.000000,
        "bw_mean" : 281.428907,
        "bw_dev" : 117.299021,
        "bw_samples" : 1070,
        "iops_min" : 4,
        "iops_max" : 360,
        "iops_mean" : 70.357227,
        "iops_stddev" : 29.324755,
        "iops_samples" : 1070
      },
      "trim" : {
        "io_bytes" : 0,
        "io_kbytes" : 0,
        "bw_bytes" : 0,
        "bw" : 0,
        "iops" : 0.000000,
        "runtime" : 0,
        "total_ios" : 0,
        "short_ios" : 0,
        "drop_ios" : 0,
        "slat_ns" : {
          "min" : 0,
          "max" : 0,
          "mean" : 0.000000,
          "stddev" : 0.000000,
          "N" : 0
        },
        "clat_ns" : {
          "min" : 0,
          "max" : 0,
          "mean" : 0.000000,
          "stddev" : 0.000000,
          "N" : 0
        },
        "lat_ns" : {
          "min" : 0,
          "max" : 0,
          "mean" : 0.000000,
          "stddev" : 0.000000,
          "N" : 0
        },
        "bw_min" : 0,
        "bw_max" : 0,
        "bw_agg" : 0.000000,
        "bw_mean" : 0.000000,
        "bw_dev" : 0.000000,
        "bw_samples" : 0,
        "iops_min" : 0,
        "iops_max" : 0,
        "iops_mean" : 0.000000,
        "iops_stddev" : 0.000000,
        "iops_samples" : 0
      },
      "sync" : {
        "total_ios" : 0,
        "lat_ns" : {
          "min" : 0,
          "max" : 0,
          "mean" : 0.000000,
          "stddev" : 0.000000,
          "N" : 0
        }
      },
      "job_runtime" : 600089,
      "usr_cpu" : 0.120649,
      "sys_cpu" : 0.786550,
      "ctx" : 18950,
      "majf" : 0,
      "minf" : 86,
      "iodepth_level" : {
        "1" : 0.100000,
        "2" : 0.100000,
        "4" : 0.100000,
        "8" : 0.100000,
        "16" : 0.100000,
        "32" : 0.168270,
        ">=64" : 99.668717
      },
      "iodepth_submit" : {
        "0" : 0.000000,
        "4" : 100.000000,
        "8" : 0.000000,
        "16" : 0.000000,
        "32" : 0.000000,
        "64" : 0.000000,
        ">=64" : 0.000000
      },
      "iodepth_complete" : {
        "0" : 0.000000,
        "4" : 99.994670,
        "8" : 0.000000,
        "16" : 0.000000,
        "32" : 0.000000,
        "64" : 0.000000,
        ">=64" : 0.100000
      },
      "latency_ns" : {
        "2" : 0.000000,
        "4" : 0.000000,
        "10" : 0.000000,
        "20" : 0.000000,
        "50" : 0.000000,
        "100" : 0.000000,
        "250" : 0.000000,
        "500" : 0.000000,
        "750" : 0.000000,
        "1000" : 0.000000
      },
      "latency_us" : {
        "2" : 0.000000,
        "4" : 0.000000,
        "10" : 0.000000,
        "20" : 0.000000,
        "50" : 0.010000,
        "100" : 0.000000,
        "250" : 0.000000,
        "500" : 0.000000,
        "750" : 0.000000,
        "1000" : 0.000000
      },
      "latency_ms" : {
        "2" : 0.000000,
        "4" : 0.000000,
        "10" : 0.010000,
        "20" : 0.000000,
        "50" : 0.000000,
        "100" : 0.010000,
        "250" : 0.010000,
        "500" : 0.073618,
        "750" : 0.320766,
        "1000" : 11.371405,
        "2000" : 3.155072,
        ">=2000" : 85.052847
      },
      "latency_depth" : 256,
      "latency_target" : 0,
      "latency_percentile" : 100.000000,
      "latency_window" : 0
    }
  ]
}
