{
  "fio version" : "fio-3.27",
  "timestamp" : 1627030354,
  "timestamp_ms" : 1627030354724,
  "time" : "Fri Jul 23 10:52:34 2021",
  "jobs" : [
    {
      "jobname" : "randrw",
      "groupid" : 0,
      "error" : 0,
      "eta" : 0,
      "elapsed" : 302,
      "job options" : {
        "bs" : "4K",
        "iodepth" : "256",
        "direct" : "0",
        "ioengine" : "libaio",
        "time_based" : "1",
        "runtime" : "300",
        "numjobs" : "16",
        "size" : "1g",
        "name" : "randrw",
        "rw" : "randrw",
        "directory" : "/scratch/snx2000/ccocha/randrw/150_node",
        "filename_format" : "$jobname.136.$jobnum.$filenum"
      },
      "read" : {
        "io_bytes" : 75128832,
        "io_kbytes" : 73368,
        "bw_bytes" : 249517,
        "bw" : 243,
        "iops" : 60.917448,
        "runtime" : 301096,
        "total_ios" : 18342,
        "short_ios" : 0,
        "drop_ios" : 0,
        "slat_ns" : {
          "min" : 6097304,
          "max" : 89987662614,
          "mean" : 261936670.138807,
          "stddev" : 2220790505.051997,
          "N" : 18342
        },
        "clat_ns" : {
          "min" : 19640,
          "max" : 138124516394,
          "mean" : 32814224054.591537,
          "stddev" : 30232847901.297272,
          "N" : 18342,
          "percentile" : {
            "1.000000" : 2868903936,
            "5.000000" : 3238002688,
            "10.000000" : 3472883712,
            "20.000000" : 3909091328,
            "30.000000" : 13086228480,
            "40.000000" : 17112760320,
            "50.000000" : 17112760320,
            "60.000000" : 17112760320,
            "70.000000" : 17112760320,
            "80.000000" : 17112760320,
            "90.000000" : 17112760320,
            "95.000000" : 17112760320,
            "99.000000" : 17112760320,
            "99.500000" : 17112760320,
            "99.900000" : 17112760320,
            "99.950000" : 17112760320,
            "99.990000" : 17112760320
          }
        },
        "lat_ns" : {
          "min" : 393842962,
          "max" : 138305747404,
          "mean" : 33076164226.022182,
          "stddev" : 30351585605.170959,
          "N" : 18342
        },
        "bw_min" : 128,
        "bw_max" : 3536,
        "bw_agg" : 100.000000,
        "bw_mean" : 560.925906,
        "bw_dev" : 38.659626,
        "bw_samples" : 3705,
        "iops_min" : 32,
        "iops_max" : 884,
        "iops_mean" : 140.231476,
        "iops_stddev" : 9.664907,
        "iops_samples" : 3705
      },
      "write" : {
        "io_bytes" : 75649024,
        "io_kbytes" : 73876,
        "bw_bytes" : 251245,
        "bw" : 245,
        "iops" : 61.339241,
        "runtime" : 301096,
        "total_ios" : 18469,
        "short_ios" : 0,
        "drop_ios" : 0,
        "slat_ns" : {
          "min" : 75260,
          "max" : 1896321,
          "mean" : 121724.826520,
          "stddev" : 55276.659679,
          "N" : 18469
        },
        "clat_ns" : {
          "min" : 393853282,
          "max" : 138227512568,
          "mean" : 33401872715.105907,
          "stddev" : 30759258221.740288,
          "N" : 18469,
          "percentile" : {
            "1.000000" : 2902458368,
            "5.000000" : 3271557120,
            "10.000000" : 3472883712,
            "20.000000" : 3942645760,
            "30.000000" : 14025752576,
            "40.000000" : 17112760320,
            "50.000000" : 17112760320,
            "60.000000" : 17112760320,
            "70.000000" : 17112760320,
            "80.000000" : 17112760320,
            "90.000000" : 17112760320,
            "95.000000" : 17112760320,
            "99.000000" : 17112760320,
            "99.500000" : 17112760320,
            "99.900000" : 17112760320,
            "99.950000" : 17112760320,
            "99.990000" : 17112760320
          }
        },
        "lat_ns" : {
          "min" : 393937112,
          "max" : 138227693488,
          "mean" : 33401995650.618713,
          "stddev" : 30759257452.299904,
          "N" : 18469
        },
        "bw_min" : 128,
        "bw_max" : 3392,
        "bw_agg" : 100.000000,
        "bw_mean" : 568.510108,
        "bw_dev" : 38.807578,
        "bw_samples" : 3692,
        "iops_min" : 32,
        "iops_max" : 848,
        "iops_mean" : 142.127527,
        "iops_stddev" : 9.701894,
        "iops_samples" : 3692
      },
      "trim" : {
        "io_bytes" : 0,
        "io_kbytes" : 0,
        "bw_bytes" : 0,
        "bw" : 0,
        "iops" : 0.000000,
        "runtime" : 0,
        "total_ios" : 0,
        "short_ios" : 0,
        "drop_ios" : 0,
        "slat_ns" : {
          "min" : 0,
          "max" : 0,
          "mean" : 0.000000,
          "stddev" : 0.000000,
          "N" : 0
        },
        "clat_ns" : {
          "min" : 0,
          "max" : 0,
          "mean" : 0.000000,
          "stddev" : 0.000000,
          "N" : 0
        },
        "lat_ns" : {
          "min" : 0,
          "max" : 0,
          "mean" : 0.000000,
          "stddev" : 0.000000,
          "N" : 0
        },
        "bw_min" : 0,
        "bw_max" : 0,
        "bw_agg" : 0.000000,
        "bw_mean" : 0.000000,
        "bw_dev" : 0.000000,
        "bw_samples" : 0,
        "iops_min" : 0,
        "iops_max" : 0,
        "iops_mean" : 0.000000,
        "iops_stddev" : 0.000000,
        "iops_samples" : 0
      },
      "sync" : {
        "total_ios" : 0,
        "lat_ns" : {
          "min" : 0,
          "max" : 0,
          "mean" : 0.000000,
          "stddev" : 0.000000,
          "N" : 0
        }
      },
      "job_runtime" : 4807425,
      "usr_cpu" : 0.018659,
      "sys_cpu" : 0.110392,
      "ctx" : 18491,
      "majf" : 0,
      "minf" : 654,
      "iodepth_level" : {
        "1" : 0.100000,
        "2" : 0.100000,
        "4" : 0.173861,
        "8" : 0.347722,
        "16" : 0.695444,
        "32" : 1.390889,
        ">=64" : 97.261688
      },
      "iodepth_submit" : {
        "0" : 0.000000,
        "4" : 100.000000,
        "8" : 0.000000,
        "16" : 0.000000,
        "32" : 0.000000,
        "64" : 0.000000,
        ">=64" : 0.000000
      },
      "iodepth_complete" : {
        "0" : 0.000000,
        "4" : 99.951141,
        "8" : 0.000000,
        "16" : 0.000000,
        "32" : 0.000000,
        "64" : 0.000000,
        ">=64" : 0.100000
      },
      "latency_ns" : {
        "2" : 0.000000,
        "4" : 0.000000,
        "10" : 0.000000,
        "20" : 0.000000,
        "50" : 0.000000,
        "100" : 0.000000,
        "250" : 0.000000,
        "500" : 0.000000,
        "750" : 0.000000,
        "1000" : 0.000000
      },
      "latency_us" : {
        "2" : 0.000000,
        "4" : 0.000000,
        "10" : 0.000000,
        "20" : 0.010000,
        "50" : 0.038032,
        "100" : 0.010000,
        "250" : 0.000000,
        "500" : 0.000000,
        "750" : 0.000000,
        "1000" : 0.000000
      },
      "latency_ms" : {
        "2" : 0.000000,
        "4" : 0.000000,
        "10" : 0.000000,
        "20" : 0.000000,
        "50" : 0.000000,
        "100" : 0.000000,
        "250" : 0.000000,
        "500" : 0.010866,
        "750" : 0.010000,
        "1000" : 0.010000,
        "2000" : 0.119529,
        ">=2000" : 99.812556
      },
      "latency_depth" : 256,
      "latency_target" : 0,
      "latency_percentile" : 100.000000,
      "latency_window" : 0
    }
  ]
}
