{
  "fio version" : "fio-3.27",
  "timestamp" : 1627031993,
  "timestamp_ms" : 1627031993605,
  "time" : "Fri Jul 23 11:19:53 2021",
  "jobs" : [
    {
      "jobname" : "randrw",
      "groupid" : 0,
      "error" : 0,
      "eta" : 0,
      "elapsed" : 303,
      "job options" : {
        "bs" : "4K",
        "iodepth" : "256",
        "direct" : "0",
        "ioengine" : "libaio",
        "time_based" : "1",
        "runtime" : "300",
        "numjobs" : "64",
        "size" : "1g",
        "name" : "randrw",
        "rw" : "randrw",
        "directory" : "/scratch/snx2000/ccocha/randrw/150_node",
        "filename_format" : "$jobname.13.$jobnum.$filenum"
      },
      "read" : {
        "io_bytes" : 56238080,
        "io_kbytes" : 54920,
        "bw_bytes" : 186365,
        "bw" : 181,
        "iops" : 45.499433,
        "runtime" : 301762,
        "total_ios" : 13730,
        "short_ios" : 0,
        "drop_ios" : 0,
        "slat_ns" : {
          "min" : 6874524,
          "max" : 88490853651,
          "mean" : 1401887843.763947,
          "stddev" : 4346408963.489400,
          "N" : 13730
        },
        "clat_ns" : {
          "min" : 17370,
          "max" : 297457557044,
          "mean" : 154382119391.115051,
          "stddev" : 80776550969.658600,
          "N" : 13730,
          "percentile" : {
            "1.000000" : 2667577344,
            "5.000000" : 17112760320,
            "10.000000" : 17112760320,
            "20.000000" : 17112760320,
            "30.000000" : 17112760320,
            "40.000000" : 17112760320,
            "50.000000" : 17112760320,
            "60.000000" : 17112760320,
            "70.000000" : 17112760320,
            "80.000000" : 17112760320,
            "90.000000" : 17112760320,
            "95.000000" : 17112760320,
            "99.000000" : 17112760320,
            "99.500000" : 17112760320,
            "99.900000" : 17112760320,
            "99.950000" : 17112760320,
            "99.990000" : 17112760320
          }
        },
        "lat_ns" : {
          "min" : 1116716528,
          "max" : 297625138145,
          "mean" : 155784011465.790588,
          "stddev" : 80594933931.583038,
          "N" : 13730
        },
        "bw_min" : 512,
        "bw_max" : 2256,
        "bw_agg" : 100.000000,
        "bw_mean" : 766.348341,
        "bw_dev" : 6.591419,
        "bw_samples" : 3641,
        "iops_min" : 128,
        "iops_max" : 564,
        "iops_mean" : 191.587085,
        "iops_stddev" : 1.647855,
        "iops_samples" : 3641
      },
      "write" : {
        "io_bytes" : 55709696,
        "io_kbytes" : 54404,
        "bw_bytes" : 184614,
        "bw" : 180,
        "iops" : 45.071944,
        "runtime" : 301762,
        "total_ios" : 13601,
        "short_ios" : 0,
        "drop_ios" : 0,
        "slat_ns" : {
          "min" : 75530,
          "max" : 3820351,
          "mean" : 141120.969635,
          "stddev" : 121443.439039,
          "N" : 13601
        },
        "clat_ns" : {
          "min" : 1184210687,
          "max" : 297625128615,
          "mean" : 154841486085.881409,
          "stddev" : 81101581844.627213,
          "N" : 13601,
          "percentile" : {
            "1.000000" : 4731174912,
            "5.000000" : 17112760320,
            "10.000000" : 17112760320,
            "20.000000" : 17112760320,
            "30.000000" : 17112760320,
            "40.000000" : 17112760320,
            "50.000000" : 17112760320,
            "60.000000" : 17112760320,
            "70.000000" : 17112760320,
            "80.000000" : 17112760320,
            "90.000000" : 17112760320,
            "95.000000" : 17112760320,
            "99.000000" : 17112760320,
            "99.500000" : 17112760320,
            "99.900000" : 17112760320,
            "99.950000" : 17112760320,
            "99.990000" : 17112760320
          }
        },
        "lat_ns" : {
          "min" : 1184300047,
          "max" : 297625262794,
          "mean" : 154841628557.047363,
          "stddev" : 81101576501.867599,
          "N" : 13601
        },
        "bw_min" : 512,
        "bw_max" : 2488,
        "bw_agg" : 100.000000,
        "bw_mean" : 770.639771,
        "bw_dev" : 7.056247,
        "bw_samples" : 3667,
        "iops_min" : 128,
        "iops_max" : 622,
        "iops_mean" : 192.659943,
        "iops_stddev" : 1.764062,
        "iops_samples" : 3667
      },
      "trim" : {
        "io_bytes" : 0,
        "io_kbytes" : 0,
        "bw_bytes" : 0,
        "bw" : 0,
        "iops" : 0.000000,
        "runtime" : 0,
        "total_ios" : 0,
        "short_ios" : 0,
        "drop_ios" : 0,
        "slat_ns" : {
          "min" : 0,
          "max" : 0,
          "mean" : 0.000000,
          "stddev" : 0.000000,
          "N" : 0
        },
        "clat_ns" : {
          "min" : 0,
          "max" : 0,
          "mean" : 0.000000,
          "stddev" : 0.000000,
          "N" : 0
        },
        "lat_ns" : {
          "min" : 0,
          "max" : 0,
          "mean" : 0.000000,
          "stddev" : 0.000000,
          "N" : 0
        },
        "bw_min" : 0,
        "bw_max" : 0,
        "bw_agg" : 0.000000,
        "bw_mean" : 0.000000,
        "bw_dev" : 0.000000,
        "bw_samples" : 0,
        "iops_min" : 0,
        "iops_max" : 0,
        "iops_mean" : 0.000000,
        "iops_stddev" : 0.000000,
        "iops_samples" : 0
      },
      "sync" : {
        "total_ios" : 0,
        "lat_ns" : {
          "min" : 0,
          "max" : 0,
          "mean" : 0.000000,
          "stddev" : 0.000000,
          "N" : 0
        }
      },
      "job_runtime" : 19250663,
      "usr_cpu" : 0.002925,
      "sys_cpu" : 0.023630,
      "ctx" : 14467,
      "majf" : 0,
      "minf" : 2593,
      "iodepth_level" : {
        "1" : 0.234166,
        "2" : 0.468333,
        "4" : 0.936665,
        "8" : 1.873331,
        "16" : 3.746661,
        "32" : 7.493323,
        ">=64" : 85.247521
      },
      "iodepth_submit" : {
        "0" : 0.000000,
        "4" : 100.000000,
        "8" : 0.000000,
        "16" : 0.000000,
        "32" : 0.000000,
        "64" : 0.000000,
        ">=64" : 0.000000
      },
      "iodepth_complete" : {
        "0" : 0.000000,
        "4" : 99.422122,
        "8" : 0.000000,
        "16" : 0.000000,
        "32" : 0.000000,
        "64" : 0.000000,
        ">=64" : 0.577878
      },
      "latency_ns" : {
        "2" : 0.000000,
        "4" : 0.000000,
        "10" : 0.000000,
        "20" : 0.000000,
        "50" : 0.000000,
        "100" : 0.000000,
        "250" : 0.000000,
        "500" : 0.000000,
        "750" : 0.000000,
        "1000" : 0.000000
      },
      "latency_us" : {
        "2" : 0.000000,
        "4" : 0.000000,
        "10" : 0.000000,
        "20" : 0.010977,
        "50" : 0.223190,
        "100" : 0.000000,
        "250" : 0.000000,
        "500" : 0.000000,
        "750" : 0.000000,
        "1000" : 0.000000
      },
      "latency_ms" : {
        "2" : 0.000000,
        "4" : 0.000000,
        "10" : 0.000000,
        "20" : 0.000000,
        "50" : 0.000000,
        "100" : 0.000000,
        "250" : 0.000000,
        "500" : 0.000000,
        "750" : 0.000000,
        "1000" : 0.000000,
        "2000" : 0.329296,
        ">=2000" : 99.436537
      },
      "latency_depth" : 256,
      "latency_target" : 0,
      "latency_percentile" : 100.000000,
      "latency_window" : 0
    }
  ]
}
