{
  "fio version" : "fio-3.27",
  "timestamp" : 1627029068,
  "timestamp_ms" : 1627029068186,
  "time" : "Fri Jul 23 10:31:08 2021",
  "jobs" : [
    {
      "jobname" : "randrw",
      "groupid" : 0,
      "error" : 0,
      "eta" : 0,
      "elapsed" : 301,
      "job options" : {
        "bs" : "4K",
        "iodepth" : "256",
        "direct" : "0",
        "ioengine" : "libaio",
        "time_based" : "1",
        "runtime" : "300",
        "numjobs" : "2",
        "size" : "1g",
        "name" : "randrw",
        "rw" : "randrw",
        "directory" : "/scratch/snx2000/ccocha/randrw/150_node",
        "filename_format" : "$jobname.102.$jobnum.$filenum"
      },
      "read" : {
        "io_bytes" : 76947456,
        "io_kbytes" : 75144,
        "bw_bytes" : 256418,
        "bw" : 250,
        "iops" : 62.602263,
        "runtime" : 300085,
        "total_ios" : 18786,
        "short_ios" : 0,
        "drop_ios" : 0,
        "slat_ns" : {
          "min" : 501144,
          "max" : 13241123800,
          "mean" : 31796760.865378,
          "stddev" : 186142445.481958,
          "N" : 18786
        },
        "clat_ns" : {
          "min" : 18210,
          "max" : 29986948243,
          "mean" : 4065948219.545399,
          "stddev" : 3300396499.149681,
          "N" : 18786,
          "percentile" : {
            "1.000000" : 784334848,
            "5.000000" : 843055104,
            "10.000000" : 935329792,
            "20.000000" : 2600468480,
            "30.000000" : 3103784960,
            "40.000000" : 3472883712,
            "50.000000" : 3875536896,
            "60.000000" : 4328521728,
            "70.000000" : 4664066048,
            "80.000000" : 5133828096,
            "90.000000" : 5603590144,
            "95.000000" : 6006243328,
            "99.000000" : 17112760320,
            "99.500000" : 17112760320,
            "99.900000" : 17112760320,
            "99.950000" : 17112760320,
            "99.990000" : 17112760320
          }
        },
        "lat_ns" : {
          "min" : 277660109,
          "max" : 30008151619,
          "mean" : 4097748002.084526,
          "stddev" : 3311276435.193750,
          "N" : 18786
        },
        "bw_min" : 16,
        "bw_max" : 1408,
        "bw_agg" : 100.000000,
        "bw_mean" : 274.544427,
        "bw_dev" : 111.668918,
        "bw_samples" : 1085,
        "iops_min" : 4,
        "iops_max" : 352,
        "iops_mean" : 68.636107,
        "iops_stddev" : 27.917229,
        "iops_samples" : 1085
      },
      "write" : {
        "io_bytes" : 77688832,
        "io_kbytes" : 75868,
        "bw_bytes" : 258889,
        "bw" : 252,
        "iops" : 63.205425,
        "runtime" : 300085,
        "total_ios" : 18967,
        "short_ios" : 0,
        "drop_ios" : 0,
        "slat_ns" : {
          "min" : 75451,
          "max" : 1748742,
          "mean" : 112467.443665,
          "stddev" : 44569.603700,
          "N" : 18967
        },
        "clat_ns" : {
          "min" : 333328184,
          "max" : 29998987315,
          "mean" : 4030052372.829546,
          "stddev" : 3264893298.641364,
          "N" : 18967,
          "percentile" : {
            "1.000000" : 784334848,
            "5.000000" : 843055104,
            "10.000000" : 918552576,
            "20.000000" : 2566914048,
            "30.000000" : 3070230528,
            "40.000000" : 3472883712,
            "50.000000" : 3808428032,
            "60.000000" : 4278190080,
            "70.000000" : 4664066048,
            "80.000000" : 5133828096,
            "90.000000" : 5670699008,
            "95.000000" : 6073352192,
            "99.000000" : 17112760320,
            "99.500000" : 17112760320,
            "99.900000" : 17112760320,
            "99.950000" : 17112760320,
            "99.990000" : 17112760320
          }
        },
        "lat_ns" : {
          "min" : 333407005,
          "max" : 29999069036,
          "mean" : 4030165990.829640,
          "stddev" : 3264892772.614075,
          "N" : 18967
        },
        "bw_min" : 16,
        "bw_max" : 1536,
        "bw_agg" : 100.000000,
        "bw_mean" : 278.075285,
        "bw_dev" : 117.314969,
        "bw_samples" : 1080,
        "iops_min" : 4,
        "iops_max" : 384,
        "iops_mean" : 69.518821,
        "iops_stddev" : 29.328742,
        "iops_samples" : 1080
      },
      "trim" : {
        "io_bytes" : 0,
        "io_kbytes" : 0,
        "bw_bytes" : 0,
        "bw" : 0,
        "iops" : 0.000000,
        "runtime" : 0,
        "total_ios" : 0,
        "short_ios" : 0,
        "drop_ios" : 0,
        "slat_ns" : {
          "min" : 0,
          "max" : 0,
          "mean" : 0.000000,
          "stddev" : 0.000000,
          "N" : 0
        },
        "clat_ns" : {
          "min" : 0,
          "max" : 0,
          "mean" : 0.000000,
          "stddev" : 0.000000,
          "N" : 0
        },
        "lat_ns" : {
          "min" : 0,
          "max" : 0,
          "mean" : 0.000000,
          "stddev" : 0.000000,
          "N" : 0
        },
        "bw_min" : 0,
        "bw_max" : 0,
        "bw_agg" : 0.000000,
        "bw_mean" : 0.000000,
        "bw_dev" : 0.000000,
        "bw_samples" : 0,
        "iops_min" : 0,
        "iops_max" : 0,
        "iops_mean" : 0.000000,
        "iops_stddev" : 0.000000,
        "iops_samples" : 0
      },
      "sync" : {
        "total_ios" : 0,
        "lat_ns" : {
          "min" : 0,
          "max" : 0,
          "mean" : 0.000000,
          "stddev" : 0.000000,
          "N" : 0
        }
      },
      "job_runtime" : 600144,
      "usr_cpu" : 0.130135,
      "sys_cpu" : 0.846963,
      "ctx" : 18807,
      "majf" : 0,
      "minf" : 83,
      "iodepth_level" : {
        "1" : 0.100000,
        "2" : 0.100000,
        "4" : 0.100000,
        "8" : 0.100000,
        "16" : 0.100000,
        "32" : 0.169523,
        ">=64" : 99.666252
      },
      "iodepth_submit" : {
        "0" : 0.000000,
        "4" : 100.000000,
        "8" : 0.000000,
        "16" : 0.000000,
        "32" : 0.000000,
        "64" : 0.000000,
        ">=64" : 0.000000
      },
      "iodepth_complete" : {
        "0" : 0.000000,
        "4" : 99.994630,
        "8" : 0.000000,
        "16" : 0.000000,
        "32" : 0.000000,
        "64" : 0.000000,
        ">=64" : 0.100000
      },
      "latency_ns" : {
        "2" : 0.000000,
        "4" : 0.000000,
        "10" : 0.000000,
        "20" : 0.000000,
        "50" : 0.000000,
        "100" : 0.000000,
        "250" : 0.000000,
        "500" : 0.000000,
        "750" : 0.000000,
        "1000" : 0.000000
      },
      "latency_us" : {
        "2" : 0.000000,
        "4" : 0.000000,
        "10" : 0.000000,
        "20" : 0.010000,
        "50" : 0.010000,
        "100" : 0.000000,
        "250" : 0.000000,
        "500" : 0.000000,
        "750" : 0.000000,
        "1000" : 0.000000
      },
      "latency_ms" : {
        "2" : 0.000000,
        "4" : 0.000000,
        "10" : 0.000000,
        "20" : 0.000000,
        "50" : 0.000000,
        "100" : 0.000000,
        "250" : 0.000000,
        "500" : 0.047678,
        "750" : 0.105952,
        "1000" : 12.314253,
        "2000" : 1.538951,
        ">=2000" : 85.987869
      },
      "latency_depth" : 256,
      "latency_target" : 0,
      "latency_percentile" : 100.000000,
      "latency_window" : 0
    }
  ]
}
