{
  "fio version" : "fio-3.27",
  "timestamp" : 1627025848,
  "timestamp_ms" : 1627025848656,
  "time" : "Fri Jul 23 09:37:28 2021",
  "jobs" : [
    {
      "jobname" : "randrw",
      "groupid" : 0,
      "error" : 0,
      "eta" : 0,
      "elapsed" : 301,
      "job options" : {
        "bs" : "4K",
        "iodepth" : "256",
        "direct" : "0",
        "ioengine" : "libaio",
        "time_based" : "1",
        "runtime" : "300",
        "numjobs" : "4",
        "size" : "1g",
        "name" : "randrw",
        "rw" : "randrw",
        "directory" : "/scratch/snx2000/ccocha/randrw/128_node",
        "filename_format" : "$jobname.126.$jobnum.$filenum"
      },
      "read" : {
        "io_bytes" : 91848704,
        "io_kbytes" : 89696,
        "bw_bytes" : 305966,
        "bw" : 298,
        "iops" : 74.698859,
        "runtime" : 300192,
        "total_ios" : 22424,
        "short_ios" : 0,
        "drop_ios" : 0,
        "slat_ns" : {
          "min" : 488543,
          "max" : 33279863826,
          "mean" : 53386222.961916,
          "stddev" : 333957037.762765,
          "N" : 22424
        },
        "clat_ns" : {
          "min" : 17911,
          "max" : 46342364606,
          "mean" : 6735059035.208877,
          "stddev" : 6184438904.860460,
          "N" : 22424,
          "percentile" : {
            "1.000000" : 893386752,
            "5.000000" : 977272832,
            "10.000000" : 1044381696,
            "20.000000" : 3305111552,
            "30.000000" : 5469372416,
            "40.000000" : 6207569920,
            "50.000000" : 6744440832,
            "60.000000" : 7214202880,
            "70.000000" : 7683964928,
            "80.000000" : 8153726976,
            "90.000000" : 8791261184,
            "95.000000" : 9596567552,
            "99.000000" : 17112760320,
            "99.500000" : 17112760320,
            "99.900000" : 17112760320,
            "99.950000" : 17112760320,
            "99.990000" : 17112760320
          }
        },
        "lat_ns" : {
          "min" : 66838230,
          "max" : 46352671457,
          "mean" : 6788448185.409960,
          "stddev" : 6207077199.533714,
          "N" : 22424
        },
        "bw_min" : 32,
        "bw_max" : 2448,
        "bw_agg" : 100.000000,
        "bw_mean" : 361.290005,
        "bw_dev" : 95.825654,
        "bw_samples" : 1938,
        "iops_min" : 8,
        "iops_max" : 612,
        "iops_mean" : 90.322501,
        "iops_stddev" : 23.956414,
        "iops_samples" : 1938
      },
      "write" : {
        "io_bytes" : 93614080,
        "io_kbytes" : 91420,
        "bw_bytes" : 311847,
        "bw" : 304,
        "iops" : 76.134607,
        "runtime" : 300192,
        "total_ios" : 22855,
        "short_ios" : 0,
        "drop_ios" : 0,
        "slat_ns" : {
          "min" : 75141,
          "max" : 1682050,
          "mean" : 112977.928375,
          "stddev" : 43865.595122,
          "N" : 22855
        },
        "clat_ns" : {
          "min" : 205578851,
          "max" : 46352584697,
          "mean" : 6763858974.074987,
          "stddev" : 6307396619.602954,
          "N" : 22855,
          "percentile" : {
            "1.000000" : 893386752,
            "5.000000" : 985661440,
            "10.000000" : 1044381696,
            "20.000000" : 2969567232,
            "30.000000" : 5469372416,
            "40.000000" : 6274678784,
            "50.000000" : 6811549696,
            "60.000000" : 7281311744,
            "70.000000" : 7683964928,
            "80.000000" : 8220835840,
            "90.000000" : 8925478912,
            "95.000000" : 9596567552,
            "99.000000" : 17112760320,
            "99.500000" : 17112760320,
            "99.900000" : 17112760320,
            "99.950000" : 17112760320,
            "99.990000" : 17112760320
          }
        },
        "lat_ns" : {
          "min" : 205662861,
          "max" : 46352663787,
          "mean" : 6763973126.171691,
          "stddev" : 6307396358.749229,
          "N" : 22855
        },
        "bw_min" : 32,
        "bw_max" : 2464,
        "bw_agg" : 100.000000,
        "bw_mean" : 363.611850,
        "bw_dev" : 98.678543,
        "bw_samples" : 1962,
        "iops_min" : 8,
        "iops_max" : 616,
        "iops_mean" : 90.902962,
        "iops_stddev" : 24.669636,
        "iops_samples" : 1962
      },
      "trim" : {
        "io_bytes" : 0,
        "io_kbytes" : 0,
        "bw_bytes" : 0,
        "bw" : 0,
        "iops" : 0.000000,
        "runtime" : 0,
        "total_ios" : 0,
        "short_ios" : 0,
        "drop_ios" : 0,
        "slat_ns" : {
          "min" : 0,
          "max" : 0,
          "mean" : 0.000000,
          "stddev" : 0.000000,
          "N" : 0
        },
        "clat_ns" : {
          "min" : 0,
          "max" : 0,
          "mean" : 0.000000,
          "stddev" : 0.000000,
          "N" : 0
        },
        "lat_ns" : {
          "min" : 0,
          "max" : 0,
          "mean" : 0.000000,
          "stddev" : 0.000000,
          "N" : 0
        },
        "bw_min" : 0,
        "bw_max" : 0,
        "bw_agg" : 0.000000,
        "bw_mean" : 0.000000,
        "bw_dev" : 0.000000,
        "bw_samples" : 0,
        "iops_min" : 0,
        "iops_max" : 0,
        "iops_mean" : 0.000000,
        "iops_stddev" : 0.000000,
        "iops_samples" : 0
      },
      "sync" : {
        "total_ios" : 0,
        "lat_ns" : {
          "min" : 0,
          "max" : 0,
          "mean" : 0.000000,
          "stddev" : 0.000000,
          "N" : 0
        }
      },
      "job_runtime" : 1200524,
      "usr_cpu" : 0.070636,
      "sys_cpu" : 0.512026,
      "ctx" : 22458,
      "majf" : 0,
      "minf" : 168,
      "iodepth_level" : {
        "1" : 0.100000,
        "2" : 0.100000,
        "4" : 0.100000,
        "8" : 0.100000,
        "16" : 0.141346,
        "32" : 0.282692,
        ">=64" : 99.443451
      },
      "iodepth_submit" : {
        "0" : 0.000000,
        "4" : 100.000000,
        "8" : 0.000000,
        "16" : 0.000000,
        "32" : 0.000000,
        "64" : 0.000000,
        ">=64" : 0.000000
      },
      "iodepth_complete" : {
        "0" : 0.000000,
        "4" : 99.990963,
        "8" : 0.000000,
        "16" : 0.000000,
        "32" : 0.000000,
        "64" : 0.000000,
        ">=64" : 0.100000
      },
      "latency_ns" : {
        "2" : 0.000000,
        "4" : 0.000000,
        "10" : 0.000000,
        "20" : 0.000000,
        "50" : 0.000000,
        "100" : 0.000000,
        "250" : 0.000000,
        "500" : 0.000000,
        "750" : 0.000000,
        "1000" : 0.000000
      },
      "latency_us" : {
        "2" : 0.000000,
        "4" : 0.000000,
        "10" : 0.000000,
        "20" : 0.010000,
        "50" : 0.010000,
        "100" : 0.000000,
        "250" : 0.000000,
        "500" : 0.000000,
        "750" : 0.000000,
        "1000" : 0.000000
      },
      "latency_ms" : {
        "2" : 0.000000,
        "4" : 0.000000,
        "10" : 0.000000,
        "20" : 0.000000,
        "50" : 0.000000,
        "100" : 0.010000,
        "250" : 0.022085,
        "500" : 0.110426,
        "750" : 0.125886,
        "1000" : 5.828309,
        "2000" : 12.944190,
        ">=2000" : 80.958060
      },
      "latency_depth" : 256,
      "latency_target" : 0,
      "latency_percentile" : 100.000000,
      "latency_window" : 0
    }
  ]
}
