{
  "fio version" : "fio-3.27",
  "timestamp" : 1627026250,
  "timestamp_ms" : 1627026250549,
  "time" : "Fri Jul 23 09:44:10 2021",
  "jobs" : [
    {
      "jobname" : "randrw",
      "groupid" : 0,
      "error" : 0,
      "eta" : 0,
      "elapsed" : 301,
      "job options" : {
        "bs" : "4K",
        "iodepth" : "256",
        "direct" : "0",
        "ioengine" : "libaio",
        "time_based" : "1",
        "runtime" : "300",
        "numjobs" : "8",
        "size" : "1g",
        "name" : "randrw",
        "rw" : "randrw",
        "directory" : "/scratch/snx2000/ccocha/randrw/128_node",
        "filename_format" : "$jobname.10.$jobnum.$filenum"
      },
      "read" : {
        "io_bytes" : 92569600,
        "io_kbytes" : 90400,
        "bw_bytes" : 308062,
        "bw" : 300,
        "iops" : 75.210490,
        "runtime" : 300490,
        "total_ios" : 22600,
        "short_ios" : 0,
        "drop_ios" : 0,
        "slat_ns" : {
          "min" : 484726,
          "max" : 59952508404,
          "mean" : 106103415.926239,
          "stddev" : 905653715.598933,
          "N" : 22600
        },
        "clat_ns" : {
          "min" : 18881,
          "max" : 78237761614,
          "mean" : 13434247086.489298,
          "stddev" : 13493728014.519604,
          "N" : 22600,
          "percentile" : {
            "1.000000" : 1317011456,
            "5.000000" : 1417674752,
            "10.000000" : 1518338048,
            "20.000000" : 1686110208,
            "30.000000" : 10133438464,
            "40.000000" : 11072962560,
            "50.000000" : 11878268928,
            "60.000000" : 12952010752,
            "70.000000" : 14428405760,
            "80.000000" : 17112760320,
            "90.000000" : 17112760320,
            "95.000000" : 17112760320,
            "99.000000" : 17112760320,
            "99.500000" : 17112760320,
            "99.900000" : 17112760320,
            "99.950000" : 17112760320,
            "99.990000" : 17112760320
          }
        },
        "lat_ns" : {
          "min" : 19444506,
          "max" : 78349444075,
          "mean" : 13540353773.370226,
          "stddev" : 13550955532.066719,
          "N" : 22600
        },
        "bw_min" : 64,
        "bw_max" : 3536,
        "bw_agg" : 100.000000,
        "bw_mean" : 471.989183,
        "bw_dev" : 71.839470,
        "bw_samples" : 2910,
        "iops_min" : 16,
        "iops_max" : 884,
        "iops_mean" : 117.997296,
        "iops_stddev" : 17.959868,
        "iops_samples" : 2910
      },
      "write" : {
        "io_bytes" : 93908992,
        "io_kbytes" : 91708,
        "bw_bytes" : 312519,
        "bw" : 305,
        "iops" : 76.298712,
        "runtime" : 300490,
        "total_ios" : 22927,
        "short_ios" : 0,
        "drop_ios" : 0,
        "slat_ns" : {
          "min" : 75531,
          "max" : 1923384,
          "mean" : 116120.614385,
          "stddev" : 46626.440085,
          "N" : 22927
        },
        "clat_ns" : {
          "min" : 19622119,
          "max" : 78210466192,
          "mean" : 13403185076.039555,
          "stddev" : 13629055017.915258,
          "N" : 22927,
          "percentile" : {
            "1.000000" : 1317011456,
            "5.000000" : 1434451968,
            "10.000000" : 1518338048,
            "20.000000" : 1669332992,
            "30.000000" : 9999220736,
            "40.000000" : 10938744832,
            "50.000000" : 11744051200,
            "60.000000" : 12817793024,
            "70.000000" : 14428405760,
            "80.000000" : 17112760320,
            "90.000000" : 17112760320,
            "95.000000" : 17112760320,
            "99.000000" : 17112760320,
            "99.500000" : 17112760320,
            "99.900000" : 17112760320,
            "99.950000" : 17112760320,
            "99.990000" : 17112760320
          }
        },
        "lat_ns" : {
          "min" : 19816701,
          "max" : 78210564622,
          "mean" : 13403302385.685129,
          "stddev" : 13629055707.677238,
          "N" : 22927
        },
        "bw_min" : 64,
        "bw_max" : 3520,
        "bw_agg" : 100.000000,
        "bw_mean" : 481.536317,
        "bw_dev" : 74.301816,
        "bw_samples" : 2892,
        "iops_min" : 16,
        "iops_max" : 880,
        "iops_mean" : 120.384079,
        "iops_stddev" : 18.575454,
        "iops_samples" : 2892
      },
      "trim" : {
        "io_bytes" : 0,
        "io_kbytes" : 0,
        "bw_bytes" : 0,
        "bw" : 0,
        "iops" : 0.000000,
        "runtime" : 0,
        "total_ios" : 0,
        "short_ios" : 0,
        "drop_ios" : 0,
        "slat_ns" : {
          "min" : 0,
          "max" : 0,
          "mean" : 0.000000,
          "stddev" : 0.000000,
          "N" : 0
        },
        "clat_ns" : {
          "min" : 0,
          "max" : 0,
          "mean" : 0.000000,
          "stddev" : 0.000000,
          "N" : 0
        },
        "lat_ns" : {
          "min" : 0,
          "max" : 0,
          "mean" : 0.000000,
          "stddev" : 0.000000,
          "N" : 0
        },
        "bw_min" : 0,
        "bw_max" : 0,
        "bw_agg" : 0.000000,
        "bw_mean" : 0.000000,
        "bw_dev" : 0.000000,
        "bw_samples" : 0,
        "iops_min" : 0,
        "iops_max" : 0,
        "iops_mean" : 0.000000,
        "iops_stddev" : 0.000000,
        "iops_samples" : 0
      },
      "sync" : {
        "total_ios" : 0,
        "lat_ns" : {
          "min" : 0,
          "max" : 0,
          "mean" : 0.000000,
          "stddev" : 0.000000,
          "N" : 0
        }
      },
      "job_runtime" : 2401450,
      "usr_cpu" : 0.042641,
      "sys_cpu" : 0.260676,
      "ctx" : 22653,
      "majf" : 0,
      "minf" : 340,
      "iodepth_level" : {
        "1" : 0.100000,
        "2" : 0.100000,
        "4" : 0.100000,
        "8" : 0.140576,
        "16" : 0.281152,
        "32" : 0.562304,
        ">=64" : 98.892965
      },
      "iodepth_submit" : {
        "0" : 0.000000,
        "4" : 100.000000,
        "8" : 0.000000,
        "16" : 0.000000,
        "32" : 0.000000,
        "64" : 0.000000,
        ">=64" : 0.000000
      },
      "iodepth_complete" : {
        "0" : 0.000000,
        "4" : 99.981607,
        "8" : 0.000000,
        "16" : 0.000000,
        "32" : 0.000000,
        "64" : 0.000000,
        ">=64" : 0.100000
      },
      "latency_ns" : {
        "2" : 0.000000,
        "4" : 0.000000,
        "10" : 0.000000,
        "20" : 0.000000,
        "50" : 0.000000,
        "100" : 0.000000,
        "250" : 0.000000,
        "500" : 0.000000,
        "750" : 0.000000,
        "1000" : 0.000000
      },
      "latency_us" : {
        "2" : 0.000000,
        "4" : 0.000000,
        "10" : 0.000000,
        "20" : 0.010000,
        "50" : 0.015375,
        "100" : 0.000000,
        "250" : 0.000000,
        "500" : 0.000000,
        "750" : 0.000000,
        "1000" : 0.000000
      },
      "latency_ms" : {
        "2" : 0.000000,
        "4" : 0.000000,
        "10" : 0.000000,
        "20" : 0.010000,
        "50" : 0.010000,
        "100" : 0.026358,
        "250" : 0.107628,
        "500" : 0.270169,
        "750" : 0.065895,
        "1000" : 0.041733,
        "2000" : 22.316428,
        ">=2000" : 77.143234
      },
      "latency_depth" : 256,
      "latency_target" : 0,
      "latency_percentile" : 100.000000,
      "latency_window" : 0
    }
  ]
}
