{
  "fio version" : "fio-3.27",
  "timestamp" : 1627425789,
  "timestamp_ms" : 1627425789534,
  "time" : "Wed Jul 28 00:43:09 2021",
  "jobs" : [
    {
      "jobname" : "seq-read",
      "groupid" : 0,
      "error" : 0,
      "eta" : 0,
      "elapsed" : 301,
      "job options" : {
        "bs" : "4K",
        "iodepth" : "256",
        "direct" : "1",
        "ioengine" : "libaio",
        "time_based" : "1",
        "runtime" : "300",
        "numjobs" : "64",
        "size" : "1g",
        "name" : "seq-read",
        "rw" : "read",
        "directory" : "/scratch/snx2000/ccocha/seqread/32_node/",
        "filename_format" : "$jobname.30.$jobnum.$filenum"
      },
      "read" : {
        "io_bytes" : 21839269888,
        "io_kbytes" : 21327412,
        "bw_bytes" : 72796595,
        "bw" : 71090,
        "iops" : 17772.606365,
        "runtime" : 300004,
        "total_ios" : 5331853,
        "short_ios" : 0,
        "drop_ios" : 0,
        "slat_ns" : {
          "min" : 554131,
          "max" : 87780279,
          "mean" : 3577327.115667,
          "stddev" : 1414924.383259,
          "N" : 5331853
        },
        "clat_ns" : {
          "min" : 14731,
          "max" : 1615805160,
          "mean" : 916930263.454781,
          "stddev" : 214369361.015149,
          "N" : 5331853,
          "percentile" : {
            "1.000000" : 717225984,
            "5.000000" : 759169024,
            "10.000000" : 775946240,
            "20.000000" : 792723456,
            "30.000000" : 809500672,
            "40.000000" : 817889280,
            "50.000000" : 826277888,
            "60.000000" : 843055104,
            "70.000000" : 868220928,
            "80.000000" : 910163968,
            "90.000000" : 1350565888,
            "95.000000" : 1400897536,
            "99.000000" : 1451229184,
            "99.500000" : 1484783616,
            "99.900000" : 1518338048,
            "99.950000" : 1535115264,
            "99.990000" : 1551892480
          }
        },
        "lat_ns" : {
          "min" : 2191294,
          "max" : 1621955584,
          "mean" : 920510942.383081,
          "stddev" : 215188898.897468,
          "N" : 5331853
        },
        "bw_min" : 43824,
        "bw_max" : 84349,
        "bw_agg" : 99.964236,
        "bw_mean" : 71065.363417,
        "bw_dev" : 56.694404,
        "bw_samples" : 38255,
        "iops_min" : 10956,
        "iops_max" : 21084,
        "iops_mean" : 17758.053820,
        "iops_stddev" : 14.215085,
        "iops_samples" : 38255
      },
      "write" : {
        "io_bytes" : 0,
        "io_kbytes" : 0,
        "bw_bytes" : 0,
        "bw" : 0,
        "iops" : 0.000000,
        "runtime" : 0,
        "total_ios" : 0,
        "short_ios" : 0,
        "drop_ios" : 0,
        "slat_ns" : {
          "min" : 0,
          "max" : 0,
          "mean" : 0.000000,
          "stddev" : 0.000000,
          "N" : 0
        },
        "clat_ns" : {
          "min" : 0,
          "max" : 0,
          "mean" : 0.000000,
          "stddev" : 0.000000,
          "N" : 0
        },
        "lat_ns" : {
          "min" : 0,
          "max" : 0,
          "mean" : 0.000000,
          "stddev" : 0.000000,
          "N" : 0
        },
        "bw_min" : 0,
        "bw_max" : 0,
        "bw_agg" : 0.000000,
        "bw_mean" : 0.000000,
        "bw_dev" : 0.000000,
        "bw_samples" : 0,
        "iops_min" : 0,
        "iops_max" : 0,
        "iops_mean" : 0.000000,
        "iops_stddev" : 0.000000,
        "iops_samples" : 0
      },
      "trim" : {
        "io_bytes" : 0,
        "io_kbytes" : 0,
        "bw_bytes" : 0,
        "bw" : 0,
        "iops" : 0.000000,
        "runtime" : 0,
        "total_ios" : 0,
        "short_ios" : 0,
        "drop_ios" : 0,
        "slat_ns" : {
          "min" : 0,
          "max" : 0,
          "mean" : 0.000000,
          "stddev" : 0.000000,
          "N" : 0
        },
        "clat_ns" : {
          "min" : 0,
          "max" : 0,
          "mean" : 0.000000,
          "stddev" : 0.000000,
          "N" : 0
        },
        "lat_ns" : {
          "min" : 0,
          "max" : 0,
          "mean" : 0.000000,
          "stddev" : 0.000000,
          "N" : 0
        },
        "bw_min" : 0,
        "bw_max" : 0,
        "bw_agg" : 0.000000,
        "bw_mean" : 0.000000,
        "bw_dev" : 0.000000,
        "bw_samples" : 0,
        "iops_min" : 0,
        "iops_max" : 0,
        "iops_mean" : 0.000000,
        "iops_stddev" : 0.000000,
        "iops_samples" : 0
      },
      "sync" : {
        "total_ios" : 0,
        "lat_ns" : {
          "min" : 0,
          "max" : 0,
          "mean" : 0.000000,
          "stddev" : 0.000000,
          "N" : 0
        }
      },
      "job_runtime" : 19200106,
      "usr_cpu" : 0.770819,
      "sys_cpu" : 4.490897,
      "ctx" : 5332810,
      "majf" : 0,
      "minf" : 18949,
      "iodepth_level" : {
        "1" : 0.100000,
        "2" : 0.100000,
        "4" : 0.100000,
        "8" : 0.100000,
        "16" : 0.100000,
        "32" : 0.100000,
        ">=64" : 99.924379
      },
      "iodepth_submit" : {
        "0" : 0.000000,
        "4" : 100.000000,
        "8" : 0.000000,
        "16" : 0.000000,
        "32" : 0.000000,
        "64" : 0.000000,
        ">=64" : 0.000000
      },
      "iodepth_complete" : {
        "0" : 0.000000,
        "4" : 99.998796,
        "8" : 0.000000,
        "16" : 0.000000,
        "32" : 0.000000,
        "64" : 0.000000,
        ">=64" : 0.100000
      },
      "latency_ns" : {
        "2" : 0.000000,
        "4" : 0.000000,
        "10" : 0.000000,
        "20" : 0.000000,
        "50" : 0.000000,
        "100" : 0.000000,
        "250" : 0.000000,
        "500" : 0.000000,
        "750" : 0.000000,
        "1000" : 0.000000
      },
      "latency_us" : {
        "2" : 0.000000,
        "4" : 0.000000,
        "10" : 0.000000,
        "20" : 0.010000,
        "50" : 0.010000,
        "100" : 0.010000,
        "250" : 0.000000,
        "500" : 0.000000,
        "750" : 0.000000,
        "1000" : 0.000000
      },
      "latency_ms" : {
        "2" : 0.000000,
        "4" : 0.010000,
        "10" : 0.010000,
        "20" : 0.010000,
        "50" : 0.011159,
        "100" : 0.018680,
        "250" : 0.055853,
        "500" : 0.090344,
        "750" : 3.538601,
        "1000" : 78.430144,
        "2000" : 17.847079,
        ">=2000" : 0.000000
      },
      "latency_depth" : 256,
      "latency_target" : 0,
      "latency_percentile" : 100.000000,
      "latency_window" : 0
    }
  ]
}
