{
  "fio version" : "fio-3.27",
  "timestamp" : 1627438108,
  "timestamp_ms" : 1627438108404,
  "time" : "Wed Jul 28 04:08:28 2021",
  "jobs" : [
    {
      "jobname" : "seq-read",
      "groupid" : 0,
      "error" : 0,
      "eta" : 0,
      "elapsed" : 301,
      "job options" : {
        "bs" : "4K",
        "iodepth" : "256",
        "direct" : "1",
        "ioengine" : "libaio",
        "time_based" : "1",
        "runtime" : "300",
        "numjobs" : "8",
        "size" : "1g",
        "name" : "seq-read",
        "rw" : "read",
        "directory" : "/scratch/snx2000/ccocha/seqread/150_node/",
        "filename_format" : "$jobname.108.$jobnum.$filenum"
      },
      "read" : {
        "io_bytes" : 4368281600,
        "io_kbytes" : 4265900,
        "bw_bytes" : 14560793,
        "bw" : 14219,
        "iops" : 3554.881118,
        "runtime" : 300003,
        "total_ios" : 1066475,
        "short_ios" : 0,
        "drop_ios" : 0,
        "slat_ns" : {
          "min" : 441915,
          "max" : 104683380,
          "mean" : 2229745.167829,
          "stddev" : 915738.392950,
          "N" : 1066475
        },
        "clat_ns" : {
          "min" : 16270,
          "max" : 737202308,
          "mean" : 573487528.463083,
          "stddev" : 29514441.574157,
          "N" : 1066475,
          "percentile" : {
            "1.000000" : 517996544,
            "5.000000" : 541065216,
            "10.000000" : 549453824,
            "20.000000" : 557842432,
            "30.000000" : 557842432,
            "40.000000" : 566231040,
            "50.000000" : 574619648,
            "60.000000" : 574619648,
            "70.000000" : 583008256,
            "80.000000" : 591396864,
            "90.000000" : 608174080,
            "95.000000" : 616562688,
            "99.000000" : 650117120,
            "99.500000" : 658505728,
            "99.900000" : 692060160,
            "99.950000" : 700448768,
            "99.990000" : 725614592
          }
        },
        "lat_ns" : {
          "min" : 1682512,
          "max" : 739551408,
          "mean" : 575720014.594221,
          "stddev" : 29578609.135210,
          "N" : 1066475
        },
        "bw_min" : 5848,
        "bw_max" : 16123,
        "bw_agg" : 99.883791,
        "bw_mean" : 14203.639226,
        "bw_dev" : 90.035492,
        "bw_samples" : 4790,
        "iops_min" : 1462,
        "iops_max" : 4030,
        "iops_mean" : 3549.787885,
        "iops_stddev" : 22.502944,
        "iops_samples" : 4790
      },
      "write" : {
        "io_bytes" : 0,
        "io_kbytes" : 0,
        "bw_bytes" : 0,
        "bw" : 0,
        "iops" : 0.000000,
        "runtime" : 0,
        "total_ios" : 0,
        "short_ios" : 0,
        "drop_ios" : 0,
        "slat_ns" : {
          "min" : 0,
          "max" : 0,
          "mean" : 0.000000,
          "stddev" : 0.000000,
          "N" : 0
        },
        "clat_ns" : {
          "min" : 0,
          "max" : 0,
          "mean" : 0.000000,
          "stddev" : 0.000000,
          "N" : 0
        },
        "lat_ns" : {
          "min" : 0,
          "max" : 0,
          "mean" : 0.000000,
          "stddev" : 0.000000,
          "N" : 0
        },
        "bw_min" : 0,
        "bw_max" : 0,
        "bw_agg" : 0.000000,
        "bw_mean" : 0.000000,
        "bw_dev" : 0.000000,
        "bw_samples" : 0,
        "iops_min" : 0,
        "iops_max" : 0,
        "iops_mean" : 0.000000,
        "iops_stddev" : 0.000000,
        "iops_samples" : 0
      },
      "trim" : {
        "io_bytes" : 0,
        "io_kbytes" : 0,
        "bw_bytes" : 0,
        "bw" : 0,
        "iops" : 0.000000,
        "runtime" : 0,
        "total_ios" : 0,
        "short_ios" : 0,
        "drop_ios" : 0,
        "slat_ns" : {
          "min" : 0,
          "max" : 0,
          "mean" : 0.000000,
          "stddev" : 0.000000,
          "N" : 0
        },
        "clat_ns" : {
          "min" : 0,
          "max" : 0,
          "mean" : 0.000000,
          "stddev" : 0.000000,
          "N" : 0
        },
        "lat_ns" : {
          "min" : 0,
          "max" : 0,
          "mean" : 0.000000,
          "stddev" : 0.000000,
          "N" : 0
        },
        "bw_min" : 0,
        "bw_max" : 0,
        "bw_agg" : 0.000000,
        "bw_mean" : 0.000000,
        "bw_dev" : 0.000000,
        "bw_samples" : 0,
        "iops_min" : 0,
        "iops_max" : 0,
        "iops_mean" : 0.000000,
        "iops_stddev" : 0.000000,
        "iops_samples" : 0
      },
      "sync" : {
        "total_ios" : 0,
        "lat_ns" : {
          "min" : 0,
          "max" : 0,
          "mean" : 0.000000,
          "stddev" : 0.000000,
          "N" : 0
        }
      },
      "job_runtime" : 2400005,
      "usr_cpu" : 1.043081,
      "sys_cpu" : 6.728528,
      "ctx" : 1066604,
      "majf" : 0,
      "minf" : 2368,
      "iodepth_level" : {
        "1" : 0.100000,
        "2" : 0.100000,
        "4" : 0.100000,
        "8" : 0.100000,
        "16" : 0.100000,
        "32" : 0.100000,
        ">=64" : 99.952742
      },
      "iodepth_submit" : {
        "0" : 0.000000,
        "4" : 100.000000,
        "8" : 0.000000,
        "16" : 0.000000,
        "32" : 0.000000,
        "64" : 0.000000,
        ">=64" : 0.000000
      },
      "iodepth_complete" : {
        "0" : 0.000000,
        "4" : 99.999248,
        "8" : 0.000000,
        "16" : 0.000000,
        "32" : 0.000000,
        "64" : 0.000000,
        ">=64" : 0.100000
      },
      "latency_ns" : {
        "2" : 0.000000,
        "4" : 0.000000,
        "10" : 0.000000,
        "20" : 0.000000,
        "50" : 0.000000,
        "100" : 0.000000,
        "250" : 0.000000,
        "500" : 0.000000,
        "750" : 0.000000,
        "1000" : 0.000000
      },
      "latency_us" : {
        "2" : 0.000000,
        "4" : 0.000000,
        "10" : 0.000000,
        "20" : 0.010000,
        "50" : 0.010000,
        "100" : 0.000000,
        "250" : 0.000000,
        "500" : 0.000000,
        "750" : 0.000000,
        "1000" : 0.000000
      },
      "latency_ms" : {
        "2" : 0.010000,
        "4" : 0.010000,
        "10" : 0.010000,
        "20" : 0.010000,
        "50" : 0.011721,
        "100" : 0.019128,
        "250" : 0.051759,
        "500" : 0.260203,
        "750" : 99.649218,
        "1000" : 0.000000,
        "2000" : 0.000000,
        ">=2000" : 0.000000
      },
      "latency_depth" : 256,
      "latency_target" : 0,
      "latency_percentile" : 100.000000,
      "latency_window" : 0
    }
  ]
}
