{
  "fio version" : "fio-3.27",
  "timestamp" : 1627435598,
  "timestamp_ms" : 1627435598589,
  "time" : "Wed Jul 28 03:26:38 2021",
  "jobs" : [
    {
      "jobname" : "seq-read",
      "groupid" : 0,
      "error" : 0,
      "eta" : 0,
      "elapsed" : 302,
      "job options" : {
        "bs" : "4K",
        "iodepth" : "256",
        "direct" : "1",
        "ioengine" : "libaio",
        "time_based" : "1",
        "runtime" : "300",
        "numjobs" : "32",
        "size" : "1g",
        "name" : "seq-read",
        "rw" : "read",
        "directory" : "/scratch/snx2000/ccocha/seqread/128_node/",
        "filename_format" : "$jobname.122.$jobnum.$filenum"
      },
      "read" : {
        "io_bytes" : 2932142080,
        "io_kbytes" : 2863420,
        "bw_bytes" : 9751151,
        "bw" : 9522,
        "iops" : 2380.652285,
        "runtime" : 300697,
        "total_ios" : 715855,
        "short_ios" : 0,
        "drop_ios" : 0,
        "slat_ns" : {
          "min" : 534455,
          "max" : 1532944580,
          "mean" : 13393057.238566,
          "stddev" : 62375797.147971,
          "N" : 715855
        },
        "clat_ns" : {
          "min" : 13090,
          "max" : 46948950825,
          "mean" : 3411302070.860499,
          "stddev" : 5313631544.265536,
          "N" : 715855,
          "percentile" : {
            "1.000000" : 1149239296,
            "5.000000" : 1518338048,
            "10.000000" : 1652555776,
            "20.000000" : 1753219072,
            "30.000000" : 1820327936,
            "40.000000" : 1870659584,
            "50.000000" : 1954545664,
            "60.000000" : 2122317824,
            "70.000000" : 2332033024,
            "80.000000" : 2701131776,
            "90.000000" : 4395630592,
            "95.000000" : 11072962560,
            "99.000000" : 17112760320,
            "99.500000" : 17112760320,
            "99.900000" : 17112760320,
            "99.950000" : 17112760320,
            "99.990000" : 17112760320
          }
        },
        "lat_ns" : {
          "min" : 848529,
          "max" : 47513318616,
          "mean" : 3424698140.828319,
          "stddev" : 5332816099.345150,
          "N" : 715855
        },
        "bw_min" : 528,
        "bw_max" : 26453,
        "bw_agg" : 100.000000,
        "bw_mean" : 10340.670352,
        "bw_dev" : 189.987727,
        "bw_samples" : 16463,
        "iops_min" : 132,
        "iops_max" : 6612,
        "iops_mean" : 2584.883175,
        "iops_stddev" : 47.490953,
        "iops_samples" : 16463
      },
      "write" : {
        "io_bytes" : 0,
        "io_kbytes" : 0,
        "bw_bytes" : 0,
        "bw" : 0,
        "iops" : 0.000000,
        "runtime" : 0,
        "total_ios" : 0,
        "short_ios" : 0,
        "drop_ios" : 0,
        "slat_ns" : {
          "min" : 0,
          "max" : 0,
          "mean" : 0.000000,
          "stddev" : 0.000000,
          "N" : 0
        },
        "clat_ns" : {
          "min" : 0,
          "max" : 0,
          "mean" : 0.000000,
          "stddev" : 0.000000,
          "N" : 0
        },
        "lat_ns" : {
          "min" : 0,
          "max" : 0,
          "mean" : 0.000000,
          "stddev" : 0.000000,
          "N" : 0
        },
        "bw_min" : 0,
        "bw_max" : 0,
        "bw_agg" : 0.000000,
        "bw_mean" : 0.000000,
        "bw_dev" : 0.000000,
        "bw_samples" : 0,
        "iops_min" : 0,
        "iops_max" : 0,
        "iops_mean" : 0.000000,
        "iops_stddev" : 0.000000,
        "iops_samples" : 0
      },
      "trim" : {
        "io_bytes" : 0,
        "io_kbytes" : 0,
        "bw_bytes" : 0,
        "bw" : 0,
        "iops" : 0.000000,
        "runtime" : 0,
        "total_ios" : 0,
        "short_ios" : 0,
        "drop_ios" : 0,
        "slat_ns" : {
          "min" : 0,
          "max" : 0,
          "mean" : 0.000000,
          "stddev" : 0.000000,
          "N" : 0
        },
        "clat_ns" : {
          "min" : 0,
          "max" : 0,
          "mean" : 0.000000,
          "stddev" : 0.000000,
          "N" : 0
        },
        "lat_ns" : {
          "min" : 0,
          "max" : 0,
          "mean" : 0.000000,
          "stddev" : 0.000000,
          "N" : 0
        },
        "bw_min" : 0,
        "bw_max" : 0,
        "bw_agg" : 0.000000,
        "bw_mean" : 0.000000,
        "bw_dev" : 0.000000,
        "bw_samples" : 0,
        "iops_min" : 0,
        "iops_max" : 0,
        "iops_mean" : 0.000000,
        "iops_stddev" : 0.000000,
        "iops_samples" : 0
      },
      "sync" : {
        "total_ios" : 0,
        "lat_ns" : {
          "min" : 0,
          "max" : 0,
          "mean" : 0.000000,
          "stddev" : 0.000000,
          "N" : 0
        }
      },
      "job_runtime" : 9603414,
      "usr_cpu" : 0.193608,
      "sys_cpu" : 1.192482,
      "ctx" : 716087,
      "majf" : 0,
      "minf" : 9471,
      "iodepth_level" : {
        "1" : 0.100000,
        "2" : 0.100000,
        "4" : 0.100000,
        "8" : 0.100000,
        "16" : 0.100000,
        "32" : 0.143046,
        ">=64" : 99.718379
      },
      "iodepth_submit" : {
        "0" : 0.000000,
        "4" : 100.000000,
        "8" : 0.000000,
        "16" : 0.000000,
        "32" : 0.000000,
        "64" : 0.000000,
        ">=64" : 0.000000
      },
      "iodepth_complete" : {
        "0" : 0.000000,
        "4" : 99.995478,
        "8" : 0.000000,
        "16" : 0.000000,
        "32" : 0.000000,
        "64" : 0.000000,
        ">=64" : 0.100000
      },
      "latency_ns" : {
        "2" : 0.000000,
        "4" : 0.000000,
        "10" : 0.000000,
        "20" : 0.000000,
        "50" : 0.000000,
        "100" : 0.000000,
        "250" : 0.000000,
        "500" : 0.000000,
        "750" : 0.000000,
        "1000" : 0.000000
      },
      "latency_us" : {
        "2" : 0.000000,
        "4" : 0.000000,
        "10" : 0.000000,
        "20" : 0.010000,
        "50" : 0.010000,
        "100" : 0.000000,
        "250" : 0.000000,
        "500" : 0.000000,
        "750" : 0.000000,
        "1000" : 0.010000
      },
      "latency_ms" : {
        "2" : 0.010000,
        "4" : 0.010000,
        "10" : 0.010000,
        "20" : 0.013830,
        "50" : 0.042467,
        "100" : 0.061465,
        "250" : 0.118180,
        "500" : 0.136480,
        "750" : 0.085492,
        "1000" : 0.067332,
        "2000" : 53.537797,
        ">=2000" : 45.918517
      },
      "latency_depth" : 256,
      "latency_target" : 0,
      "latency_percentile" : 100.000000,
      "latency_window" : 0
    }
  ]
}
