{
  "fio version" : "fio-3.27",
  "timestamp" : 1627028393,
  "timestamp_ms" : 1627028393785,
  "time" : "Fri Jul 23 10:19:53 2021",
  "jobs" : [
    {
      "jobname" : "randrw",
      "groupid" : 0,
      "error" : 0,
      "eta" : 0,
      "elapsed" : 303,
      "job options" : {
        "bs" : "4K",
        "iodepth" : "256",
        "direct" : "0",
        "ioengine" : "libaio",
        "time_based" : "1",
        "runtime" : "300",
        "numjobs" : "64",
        "size" : "1g",
        "name" : "randrw",
        "rw" : "randrw",
        "directory" : "/scratch/snx2000/ccocha/randrw/128_node",
        "filename_format" : "$jobname.75.$jobnum.$filenum"
      },
      "read" : {
        "io_bytes" : 61374464,
        "io_kbytes" : 59936,
        "bw_bytes" : 203480,
        "bw" : 198,
        "iops" : 49.677744,
        "runtime" : 301624,
        "total_ios" : 14984,
        "short_ios" : 0,
        "drop_ios" : 0,
        "slat_ns" : {
          "min" : 39860179,
          "max" : 83744802949,
          "mean" : 1284178170.232781,
          "stddev" : 4115120364.300447,
          "N" : 14984
        },
        "clat_ns" : {
          "min" : 21659,
          "max" : 300788250689,
          "mean" : 141312808075.171051,
          "stddev" : 74092505324.592529,
          "N" : 14984,
          "percentile" : {
            "1.000000" : 2566914048,
            "5.000000" : 16575889408,
            "10.000000" : 17112760320,
            "20.000000" : 17112760320,
            "30.000000" : 17112760320,
            "40.000000" : 17112760320,
            "50.000000" : 17112760320,
            "60.000000" : 17112760320,
            "70.000000" : 17112760320,
            "80.000000" : 17112760320,
            "90.000000" : 17112760320,
            "95.000000" : 17112760320,
            "99.000000" : 17112760320,
            "99.500000" : 17112760320,
            "99.900000" : 17112760320,
            "99.950000" : 17112760320,
            "99.990000" : 17112760320
          }
        },
        "lat_ns" : {
          "min" : 814820012,
          "max" : 300898247965,
          "mean" : 142596990477.334076,
          "stddev" : 74009316004.943451,
          "N" : 14984
        },
        "bw_min" : 504,
        "bw_max" : 2288,
        "bw_agg" : 100.000000,
        "bw_mean" : 758.472233,
        "bw_dev" : 6.780604,
        "bw_samples" : 4526,
        "iops_min" : 126,
        "iops_max" : 572,
        "iops_mean" : 189.618058,
        "iops_stddev" : 1.695151,
        "iops_samples" : 4526
      },
      "write" : {
        "io_bytes" : 61128704,
        "io_kbytes" : 59696,
        "bw_bytes" : 202665,
        "bw" : 197,
        "iops" : 49.478821,
        "runtime" : 301624,
        "total_ios" : 14924,
        "short_ios" : 0,
        "drop_ios" : 0,
        "slat_ns" : {
          "min" : 75180,
          "max" : 3465964,
          "mean" : 141693.946194,
          "stddev" : 103834.466085,
          "N" : 14924
        },
        "clat_ns" : {
          "min" : 814831282,
          "max" : 300682894745,
          "mean" : 141757821210.117920,
          "stddev" : 74432187344.224640,
          "N" : 14924,
          "percentile" : {
            "1.000000" : 4395630592,
            "5.000000" : 17112760320,
            "10.000000" : 17112760320,
            "20.000000" : 17112760320,
            "30.000000" : 17112760320,
            "40.000000" : 17112760320,
            "50.000000" : 17112760320,
            "60.000000" : 17112760320,
            "70.000000" : 17112760320,
            "80.000000" : 17112760320,
            "90.000000" : 17112760320,
            "95.000000" : 17112760320,
            "99.000000" : 17112760320,
            "99.500000" : 17112760320,
            "99.900000" : 17112760320,
            "99.950000" : 17112760320,
            "99.990000" : 17112760320
          }
        },
        "lat_ns" : {
          "min" : 814996902,
          "max" : 300684141953,
          "mean" : 141757964234.666321,
          "stddev" : 74432182902.271637,
          "N" : 14924
        },
        "bw_min" : 504,
        "bw_max" : 2416,
        "bw_agg" : 100.000000,
        "bw_mean" : 757.422886,
        "bw_dev" : 6.965017,
        "bw_samples" : 4470,
        "iops_min" : 126,
        "iops_max" : 604,
        "iops_mean" : 189.355721,
        "iops_stddev" : 1.741254,
        "iops_samples" : 4470
      },
      "trim" : {
        "io_bytes" : 0,
        "io_kbytes" : 0,
        "bw_bytes" : 0,
        "bw" : 0,
        "iops" : 0.000000,
        "runtime" : 0,
        "total_ios" : 0,
        "short_ios" : 0,
        "drop_ios" : 0,
        "slat_ns" : {
          "min" : 0,
          "max" : 0,
          "mean" : 0.000000,
          "stddev" : 0.000000,
          "N" : 0
        },
        "clat_ns" : {
          "min" : 0,
          "max" : 0,
          "mean" : 0.000000,
          "stddev" : 0.000000,
          "N" : 0
        },
        "lat_ns" : {
          "min" : 0,
          "max" : 0,
          "mean" : 0.000000,
          "stddev" : 0.000000,
          "N" : 0
        },
        "bw_min" : 0,
        "bw_max" : 0,
        "bw_agg" : 0.000000,
        "bw_mean" : 0.000000,
        "bw_dev" : 0.000000,
        "bw_samples" : 0,
        "iops_min" : 0,
        "iops_max" : 0,
        "iops_mean" : 0.000000,
        "iops_stddev" : 0.000000,
        "iops_samples" : 0
      },
      "sync" : {
        "total_ios" : 0,
        "lat_ns" : {
          "min" : 0,
          "max" : 0,
          "mean" : 0.000000,
          "stddev" : 0.000000,
          "N" : 0
        }
      },
      "job_runtime" : 19245132,
      "usr_cpu" : 0.003341,
      "sys_cpu" : 0.025955,
      "ctx" : 15604,
      "majf" : 0,
      "minf" : 2611,
      "iodepth_level" : {
        "1" : 0.213990,
        "2" : 0.427979,
        "4" : 0.855958,
        "8" : 1.711917,
        "16" : 3.423833,
        "32" : 6.847666,
        ">=64" : 86.518657
      },
      "iodepth_submit" : {
        "0" : 0.000000,
        "4" : 100.000000,
        "8" : 0.000000,
        "16" : 0.000000,
        "32" : 0.000000,
        "64" : 0.000000,
        ">=64" : 0.000000
      },
      "iodepth_complete" : {
        "0" : 0.000000,
        "4" : 99.531204,
        "8" : 0.000000,
        "16" : 0.000000,
        "32" : 0.000000,
        "64" : 0.000000,
        ">=64" : 0.468796
      },
      "latency_ns" : {
        "2" : 0.000000,
        "4" : 0.000000,
        "10" : 0.000000,
        "20" : 0.000000,
        "50" : 0.000000,
        "100" : 0.000000,
        "250" : 0.000000,
        "500" : 0.000000,
        "750" : 0.000000,
        "1000" : 0.000000
      },
      "latency_us" : {
        "2" : 0.000000,
        "4" : 0.000000,
        "10" : 0.000000,
        "20" : 0.000000,
        "50" : 0.210646,
        "100" : 0.010000,
        "250" : 0.000000,
        "500" : 0.000000,
        "750" : 0.000000,
        "1000" : 0.000000
      },
      "latency_ms" : {
        "2" : 0.000000,
        "4" : 0.000000,
        "10" : 0.000000,
        "20" : 0.000000,
        "50" : 0.000000,
        "100" : 0.000000,
        "250" : 0.000000,
        "500" : 0.000000,
        "750" : 0.000000,
        "1000" : 0.040123,
        "2000" : 0.331015,
        ">=2000" : 99.414872
      },
      "latency_depth" : 256,
      "latency_target" : 0,
      "latency_percentile" : 100.000000,
      "latency_window" : 0
    }
  ]
}
