{
  "fio version" : "fio-3.27",
  "timestamp" : 1627434016,
  "timestamp_ms" : 1627434016657,
  "time" : "Wed Jul 28 03:00:16 2021",
  "jobs" : [
    {
      "jobname" : "seq-read",
      "groupid" : 0,
      "error" : 0,
      "eta" : 0,
      "elapsed" : 301,
      "job options" : {
        "bs" : "4K",
        "iodepth" : "256",
        "direct" : "1",
        "ioengine" : "libaio",
        "time_based" : "1",
        "runtime" : "300",
        "numjobs" : "4",
        "size" : "1g",
        "name" : "seq-read",
        "rw" : "read",
        "directory" : "/scratch/snx2000/ccocha/seqread/128_node/",
        "filename_format" : "$jobname.7.$jobnum.$filenum"
      },
      "read" : {
        "io_bytes" : 5009727488,
        "io_kbytes" : 4892312,
        "bw_bytes" : 16698868,
        "bw" : 16307,
        "iops" : 4076.872308,
        "runtime" : 300004,
        "total_ios" : 1223078,
        "short_ios" : 0,
        "drop_ios" : 0,
        "slat_ns" : {
          "min" : 412759,
          "max" : 89856615,
          "mean" : 959338.791006,
          "stddev" : 1017255.983549,
          "N" : 1223078
        },
        "clat_ns" : {
          "min" : 16910,
          "max" : 464152223,
          "mean" : 250068006.323755,
          "stddev" : 28868926.512812,
          "N" : 1223078,
          "percentile" : {
            "1.000000" : 200278016,
            "5.000000" : 210763776,
            "10.000000" : 217055232,
            "20.000000" : 227540992,
            "30.000000" : 233832448,
            "40.000000" : 242221056,
            "50.000000" : 246415360,
            "60.000000" : 252706816,
            "70.000000" : 258998272,
            "80.000000" : 270532608,
            "90.000000" : 287309824,
            "95.000000" : 304087040,
            "99.000000" : 337641472,
            "99.500000" : 354418688,
            "99.900000" : 392167424,
            "99.950000" : 408944640,
            "99.990000" : 459276288
          }
        },
        "lat_ns" : {
          "min" : 842760,
          "max" : 465198912,
          "mean" : 251030251.878627,
          "stddev" : 28943094.849722,
          "N" : 1223078
        },
        "bw_min" : 6592,
        "bw_max" : 20224,
        "bw_agg" : 99.954081,
        "bw_mean" : 16300.736227,
        "bw_dev" : 347.485144,
        "bw_samples" : 2396,
        "iops_min" : 1648,
        "iops_max" : 5056,
        "iops_mean" : 4075.101836,
        "iops_stddev" : 86.882850,
        "iops_samples" : 2396
      },
      "write" : {
        "io_bytes" : 0,
        "io_kbytes" : 0,
        "bw_bytes" : 0,
        "bw" : 0,
        "iops" : 0.000000,
        "runtime" : 0,
        "total_ios" : 0,
        "short_ios" : 0,
        "drop_ios" : 0,
        "slat_ns" : {
          "min" : 0,
          "max" : 0,
          "mean" : 0.000000,
          "stddev" : 0.000000,
          "N" : 0
        },
        "clat_ns" : {
          "min" : 0,
          "max" : 0,
          "mean" : 0.000000,
          "stddev" : 0.000000,
          "N" : 0
        },
        "lat_ns" : {
          "min" : 0,
          "max" : 0,
          "mean" : 0.000000,
          "stddev" : 0.000000,
          "N" : 0
        },
        "bw_min" : 0,
        "bw_max" : 0,
        "bw_agg" : 0.000000,
        "bw_mean" : 0.000000,
        "bw_dev" : 0.000000,
        "bw_samples" : 0,
        "iops_min" : 0,
        "iops_max" : 0,
        "iops_mean" : 0.000000,
        "iops_stddev" : 0.000000,
        "iops_samples" : 0
      },
      "trim" : {
        "io_bytes" : 0,
        "io_kbytes" : 0,
        "bw_bytes" : 0,
        "bw" : 0,
        "iops" : 0.000000,
        "runtime" : 0,
        "total_ios" : 0,
        "short_ios" : 0,
        "drop_ios" : 0,
        "slat_ns" : {
          "min" : 0,
          "max" : 0,
          "mean" : 0.000000,
          "stddev" : 0.000000,
          "N" : 0
        },
        "clat_ns" : {
          "min" : 0,
          "max" : 0,
          "mean" : 0.000000,
          "stddev" : 0.000000,
          "N" : 0
        },
        "lat_ns" : {
          "min" : 0,
          "max" : 0,
          "mean" : 0.000000,
          "stddev" : 0.000000,
          "N" : 0
        },
        "bw_min" : 0,
        "bw_max" : 0,
        "bw_agg" : 0.000000,
        "bw_mean" : 0.000000,
        "bw_dev" : 0.000000,
        "bw_samples" : 0,
        "iops_min" : 0,
        "iops_max" : 0,
        "iops_mean" : 0.000000,
        "iops_stddev" : 0.000000,
        "iops_samples" : 0
      },
      "sync" : {
        "total_ios" : 0,
        "lat_ns" : {
          "min" : 0,
          "max" : 0,
          "mean" : 0.000000,
          "stddev" : 0.000000,
          "N" : 0
        }
      },
      "job_runtime" : 1200003,
      "usr_cpu" : 2.683160,
      "sys_cpu" : 16.543792,
      "ctx" : 1223306,
      "majf" : 0,
      "minf" : 1182,
      "iodepth_level" : {
        "1" : 0.100000,
        "2" : 0.100000,
        "4" : 0.100000,
        "8" : 0.100000,
        "16" : 0.100000,
        "32" : 0.100000,
        ">=64" : 99.979396
      },
      "iodepth_submit" : {
        "0" : 0.000000,
        "4" : 100.000000,
        "8" : 0.000000,
        "16" : 0.000000,
        "32" : 0.000000,
        "64" : 0.000000,
        ">=64" : 0.000000
      },
      "iodepth_complete" : {
        "0" : 0.000000,
        "4" : 99.999673,
        "8" : 0.000000,
        "16" : 0.000000,
        "32" : 0.000000,
        "64" : 0.000000,
        ">=64" : 0.100000
      },
      "latency_ns" : {
        "2" : 0.000000,
        "4" : 0.000000,
        "10" : 0.000000,
        "20" : 0.000000,
        "50" : 0.000000,
        "100" : 0.000000,
        "250" : 0.000000,
        "500" : 0.000000,
        "750" : 0.000000,
        "1000" : 0.000000
      },
      "latency_us" : {
        "2" : 0.000000,
        "4" : 0.000000,
        "10" : 0.000000,
        "20" : 0.010000,
        "50" : 0.010000,
        "100" : 0.000000,
        "250" : 0.000000,
        "500" : 0.000000,
        "750" : 0.000000,
        "1000" : 0.010000
      },
      "latency_ms" : {
        "2" : 0.010000,
        "4" : 0.010000,
        "10" : 0.010000,
        "20" : 0.010000,
        "50" : 0.014635,
        "100" : 0.023792,
        "250" : 54.521788,
        "500" : 45.431608,
        "750" : 0.000000,
        "1000" : 0.000000,
        "2000" : 0.000000,
        ">=2000" : 0.000000
      },
      "latency_depth" : 256,
      "latency_target" : 0,
      "latency_percentile" : 100.000000,
      "latency_window" : 0
    }
  ]
}
