{
  "fio version" : "fio-3.27",
  "timestamp" : 1627427697,
  "timestamp_ms" : 1627427697156,
  "time" : "Wed Jul 28 01:14:57 2021",
  "jobs" : [
    {
      "jobname" : "seq-read",
      "groupid" : 0,
      "error" : 0,
      "eta" : 0,
      "elapsed" : 301,
      "job options" : {
        "bs" : "4K",
        "iodepth" : "256",
        "direct" : "1",
        "ioengine" : "libaio",
        "time_based" : "1",
        "runtime" : "300",
        "numjobs" : "16",
        "size" : "1g",
        "name" : "seq-read",
        "rw" : "read",
        "directory" : "/scratch/snx2000/ccocha/seqread/64_node/",
        "filename_format" : "$jobname.36.$jobnum.$filenum"
      },
      "read" : {
        "io_bytes" : 10605076480,
        "io_kbytes" : 10356520,
        "bw_bytes" : 35350019,
        "bw" : 34521,
        "iops" : 8630.375797,
        "runtime" : 300002,
        "total_ios" : 2589130,
        "short_ios" : 0,
        "drop_ios" : 0,
        "slat_ns" : {
          "min" : 480664,
          "max" : 210535016,
          "mean" : 1832544.062664,
          "stddev" : 927506.527214,
          "N" : 2589130
        },
        "clat_ns" : {
          "min" : 12670,
          "max" : 738728928,
          "mean" : 472443225.904146,
          "stddev" : 29536525.021163,
          "N" : 2589130,
          "percentile" : {
            "1.000000" : 417333248,
            "5.000000" : 434110464,
            "10.000000" : 442499072,
            "20.000000" : 455081984,
            "30.000000" : 459276288,
            "40.000000" : 463470592,
            "50.000000" : 471859200,
            "60.000000" : 476053504,
            "70.000000" : 484442112,
            "80.000000" : 492830720,
            "90.000000" : 505413632,
            "95.000000" : 517996544,
            "99.000000" : 549453824,
            "99.500000" : 557842432,
            "99.900000" : 583008256,
            "99.950000" : 591396864,
            "99.990000" : 650117120
          }
        },
        "lat_ns" : {
          "min" : 748995,
          "max" : 740602901,
          "mean" : 474278638.224208,
          "stddev" : 29612207.432194,
          "N" : 2589130
        },
        "bw_min" : 9656,
        "bw_max" : 38900,
        "bw_agg" : 99.868190,
        "bw_mean" : 34476.739108,
        "bw_dev" : 130.555350,
        "bw_samples" : 9582,
        "iops_min" : 2414,
        "iops_max" : 9725,
        "iops_mean" : 8619.112562,
        "iops_stddev" : 32.646641,
        "iops_samples" : 9582
      },
      "write" : {
        "io_bytes" : 0,
        "io_kbytes" : 0,
        "bw_bytes" : 0,
        "bw" : 0,
        "iops" : 0.000000,
        "runtime" : 0,
        "total_ios" : 0,
        "short_ios" : 0,
        "drop_ios" : 0,
        "slat_ns" : {
          "min" : 0,
          "max" : 0,
          "mean" : 0.000000,
          "stddev" : 0.000000,
          "N" : 0
        },
        "clat_ns" : {
          "min" : 0,
          "max" : 0,
          "mean" : 0.000000,
          "stddev" : 0.000000,
          "N" : 0
        },
        "lat_ns" : {
          "min" : 0,
          "max" : 0,
          "mean" : 0.000000,
          "stddev" : 0.000000,
          "N" : 0
        },
        "bw_min" : 0,
        "bw_max" : 0,
        "bw_agg" : 0.000000,
        "bw_mean" : 0.000000,
        "bw_dev" : 0.000000,
        "bw_samples" : 0,
        "iops_min" : 0,
        "iops_max" : 0,
        "iops_mean" : 0.000000,
        "iops_stddev" : 0.000000,
        "iops_samples" : 0
      },
      "trim" : {
        "io_bytes" : 0,
        "io_kbytes" : 0,
        "bw_bytes" : 0,
        "bw" : 0,
        "iops" : 0.000000,
        "runtime" : 0,
        "total_ios" : 0,
        "short_ios" : 0,
        "drop_ios" : 0,
        "slat_ns" : {
          "min" : 0,
          "max" : 0,
          "mean" : 0.000000,
          "stddev" : 0.000000,
          "N" : 0
        },
        "clat_ns" : {
          "min" : 0,
          "max" : 0,
          "mean" : 0.000000,
          "stddev" : 0.000000,
          "N" : 0
        },
        "lat_ns" : {
          "min" : 0,
          "max" : 0,
          "mean" : 0.000000,
          "stddev" : 0.000000,
          "N" : 0
        },
        "bw_min" : 0,
        "bw_max" : 0,
        "bw_agg" : 0.000000,
        "bw_mean" : 0.000000,
        "bw_dev" : 0.000000,
        "bw_samples" : 0,
        "iops_min" : 0,
        "iops_max" : 0,
        "iops_mean" : 0.000000,
        "iops_stddev" : 0.000000,
        "iops_samples" : 0
      },
      "sync" : {
        "total_ios" : 0,
        "lat_ns" : {
          "min" : 0,
          "max" : 0,
          "mean" : 0.000000,
          "stddev" : 0.000000,
          "N" : 0
        }
      },
      "job_runtime" : 4800003,
      "usr_cpu" : 1.319333,
      "sys_cpu" : 8.497682,
      "ctx" : 2589493,
      "majf" : 0,
      "minf" : 4733,
      "iodepth_level" : {
        "1" : 0.100000,
        "2" : 0.100000,
        "4" : 0.100000,
        "8" : 0.100000,
        "16" : 0.100000,
        "32" : 0.100000,
        ">=64" : 99.961068
      },
      "iodepth_submit" : {
        "0" : 0.000000,
        "4" : 100.000000,
        "8" : 0.000000,
        "16" : 0.000000,
        "32" : 0.000000,
        "64" : 0.000000,
        ">=64" : 0.000000
      },
      "iodepth_complete" : {
        "0" : 0.000000,
        "4" : 99.999381,
        "8" : 0.000000,
        "16" : 0.000000,
        "32" : 0.000000,
        "64" : 0.000000,
        ">=64" : 0.100000
      },
      "latency_ns" : {
        "2" : 0.000000,
        "4" : 0.000000,
        "10" : 0.000000,
        "20" : 0.000000,
        "50" : 0.000000,
        "100" : 0.000000,
        "250" : 0.000000,
        "500" : 0.000000,
        "750" : 0.000000,
        "1000" : 0.000000
      },
      "latency_us" : {
        "2" : 0.000000,
        "4" : 0.000000,
        "10" : 0.000000,
        "20" : 0.010000,
        "50" : 0.010000,
        "100" : 0.000000,
        "250" : 0.000000,
        "500" : 0.000000,
        "750" : 0.000000,
        "1000" : 0.010000
      },
      "latency_ms" : {
        "2" : 0.010000,
        "4" : 0.010000,
        "10" : 0.010000,
        "20" : 0.010000,
        "50" : 0.018964,
        "100" : 0.030551,
        "250" : 0.080297,
        "500" : 86.106839,
        "750" : 13.750797,
        "1000" : 0.000000,
        "2000" : 0.000000,
        ">=2000" : 0.000000
      },
      "latency_depth" : 256,
      "latency_target" : 0,
      "latency_percentile" : 100.000000,
      "latency_window" : 0
    }
  ]
}
