{
  "fio version" : "fio-3.27",
  "timestamp" : 1627026754,
  "timestamp_ms" : 1627026754262,
  "time" : "Fri Jul 23 09:52:34 2021",
  "jobs" : [
    {
      "jobname" : "randrw",
      "groupid" : 0,
      "error" : 0,
      "eta" : 0,
      "elapsed" : 302,
      "job options" : {
        "bs" : "4K",
        "iodepth" : "256",
        "direct" : "0",
        "ioengine" : "libaio",
        "time_based" : "1",
        "runtime" : "300",
        "numjobs" : "16",
        "size" : "1g",
        "name" : "randrw",
        "rw" : "randrw",
        "directory" : "/scratch/snx2000/ccocha/randrw/128_node",
        "filename_format" : "$jobname.81.$jobnum.$filenum"
      },
      "read" : {
        "io_bytes" : 97964032,
        "io_kbytes" : 95668,
        "bw_bytes" : 325401,
        "bw" : 317,
        "iops" : 79.443692,
        "runtime" : 301056,
        "total_ios" : 23917,
        "short_ios" : 0,
        "drop_ios" : 0,
        "slat_ns" : {
          "min" : 812258,
          "max" : 89776751883,
          "mean" : 200868649.288707,
          "stddev" : 1792871487.828016,
          "N" : 23917
        },
        "clat_ns" : {
          "min" : 17860,
          "max" : 125835896004,
          "mean" : 25381782130.647453,
          "stddev" : 26069591806.156277,
          "N" : 23917,
          "percentile" : {
            "1.000000" : 2499805184,
            "5.000000" : 2734686208,
            "10.000000" : 2868903936,
            "20.000000" : 3204448256,
            "30.000000" : 8925478912,
            "40.000000" : 17112760320,
            "50.000000" : 17112760320,
            "60.000000" : 17112760320,
            "70.000000" : 17112760320,
            "80.000000" : 17112760320,
            "90.000000" : 17112760320,
            "95.000000" : 17112760320,
            "99.000000" : 17112760320,
            "99.500000" : 17112760320,
            "99.900000" : 17112760320,
            "99.950000" : 17112760320,
            "99.990000" : 17112760320
          }
        },
        "lat_ns" : {
          "min" : 267881310,
          "max" : 125938300787,
          "mean" : 25582654193.482868,
          "stddev" : 26172806053.911697,
          "N" : 23917
        },
        "bw_min" : 128,
        "bw_max" : 4152,
        "bw_agg" : 100.000000,
        "bw_mean" : 697.733089,
        "bw_dev" : 48.832070,
        "bw_samples" : 4013,
        "iops_min" : 32,
        "iops_max" : 1038,
        "iops_mean" : 174.433272,
        "iops_stddev" : 12.208018,
        "iops_samples" : 4013
      },
      "write" : {
        "io_bytes" : 98537472,
        "io_kbytes" : 96228,
        "bw_bytes" : 327306,
        "bw" : 319,
        "iops" : 79.908721,
        "runtime" : 301056,
        "total_ios" : 24057,
        "short_ios" : 0,
        "drop_ios" : 0,
        "slat_ns" : {
          "min" : 75321,
          "max" : 1887308,
          "mean" : 121308.314337,
          "stddev" : 51536.962268,
          "N" : 24057
        },
        "clat_ns" : {
          "min" : 267893240,
          "max" : 125853310563,
          "mean" : 25521207466.424622,
          "stddev" : 26564350259.021553,
          "N" : 24057,
          "percentile" : {
            "1.000000" : 2499805184,
            "5.000000" : 2734686208,
            "10.000000" : 2868903936,
            "20.000000" : 3204448256,
            "30.000000" : 8489271296,
            "40.000000" : 17112760320,
            "50.000000" : 17112760320,
            "60.000000" : 17112760320,
            "70.000000" : 17112760320,
            "80.000000" : 17112760320,
            "90.000000" : 17112760320,
            "95.000000" : 17112760320,
            "99.000000" : 17112760320,
            "99.500000" : 17112760320,
            "99.900000" : 17112760320,
            "99.950000" : 17112760320,
            "99.990000" : 17112760320
          }
        },
        "lat_ns" : {
          "min" : 268065331,
          "max" : 125853484274,
          "mean" : 25521329983.030636,
          "stddev" : 26564349801.440746,
          "N" : 24057
        },
        "bw_min" : 128,
        "bw_max" : 4200,
        "bw_agg" : 100.000000,
        "bw_mean" : 710.351126,
        "bw_dev" : 49.430906,
        "bw_samples" : 3962,
        "iops_min" : 32,
        "iops_max" : 1050,
        "iops_mean" : 177.587781,
        "iops_stddev" : 12.357726,
        "iops_samples" : 3962
      },
      "trim" : {
        "io_bytes" : 0,
        "io_kbytes" : 0,
        "bw_bytes" : 0,
        "bw" : 0,
        "iops" : 0.000000,
        "runtime" : 0,
        "total_ios" : 0,
        "short_ios" : 0,
        "drop_ios" : 0,
        "slat_ns" : {
          "min" : 0,
          "max" : 0,
          "mean" : 0.000000,
          "stddev" : 0.000000,
          "N" : 0
        },
        "clat_ns" : {
          "min" : 0,
          "max" : 0,
          "mean" : 0.000000,
          "stddev" : 0.000000,
          "N" : 0
        },
        "lat_ns" : {
          "min" : 0,
          "max" : 0,
          "mean" : 0.000000,
          "stddev" : 0.000000,
          "N" : 0
        },
        "bw_min" : 0,
        "bw_max" : 0,
        "bw_agg" : 0.000000,
        "bw_mean" : 0.000000,
        "bw_dev" : 0.000000,
        "bw_samples" : 0,
        "iops_min" : 0,
        "iops_max" : 0,
        "iops_mean" : 0.000000,
        "iops_stddev" : 0.000000,
        "iops_samples" : 0
      },
      "sync" : {
        "total_ios" : 0,
        "lat_ns" : {
          "min" : 0,
          "max" : 0,
          "mean" : 0.000000,
          "stddev" : 0.000000,
          "N" : 0
        }
      },
      "job_runtime" : 4808046,
      "usr_cpu" : 0.020279,
      "sys_cpu" : 0.146941,
      "ctx" : 24048,
      "majf" : 0,
      "minf" : 658,
      "iodepth_level" : {
        "1" : 0.100000,
        "2" : 0.100000,
        "4" : 0.133406,
        "8" : 0.266811,
        "16" : 0.533622,
        "32" : 1.067245,
        ">=64" : 97.898862
      },
      "iodepth_submit" : {
        "0" : 0.000000,
        "4" : 100.000000,
        "8" : 0.000000,
        "16" : 0.000000,
        "32" : 0.000000,
        "64" : 0.000000,
        ">=64" : 0.000000
      },
      "iodepth_complete" : {
        "0" : 0.000000,
        "4" : 99.963562,
        "8" : 0.000000,
        "16" : 0.000000,
        "32" : 0.000000,
        "64" : 0.000000,
        ">=64" : 0.100000
      },
      "latency_ns" : {
        "2" : 0.000000,
        "4" : 0.000000,
        "10" : 0.000000,
        "20" : 0.000000,
        "50" : 0.000000,
        "100" : 0.000000,
        "250" : 0.000000,
        "500" : 0.000000,
        "750" : 0.000000,
        "1000" : 0.000000
      },
      "latency_us" : {
        "2" : 0.000000,
        "4" : 0.000000,
        "10" : 0.000000,
        "20" : 0.010000,
        "50" : 0.031267,
        "100" : 0.000000,
        "250" : 0.000000,
        "500" : 0.000000,
        "750" : 0.000000,
        "1000" : 0.000000
      },
      "latency_ms" : {
        "2" : 0.000000,
        "4" : 0.000000,
        "10" : 0.000000,
        "20" : 0.000000,
        "50" : 0.000000,
        "100" : 0.000000,
        "250" : 0.000000,
        "500" : 0.010422,
        "750" : 0.010422,
        "1000" : 0.010000,
        "2000" : 0.035436,
        ">=2000" : 99.908284
      },
      "latency_depth" : 256,
      "latency_target" : 0,
      "latency_percentile" : 100.000000,
      "latency_window" : 0
    }
  ]
}
