{
  "fio version" : "fio-3.27",
  "timestamp" : 1627026754,
  "timestamp_ms" : 1627026754613,
  "time" : "Fri Jul 23 09:52:34 2021",
  "jobs" : [
    {
      "jobname" : "randrw",
      "groupid" : 0,
      "error" : 0,
      "eta" : 0,
      "elapsed" : 302,
      "job options" : {
        "bs" : "4K",
        "iodepth" : "256",
        "direct" : "0",
        "ioengine" : "libaio",
        "time_based" : "1",
        "runtime" : "300",
        "numjobs" : "16",
        "size" : "1g",
        "name" : "randrw",
        "rw" : "randrw",
        "directory" : "/scratch/snx2000/ccocha/randrw/128_node",
        "filename_format" : "$jobname.96.$jobnum.$filenum"
      },
      "read" : {
        "io_bytes" : 78295040,
        "io_kbytes" : 76460,
        "bw_bytes" : 260083,
        "bw" : 253,
        "iops" : 63.496967,
        "runtime" : 301038,
        "total_ios" : 19115,
        "short_ios" : 0,
        "drop_ios" : 0,
        "slat_ns" : {
          "min" : 5027816,
          "max" : 84959514733,
          "mean" : 251424695.375935,
          "stddev" : 1952704647.321544,
          "N" : 19115
        },
        "clat_ns" : {
          "min" : 20190,
          "max" : 130157215468,
          "mean" : 31639247565.162758,
          "stddev" : 29579616033.820347,
          "N" : 19115,
          "percentile" : {
            "1.000000" : 2667577344,
            "5.000000" : 2969567232,
            "10.000000" : 3204448256,
            "20.000000" : 3607101440,
            "30.000000" : 9462349824,
            "40.000000" : 17112760320,
            "50.000000" : 17112760320,
            "60.000000" : 17112760320,
            "70.000000" : 17112760320,
            "80.000000" : 17112760320,
            "90.000000" : 17112760320,
            "95.000000" : 17112760320,
            "99.000000" : 17112760320,
            "99.500000" : 17112760320,
            "99.900000" : 17112760320,
            "99.950000" : 17112760320,
            "99.990000" : 17112760320
          }
        },
        "lat_ns" : {
          "min" : 751428963,
          "max" : 130201867508,
          "mean" : 31890675726.359398,
          "stddev" : 29699145490.997353,
          "N" : 19115
        },
        "bw_min" : 128,
        "bw_max" : 3720,
        "bw_agg" : 100.000000,
        "bw_mean" : 624.390321,
        "bw_dev" : 43.492781,
        "bw_samples" : 3481,
        "iops_min" : 32,
        "iops_max" : 930,
        "iops_mean" : 156.097580,
        "iops_stddev" : 10.873195,
        "iops_samples" : 3481
      },
      "write" : {
        "io_bytes" : 78688256,
        "io_kbytes" : 76844,
        "bw_bytes" : 261389,
        "bw" : 255,
        "iops" : 63.815864,
        "runtime" : 301038,
        "total_ios" : 19211,
        "short_ios" : 0,
        "drop_ios" : 0,
        "slat_ns" : {
          "min" : 75150,
          "max" : 1914593,
          "mean" : 121727.187132,
          "stddev" : 53719.711170,
          "N" : 19211
        },
        "clat_ns" : {
          "min" : 751439443,
          "max" : 129252599671,
          "mean" : 32016777726.211277,
          "stddev" : 30037669743.272141,
          "N" : 19211,
          "percentile" : {
            "1.000000" : 2701131776,
            "5.000000" : 2969567232,
            "10.000000" : 3204448256,
            "20.000000" : 3607101440,
            "30.000000" : 9730785280,
            "40.000000" : 17112760320,
            "50.000000" : 17112760320,
            "60.000000" : 17112760320,
            "70.000000" : 17112760320,
            "80.000000" : 17112760320,
            "90.000000" : 17112760320,
            "95.000000" : 17112760320,
            "99.000000" : 17112760320,
            "99.500000" : 17112760320,
            "99.900000" : 17112760320,
            "99.950000" : 17112760320,
            "99.990000" : 17112760320
          }
        },
        "lat_ns" : {
          "min" : 751527363,
          "max" : 129252739751,
          "mean" : 32016900681.494347,
          "stddev" : 30037670421.814159,
          "N" : 19211
        },
        "bw_min" : 128,
        "bw_max" : 3680,
        "bw_agg" : 100.000000,
        "bw_mean" : 624.633639,
        "bw_dev" : 43.409506,
        "bw_samples" : 3524,
        "iops_min" : 32,
        "iops_max" : 920,
        "iops_mean" : 156.158410,
        "iops_stddev" : 10.852377,
        "iops_samples" : 3524
      },
      "trim" : {
        "io_bytes" : 0,
        "io_kbytes" : 0,
        "bw_bytes" : 0,
        "bw" : 0,
        "iops" : 0.000000,
        "runtime" : 0,
        "total_ios" : 0,
        "short_ios" : 0,
        "drop_ios" : 0,
        "slat_ns" : {
          "min" : 0,
          "max" : 0,
          "mean" : 0.000000,
          "stddev" : 0.000000,
          "N" : 0
        },
        "clat_ns" : {
          "min" : 0,
          "max" : 0,
          "mean" : 0.000000,
          "stddev" : 0.000000,
          "N" : 0
        },
        "lat_ns" : {
          "min" : 0,
          "max" : 0,
          "mean" : 0.000000,
          "stddev" : 0.000000,
          "N" : 0
        },
        "bw_min" : 0,
        "bw_max" : 0,
        "bw_agg" : 0.000000,
        "bw_mean" : 0.000000,
        "bw_dev" : 0.000000,
        "bw_samples" : 0,
        "iops_min" : 0,
        "iops_max" : 0,
        "iops_mean" : 0.000000,
        "iops_stddev" : 0.000000,
        "iops_samples" : 0
      },
      "sync" : {
        "total_ios" : 0,
        "lat_ns" : {
          "min" : 0,
          "max" : 0,
          "mean" : 0.000000,
          "stddev" : 0.000000,
          "N" : 0
        }
      },
      "job_runtime" : 4809069,
      "usr_cpu" : 0.015492,
      "sys_cpu" : 0.119171,
      "ctx" : 19232,
      "majf" : 0,
      "minf" : 654,
      "iodepth_level" : {
        "1" : 0.100000,
        "2" : 0.100000,
        "4" : 0.166988,
        "8" : 0.333977,
        "16" : 0.667954,
        "32" : 1.335908,
        ">=64" : 97.369932
      },
      "iodepth_submit" : {
        "0" : 0.000000,
        "4" : 100.000000,
        "8" : 0.000000,
        "16" : 0.000000,
        "32" : 0.000000,
        "64" : 0.000000,
        ">=64" : 0.000000
      },
      "iodepth_complete" : {
        "0" : 0.000000,
        "4" : 99.953301,
        "8" : 0.000000,
        "16" : 0.000000,
        "32" : 0.000000,
        "64" : 0.000000,
        ">=64" : 0.100000
      },
      "latency_ns" : {
        "2" : 0.000000,
        "4" : 0.000000,
        "10" : 0.000000,
        "20" : 0.000000,
        "50" : 0.000000,
        "100" : 0.000000,
        "250" : 0.000000,
        "500" : 0.000000,
        "750" : 0.000000,
        "1000" : 0.000000
      },
      "latency_us" : {
        "2" : 0.000000,
        "4" : 0.000000,
        "10" : 0.000000,
        "20" : 0.000000,
        "50" : 0.041747,
        "100" : 0.000000,
        "250" : 0.000000,
        "500" : 0.000000,
        "750" : 0.000000,
        "1000" : 0.000000
      },
      "latency_ms" : {
        "2" : 0.000000,
        "4" : 0.000000,
        "10" : 0.000000,
        "20" : 0.000000,
        "50" : 0.000000,
        "100" : 0.000000,
        "250" : 0.000000,
        "500" : 0.000000,
        "750" : 0.000000,
        "1000" : 0.018264,
        "2000" : 0.041747,
        ">=2000" : 99.898241
      },
      "latency_depth" : 256,
      "latency_target" : 0,
      "latency_percentile" : 100.000000,
      "latency_window" : 0
    }
  ]
}
