{
  "fio version" : "fio-3.27",
  "timestamp" : 1627026754,
  "timestamp_ms" : 1627026754548,
  "time" : "Fri Jul 23 09:52:34 2021",
  "jobs" : [
    {
      "jobname" : "randrw",
      "groupid" : 0,
      "error" : 0,
      "eta" : 0,
      "elapsed" : 302,
      "job options" : {
        "bs" : "4K",
        "iodepth" : "256",
        "direct" : "0",
        "ioengine" : "libaio",
        "time_based" : "1",
        "runtime" : "300",
        "numjobs" : "16",
        "size" : "1g",
        "name" : "randrw",
        "rw" : "randrw",
        "directory" : "/scratch/snx2000/ccocha/randrw/128_node",
        "filename_format" : "$jobname.34.$jobnum.$filenum"
      },
      "read" : {
        "io_bytes" : 86220800,
        "io_kbytes" : 84200,
        "bw_bytes" : 286465,
        "bw" : 279,
        "iops" : 69.937970,
        "runtime" : 300981,
        "total_ios" : 21050,
        "short_ios" : 0,
        "drop_ios" : 0,
        "slat_ns" : {
          "min" : 4231313,
          "max" : 77623902825,
          "mean" : 228247517.582233,
          "stddev" : 1828936880.574990,
          "N" : 21050
        },
        "clat_ns" : {
          "min" : 25600,
          "max" : 128275078417,
          "mean" : 28712719822.924377,
          "stddev" : 28413788272.077141,
          "N" : 21050,
          "percentile" : {
            "1.000000" : 2399141888,
            "5.000000" : 2667577344,
            "10.000000" : 2902458368,
            "20.000000" : 3372220416,
            "30.000000" : 8556380160,
            "40.000000" : 17112760320,
            "50.000000" : 17112760320,
            "60.000000" : 17112760320,
            "70.000000" : 17112760320,
            "80.000000" : 17112760320,
            "90.000000" : 17112760320,
            "95.000000" : 17112760320,
            "99.000000" : 17112760320,
            "99.500000" : 17112760320,
            "99.900000" : 17112760320,
            "99.950000" : 17112760320,
            "99.990000" : 17112760320
          }
        },
        "lat_ns" : {
          "min" : 604123930,
          "max" : 129091921489,
          "mean" : 28940970678.051441,
          "stddev" : 28529965977.390736,
          "N" : 21050
        },
        "bw_min" : 128,
        "bw_max" : 4208,
        "bw_agg" : 100.000000,
        "bw_mean" : 668.973773,
        "bw_dev" : 47.812429,
        "bw_samples" : 3621,
        "iops_min" : 32,
        "iops_max" : 1052,
        "iops_mean" : 167.243443,
        "iops_stddev" : 11.953107,
        "iops_samples" : 3621
      },
      "write" : {
        "io_bytes" : 86405120,
        "io_kbytes" : 84380,
        "bw_bytes" : 287078,
        "bw" : 280,
        "iops" : 70.087481,
        "runtime" : 300981,
        "total_ios" : 21095,
        "short_ios" : 0,
        "drop_ios" : 0,
        "slat_ns" : {
          "min" : 75351,
          "max" : 1964491,
          "mean" : 121406.367812,
          "stddev" : 52843.923635,
          "N" : 21095
        },
        "clat_ns" : {
          "min" : 604134861,
          "max" : 126257197252,
          "mean" : 29183766831.924580,
          "stddev" : 29194144734.293495,
          "N" : 21095,
          "percentile" : {
            "1.000000" : 2432696320,
            "5.000000" : 2701131776,
            "10.000000" : 2902458368,
            "20.000000" : 3372220416,
            "30.000000" : 8422162432,
            "40.000000" : 17112760320,
            "50.000000" : 17112760320,
            "60.000000" : 17112760320,
            "70.000000" : 17112760320,
            "80.000000" : 17112760320,
            "90.000000" : 17112760320,
            "95.000000" : 17112760320,
            "99.000000" : 17112760320,
            "99.500000" : 17112760320,
            "99.900000" : 17112760320,
            "99.950000" : 17112760320,
            "99.990000" : 17112760320
          }
        },
        "lat_ns" : {
          "min" : 604322142,
          "max" : 126257376523,
          "mean" : 29183889464.498222,
          "stddev" : 29194145013.184597,
          "N" : 21095
        },
        "bw_min" : 128,
        "bw_max" : 4056,
        "bw_agg" : 100.000000,
        "bw_mean" : 671.025883,
        "bw_dev" : 47.866114,
        "bw_samples" : 3622,
        "iops_min" : 32,
        "iops_max" : 1014,
        "iops_mean" : 167.756471,
        "iops_stddev" : 11.966529,
        "iops_samples" : 3622
      },
      "trim" : {
        "io_bytes" : 0,
        "io_kbytes" : 0,
        "bw_bytes" : 0,
        "bw" : 0,
        "iops" : 0.000000,
        "runtime" : 0,
        "total_ios" : 0,
        "short_ios" : 0,
        "drop_ios" : 0,
        "slat_ns" : {
          "min" : 0,
          "max" : 0,
          "mean" : 0.000000,
          "stddev" : 0.000000,
          "N" : 0
        },
        "clat_ns" : {
          "min" : 0,
          "max" : 0,
          "mean" : 0.000000,
          "stddev" : 0.000000,
          "N" : 0
        },
        "lat_ns" : {
          "min" : 0,
          "max" : 0,
          "mean" : 0.000000,
          "stddev" : 0.000000,
          "N" : 0
        },
        "bw_min" : 0,
        "bw_max" : 0,
        "bw_agg" : 0.000000,
        "bw_mean" : 0.000000,
        "bw_dev" : 0.000000,
        "bw_samples" : 0,
        "iops_min" : 0,
        "iops_max" : 0,
        "iops_mean" : 0.000000,
        "iops_stddev" : 0.000000,
        "iops_samples" : 0
      },
      "sync" : {
        "total_ios" : 0,
        "lat_ns" : {
          "min" : 0,
          "max" : 0,
          "mean" : 0.000000,
          "stddev" : 0.000000,
          "N" : 0
        }
      },
      "job_runtime" : 4807991,
      "usr_cpu" : 0.020445,
      "sys_cpu" : 0.126082,
      "ctx" : 21175,
      "majf" : 0,
      "minf" : 653,
      "iodepth_level" : {
        "1" : 0.100000,
        "2" : 0.100000,
        "4" : 0.151857,
        "8" : 0.303713,
        "16" : 0.607427,
        "32" : 1.214853,
        ">=64" : 97.608257
      },
      "iodepth_submit" : {
        "0" : 0.000000,
        "4" : 100.000000,
        "8" : 0.000000,
        "16" : 0.000000,
        "32" : 0.000000,
        "64" : 0.000000,
        ">=64" : 0.000000
      },
      "iodepth_complete" : {
        "0" : 0.000000,
        "4" : 99.957984,
        "8" : 0.000000,
        "16" : 0.000000,
        "32" : 0.000000,
        "64" : 0.000000,
        ">=64" : 0.100000
      },
      "latency_ns" : {
        "2" : 0.000000,
        "4" : 0.000000,
        "10" : 0.000000,
        "20" : 0.000000,
        "50" : 0.000000,
        "100" : 0.000000,
        "250" : 0.000000,
        "500" : 0.000000,
        "750" : 0.000000,
        "1000" : 0.000000
      },
      "latency_us" : {
        "2" : 0.000000,
        "4" : 0.000000,
        "10" : 0.000000,
        "20" : 0.000000,
        "50" : 0.037964,
        "100" : 0.000000,
        "250" : 0.000000,
        "500" : 0.000000,
        "750" : 0.000000,
        "1000" : 0.000000
      },
      "latency_ms" : {
        "2" : 0.000000,
        "4" : 0.000000,
        "10" : 0.000000,
        "20" : 0.000000,
        "50" : 0.000000,
        "100" : 0.000000,
        "250" : 0.000000,
        "500" : 0.000000,
        "750" : 0.016609,
        "1000" : 0.010000,
        "2000" : 0.023728,
        ">=2000" : 99.914581
      },
      "latency_depth" : 256,
      "latency_target" : 0,
      "latency_percentile" : 100.000000,
      "latency_window" : 0
    }
  ]
}
