{
  "fio version" : "fio-3.27",
  "timestamp" : 1627021867,
  "timestamp_ms" : 1627021867841,
  "time" : "Fri Jul 23 08:31:07 2021",
  "jobs" : [
    {
      "jobname" : "randrw",
      "groupid" : 0,
      "error" : 0,
      "eta" : 0,
      "elapsed" : 301,
      "job options" : {
        "bs" : "4K",
        "iodepth" : "256",
        "direct" : "0",
        "ioengine" : "libaio",
        "time_based" : "1",
        "runtime" : "300",
        "numjobs" : "2",
        "size" : "1g",
        "name" : "randrw",
        "rw" : "randrw",
        "directory" : "/scratch/snx2000/ccocha/randrw/96_node",
        "filename_format" : "$jobname.83.$jobnum.$filenum"
      },
      "read" : {
        "io_bytes" : 113197056,
        "io_kbytes" : 110544,
        "bw_bytes" : 377263,
        "bw" : 368,
        "iops" : 92.105263,
        "runtime" : 300048,
        "total_ios" : 27636,
        "short_ios" : 0,
        "drop_ios" : 0,
        "slat_ns" : {
          "min" : 520725,
          "max" : 6328195633,
          "mean" : 21574983.407222,
          "stddev" : 68671703.268529,
          "N" : 27636
        },
        "clat_ns" : {
          "min" : 14240,
          "max" : 20681623665,
          "mean" : 2743417248.199302,
          "stddev" : 1828710062.124543,
          "N" : 27636,
          "percentile" : {
            "1.000000" : 700448768,
            "5.000000" : 767557632,
            "10.000000" : 868220928,
            "20.000000" : 1887436800,
            "30.000000" : 2231369728,
            "40.000000" : 2499805184,
            "50.000000" : 2701131776,
            "60.000000" : 2936012800,
            "70.000000" : 3137339392,
            "80.000000" : 3372220416,
            "90.000000" : 3707764736,
            "95.000000" : 4009754624,
            "99.000000" : 4999610368,
            "99.500000" : 17112760320,
            "99.900000" : 17112760320,
            "99.950000" : 17112760320,
            "99.990000" : 17112760320
          }
        },
        "lat_ns" : {
          "min" : 27902283,
          "max" : 20686923164,
          "mean" : 2764994688.444024,
          "stddev" : 1835651766.966307,
          "N" : 27636
        },
        "bw_min" : 16,
        "bw_max" : 1592,
        "bw_agg" : 100.000000,
        "bw_mean" : 383.940238,
        "bw_dev" : 134.202840,
        "bw_samples" : 1140,
        "iops_min" : 4,
        "iops_max" : 398,
        "iops_mean" : 95.985060,
        "iops_stddev" : 33.550710,
        "iops_samples" : 1140
      },
      "write" : {
        "io_bytes" : 114221056,
        "io_kbytes" : 111544,
        "bw_bytes" : 380675,
        "bw" : 371,
        "iops" : 92.938463,
        "runtime" : 300048,
        "total_ios" : 27886,
        "short_ios" : 0,
        "drop_ios" : 0,
        "slat_ns" : {
          "min" : 75310,
          "max" : 1822006,
          "mean" : 104879.579395,
          "stddev" : 38959.830582,
          "N" : 27886
        },
        "clat_ns" : {
          "min" : 67398852,
          "max" : 20686831663,
          "mean" : 2761006721.821817,
          "stddev" : 1906927506.531940,
          "N" : 27886,
          "percentile" : {
            "1.000000" : 700448768,
            "5.000000" : 767557632,
            "10.000000" : 851443712,
            "20.000000" : 1870659584,
            "30.000000" : 2231369728,
            "40.000000" : 2499805184,
            "50.000000" : 2734686208,
            "60.000000" : 2936012800,
            "70.000000" : 3170893824,
            "80.000000" : 3372220416,
            "90.000000" : 3707764736,
            "95.000000" : 4043309056,
            "99.000000" : 9462349824,
            "99.500000" : 17112760320,
            "99.900000" : 17112760320,
            "99.950000" : 17112760320,
            "99.990000" : 17112760320
          }
        },
        "lat_ns" : {
          "min" : 67496113,
          "max" : 20686916433,
          "mean" : 2761112729.933790,
          "stddev" : 1906927347.412926,
          "N" : 27886
        },
        "bw_min" : 16,
        "bw_max" : 1544,
        "bw_agg" : 100.000000,
        "bw_mean" : 387.495637,
        "bw_dev" : 137.726623,
        "bw_samples" : 1140,
        "iops_min" : 4,
        "iops_max" : 386,
        "iops_mean" : 96.873468,
        "iops_stddev" : 34.431160,
        "iops_samples" : 1140
      },
      "trim" : {
        "io_bytes" : 0,
        "io_kbytes" : 0,
        "bw_bytes" : 0,
        "bw" : 0,
        "iops" : 0.000000,
        "runtime" : 0,
        "total_ios" : 0,
        "short_ios" : 0,
        "drop_ios" : 0,
        "slat_ns" : {
          "min" : 0,
          "max" : 0,
          "mean" : 0.000000,
          "stddev" : 0.000000,
          "N" : 0
        },
        "clat_ns" : {
          "min" : 0,
          "max" : 0,
          "mean" : 0.000000,
          "stddev" : 0.000000,
          "N" : 0
        },
        "lat_ns" : {
          "min" : 0,
          "max" : 0,
          "mean" : 0.000000,
          "stddev" : 0.000000,
          "N" : 0
        },
        "bw_min" : 0,
        "bw_max" : 0,
        "bw_agg" : 0.000000,
        "bw_mean" : 0.000000,
        "bw_dev" : 0.000000,
        "bw_samples" : 0,
        "iops_min" : 0,
        "iops_max" : 0,
        "iops_mean" : 0.000000,
        "iops_stddev" : 0.000000,
        "iops_samples" : 0
      },
      "sync" : {
        "total_ios" : 0,
        "lat_ns" : {
          "min" : 0,
          "max" : 0,
          "mean" : 0.000000,
          "stddev" : 0.000000,
          "N" : 0
        }
      },
      "job_runtime" : 600058,
      "usr_cpu" : 0.159485,
      "sys_cpu" : 1.137723,
      "ctx" : 27652,
      "majf" : 0,
      "minf" : 86,
      "iodepth_level" : {
        "1" : 0.100000,
        "2" : 0.100000,
        "4" : 0.100000,
        "8" : 0.100000,
        "16" : 0.100000,
        "32" : 0.115270,
        ">=64" : 99.773063
      },
      "iodepth_submit" : {
        "0" : 0.000000,
        "4" : 100.000000,
        "8" : 0.000000,
        "16" : 0.000000,
        "32" : 0.000000,
        "64" : 0.000000,
        ">=64" : 0.000000
      },
      "iodepth_complete" : {
        "0" : 0.000000,
        "4" : 99.996365,
        "8" : 0.000000,
        "16" : 0.000000,
        "32" : 0.000000,
        "64" : 0.000000,
        ">=64" : 0.100000
      },
      "latency_ns" : {
        "2" : 0.000000,
        "4" : 0.000000,
        "10" : 0.000000,
        "20" : 0.000000,
        "50" : 0.000000,
        "100" : 0.000000,
        "250" : 0.000000,
        "500" : 0.000000,
        "750" : 0.000000,
        "1000" : 0.000000
      },
      "latency_us" : {
        "2" : 0.000000,
        "4" : 0.000000,
        "10" : 0.000000,
        "20" : 0.010000,
        "50" : 0.010000,
        "100" : 0.000000,
        "250" : 0.000000,
        "500" : 0.000000,
        "750" : 0.000000,
        "1000" : 0.000000
      },
      "latency_ms" : {
        "2" : 0.000000,
        "4" : 0.000000,
        "10" : 0.000000,
        "20" : 0.000000,
        "50" : 0.010000,
        "100" : 0.014409,
        "250" : 0.050430,
        "500" : 0.140485,
        "750" : 3.580563,
        "1000" : 7.083679,
        "2000" : 12.078095,
        ">=2000" : 77.046936
      },
      "latency_depth" : 256,
      "latency_target" : 0,
      "latency_percentile" : 100.000000,
      "latency_window" : 0
    }
  ]
}
