{
  "fio version" : "fio-3.27",
  "timestamp" : 1627438611,
  "timestamp_ms" : 1627438611687,
  "time" : "Wed Jul 28 04:16:51 2021",
  "jobs" : [
    {
      "jobname" : "seq-read",
      "groupid" : 0,
      "error" : 0,
      "eta" : 0,
      "elapsed" : 301,
      "job options" : {
        "bs" : "4K",
        "iodepth" : "256",
        "direct" : "1",
        "ioengine" : "libaio",
        "time_based" : "1",
        "runtime" : "300",
        "numjobs" : "16",
        "size" : "1g",
        "name" : "seq-read",
        "rw" : "read",
        "directory" : "/scratch/snx2000/ccocha/seqread/150_node/",
        "filename_format" : "$jobname.15.$jobnum.$filenum"
      },
      "read" : {
        "io_bytes" : 4388593664,
        "io_kbytes" : 4285736,
        "bw_bytes" : 14628548,
        "bw" : 14285,
        "iops" : 3571.422857,
        "runtime" : 300002,
        "total_ios" : 1071434,
        "short_ios" : 0,
        "drop_ios" : 0,
        "slat_ns" : {
          "min" : 529541,
          "max" : 224450568,
          "mean" : 4458158.169839,
          "stddev" : 2361554.129412,
          "N" : 1071434
        },
        "clat_ns" : {
          "min" : 12670,
          "max" : 2047059415,
          "mean" : 1140335475.840788,
          "stddev" : 112905823.657084,
          "N" : 1071434,
          "percentile" : {
            "1.000000" : 977272832,
            "5.000000" : 1035993088,
            "10.000000" : 1052770304,
            "20.000000" : 1082130432,
            "30.000000" : 1098907648,
            "40.000000" : 1115684864,
            "50.000000" : 1132462080,
            "60.000000" : 1149239296,
            "70.000000" : 1166016512,
            "80.000000" : 1182793728,
            "90.000000" : 1249902592,
            "95.000000" : 1317011456,
            "99.000000" : 1535115264,
            "99.500000" : 1619001344,
            "99.900000" : 1786773504,
            "99.950000" : 1920991232,
            "99.990000" : 2004877312
          }
        },
        "lat_ns" : {
          "min" : 780453,
          "max" : 2050539435,
          "mean" : 1144796597.610497,
          "stddev" : 113223686.688996,
          "N" : 1071434
        },
        "bw_min" : 4000,
        "bw_max" : 17976,
        "bw_agg" : 99.841160,
        "bw_mean" : 14263.281407,
        "bw_dev" : 95.750754,
        "bw_samples" : 9552,
        "iops_min" : 1000,
        "iops_max" : 4494,
        "iops_mean" : 3565.480737,
        "iops_stddev" : 23.934515,
        "iops_samples" : 9552
      },
      "write" : {
        "io_bytes" : 0,
        "io_kbytes" : 0,
        "bw_bytes" : 0,
        "bw" : 0,
        "iops" : 0.000000,
        "runtime" : 0,
        "total_ios" : 0,
        "short_ios" : 0,
        "drop_ios" : 0,
        "slat_ns" : {
          "min" : 0,
          "max" : 0,
          "mean" : 0.000000,
          "stddev" : 0.000000,
          "N" : 0
        },
        "clat_ns" : {
          "min" : 0,
          "max" : 0,
          "mean" : 0.000000,
          "stddev" : 0.000000,
          "N" : 0
        },
        "lat_ns" : {
          "min" : 0,
          "max" : 0,
          "mean" : 0.000000,
          "stddev" : 0.000000,
          "N" : 0
        },
        "bw_min" : 0,
        "bw_max" : 0,
        "bw_agg" : 0.000000,
        "bw_mean" : 0.000000,
        "bw_dev" : 0.000000,
        "bw_samples" : 0,
        "iops_min" : 0,
        "iops_max" : 0,
        "iops_mean" : 0.000000,
        "iops_stddev" : 0.000000,
        "iops_samples" : 0
      },
      "trim" : {
        "io_bytes" : 0,
        "io_kbytes" : 0,
        "bw_bytes" : 0,
        "bw" : 0,
        "iops" : 0.000000,
        "runtime" : 0,
        "total_ios" : 0,
        "short_ios" : 0,
        "drop_ios" : 0,
        "slat_ns" : {
          "min" : 0,
          "max" : 0,
          "mean" : 0.000000,
          "stddev" : 0.000000,
          "N" : 0
        },
        "clat_ns" : {
          "min" : 0,
          "max" : 0,
          "mean" : 0.000000,
          "stddev" : 0.000000,
          "N" : 0
        },
        "lat_ns" : {
          "min" : 0,
          "max" : 0,
          "mean" : 0.000000,
          "stddev" : 0.000000,
          "N" : 0
        },
        "bw_min" : 0,
        "bw_max" : 0,
        "bw_agg" : 0.000000,
        "bw_mean" : 0.000000,
        "bw_dev" : 0.000000,
        "bw_samples" : 0,
        "iops_min" : 0,
        "iops_max" : 0,
        "iops_mean" : 0.000000,
        "iops_stddev" : 0.000000,
        "iops_samples" : 0
      },
      "sync" : {
        "total_ios" : 0,
        "lat_ns" : {
          "min" : 0,
          "max" : 0,
          "mean" : 0.000000,
          "stddev" : 0.000000,
          "N" : 0
        }
      },
      "job_runtime" : 4800006,
      "usr_cpu" : 0.554624,
      "sys_cpu" : 3.583808,
      "ctx" : 1071611,
      "majf" : 0,
      "minf" : 4734,
      "iodepth_level" : {
        "1" : 0.100000,
        "2" : 0.100000,
        "4" : 0.100000,
        "8" : 0.100000,
        "16" : 0.100000,
        "32" : 0.100000,
        ">=64" : 99.905920
      },
      "iodepth_submit" : {
        "0" : 0.000000,
        "4" : 100.000000,
        "8" : 0.000000,
        "16" : 0.000000,
        "32" : 0.000000,
        "64" : 0.000000,
        ">=64" : 0.000000
      },
      "iodepth_complete" : {
        "0" : 0.000000,
        "4" : 99.998501,
        "8" : 0.000000,
        "16" : 0.000000,
        "32" : 0.000000,
        "64" : 0.000000,
        ">=64" : 0.100000
      },
      "latency_ns" : {
        "2" : 0.000000,
        "4" : 0.000000,
        "10" : 0.000000,
        "20" : 0.000000,
        "50" : 0.000000,
        "100" : 0.000000,
        "250" : 0.000000,
        "500" : 0.000000,
        "750" : 0.000000,
        "1000" : 0.000000
      },
      "latency_us" : {
        "2" : 0.000000,
        "4" : 0.000000,
        "10" : 0.000000,
        "20" : 0.010000,
        "50" : 0.010000,
        "100" : 0.000000,
        "250" : 0.000000,
        "500" : 0.000000,
        "750" : 0.000000,
        "1000" : 0.010000
      },
      "latency_ms" : {
        "2" : 0.010000,
        "4" : 0.010000,
        "10" : 0.010000,
        "20" : 0.014093,
        "50" : 0.042560,
        "100" : 0.058986,
        "250" : 0.108173,
        "500" : 0.105466,
        "750" : 0.103506,
        "1000" : 1.257287,
        "2000" : 98.278942,
        ">=2000" : 0.015213
      },
      "latency_depth" : 256,
      "latency_target" : 0,
      "latency_percentile" : 100.000000,
      "latency_window" : 0
    }
  ]
}
