{
  "fio version" : "fio-3.27",
  "timestamp" : 1627018649,
  "timestamp_ms" : 1627018649031,
  "time" : "Fri Jul 23 07:37:29 2021",
  "jobs" : [
    {
      "jobname" : "randrw",
      "groupid" : 0,
      "error" : 0,
      "eta" : 0,
      "elapsed" : 301,
      "job options" : {
        "bs" : "4K",
        "iodepth" : "256",
        "direct" : "0",
        "ioengine" : "libaio",
        "time_based" : "1",
        "runtime" : "300",
        "numjobs" : "4",
        "size" : "1g",
        "name" : "randrw",
        "rw" : "randrw",
        "directory" : "/scratch/snx2000/ccocha/randrw/64_node",
        "filename_format" : "$jobname.52.$jobnum.$filenum"
      },
      "read" : {
        "io_bytes" : 175751168,
        "io_kbytes" : 171632,
        "bw_bytes" : 585111,
        "bw" : 571,
        "iops" : 142.849533,
        "runtime" : 300372,
        "total_ios" : 42908,
        "short_ios" : 0,
        "drop_ios" : 0,
        "slat_ns" : {
          "min" : 455663,
          "max" : 12490788422,
          "mean" : 27838233.677939,
          "stddev" : 143407271.761157,
          "N" : 42908
        },
        "clat_ns" : {
          "min" : 14290,
          "max" : 25938496941,
          "mean" : 3536001743.354157,
          "stddev" : 2669656118.068493,
          "N" : 42908,
          "percentile" : {
            "1.000000" : 742391808,
            "5.000000" : 809500672,
            "10.000000" : 884998144,
            "20.000000" : 2197815296,
            "30.000000" : 2667577344,
            "40.000000" : 3070230528,
            "50.000000" : 3405774848,
            "60.000000" : 3741319168,
            "70.000000" : 4110417920,
            "80.000000" : 4462739456,
            "90.000000" : 4999610368,
            "95.000000" : 5536481280,
            "99.000000" : 17112760320,
            "99.500000" : 17112760320,
            "99.900000" : 17112760320,
            "99.950000" : 17112760320,
            "99.990000" : 17112760320
          }
        },
        "lat_ns" : {
          "min" : 83000744,
          "max" : 25952414207,
          "mean" : 3563842660.573834,
          "stddev" : 2678455374.521158,
          "N" : 42908
        },
        "bw_min" : 32,
        "bw_max" : 3072,
        "bw_agg" : 100.000000,
        "bw_mean" : 619.805715,
        "bw_dev" : 131.914976,
        "bw_samples" : 2190,
        "iops_min" : 8,
        "iops_max" : 768,
        "iops_mean" : 154.948224,
        "iops_stddev" : 32.976290,
        "iops_samples" : 2190
      },
      "write" : {
        "io_bytes" : 177205248,
        "io_kbytes" : 173052,
        "bw_bytes" : 589952,
        "bw" : 576,
        "iops" : 144.031401,
        "runtime" : 300372,
        "total_ios" : 43263,
        "short_ios" : 0,
        "drop_ios" : 0,
        "slat_ns" : {
          "min" : 74780,
          "max" : 1953124,
          "mean" : 108771.282435,
          "stddev" : 40257.420991,
          "N" : 43263
        },
        "clat_ns" : {
          "min" : 83010894,
          "max" : 25952282236,
          "mean" : 3559871662.825919,
          "stddev" : 2772702408.068097,
          "N" : 43263,
          "percentile" : {
            "1.000000" : 742391808,
            "5.000000" : 809500672,
            "10.000000" : 884998144,
            "20.000000" : 2164260864,
            "30.000000" : 2667577344,
            "40.000000" : 3070230528,
            "50.000000" : 3405774848,
            "60.000000" : 3774873600,
            "70.000000" : 4110417920,
            "80.000000" : 4462739456,
            "90.000000" : 4999610368,
            "95.000000" : 5603590144,
            "99.000000" : 17112760320,
            "99.500000" : 17112760320,
            "99.900000" : 17112760320,
            "99.950000" : 17112760320,
            "99.990000" : 17112760320
          }
        },
        "lat_ns" : {
          "min" : 83091424,
          "max" : 25952365017,
          "mean" : 3559981609.229156,
          "stddev" : 2772702181.811034,
          "N" : 43263
        },
        "bw_min" : 32,
        "bw_max" : 3080,
        "bw_agg" : 100.000000,
        "bw_mean" : 624.968206,
        "bw_dev" : 134.483904,
        "bw_samples" : 2187,
        "iops_min" : 8,
        "iops_max" : 770,
        "iops_mean" : 156.239754,
        "iops_stddev" : 33.619780,
        "iops_samples" : 2187
      },
      "trim" : {
        "io_bytes" : 0,
        "io_kbytes" : 0,
        "bw_bytes" : 0,
        "bw" : 0,
        "iops" : 0.000000,
        "runtime" : 0,
        "total_ios" : 0,
        "short_ios" : 0,
        "drop_ios" : 0,
        "slat_ns" : {
          "min" : 0,
          "max" : 0,
          "mean" : 0.000000,
          "stddev" : 0.000000,
          "N" : 0
        },
        "clat_ns" : {
          "min" : 0,
          "max" : 0,
          "mean" : 0.000000,
          "stddev" : 0.000000,
          "N" : 0
        },
        "lat_ns" : {
          "min" : 0,
          "max" : 0,
          "mean" : 0.000000,
          "stddev" : 0.000000,
          "N" : 0
        },
        "bw_min" : 0,
        "bw_max" : 0,
        "bw_agg" : 0.000000,
        "bw_mean" : 0.000000,
        "bw_dev" : 0.000000,
        "bw_samples" : 0,
        "iops_min" : 0,
        "iops_max" : 0,
        "iops_mean" : 0.000000,
        "iops_stddev" : 0.000000,
        "iops_samples" : 0
      },
      "sync" : {
        "total_ios" : 0,
        "lat_ns" : {
          "min" : 0,
          "max" : 0,
          "mean" : 0.000000,
          "stddev" : 0.000000,
          "N" : 0
        }
      },
      "job_runtime" : 1200651,
      "usr_cpu" : 0.130263,
      "sys_cpu" : 0.921583,
      "ctx" : 42946,
      "majf" : 0,
      "minf" : 169,
      "iodepth_level" : {
        "1" : 0.100000,
        "2" : 0.100000,
        "4" : 0.100000,
        "8" : 0.100000,
        "16" : 0.100000,
        "32" : 0.148542,
        ">=64" : 99.707558
      },
      "iodepth_submit" : {
        "0" : 0.000000,
        "4" : 100.000000,
        "8" : 0.000000,
        "16" : 0.000000,
        "32" : 0.000000,
        "64" : 0.000000,
        ">=64" : 0.000000
      },
      "iodepth_complete" : {
        "0" : 0.000000,
        "4" : 99.995303,
        "8" : 0.000000,
        "16" : 0.000000,
        "32" : 0.000000,
        "64" : 0.000000,
        ">=64" : 0.100000
      },
      "latency_ns" : {
        "2" : 0.000000,
        "4" : 0.000000,
        "10" : 0.000000,
        "20" : 0.000000,
        "50" : 0.000000,
        "100" : 0.000000,
        "250" : 0.000000,
        "500" : 0.000000,
        "750" : 0.000000,
        "1000" : 0.000000
      },
      "latency_us" : {
        "2" : 0.000000,
        "4" : 0.000000,
        "10" : 0.000000,
        "20" : 0.010000,
        "50" : 0.010000,
        "100" : 0.000000,
        "250" : 0.000000,
        "500" : 0.000000,
        "750" : 0.000000,
        "1000" : 0.000000
      },
      "latency_ms" : {
        "2" : 0.000000,
        "4" : 0.000000,
        "10" : 0.000000,
        "20" : 0.000000,
        "50" : 0.000000,
        "100" : 0.010000,
        "250" : 0.032494,
        "500" : 0.068469,
        "750" : 1.194137,
        "1000" : 10.981653,
        "2000" : 5.005164,
        ">=2000" : 82.709960
      },
      "latency_depth" : 256,
      "latency_target" : 0,
      "latency_percentile" : 100.000000,
      "latency_window" : 0
    }
  ]
}
