{
  "fio version" : "fio-3.27",
  "timestamp" : 1627027398,
  "timestamp_ms" : 1627027398975,
  "time" : "Fri Jul 23 10:03:18 2021",
  "jobs" : [
    {
      "jobname" : "randrw",
      "groupid" : 0,
      "error" : 0,
      "eta" : 0,
      "elapsed" : 302,
      "job options" : {
        "bs" : "4K",
        "iodepth" : "256",
        "direct" : "0",
        "ioengine" : "libaio",
        "time_based" : "1",
        "runtime" : "300",
        "numjobs" : "32",
        "size" : "1g",
        "name" : "randrw",
        "rw" : "randrw",
        "directory" : "/scratch/snx2000/ccocha/randrw/128_node",
        "filename_format" : "$jobname.119.$jobnum.$filenum"
      },
      "read" : {
        "io_bytes" : 47239168,
        "io_kbytes" : 46132,
        "bw_bytes" : 156779,
        "bw" : 153,
        "iops" : 38.276321,
        "runtime" : 301309,
        "total_ios" : 11533,
        "short_ios" : 0,
        "drop_ios" : 0,
        "slat_ns" : {
          "min" : 524072,
          "max" : 81261574368,
          "mean" : 833954527.280673,
          "stddev" : 3707590737.308574,
          "N" : 11533
        },
        "clat_ns" : {
          "min" : 21800,
          "max" : 295337643607,
          "mean" : 106405176907.068130,
          "stddev" : 84713881520.316238,
          "N" : 11533,
          "percentile" : {
            "1.000000" : 1317011456,
            "5.000000" : 4244635648,
            "10.000000" : 6006243328,
            "20.000000" : 8489271296,
            "30.000000" : 17112760320,
            "40.000000" : 17112760320,
            "50.000000" : 17112760320,
            "60.000000" : 17112760320,
            "70.000000" : 17112760320,
            "80.000000" : 17112760320,
            "90.000000" : 17112760320,
            "95.000000" : 17112760320,
            "99.000000" : 17112760320,
            "99.500000" : 17112760320,
            "99.900000" : 17112760320,
            "99.950000" : 17112760320,
            "99.990000" : 17112760320
          }
        },
        "lat_ns" : {
          "min" : 506877382,
          "max" : 295411756141,
          "mean" : 107239135228.976074,
          "stddev" : 85009841112.793625,
          "N" : 11533
        },
        "bw_min" : 246,
        "bw_max" : 2947,
        "bw_agg" : 100.000000,
        "bw_mean" : 544.199529,
        "bw_dev" : 17.187799,
        "bw_samples" : 3460,
        "iops_min" : 54,
        "iops_max" : 733,
        "iops_mean" : 135.319097,
        "iops_stddev" : 4.260386,
        "iops_samples" : 3460
      },
      "write" : {
        "io_bytes" : 47407104,
        "io_kbytes" : 46296,
        "bw_bytes" : 157337,
        "bw" : 153,
        "iops" : 38.412394,
        "runtime" : 301309,
        "total_ios" : 11574,
        "short_ios" : 0,
        "drop_ios" : 0,
        "slat_ns" : {
          "min" : 75771,
          "max" : 2471677,
          "mean" : 133596.580439,
          "stddev" : 81650.188358,
          "N" : 11574
        },
        "clat_ns" : {
          "min" : 506887802,
          "max" : 295411775411,
          "mean" : 105003776439.385284,
          "stddev" : 82908096234.359039,
          "N" : 11574,
          "percentile" : {
            "1.000000" : 1702887424,
            "5.000000" : 4328521728,
            "10.000000" : 6140461056,
            "20.000000" : 8657043456,
            "30.000000" : 17112760320,
            "40.000000" : 17112760320,
            "50.000000" : 17112760320,
            "60.000000" : 17112760320,
            "70.000000" : 17112760320,
            "80.000000" : 17112760320,
            "90.000000" : 17112760320,
            "95.000000" : 17112760320,
            "99.000000" : 17112760320,
            "99.500000" : 17112760320,
            "99.900000" : 17112760320,
            "99.950000" : 17112760320,
            "99.990000" : 17112760320
          }
        },
        "lat_ns" : {
          "min" : 506990532,
          "max" : 295411865901,
          "mean" : 105003911317.420670,
          "stddev" : 82908092174.711624,
          "N" : 11574
        },
        "bw_min" : 241,
        "bw_max" : 2804,
        "bw_agg" : 100.000000,
        "bw_mean" : 545.156941,
        "bw_dev" : 17.092179,
        "bw_samples" : 3383,
        "iops_min" : 49,
        "iops_max" : 698,
        "iops_mean" : 135.462796,
        "iops_stddev" : 4.235842,
        "iops_samples" : 3383
      },
      "trim" : {
        "io_bytes" : 0,
        "io_kbytes" : 0,
        "bw_bytes" : 0,
        "bw" : 0,
        "iops" : 0.000000,
        "runtime" : 0,
        "total_ios" : 0,
        "short_ios" : 0,
        "drop_ios" : 0,
        "slat_ns" : {
          "min" : 0,
          "max" : 0,
          "mean" : 0.000000,
          "stddev" : 0.000000,
          "N" : 0
        },
        "clat_ns" : {
          "min" : 0,
          "max" : 0,
          "mean" : 0.000000,
          "stddev" : 0.000000,
          "N" : 0
        },
        "lat_ns" : {
          "min" : 0,
          "max" : 0,
          "mean" : 0.000000,
          "stddev" : 0.000000,
          "N" : 0
        },
        "bw_min" : 0,
        "bw_max" : 0,
        "bw_agg" : 0.000000,
        "bw_mean" : 0.000000,
        "bw_dev" : 0.000000,
        "bw_samples" : 0,
        "iops_min" : 0,
        "iops_max" : 0,
        "iops_mean" : 0.000000,
        "iops_stddev" : 0.000000,
        "iops_samples" : 0
      },
      "sync" : {
        "total_ios" : 0,
        "lat_ns" : {
          "min" : 0,
          "max" : 0,
          "mean" : 0.000000,
          "stddev" : 0.000000,
          "N" : 0
        }
      },
      "job_runtime" : 9620197,
      "usr_cpu" : 0.004938,
      "sys_cpu" : 0.038128,
      "ctx" : 11823,
      "majf" : 0,
      "minf" : 1298,
      "iodepth_level" : {
        "1" : 0.138486,
        "2" : 0.276972,
        "4" : 0.553945,
        "8" : 1.107889,
        "16" : 2.215779,
        "32" : 4.431558,
        ">=64" : 91.275371
      },
      "iodepth_submit" : {
        "0" : 0.000000,
        "4" : 100.000000,
        "8" : 0.000000,
        "16" : 0.000000,
        "32" : 0.000000,
        "64" : 0.000000,
        ">=64" : 0.000000
      },
      "iodepth_complete" : {
        "0" : 0.000000,
        "4" : 99.786368,
        "8" : 0.000000,
        "16" : 0.000000,
        "32" : 0.000000,
        "64" : 0.000000,
        ">=64" : 0.213632
      },
      "latency_ns" : {
        "2" : 0.000000,
        "4" : 0.000000,
        "10" : 0.000000,
        "20" : 0.000000,
        "50" : 0.000000,
        "100" : 0.000000,
        "250" : 0.000000,
        "500" : 0.000000,
        "750" : 0.000000,
        "1000" : 0.000000
      },
      "latency_us" : {
        "2" : 0.000000,
        "4" : 0.000000,
        "10" : 0.000000,
        "20" : 0.000000,
        "50" : 0.138486,
        "100" : 0.000000,
        "250" : 0.000000,
        "500" : 0.000000,
        "750" : 0.000000,
        "1000" : 0.000000
      },
      "latency_ms" : {
        "2" : 0.000000,
        "4" : 0.000000,
        "10" : 0.000000,
        "20" : 0.000000,
        "50" : 0.000000,
        "100" : 0.000000,
        "250" : 0.000000,
        "500" : 0.000000,
        "750" : 0.017311,
        "1000" : 0.038949,
        "2000" : 1.081923,
        ">=2000" : 98.723331
      },
      "latency_depth" : 256,
      "latency_target" : 0,
      "latency_percentile" : 100.000000,
      "latency_window" : 0
    }
  ]
}
