{
  "fio version" : "fio-3.27",
  "timestamp" : 1627436591,
  "timestamp_ms" : 1627436591997,
  "time" : "Wed Jul 28 03:43:11 2021",
  "jobs" : [
    {
      "jobname" : "seq-read",
      "groupid" : 0,
      "error" : 0,
      "eta" : 0,
      "elapsed" : 302,
      "job options" : {
        "bs" : "4K",
        "iodepth" : "256",
        "direct" : "1",
        "ioengine" : "libaio",
        "time_based" : "1",
        "runtime" : "300",
        "numjobs" : "64",
        "size" : "1g",
        "name" : "seq-read",
        "rw" : "read",
        "directory" : "/scratch/snx2000/ccocha/seqread/128_node/",
        "filename_format" : "$jobname.114.$jobnum.$filenum"
      },
      "read" : {
        "io_bytes" : 3286384640,
        "io_kbytes" : 3209360,
        "bw_bytes" : 10926279,
        "bw" : 10670,
        "iops" : 2667.548823,
        "runtime" : 300778,
        "total_ios" : 802340,
        "short_ios" : 0,
        "drop_ios" : 0,
        "slat_ns" : {
          "min" : 555319,
          "max" : 18320661157,
          "mean" : 23912733.330958,
          "stddev" : 72042094.876973,
          "N" : 802340
        },
        "clat_ns" : {
          "min" : 12710,
          "max" : 83952710423,
          "mean" : 6059942651.182866,
          "stddev" : 7482104794.872702,
          "N" : 802340,
          "percentile" : {
            "1.000000" : 488636416,
            "5.000000" : 3372220416,
            "10.000000" : 3472883712,
            "20.000000" : 3573547008,
            "30.000000" : 3640655872,
            "40.000000" : 4110417920,
            "50.000000" : 4278190080,
            "60.000000" : 4462739456,
            "70.000000" : 4999610368,
            "80.000000" : 5200936960,
            "90.000000" : 7683964928,
            "95.000000" : 16307453952,
            "99.000000" : 17112760320,
            "99.500000" : 17112760320,
            "99.900000" : 17112760320,
            "99.950000" : 17112760320,
            "99.990000" : 17112760320
          }
        },
        "lat_ns" : {
          "min" : 1538218,
          "max" : 85244036064,
          "mean" : 6083858772.507249,
          "stddev" : 7509638050.441998,
          "N" : 802340
        },
        "bw_min" : 3646,
        "bw_max" : 41151,
        "bw_agg" : 100.000000,
        "bw_mean" : 10840.205683,
        "bw_dev" : 58.835989,
        "bw_samples" : 35462,
        "iops_min" : 911,
        "iops_max" : 10278,
        "iops_mean" : 2710.028562,
        "iops_stddev" : 14.705832,
        "iops_samples" : 35462
      },
      "write" : {
        "io_bytes" : 0,
        "io_kbytes" : 0,
        "bw_bytes" : 0,
        "bw" : 0,
        "iops" : 0.000000,
        "runtime" : 0,
        "total_ios" : 0,
        "short_ios" : 0,
        "drop_ios" : 0,
        "slat_ns" : {
          "min" : 0,
          "max" : 0,
          "mean" : 0.000000,
          "stddev" : 0.000000,
          "N" : 0
        },
        "clat_ns" : {
          "min" : 0,
          "max" : 0,
          "mean" : 0.000000,
          "stddev" : 0.000000,
          "N" : 0
        },
        "lat_ns" : {
          "min" : 0,
          "max" : 0,
          "mean" : 0.000000,
          "stddev" : 0.000000,
          "N" : 0
        },
        "bw_min" : 0,
        "bw_max" : 0,
        "bw_agg" : 0.000000,
        "bw_mean" : 0.000000,
        "bw_dev" : 0.000000,
        "bw_samples" : 0,
        "iops_min" : 0,
        "iops_max" : 0,
        "iops_mean" : 0.000000,
        "iops_stddev" : 0.000000,
        "iops_samples" : 0
      },
      "trim" : {
        "io_bytes" : 0,
        "io_kbytes" : 0,
        "bw_bytes" : 0,
        "bw" : 0,
        "iops" : 0.000000,
        "runtime" : 0,
        "total_ios" : 0,
        "short_ios" : 0,
        "drop_ios" : 0,
        "slat_ns" : {
          "min" : 0,
          "max" : 0,
          "mean" : 0.000000,
          "stddev" : 0.000000,
          "N" : 0
        },
        "clat_ns" : {
          "min" : 0,
          "max" : 0,
          "mean" : 0.000000,
          "stddev" : 0.000000,
          "N" : 0
        },
        "lat_ns" : {
          "min" : 0,
          "max" : 0,
          "mean" : 0.000000,
          "stddev" : 0.000000,
          "N" : 0
        },
        "bw_min" : 0,
        "bw_max" : 0,
        "bw_agg" : 0.000000,
        "bw_mean" : 0.000000,
        "bw_dev" : 0.000000,
        "bw_samples" : 0,
        "iops_min" : 0,
        "iops_max" : 0,
        "iops_mean" : 0.000000,
        "iops_stddev" : 0.000000,
        "iops_samples" : 0
      },
      "sync" : {
        "total_ios" : 0,
        "lat_ns" : {
          "min" : 0,
          "max" : 0,
          "mean" : 0.000000,
          "stddev" : 0.000000,
          "N" : 0
        }
      },
      "job_runtime" : 19205260,
      "usr_cpu" : 0.114724,
      "sys_cpu" : 0.711394,
      "ctx" : 802774,
      "majf" : 0,
      "minf" : 18985,
      "iodepth_level" : {
        "1" : 0.100000,
        "2" : 0.100000,
        "4" : 0.100000,
        "8" : 0.100000,
        "16" : 0.127627,
        "32" : 0.255253,
        ">=64" : 99.497470
      },
      "iodepth_submit" : {
        "0" : 0.000000,
        "4" : 100.000000,
        "8" : 0.000000,
        "16" : 0.000000,
        "32" : 0.000000,
        "64" : 0.000000,
        ">=64" : 0.000000
      },
      "iodepth_complete" : {
        "0" : 0.000000,
        "4" : 99.991858,
        "8" : 0.000000,
        "16" : 0.000000,
        "32" : 0.000000,
        "64" : 0.000000,
        ">=64" : 0.100000
      },
      "latency_ns" : {
        "2" : 0.000000,
        "4" : 0.000000,
        "10" : 0.000000,
        "20" : 0.000000,
        "50" : 0.000000,
        "100" : 0.000000,
        "250" : 0.000000,
        "500" : 0.000000,
        "750" : 0.000000,
        "1000" : 0.000000
      },
      "latency_us" : {
        "2" : 0.000000,
        "4" : 0.000000,
        "10" : 0.000000,
        "20" : 0.010000,
        "50" : 0.010000,
        "100" : 0.000000,
        "250" : 0.000000,
        "500" : 0.000000,
        "750" : 0.000000,
        "1000" : 0.000000
      },
      "latency_ms" : {
        "2" : 0.010000,
        "4" : 0.010000,
        "10" : 0.013461,
        "20" : 0.023556,
        "50" : 0.069422,
        "100" : 0.115911,
        "250" : 0.337637,
        "500" : 0.444201,
        "750" : 0.263729,
        "1000" : 0.150061,
        "2000" : 0.398958,
        ">=2000" : 98.168731
      },
      "latency_depth" : 256,
      "latency_target" : 0,
      "latency_percentile" : 100.000000,
      "latency_window" : 0
    }
  ]
}
