{
  "fio version" : "fio-3.27",
  "timestamp" : 1627026250,
  "timestamp_ms" : 1627026250709,
  "time" : "Fri Jul 23 09:44:10 2021",
  "jobs" : [
    {
      "jobname" : "randrw",
      "groupid" : 0,
      "error" : 0,
      "eta" : 0,
      "elapsed" : 301,
      "job options" : {
        "bs" : "4K",
        "iodepth" : "256",
        "direct" : "0",
        "ioengine" : "libaio",
        "time_based" : "1",
        "runtime" : "300",
        "numjobs" : "8",
        "size" : "1g",
        "name" : "randrw",
        "rw" : "randrw",
        "directory" : "/scratch/snx2000/ccocha/randrw/128_node",
        "filename_format" : "$jobname.96.$jobnum.$filenum"
      },
      "read" : {
        "io_bytes" : 89440256,
        "io_kbytes" : 87344,
        "bw_bytes" : 297604,
        "bw" : 290,
        "iops" : 72.657337,
        "runtime" : 300534,
        "total_ios" : 21836,
        "short_ios" : 0,
        "drop_ios" : 0,
        "slat_ns" : {
          "min" : 486662,
          "max" : 59887111186,
          "mean" : 109812166.712768,
          "stddev" : 944188783.446774,
          "N" : 21836
        },
        "clat_ns" : {
          "min" : 15230,
          "max" : 80714562740,
          "mean" : 13870202653.421185,
          "stddev" : 14182967461.905087,
          "N" : 21836,
          "percentile" : {
            "1.000000" : 1283457024,
            "5.000000" : 1417674752,
            "10.000000" : 1501560832,
            "20.000000" : 1736441856,
            "30.000000" : 10401873920,
            "40.000000" : 11609833472,
            "50.000000" : 12549357568,
            "60.000000" : 13891534848,
            "70.000000" : 15367929856,
            "80.000000" : 17112760320,
            "90.000000" : 17112760320,
            "95.000000" : 17112760320,
            "99.000000" : 17112760320,
            "99.500000" : 17112760320,
            "99.900000" : 17112760320,
            "99.950000" : 17112760320,
            "99.990000" : 17112760320
          }
        },
        "lat_ns" : {
          "min" : 29399075,
          "max" : 80734777268,
          "mean" : 13980018061.456812,
          "stddev" : 14240983524.294802,
          "N" : 21836
        },
        "bw_min" : 64,
        "bw_max" : 3648,
        "bw_agg" : 100.000000,
        "bw_mean" : 468.139262,
        "bw_dev" : 73.497856,
        "bw_samples" : 2842,
        "iops_min" : 16,
        "iops_max" : 912,
        "iops_mean" : 117.034816,
        "iops_stddev" : 18.374464,
        "iops_samples" : 2842
      },
      "write" : {
        "io_bytes" : 90886144,
        "io_kbytes" : 88756,
        "bw_bytes" : 302415,
        "bw" : 295,
        "iops" : 73.831913,
        "runtime" : 300534,
        "total_ios" : 22189,
        "short_ios" : 0,
        "drop_ios" : 0,
        "slat_ns" : {
          "min" : 75230,
          "max" : 1579435,
          "mean" : 117296.031502,
          "stddev" : 46585.750346,
          "N" : 22189
        },
        "clat_ns" : {
          "min" : 36967217,
          "max" : 80714394139,
          "mean" : 13876814385.257650,
          "stddev" : 14399739214.612280,
          "N" : 22189,
          "percentile" : {
            "1.000000" : 1283457024,
            "5.000000" : 1434451968,
            "10.000000" : 1501560832,
            "20.000000" : 1719664640,
            "30.000000" : 10267656192,
            "40.000000" : 11475615744,
            "50.000000" : 12549357568,
            "60.000000" : 13757317120,
            "70.000000" : 15233712128,
            "80.000000" : 17112760320,
            "90.000000" : 17112760320,
            "95.000000" : 17112760320,
            "99.000000" : 17112760320,
            "99.500000" : 17112760320,
            "99.900000" : 17112760320,
            "99.950000" : 17112760320,
            "99.990000" : 17112760320
          }
        },
        "lat_ns" : {
          "min" : 37048637,
          "max" : 80714588610,
          "mean" : 13876932876.666000,
          "stddev" : 14399739194.298456,
          "N" : 22189
        },
        "bw_min" : 64,
        "bw_max" : 3656,
        "bw_agg" : 100.000000,
        "bw_mean" : 478.444273,
        "bw_dev" : 76.006456,
        "bw_samples" : 2831,
        "iops_min" : 16,
        "iops_max" : 914,
        "iops_mean" : 119.611068,
        "iops_stddev" : 19.001614,
        "iops_samples" : 2831
      },
      "trim" : {
        "io_bytes" : 0,
        "io_kbytes" : 0,
        "bw_bytes" : 0,
        "bw" : 0,
        "iops" : 0.000000,
        "runtime" : 0,
        "total_ios" : 0,
        "short_ios" : 0,
        "drop_ios" : 0,
        "slat_ns" : {
          "min" : 0,
          "max" : 0,
          "mean" : 0.000000,
          "stddev" : 0.000000,
          "N" : 0
        },
        "clat_ns" : {
          "min" : 0,
          "max" : 0,
          "mean" : 0.000000,
          "stddev" : 0.000000,
          "N" : 0
        },
        "lat_ns" : {
          "min" : 0,
          "max" : 0,
          "mean" : 0.000000,
          "stddev" : 0.000000,
          "N" : 0
        },
        "bw_min" : 0,
        "bw_max" : 0,
        "bw_agg" : 0.000000,
        "bw_mean" : 0.000000,
        "bw_dev" : 0.000000,
        "bw_samples" : 0,
        "iops_min" : 0,
        "iops_max" : 0,
        "iops_mean" : 0.000000,
        "iops_stddev" : 0.000000,
        "iops_samples" : 0
      },
      "sync" : {
        "total_ios" : 0,
        "lat_ns" : {
          "min" : 0,
          "max" : 0,
          "mean" : 0.000000,
          "stddev" : 0.000000,
          "N" : 0
        }
      },
      "job_runtime" : 2401283,
      "usr_cpu" : 0.036397,
      "sys_cpu" : 0.259028,
      "ctx" : 21899,
      "majf" : 0,
      "minf" : 337,
      "iodepth_level" : {
        "1" : 0.100000,
        "2" : 0.100000,
        "4" : 0.100000,
        "8" : 0.145372,
        "16" : 0.290744,
        "32" : 0.581488,
        ">=64" : 98.855196
      },
      "iodepth_submit" : {
        "0" : 0.000000,
        "4" : 100.000000,
        "8" : 0.000000,
        "16" : 0.000000,
        "32" : 0.000000,
        "64" : 0.000000,
        ">=64" : 0.000000
      },
      "iodepth_complete" : {
        "0" : 0.000000,
        "4" : 99.980949,
        "8" : 0.000000,
        "16" : 0.000000,
        "32" : 0.000000,
        "64" : 0.000000,
        ">=64" : 0.100000
      },
      "latency_ns" : {
        "2" : 0.000000,
        "4" : 0.000000,
        "10" : 0.000000,
        "20" : 0.000000,
        "50" : 0.000000,
        "100" : 0.000000,
        "250" : 0.000000,
        "500" : 0.000000,
        "750" : 0.000000,
        "1000" : 0.000000
      },
      "latency_us" : {
        "2" : 0.000000,
        "4" : 0.000000,
        "10" : 0.000000,
        "20" : 0.010000,
        "50" : 0.013629,
        "100" : 0.000000,
        "250" : 0.000000,
        "500" : 0.000000,
        "750" : 0.000000,
        "1000" : 0.000000
      },
      "latency_ms" : {
        "2" : 0.000000,
        "4" : 0.000000,
        "10" : 0.000000,
        "20" : 0.000000,
        "50" : 0.031800,
        "100" : 0.029529,
        "250" : 0.059057,
        "500" : 0.111300,
        "750" : 0.129472,
        "1000" : 0.049972,
        "2000" : 21.885292,
        ">=2000" : 77.685406
      },
      "latency_depth" : 256,
      "latency_target" : 0,
      "latency_percentile" : 100.000000,
      "latency_window" : 0
    }
  ]
}
