{
  "fio version" : "fio-3.27",
  "timestamp" : 1627431261,
  "timestamp_ms" : 1627431261060,
  "time" : "Wed Jul 28 02:14:21 2021",
  "jobs" : [
    {
      "jobname" : "seq-read",
      "groupid" : 0,
      "error" : 0,
      "eta" : 0,
      "elapsed" : 301,
      "job options" : {
        "bs" : "4K",
        "iodepth" : "256",
        "direct" : "1",
        "ioengine" : "libaio",
        "time_based" : "1",
        "runtime" : "300",
        "numjobs" : "16",
        "size" : "1g",
        "name" : "seq-read",
        "rw" : "read",
        "directory" : "/scratch/snx2000/ccocha/seqread/96_node/",
        "filename_format" : "$jobname.65.$jobnum.$filenum"
      },
      "read" : {
        "io_bytes" : 6850891776,
        "io_kbytes" : 6690324,
        "bw_bytes" : 22836001,
        "bw" : 22300,
        "iops" : 5575.195664,
        "runtime" : 300004,
        "total_ios" : 1672581,
        "short_ios" : 0,
        "drop_ios" : 0,
        "slat_ns" : {
          "min" : 458262,
          "max" : 246681054,
          "mean" : 2848090.255042,
          "stddev" : 932032.404077,
          "N" : 1672581
        },
        "clat_ns" : {
          "min" : 13270,
          "max" : 1028015349,
          "mean" : 731301718.909358,
          "stddev" : 39199156.522221,
          "N" : 1672581,
          "percentile" : {
            "1.000000" : 641728512,
            "5.000000" : 675282944,
            "10.000000" : 692060160,
            "20.000000" : 708837376,
            "30.000000" : 717225984,
            "40.000000" : 725614592,
            "50.000000" : 734003200,
            "60.000000" : 742391808,
            "70.000000" : 742391808,
            "80.000000" : 750780416,
            "90.000000" : 767557632,
            "95.000000" : 784334848,
            "99.000000" : 809500672,
            "99.500000" : 826277888,
            "99.900000" : 859832320,
            "99.950000" : 868220928,
            "99.990000" : 1002438656
          }
        },
        "lat_ns" : {
          "min" : 1181915,
          "max" : 1030831622,
          "mean" : 734152737.437587,
          "stddev" : 39292313.766006,
          "N" : 1672581
        },
        "bw_min" : 7280,
        "bw_max" : 25209,
        "bw_agg" : 99.830579,
        "bw_mean" : 22263.104662,
        "bw_dev" : 72.488693,
        "bw_samples" : 9579,
        "iops_min" : 1820,
        "iops_max" : 6300,
        "iops_mean" : 5564.188960,
        "iops_stddev" : 18.118081,
        "iops_samples" : 9579
      },
      "write" : {
        "io_bytes" : 0,
        "io_kbytes" : 0,
        "bw_bytes" : 0,
        "bw" : 0,
        "iops" : 0.000000,
        "runtime" : 0,
        "total_ios" : 0,
        "short_ios" : 0,
        "drop_ios" : 0,
        "slat_ns" : {
          "min" : 0,
          "max" : 0,
          "mean" : 0.000000,
          "stddev" : 0.000000,
          "N" : 0
        },
        "clat_ns" : {
          "min" : 0,
          "max" : 0,
          "mean" : 0.000000,
          "stddev" : 0.000000,
          "N" : 0
        },
        "lat_ns" : {
          "min" : 0,
          "max" : 0,
          "mean" : 0.000000,
          "stddev" : 0.000000,
          "N" : 0
        },
        "bw_min" : 0,
        "bw_max" : 0,
        "bw_agg" : 0.000000,
        "bw_mean" : 0.000000,
        "bw_dev" : 0.000000,
        "bw_samples" : 0,
        "iops_min" : 0,
        "iops_max" : 0,
        "iops_mean" : 0.000000,
        "iops_stddev" : 0.000000,
        "iops_samples" : 0
      },
      "trim" : {
        "io_bytes" : 0,
        "io_kbytes" : 0,
        "bw_bytes" : 0,
        "bw" : 0,
        "iops" : 0.000000,
        "runtime" : 0,
        "total_ios" : 0,
        "short_ios" : 0,
        "drop_ios" : 0,
        "slat_ns" : {
          "min" : 0,
          "max" : 0,
          "mean" : 0.000000,
          "stddev" : 0.000000,
          "N" : 0
        },
        "clat_ns" : {
          "min" : 0,
          "max" : 0,
          "mean" : 0.000000,
          "stddev" : 0.000000,
          "N" : 0
        },
        "lat_ns" : {
          "min" : 0,
          "max" : 0,
          "mean" : 0.000000,
          "stddev" : 0.000000,
          "N" : 0
        },
        "bw_min" : 0,
        "bw_max" : 0,
        "bw_agg" : 0.000000,
        "bw_mean" : 0.000000,
        "bw_dev" : 0.000000,
        "bw_samples" : 0,
        "iops_min" : 0,
        "iops_max" : 0,
        "iops_mean" : 0.000000,
        "iops_stddev" : 0.000000,
        "iops_samples" : 0
      },
      "sync" : {
        "total_ios" : 0,
        "lat_ns" : {
          "min" : 0,
          "max" : 0,
          "mean" : 0.000000,
          "stddev" : 0.000000,
          "N" : 0
        }
      },
      "job_runtime" : 4800018,
      "usr_cpu" : 0.859684,
      "sys_cpu" : 5.542479,
      "ctx" : 1672831,
      "majf" : 0,
      "minf" : 4734,
      "iodepth_level" : {
        "1" : 0.100000,
        "2" : 0.100000,
        "4" : 0.100000,
        "8" : 0.100000,
        "16" : 0.100000,
        "32" : 0.100000,
        ">=64" : 99.939734
      },
      "iodepth_submit" : {
        "0" : 0.000000,
        "4" : 100.000000,
        "8" : 0.000000,
        "16" : 0.000000,
        "32" : 0.000000,
        "64" : 0.000000,
        ">=64" : 0.000000
      },
      "iodepth_complete" : {
        "0" : 0.000000,
        "4" : 99.999041,
        "8" : 0.000000,
        "16" : 0.000000,
        "32" : 0.000000,
        "64" : 0.000000,
        ">=64" : 0.100000
      },
      "latency_ns" : {
        "2" : 0.000000,
        "4" : 0.000000,
        "10" : 0.000000,
        "20" : 0.000000,
        "50" : 0.000000,
        "100" : 0.000000,
        "250" : 0.000000,
        "500" : 0.000000,
        "750" : 0.000000,
        "1000" : 0.000000
      },
      "latency_us" : {
        "2" : 0.000000,
        "4" : 0.000000,
        "10" : 0.000000,
        "20" : 0.010000,
        "50" : 0.010000,
        "100" : 0.000000,
        "250" : 0.000000,
        "500" : 0.000000,
        "750" : 0.000000,
        "1000" : 0.000000
      },
      "latency_ms" : {
        "2" : 0.010000,
        "4" : 0.010000,
        "10" : 0.010000,
        "20" : 0.010000,
        "50" : 0.012854,
        "100" : 0.020806,
        "250" : 0.055902,
        "500" : 0.121070,
        "750" : 74.948000,
        "1000" : 24.822893,
        "2000" : 0.010000,
        ">=2000" : 0.000000
      },
      "latency_depth" : 256,
      "latency_target" : 0,
      "latency_percentile" : 100.000000,
      "latency_window" : 0
    }
  ]
}
