{
  "fio version" : "fio-3.27",
  "timestamp" : 1627434921,
  "timestamp_ms" : 1627434921416,
  "time" : "Wed Jul 28 03:15:21 2021",
  "jobs" : [
    {
      "jobname" : "seq-read",
      "groupid" : 0,
      "error" : 0,
      "eta" : 0,
      "elapsed" : 301,
      "job options" : {
        "bs" : "4K",
        "iodepth" : "256",
        "direct" : "1",
        "ioengine" : "libaio",
        "time_based" : "1",
        "runtime" : "300",
        "numjobs" : "16",
        "size" : "1g",
        "name" : "seq-read",
        "rw" : "read",
        "directory" : "/scratch/snx2000/ccocha/seqread/128_node/",
        "filename_format" : "$jobname.36.$jobnum.$filenum"
      },
      "read" : {
        "io_bytes" : 5249404928,
        "io_kbytes" : 5126372,
        "bw_bytes" : 17497899,
        "bw" : 17087,
        "iops" : 4271.948187,
        "runtime" : 300002,
        "total_ios" : 1281593,
        "short_ios" : 0,
        "drop_ios" : 0,
        "slat_ns" : {
          "min" : 548131,
          "max" : 264176635,
          "mean" : 3723028.962447,
          "stddev" : 1602323.521032,
          "N" : 1281593
        },
        "clat_ns" : {
          "min" : 13091,
          "max" : 1654631393,
          "mean" : 953693911.787778,
          "stddev" : 69835588.105462,
          "N" : 1281593,
          "percentile" : {
            "1.000000" : 834666496,
            "5.000000" : 876609536,
            "10.000000" : 893386752,
            "20.000000" : 918552576,
            "30.000000" : 926941184,
            "40.000000" : 943718400,
            "50.000000" : 952107008,
            "60.000000" : 960495616,
            "70.000000" : 968884224,
            "80.000000" : 985661440,
            "90.000000" : 1010827264,
            "95.000000" : 1044381696,
            "99.000000" : 1166016512,
            "99.500000" : 1216348160,
            "99.900000" : 1350565888,
            "99.950000" : 1484783616,
            "99.990000" : 1585446912
          }
        },
        "lat_ns" : {
          "min" : 1039783,
          "max" : 1674263165,
          "mean" : 957419979.083538,
          "stddev" : 70010313.531399,
          "N" : 1281593
        },
        "bw_min" : 3560,
        "bw_max" : 21052,
        "bw_agg" : 99.813949,
        "bw_mean" : 17056.329431,
        "bw_dev" : 84.852043,
        "bw_samples" : 9568,
        "iops_min" : 890,
        "iops_max" : 5262,
        "iops_mean" : 4262.859532,
        "iops_stddev" : 21.208443,
        "iops_samples" : 9568
      },
      "write" : {
        "io_bytes" : 0,
        "io_kbytes" : 0,
        "bw_bytes" : 0,
        "bw" : 0,
        "iops" : 0.000000,
        "runtime" : 0,
        "total_ios" : 0,
        "short_ios" : 0,
        "drop_ios" : 0,
        "slat_ns" : {
          "min" : 0,
          "max" : 0,
          "mean" : 0.000000,
          "stddev" : 0.000000,
          "N" : 0
        },
        "clat_ns" : {
          "min" : 0,
          "max" : 0,
          "mean" : 0.000000,
          "stddev" : 0.000000,
          "N" : 0
        },
        "lat_ns" : {
          "min" : 0,
          "max" : 0,
          "mean" : 0.000000,
          "stddev" : 0.000000,
          "N" : 0
        },
        "bw_min" : 0,
        "bw_max" : 0,
        "bw_agg" : 0.000000,
        "bw_mean" : 0.000000,
        "bw_dev" : 0.000000,
        "bw_samples" : 0,
        "iops_min" : 0,
        "iops_max" : 0,
        "iops_mean" : 0.000000,
        "iops_stddev" : 0.000000,
        "iops_samples" : 0
      },
      "trim" : {
        "io_bytes" : 0,
        "io_kbytes" : 0,
        "bw_bytes" : 0,
        "bw" : 0,
        "iops" : 0.000000,
        "runtime" : 0,
        "total_ios" : 0,
        "short_ios" : 0,
        "drop_ios" : 0,
        "slat_ns" : {
          "min" : 0,
          "max" : 0,
          "mean" : 0.000000,
          "stddev" : 0.000000,
          "N" : 0
        },
        "clat_ns" : {
          "min" : 0,
          "max" : 0,
          "mean" : 0.000000,
          "stddev" : 0.000000,
          "N" : 0
        },
        "lat_ns" : {
          "min" : 0,
          "max" : 0,
          "mean" : 0.000000,
          "stddev" : 0.000000,
          "N" : 0
        },
        "bw_min" : 0,
        "bw_max" : 0,
        "bw_agg" : 0.000000,
        "bw_mean" : 0.000000,
        "bw_dev" : 0.000000,
        "bw_samples" : 0,
        "iops_min" : 0,
        "iops_max" : 0,
        "iops_mean" : 0.000000,
        "iops_stddev" : 0.000000,
        "iops_samples" : 0
      },
      "sync" : {
        "total_ios" : 0,
        "lat_ns" : {
          "min" : 0,
          "max" : 0,
          "mean" : 0.000000,
          "stddev" : 0.000000,
          "N" : 0
        }
      },
      "job_runtime" : 4800005,
      "usr_cpu" : 0.664520,
      "sys_cpu" : 4.425204,
      "ctx" : 1281823,
      "majf" : 0,
      "minf" : 4734,
      "iodepth_level" : {
        "1" : 0.100000,
        "2" : 0.100000,
        "4" : 0.100000,
        "8" : 0.100000,
        "16" : 0.100000,
        "32" : 0.100000,
        ">=64" : 99.921348
      },
      "iodepth_submit" : {
        "0" : 0.000000,
        "4" : 100.000000,
        "8" : 0.000000,
        "16" : 0.000000,
        "32" : 0.000000,
        "64" : 0.000000,
        ">=64" : 0.000000
      },
      "iodepth_complete" : {
        "0" : 0.000000,
        "4" : 99.998748,
        "8" : 0.000000,
        "16" : 0.000000,
        "32" : 0.000000,
        "64" : 0.000000,
        ">=64" : 0.100000
      },
      "latency_ns" : {
        "2" : 0.000000,
        "4" : 0.000000,
        "10" : 0.000000,
        "20" : 0.000000,
        "50" : 0.000000,
        "100" : 0.000000,
        "250" : 0.000000,
        "500" : 0.000000,
        "750" : 0.000000,
        "1000" : 0.000000
      },
      "latency_us" : {
        "2" : 0.000000,
        "4" : 0.000000,
        "10" : 0.000000,
        "20" : 0.010000,
        "50" : 0.010000,
        "100" : 0.000000,
        "250" : 0.000000,
        "500" : 0.000000,
        "750" : 0.000000,
        "1000" : 0.000000
      },
      "latency_ms" : {
        "2" : 0.010000,
        "4" : 0.010000,
        "10" : 0.010000,
        "20" : 0.010000,
        "50" : 0.024891,
        "100" : 0.034332,
        "250" : 0.077326,
        "500" : 0.095662,
        "750" : 0.118290,
        "1000" : 85.577402,
        "2000" : 14.051341,
        ">=2000" : 0.000000
      },
      "latency_depth" : 256,
      "latency_target" : 0,
      "latency_percentile" : 100.000000,
      "latency_window" : 0
    }
  ]
}
