{
  "fio version" : "fio-3.27",
  "timestamp" : 1627016615,
  "timestamp_ms" : 1627016615084,
  "time" : "Fri Jul 23 07:03:35 2021",
  "jobs" : [
    {
      "jobname" : "randrw",
      "groupid" : 0,
      "error" : 0,
      "eta" : 0,
      "elapsed" : 302,
      "job options" : {
        "bs" : "4K",
        "iodepth" : "256",
        "direct" : "0",
        "ioengine" : "libaio",
        "time_based" : "1",
        "runtime" : "300",
        "numjobs" : "32",
        "size" : "1g",
        "name" : "randrw",
        "rw" : "randrw",
        "directory" : "/scratch/snx2000/ccocha/randrw/32_node",
        "filename_format" : "$jobname.25.$jobnum.$filenum"
      },
      "read" : {
        "io_bytes" : 290856960,
        "io_kbytes" : 284040,
        "bw_bytes" : 966151,
        "bw" : 943,
        "iops" : 235.876790,
        "runtime" : 301047,
        "total_ios" : 71010,
        "short_ios" : 0,
        "drop_ios" : 0,
        "slat_ns" : {
          "min" : 484446,
          "max" : 40122899100,
          "mean" : 134929969.649261,
          "stddev" : 620404770.878367,
          "N" : 71010
        },
        "clat_ns" : {
          "min" : 19950,
          "max" : 94010575600,
          "mean" : 17290028437.022991,
          "stddev" : 16203190477.634506,
          "N" : 71010,
          "percentile" : {
            "1.000000" : 943718400,
            "5.000000" : 1249902592,
            "10.000000" : 1417674752,
            "20.000000" : 1652555776,
            "30.000000" : 3439329280,
            "40.000000" : 13354663936,
            "50.000000" : 15233712128,
            "60.000000" : 17112760320,
            "70.000000" : 17112760320,
            "80.000000" : 17112760320,
            "90.000000" : 17112760320,
            "95.000000" : 17112760320,
            "99.000000" : 17112760320,
            "99.500000" : 17112760320,
            "99.900000" : 17112760320,
            "99.950000" : 17112760320,
            "99.990000" : 17112760320
          }
        },
        "lat_ns" : {
          "min" : 128490305,
          "max" : 94022527463,
          "mean" : 17424961963.057213,
          "stddev" : 16286223920.954788,
          "N" : 71010
        },
        "bw_min" : 256,
        "bw_max" : 14952,
        "bw_agg" : 100.000000,
        "bw_mean" : 1259.995439,
        "bw_dev" : 60.862811,
        "bw_samples" : 13424,
        "iops_min" : 64,
        "iops_max" : 3738,
        "iops_mean" : 314.998860,
        "iops_stddev" : 15.215703,
        "iops_samples" : 13424
      },
      "write" : {
        "io_bytes" : 289746944,
        "io_kbytes" : 282956,
        "bw_bytes" : 962464,
        "bw" : 939,
        "iops" : 234.976598,
        "runtime" : 301047,
        "total_ios" : 70739,
        "short_ios" : 0,
        "drop_ios" : 0,
        "slat_ns" : {
          "min" : 75291,
          "max" : 1515218649,
          "mean" : 431635.256351,
          "stddev" : 20803358.280398,
          "N" : 70739
        },
        "clat_ns" : {
          "min" : 369880686,
          "max" : 94010566220,
          "mean" : 17248923508.302052,
          "stddev" : 16218495453.427406,
          "N" : 70739,
          "percentile" : {
            "1.000000" : 935329792,
            "5.000000" : 1266679808,
            "10.000000" : 1417674752,
            "20.000000" : 1652555776,
            "30.000000" : 3405774848,
            "40.000000" : 13220446208,
            "50.000000" : 15233712128,
            "60.000000" : 17112760320,
            "70.000000" : 17112760320,
            "80.000000" : 17112760320,
            "90.000000" : 17112760320,
            "95.000000" : 17112760320,
            "99.000000" : 17112760320,
            "99.500000" : 17112760320,
            "99.900000" : 17112760320,
            "99.950000" : 17112760320,
            "99.990000" : 17112760320
          }
        },
        "lat_ns" : {
          "min" : 369994917,
          "max" : 94010700521,
          "mean" : 17249356494.359802,
          "stddev" : 16218803056.479328,
          "N" : 70739
        },
        "bw_min" : 256,
        "bw_max" : 14784,
        "bw_agg" : 100.000000,
        "bw_mean" : 1249.209864,
        "bw_dev" : 61.488826,
        "bw_samples" : 13492,
        "iops_min" : 64,
        "iops_max" : 3696,
        "iops_mean" : 312.302466,
        "iops_stddev" : 15.372207,
        "iops_samples" : 13492
      },
      "trim" : {
        "io_bytes" : 0,
        "io_kbytes" : 0,
        "bw_bytes" : 0,
        "bw" : 0,
        "iops" : 0.000000,
        "runtime" : 0,
        "total_ios" : 0,
        "short_ios" : 0,
        "drop_ios" : 0,
        "slat_ns" : {
          "min" : 0,
          "max" : 0,
          "mean" : 0.000000,
          "stddev" : 0.000000,
          "N" : 0
        },
        "clat_ns" : {
          "min" : 0,
          "max" : 0,
          "mean" : 0.000000,
          "stddev" : 0.000000,
          "N" : 0
        },
        "lat_ns" : {
          "min" : 0,
          "max" : 0,
          "mean" : 0.000000,
          "stddev" : 0.000000,
          "N" : 0
        },
        "bw_min" : 0,
        "bw_max" : 0,
        "bw_agg" : 0.000000,
        "bw_mean" : 0.000000,
        "bw_dev" : 0.000000,
        "bw_samples" : 0,
        "iops_min" : 0,
        "iops_max" : 0,
        "iops_mean" : 0.000000,
        "iops_stddev" : 0.000000,
        "iops_samples" : 0
      },
      "sync" : {
        "total_ios" : 0,
        "lat_ns" : {
          "min" : 0,
          "max" : 0,
          "mean" : 0.000000,
          "stddev" : 0.000000,
          "N" : 0
        }
      },
      "job_runtime" : 9614872,
      "usr_cpu" : 0.033999,
      "sys_cpu" : 0.222655,
      "ctx" : 71320,
      "majf" : 0,
      "minf" : 1315,
      "iodepth_level" : {
        "1" : 0.100000,
        "2" : 0.100000,
        "4" : 0.100000,
        "8" : 0.180601,
        "16" : 0.361202,
        "32" : 0.722404,
        ">=64" : 98.577768
      },
      "iodepth_submit" : {
        "0" : 0.000000,
        "4" : 100.000000,
        "8" : 0.000000,
        "16" : 0.000000,
        "32" : 0.000000,
        "64" : 0.000000,
        ">=64" : 0.000000
      },
      "iodepth_complete" : {
        "0" : 0.000000,
        "4" : 99.976052,
        "8" : 0.000000,
        "16" : 0.000000,
        "32" : 0.000000,
        "64" : 0.000000,
        ">=64" : 0.100000
      },
      "latency_ns" : {
        "2" : 0.000000,
        "4" : 0.000000,
        "10" : 0.000000,
        "20" : 0.000000,
        "50" : 0.000000,
        "100" : 0.000000,
        "250" : 0.000000,
        "500" : 0.000000,
        "750" : 0.000000,
        "1000" : 0.000000
      },
      "latency_us" : {
        "2" : 0.000000,
        "4" : 0.000000,
        "10" : 0.000000,
        "20" : 0.010000,
        "50" : 0.021870,
        "100" : 0.000000,
        "250" : 0.000000,
        "500" : 0.000000,
        "750" : 0.000000,
        "1000" : 0.000000
      },
      "latency_ms" : {
        "2" : 0.000000,
        "4" : 0.000000,
        "10" : 0.000000,
        "20" : 0.000000,
        "50" : 0.000000,
        "100" : 0.000000,
        "250" : 0.010000,
        "500" : 0.010000,
        "750" : 0.098061,
        "1000" : 1.429287,
        "2000" : 21.746891,
        ">=2000" : 76.694721
      },
      "latency_depth" : 256,
      "latency_target" : 0,
      "latency_percentile" : 100.000000,
      "latency_window" : 0
    }
  ]
}
