{
  "fio version" : "fio-3.27",
  "timestamp" : 1627429329,
  "timestamp_ms" : 1627429329037,
  "time" : "Wed Jul 28 01:42:09 2021",
  "jobs" : [
    {
      "jobname" : "seq-read",
      "groupid" : 0,
      "error" : 0,
      "eta" : 0,
      "elapsed" : 301,
      "job options" : {
        "bs" : "4K",
        "iodepth" : "256",
        "direct" : "1",
        "ioengine" : "libaio",
        "time_based" : "1",
        "runtime" : "300",
        "numjobs" : "64",
        "size" : "1g",
        "name" : "seq-read",
        "rw" : "read",
        "directory" : "/scratch/snx2000/ccocha/seqread/64_node/",
        "filename_format" : "$jobname.52.$jobnum.$filenum"
      },
      "read" : {
        "io_bytes" : 11137777664,
        "io_kbytes" : 10876736,
        "bw_bytes" : 37124069,
        "bw" : 36253,
        "iops" : 9063.493492,
        "runtime" : 300015,
        "total_ios" : 2719184,
        "short_ios" : 0,
        "drop_ios" : 0,
        "slat_ns" : {
          "min" : 541181,
          "max" : 522246548,
          "mean" : 7037060.627088,
          "stddev" : 3410561.938973,
          "N" : 2719184
        },
        "clat_ns" : {
          "min" : 14620,
          "max" : 3162565172,
          "mean" : 1797894164.249673,
          "stddev" : 207383713.300191,
          "N" : 2719184,
          "percentile" : {
            "1.000000" : 1052770304,
            "5.000000" : 1568669696,
            "10.000000" : 1619001344,
            "20.000000" : 1652555776,
            "30.000000" : 1702887424,
            "40.000000" : 1736441856,
            "50.000000" : 1786773504,
            "60.000000" : 1837105152,
            "70.000000" : 1904214016,
            "80.000000" : 1954545664,
            "90.000000" : 2021654528,
            "95.000000" : 2071986176,
            "99.000000" : 2298478592,
            "99.500000" : 2466250752,
            "99.900000" : 2768240640,
            "99.950000" : 2835349504,
            "99.990000" : 3070230528
          }
        },
        "lat_ns" : {
          "min" : 5154926,
          "max" : 3170144243,
          "mean" : 1804934655.965079,
          "stddev" : 208031971.514049,
          "N" : 2719184
        },
        "bw_min" : 10448,
        "bw_max" : 67576,
        "bw_agg" : 99.671833,
        "bw_mean" : 36135.453247,
        "bw_dev" : 60.338647,
        "bw_samples" : 38260,
        "iops_min" : 2612,
        "iops_max" : 16894,
        "iops_mean" : 9027.994235,
        "iops_stddev" : 15.073995,
        "iops_samples" : 38260
      },
      "write" : {
        "io_bytes" : 0,
        "io_kbytes" : 0,
        "bw_bytes" : 0,
        "bw" : 0,
        "iops" : 0.000000,
        "runtime" : 0,
        "total_ios" : 0,
        "short_ios" : 0,
        "drop_ios" : 0,
        "slat_ns" : {
          "min" : 0,
          "max" : 0,
          "mean" : 0.000000,
          "stddev" : 0.000000,
          "N" : 0
        },
        "clat_ns" : {
          "min" : 0,
          "max" : 0,
          "mean" : 0.000000,
          "stddev" : 0.000000,
          "N" : 0
        },
        "lat_ns" : {
          "min" : 0,
          "max" : 0,
          "mean" : 0.000000,
          "stddev" : 0.000000,
          "N" : 0
        },
        "bw_min" : 0,
        "bw_max" : 0,
        "bw_agg" : 0.000000,
        "bw_mean" : 0.000000,
        "bw_dev" : 0.000000,
        "bw_samples" : 0,
        "iops_min" : 0,
        "iops_max" : 0,
        "iops_mean" : 0.000000,
        "iops_stddev" : 0.000000,
        "iops_samples" : 0
      },
      "trim" : {
        "io_bytes" : 0,
        "io_kbytes" : 0,
        "bw_bytes" : 0,
        "bw" : 0,
        "iops" : 0.000000,
        "runtime" : 0,
        "total_ios" : 0,
        "short_ios" : 0,
        "drop_ios" : 0,
        "slat_ns" : {
          "min" : 0,
          "max" : 0,
          "mean" : 0.000000,
          "stddev" : 0.000000,
          "N" : 0
        },
        "clat_ns" : {
          "min" : 0,
          "max" : 0,
          "mean" : 0.000000,
          "stddev" : 0.000000,
          "N" : 0
        },
        "lat_ns" : {
          "min" : 0,
          "max" : 0,
          "mean" : 0.000000,
          "stddev" : 0.000000,
          "N" : 0
        },
        "bw_min" : 0,
        "bw_max" : 0,
        "bw_agg" : 0.000000,
        "bw_mean" : 0.000000,
        "bw_dev" : 0.000000,
        "bw_samples" : 0,
        "iops_min" : 0,
        "iops_max" : 0,
        "iops_mean" : 0.000000,
        "iops_stddev" : 0.000000,
        "iops_samples" : 0
      },
      "sync" : {
        "total_ios" : 0,
        "lat_ns" : {
          "min" : 0,
          "max" : 0,
          "mean" : 0.000000,
          "stddev" : 0.000000,
          "N" : 0
        }
      },
      "job_runtime" : 19200224,
      "usr_cpu" : 0.403297,
      "sys_cpu" : 2.370728,
      "ctx" : 2719829,
      "majf" : 0,
      "minf" : 18958,
      "iodepth_level" : {
        "1" : 0.100000,
        "2" : 0.100000,
        "4" : 0.100000,
        "8" : 0.100000,
        "16" : 0.100000,
        "32" : 0.100000,
        ">=64" : 99.851720
      },
      "iodepth_submit" : {
        "0" : 0.000000,
        "4" : 100.000000,
        "8" : 0.000000,
        "16" : 0.000000,
        "32" : 0.000000,
        "64" : 0.000000,
        ">=64" : 0.000000
      },
      "iodepth_complete" : {
        "0" : 0.000000,
        "4" : 99.997632,
        "8" : 0.000000,
        "16" : 0.000000,
        "32" : 0.000000,
        "64" : 0.000000,
        ">=64" : 0.100000
      },
      "latency_ns" : {
        "2" : 0.000000,
        "4" : 0.000000,
        "10" : 0.000000,
        "20" : 0.000000,
        "50" : 0.000000,
        "100" : 0.000000,
        "250" : 0.000000,
        "500" : 0.000000,
        "750" : 0.000000,
        "1000" : 0.000000
      },
      "latency_us" : {
        "2" : 0.000000,
        "4" : 0.000000,
        "10" : 0.000000,
        "20" : 0.010000,
        "50" : 0.010000,
        "100" : 0.000000,
        "250" : 0.000000,
        "500" : 0.000000,
        "750" : 0.000000,
        "1000" : 0.000000
      },
      "latency_ms" : {
        "2" : 0.000000,
        "4" : 0.000000,
        "10" : 0.010000,
        "20" : 0.010000,
        "50" : 0.010113,
        "100" : 0.017174,
        "250" : 0.051265,
        "500" : 0.082231,
        "750" : 0.125773,
        "1000" : 0.569178,
        "2000" : 86.076889,
        ">=2000" : 13.059138
      },
      "latency_depth" : 256,
      "latency_target" : 0,
      "latency_percentile" : 100.000000,
      "latency_window" : 0
    }
  ]
}
