{
  "fio version" : "fio-3.27",
  "timestamp" : 1627026754,
  "timestamp_ms" : 1627026754700,
  "time" : "Fri Jul 23 09:52:34 2021",
  "jobs" : [
    {
      "jobname" : "randrw",
      "groupid" : 0,
      "error" : 0,
      "eta" : 0,
      "elapsed" : 302,
      "job options" : {
        "bs" : "4K",
        "iodepth" : "256",
        "direct" : "0",
        "ioengine" : "libaio",
        "time_based" : "1",
        "runtime" : "300",
        "numjobs" : "16",
        "size" : "1g",
        "name" : "randrw",
        "rw" : "randrw",
        "directory" : "/scratch/snx2000/ccocha/randrw/128_node",
        "filename_format" : "$jobname.80.$jobnum.$filenum"
      },
      "read" : {
        "io_bytes" : 86032384,
        "io_kbytes" : 84016,
        "bw_bytes" : 285699,
        "bw" : 279,
        "iops" : 69.750838,
        "runtime" : 301129,
        "total_ios" : 21004,
        "short_ios" : 0,
        "drop_ios" : 0,
        "slat_ns" : {
          "min" : 5106391,
          "max" : 82466629721,
          "mean" : 228782706.618549,
          "stddev" : 2012157781.046328,
          "N" : 21004
        },
        "clat_ns" : {
          "min" : 19310,
          "max" : 135101472067,
          "mean" : 28803659248.306084,
          "stddev" : 27668930393.557831,
          "N" : 21004,
          "percentile" : {
            "1.000000" : 2466250752,
            "5.000000" : 2768240640,
            "10.000000" : 2936012800,
            "20.000000" : 3338665984,
            "30.000000" : 8556380160,
            "40.000000" : 17112760320,
            "50.000000" : 17112760320,
            "60.000000" : 17112760320,
            "70.000000" : 17112760320,
            "80.000000" : 17112760320,
            "90.000000" : 17112760320,
            "95.000000" : 17112760320,
            "99.000000" : 17112760320,
            "99.500000" : 17112760320,
            "99.900000" : 17112760320,
            "99.950000" : 17112760320,
            "99.990000" : 17112760320
          }
        },
        "lat_ns" : {
          "min" : 655213922,
          "max" : 135600258404,
          "mean" : 29032445401.187828,
          "stddev" : 27779800825.871349,
          "N" : 21004
        },
        "bw_min" : 128,
        "bw_max" : 4744,
        "bw_agg" : 100.000000,
        "bw_mean" : 675.843974,
        "bw_dev" : 50.059038,
        "bw_samples" : 3608,
        "iops_min" : 32,
        "iops_max" : 1186,
        "iops_mean" : 168.960993,
        "iops_stddev" : 12.514759,
        "iops_samples" : 3608
      },
      "write" : {
        "io_bytes" : 86622208,
        "io_kbytes" : 84592,
        "bw_bytes" : 287658,
        "bw" : 280,
        "iops" : 70.229038,
        "runtime" : 301129,
        "total_ios" : 21148,
        "short_ios" : 0,
        "drop_ios" : 0,
        "slat_ns" : {
          "min" : 75480,
          "max" : 1761565,
          "mean" : 121682.883724,
          "stddev" : 51308.178373,
          "N" : 21148
        },
        "clat_ns" : {
          "min" : 679755573,
          "max" : 135600088842,
          "mean" : 29081816410.390919,
          "stddev" : 28002868481.141071,
          "N" : 21148,
          "percentile" : {
            "1.000000" : 2499805184,
            "5.000000" : 2801795072,
            "10.000000" : 2969567232,
            "20.000000" : 3372220416,
            "30.000000" : 8556380160,
            "40.000000" : 17112760320,
            "50.000000" : 17112760320,
            "60.000000" : 17112760320,
            "70.000000" : 17112760320,
            "80.000000" : 17112760320,
            "90.000000" : 17112760320,
            "95.000000" : 17112760320,
            "99.000000" : 17112760320,
            "99.500000" : 17112760320,
            "99.900000" : 17112760320,
            "99.950000" : 17112760320,
            "99.990000" : 17112760320
          }
        },
        "lat_ns" : {
          "min" : 679925684,
          "max" : 135600176683,
          "mean" : 29081939307.221947,
          "stddev" : 28002867450.369820,
          "N" : 21148
        },
        "bw_min" : 128,
        "bw_max" : 4696,
        "bw_agg" : 100.000000,
        "bw_mean" : 678.620525,
        "bw_dev" : 50.368187,
        "bw_samples" : 3626,
        "iops_min" : 32,
        "iops_max" : 1174,
        "iops_mean" : 169.655131,
        "iops_stddev" : 12.592047,
        "iops_samples" : 3626
      },
      "trim" : {
        "io_bytes" : 0,
        "io_kbytes" : 0,
        "bw_bytes" : 0,
        "bw" : 0,
        "iops" : 0.000000,
        "runtime" : 0,
        "total_ios" : 0,
        "short_ios" : 0,
        "drop_ios" : 0,
        "slat_ns" : {
          "min" : 0,
          "max" : 0,
          "mean" : 0.000000,
          "stddev" : 0.000000,
          "N" : 0
        },
        "clat_ns" : {
          "min" : 0,
          "max" : 0,
          "mean" : 0.000000,
          "stddev" : 0.000000,
          "N" : 0
        },
        "lat_ns" : {
          "min" : 0,
          "max" : 0,
          "mean" : 0.000000,
          "stddev" : 0.000000,
          "N" : 0
        },
        "bw_min" : 0,
        "bw_max" : 0,
        "bw_agg" : 0.000000,
        "bw_mean" : 0.000000,
        "bw_dev" : 0.000000,
        "bw_samples" : 0,
        "iops_min" : 0,
        "iops_max" : 0,
        "iops_mean" : 0.000000,
        "iops_stddev" : 0.000000,
        "iops_samples" : 0
      },
      "sync" : {
        "total_ios" : 0,
        "lat_ns" : {
          "min" : 0,
          "max" : 0,
          "mean" : 0.000000,
          "stddev" : 0.000000,
          "N" : 0
        }
      },
      "job_runtime" : 4808759,
      "usr_cpu" : 0.018071,
      "sys_cpu" : 0.129139,
      "ctx" : 21162,
      "majf" : 0,
      "minf" : 654,
      "iodepth_level" : {
        "1" : 0.100000,
        "2" : 0.100000,
        "4" : 0.151831,
        "8" : 0.303663,
        "16" : 0.607326,
        "32" : 1.214652,
        ">=64" : 97.608654
      },
      "iodepth_submit" : {
        "0" : 0.000000,
        "4" : 100.000000,
        "8" : 0.000000,
        "16" : 0.000000,
        "32" : 0.000000,
        "64" : 0.000000,
        ">=64" : 0.000000
      },
      "iodepth_complete" : {
        "0" : 0.000000,
        "4" : 99.957992,
        "8" : 0.000000,
        "16" : 0.000000,
        "32" : 0.000000,
        "64" : 0.000000,
        ">=64" : 0.100000
      },
      "latency_ns" : {
        "2" : 0.000000,
        "4" : 0.000000,
        "10" : 0.000000,
        "20" : 0.000000,
        "50" : 0.000000,
        "100" : 0.000000,
        "250" : 0.000000,
        "500" : 0.000000,
        "750" : 0.000000,
        "1000" : 0.000000
      },
      "latency_us" : {
        "2" : 0.000000,
        "4" : 0.000000,
        "10" : 0.000000,
        "20" : 0.010000,
        "50" : 0.035586,
        "100" : 0.000000,
        "250" : 0.000000,
        "500" : 0.000000,
        "750" : 0.000000,
        "1000" : 0.000000
      },
      "latency_ms" : {
        "2" : 0.000000,
        "4" : 0.000000,
        "10" : 0.000000,
        "20" : 0.000000,
        "50" : 0.000000,
        "100" : 0.000000,
        "250" : 0.000000,
        "500" : 0.000000,
        "750" : 0.011862,
        "1000" : 0.010000,
        "2000" : 0.028468,
        ">=2000" : 99.916967
      },
      "latency_depth" : 256,
      "latency_target" : 0,
      "latency_percentile" : 100.000000,
      "latency_window" : 0
    }
  ]
}
