{
  "fio version" : "fio-3.27",
  "timestamp" : 1627436981,
  "timestamp_ms" : 1627436981265,
  "time" : "Wed Jul 28 03:49:41 2021",
  "jobs" : [
    {
      "jobname" : "seq-read",
      "groupid" : 0,
      "error" : 0,
      "eta" : 0,
      "elapsed" : 301,
      "job options" : {
        "bs" : "4K",
        "iodepth" : "256",
        "direct" : "1",
        "ioengine" : "libaio",
        "time_based" : "1",
        "runtime" : "300",
        "numjobs" : "1",
        "size" : "1g",
        "name" : "seq-read",
        "rw" : "read",
        "directory" : "/scratch/snx2000/ccocha/seqread/150_node/",
        "filename_format" : "$jobname.80.$jobnum.$filenum"
      },
      "read" : {
        "io_bytes" : 1940516864,
        "io_kbytes" : 1895036,
        "bw_bytes" : 6468367,
        "bw" : 6316,
        "iops" : 1579.191403,
        "runtime" : 300001,
        "total_ios" : 473759,
        "short_ios" : 0,
        "drop_ios" : 0,
        "slat_ns" : {
          "min" : 355080,
          "max" : 101107146,
          "mean" : 620368.169141,
          "stddev" : 933007.124470,
          "N" : 473759
        },
        "clat_ns" : {
          "min" : 11980,
          "max" : 341398195,
          "mean" : 161415079.112421,
          "stddev" : 26754892.837093,
          "N" : 473759,
          "percentile" : {
            "1.000000" : 127401984,
            "5.000000" : 132644864,
            "10.000000" : 135266304,
            "20.000000" : 141557760,
            "30.000000" : 145752064,
            "40.000000" : 149946368,
            "50.000000" : 154140672,
            "60.000000" : 160432128,
            "70.000000" : 166723584,
            "80.000000" : 175112192,
            "90.000000" : 193986560,
            "95.000000" : 214958080,
            "99.000000" : 261095424,
            "99.500000" : 283115520,
            "99.900000" : 312475648,
            "99.950000" : 325058560,
            "99.990000" : 337641472
          }
        },
        "lat_ns" : {
          "min" : 488200,
          "max" : 342038235,
          "mean" : 162037054.161875,
          "stddev" : 26817453.590839,
          "N" : 473759
        },
        "bw_min" : 3336,
        "bw_max" : 7616,
        "bw_agg" : 100.000000,
        "bw_mean" : 6317.232053,
        "bw_dev" : 627.659927,
        "bw_samples" : 599,
        "iops_min" : 834,
        "iops_max" : 1904,
        "iops_mean" : 1579.277129,
        "iops_stddev" : 156.936229,
        "iops_samples" : 599
      },
      "write" : {
        "io_bytes" : 0,
        "io_kbytes" : 0,
        "bw_bytes" : 0,
        "bw" : 0,
        "iops" : 0.000000,
        "runtime" : 0,
        "total_ios" : 0,
        "short_ios" : 0,
        "drop_ios" : 0,
        "slat_ns" : {
          "min" : 0,
          "max" : 0,
          "mean" : 0.000000,
          "stddev" : 0.000000,
          "N" : 0
        },
        "clat_ns" : {
          "min" : 0,
          "max" : 0,
          "mean" : 0.000000,
          "stddev" : 0.000000,
          "N" : 0
        },
        "lat_ns" : {
          "min" : 0,
          "max" : 0,
          "mean" : 0.000000,
          "stddev" : 0.000000,
          "N" : 0
        },
        "bw_min" : 0,
        "bw_max" : 0,
        "bw_agg" : 0.000000,
        "bw_mean" : 0.000000,
        "bw_dev" : 0.000000,
        "bw_samples" : 0,
        "iops_min" : 0,
        "iops_max" : 0,
        "iops_mean" : 0.000000,
        "iops_stddev" : 0.000000,
        "iops_samples" : 0
      },
      "trim" : {
        "io_bytes" : 0,
        "io_kbytes" : 0,
        "bw_bytes" : 0,
        "bw" : 0,
        "iops" : 0.000000,
        "runtime" : 0,
        "total_ios" : 0,
        "short_ios" : 0,
        "drop_ios" : 0,
        "slat_ns" : {
          "min" : 0,
          "max" : 0,
          "mean" : 0.000000,
          "stddev" : 0.000000,
          "N" : 0
        },
        "clat_ns" : {
          "min" : 0,
          "max" : 0,
          "mean" : 0.000000,
          "stddev" : 0.000000,
          "N" : 0
        },
        "lat_ns" : {
          "min" : 0,
          "max" : 0,
          "mean" : 0.000000,
          "stddev" : 0.000000,
          "N" : 0
        },
        "bw_min" : 0,
        "bw_max" : 0,
        "bw_agg" : 0.000000,
        "bw_mean" : 0.000000,
        "bw_dev" : 0.000000,
        "bw_samples" : 0,
        "iops_min" : 0,
        "iops_max" : 0,
        "iops_mean" : 0.000000,
        "iops_stddev" : 0.000000,
        "iops_samples" : 0
      },
      "sync" : {
        "total_ios" : 0,
        "lat_ns" : {
          "min" : 0,
          "max" : 0,
          "mean" : 0.000000,
          "stddev" : 0.000000,
          "N" : 0
        }
      },
      "job_runtime" : 300000,
      "usr_cpu" : 2.132000,
      "sys_cpu" : 16.595667,
      "ctx" : 473774,
      "majf" : 0,
      "minf" : 295,
      "iodepth_level" : {
        "1" : 0.100000,
        "2" : 0.100000,
        "4" : 0.100000,
        "8" : 0.100000,
        "16" : 0.100000,
        "32" : 0.100000,
        ">=64" : 99.986702
      },
      "iodepth_submit" : {
        "0" : 0.000000,
        "4" : 100.000000,
        "8" : 0.000000,
        "16" : 0.000000,
        "32" : 0.000000,
        "64" : 0.000000,
        ">=64" : 0.000000
      },
      "iodepth_complete" : {
        "0" : 0.000000,
        "4" : 99.999789,
        "8" : 0.000000,
        "16" : 0.000000,
        "32" : 0.000000,
        "64" : 0.000000,
        ">=64" : 0.100000
      },
      "latency_ns" : {
        "2" : 0.000000,
        "4" : 0.000000,
        "10" : 0.000000,
        "20" : 0.000000,
        "50" : 0.000000,
        "100" : 0.000000,
        "250" : 0.000000,
        "500" : 0.000000,
        "750" : 0.000000,
        "1000" : 0.000000
      },
      "latency_us" : {
        "2" : 0.000000,
        "4" : 0.000000,
        "10" : 0.000000,
        "20" : 0.010000,
        "50" : 0.000000,
        "100" : 0.000000,
        "250" : 0.000000,
        "500" : 0.010000,
        "750" : 0.000000,
        "1000" : 0.010000
      },
      "latency_ms" : {
        "2" : 0.010000,
        "4" : 0.010000,
        "10" : 0.010000,
        "20" : 0.010000,
        "50" : 0.010000,
        "100" : 0.016886,
        "250" : 98.549685,
        "500" : 1.420131,
        "750" : 0.000000,
        "1000" : 0.000000,
        "2000" : 0.000000,
        ">=2000" : 0.000000
      },
      "latency_depth" : 256,
      "latency_target" : 0,
      "latency_percentile" : 100.000000,
      "latency_window" : 0
    }
  ]
}
