{
  "fio version" : "fio-3.27",
  "timestamp" : 1627023799,
  "timestamp_ms" : 1627023799556,
  "time" : "Fri Jul 23 09:03:19 2021",
  "jobs" : [
    {
      "jobname" : "randrw",
      "groupid" : 0,
      "error" : 0,
      "eta" : 0,
      "elapsed" : 302,
      "job options" : {
        "bs" : "4K",
        "iodepth" : "256",
        "direct" : "0",
        "ioengine" : "libaio",
        "time_based" : "1",
        "runtime" : "300",
        "numjobs" : "32",
        "size" : "1g",
        "name" : "randrw",
        "rw" : "randrw",
        "directory" : "/scratch/snx2000/ccocha/randrw/96_node",
        "filename_format" : "$jobname.33.$jobnum.$filenum"
      },
      "read" : {
        "io_bytes" : 112168960,
        "io_kbytes" : 109540,
        "bw_bytes" : 373157,
        "bw" : 364,
        "iops" : 91.102949,
        "runtime" : 300594,
        "total_ios" : 27385,
        "short_ios" : 0,
        "drop_ios" : 0,
        "slat_ns" : {
          "min" : 530515,
          "max" : 70856206906,
          "mean" : 350816216.692751,
          "stddev" : 1932734347.575797,
          "N" : 27385
        },
        "clat_ns" : {
          "min" : 19960,
          "max" : 132829479676,
          "mean" : 43922478400.357269,
          "stddev" : 30440000060.753574,
          "N" : 27385,
          "percentile" : {
            "1.000000" : 2969567232,
            "5.000000" : 3976200192,
            "10.000000" : 4395630592,
            "20.000000" : 5200936960,
            "30.000000" : 17112760320,
            "40.000000" : 17112760320,
            "50.000000" : 17112760320,
            "60.000000" : 17112760320,
            "70.000000" : 17112760320,
            "80.000000" : 17112760320,
            "90.000000" : 17112760320,
            "95.000000" : 17112760320,
            "99.000000" : 17112760320,
            "99.500000" : 17112760320,
            "99.900000" : 17112760320,
            "99.950000" : 17112760320,
            "99.990000" : 17112760320
          }
        },
        "lat_ns" : {
          "min" : 438650256,
          "max" : 133323156116,
          "mean" : 44273298294.584007,
          "stddev" : 30563175614.445450,
          "N" : 27385
        },
        "bw_min" : 256,
        "bw_max" : 5296,
        "bw_agg" : 100.000000,
        "bw_mean" : 708.175938,
        "bw_dev" : 24.156758,
        "bw_samples" : 8415,
        "iops_min" : 64,
        "iops_max" : 1324,
        "iops_mean" : 177.043985,
        "iops_stddev" : 6.039189,
        "iops_samples" : 8415
      },
      "write" : {
        "io_bytes" : 112619520,
        "io_kbytes" : 109980,
        "bw_bytes" : 374656,
        "bw" : 365,
        "iops" : 91.468892,
        "runtime" : 300594,
        "total_ios" : 27495,
        "short_ios" : 0,
        "drop_ios" : 0,
        "slat_ns" : {
          "min" : 75371,
          "max" : 2281752,
          "mean" : 125531.875614,
          "stddev" : 58799.416883,
          "N" : 27495
        },
        "clat_ns" : {
          "min" : 438661336,
          "max" : 133322989656,
          "mean" : 44885373283.094955,
          "stddev" : 30675140804.966122,
          "N" : 27495,
          "percentile" : {
            "1.000000" : 3103784960,
            "5.000000" : 4009754624,
            "10.000000" : 4395630592,
            "20.000000" : 5335154688,
            "30.000000" : 17112760320,
            "40.000000" : 17112760320,
            "50.000000" : 17112760320,
            "60.000000" : 17112760320,
            "70.000000" : 17112760320,
            "80.000000" : 17112760320,
            "90.000000" : 17112760320,
            "95.000000" : 17112760320,
            "99.000000" : 17112760320,
            "99.500000" : 17112760320,
            "99.900000" : 17112760320,
            "99.950000" : 17112760320,
            "99.990000" : 17112760320
          }
        },
        "lat_ns" : {
          "min" : 438836208,
          "max" : 133323083636,
          "mean" : 44885500080.236961,
          "stddev" : 30675139122.016014,
          "N" : 27495
        },
        "bw_min" : 256,
        "bw_max" : 5304,
        "bw_agg" : 100.000000,
        "bw_mean" : 701.504162,
        "bw_dev" : 23.372089,
        "bw_samples" : 8532,
        "iops_min" : 64,
        "iops_max" : 1326,
        "iops_mean" : 175.376041,
        "iops_stddev" : 5.843022,
        "iops_samples" : 8532
      },
      "trim" : {
        "io_bytes" : 0,
        "io_kbytes" : 0,
        "bw_bytes" : 0,
        "bw" : 0,
        "iops" : 0.000000,
        "runtime" : 0,
        "total_ios" : 0,
        "short_ios" : 0,
        "drop_ios" : 0,
        "slat_ns" : {
          "min" : 0,
          "max" : 0,
          "mean" : 0.000000,
          "stddev" : 0.000000,
          "N" : 0
        },
        "clat_ns" : {
          "min" : 0,
          "max" : 0,
          "mean" : 0.000000,
          "stddev" : 0.000000,
          "N" : 0
        },
        "lat_ns" : {
          "min" : 0,
          "max" : 0,
          "mean" : 0.000000,
          "stddev" : 0.000000,
          "N" : 0
        },
        "bw_min" : 0,
        "bw_max" : 0,
        "bw_agg" : 0.000000,
        "bw_mean" : 0.000000,
        "bw_dev" : 0.000000,
        "bw_samples" : 0,
        "iops_min" : 0,
        "iops_max" : 0,
        "iops_mean" : 0.000000,
        "iops_stddev" : 0.000000,
        "iops_samples" : 0
      },
      "sync" : {
        "total_ios" : 0,
        "lat_ns" : {
          "min" : 0,
          "max" : 0,
          "mean" : 0.000000,
          "stddev" : 0.000000,
          "N" : 0
        }
      },
      "job_runtime" : 9611716,
      "usr_cpu" : 0.013744,
      "sys_cpu" : 0.085739,
      "ctx" : 27683,
      "majf" : 0,
      "minf" : 1309,
      "iodepth_level" : {
        "1" : 0.100000,
        "2" : 0.116618,
        "4" : 0.233236,
        "8" : 0.466472,
        "16" : 0.932945,
        "32" : 1.865889,
        ">=64" : 96.326531
      },
      "iodepth_submit" : {
        "0" : 0.000000,
        "4" : 100.000000,
        "8" : 0.000000,
        "16" : 0.000000,
        "32" : 0.000000,
        "64" : 0.000000,
        ">=64" : 0.000000
      },
      "iodepth_complete" : {
        "0" : 0.000000,
        "4" : 99.931554,
        "8" : 0.000000,
        "16" : 0.000000,
        "32" : 0.000000,
        "64" : 0.000000,
        ">=64" : 0.100000
      },
      "latency_ns" : {
        "2" : 0.000000,
        "4" : 0.000000,
        "10" : 0.000000,
        "20" : 0.000000,
        "50" : 0.000000,
        "100" : 0.000000,
        "250" : 0.000000,
        "500" : 0.000000,
        "750" : 0.000000,
        "1000" : 0.000000
      },
      "latency_us" : {
        "2" : 0.000000,
        "4" : 0.000000,
        "10" : 0.000000,
        "20" : 0.010000,
        "50" : 0.056487,
        "100" : 0.000000,
        "250" : 0.000000,
        "500" : 0.000000,
        "750" : 0.000000,
        "1000" : 0.000000
      },
      "latency_ms" : {
        "2" : 0.000000,
        "4" : 0.000000,
        "10" : 0.000000,
        "20" : 0.000000,
        "50" : 0.000000,
        "100" : 0.000000,
        "250" : 0.000000,
        "500" : 0.010000,
        "750" : 0.071064,
        "1000" : 0.054665,
        "2000" : 0.236880,
        ">=2000" : 99.571793
      },
      "latency_depth" : 256,
      "latency_target" : 0,
      "latency_percentile" : 100.000000,
      "latency_window" : 0
    }
  ]
}
