{
  "fio version" : "fio-3.27",
  "timestamp" : 1627434016,
  "timestamp_ms" : 1627434016500,
  "time" : "Wed Jul 28 03:00:16 2021",
  "jobs" : [
    {
      "jobname" : "seq-read",
      "groupid" : 0,
      "error" : 0,
      "eta" : 0,
      "elapsed" : 301,
      "job options" : {
        "bs" : "4K",
        "iodepth" : "256",
        "direct" : "1",
        "ioengine" : "libaio",
        "time_based" : "1",
        "runtime" : "300",
        "numjobs" : "4",
        "size" : "1g",
        "name" : "seq-read",
        "rw" : "read",
        "directory" : "/scratch/snx2000/ccocha/seqread/128_node/",
        "filename_format" : "$jobname.51.$jobnum.$filenum"
      },
      "read" : {
        "io_bytes" : 5123473408,
        "io_kbytes" : 5003392,
        "bw_bytes" : 17078187,
        "bw" : 16677,
        "iops" : 4169.479435,
        "runtime" : 300001,
        "total_ios" : 1250848,
        "short_ios" : 0,
        "drop_ios" : 0,
        "slat_ns" : {
          "min" : 433645,
          "max" : 94486091,
          "mean" : 941672.434145,
          "stddev" : 991269.458649,
          "N" : 1250848
        },
        "clat_ns" : {
          "min" : 12130,
          "max" : 405026365,
          "mean" : 244498807.645098,
          "stddev" : 26533504.448600,
          "N" : 1250848,
          "percentile" : {
            "1.000000" : 204472320,
            "5.000000" : 212860928,
            "10.000000" : 217055232,
            "20.000000" : 223346688,
            "30.000000" : 229638144,
            "40.000000" : 233832448,
            "50.000000" : 240123904,
            "60.000000" : 244318208,
            "70.000000" : 252706816,
            "80.000000" : 263192576,
            "90.000000" : 278921216,
            "95.000000" : 295698432,
            "99.000000" : 329252864,
            "99.500000" : 341835776,
            "99.900000" : 367001600,
            "99.950000" : 379584512,
            "99.990000" : 396361728
          }
        },
        "lat_ns" : {
          "min" : 510116,
          "max" : 405936076,
          "mean" : 245442683.108234,
          "stddev" : 26598666.253328,
          "N" : 1250848
        },
        "bw_min" : 5976,
        "bw_max" : 19552,
        "bw_agg" : 99.970518,
        "bw_mean" : 16673.924875,
        "bw_dev" : 333.242593,
        "bw_samples" : 2396,
        "iops_min" : 1494,
        "iops_max" : 4888,
        "iops_mean" : 4168.469115,
        "iops_stddev" : 83.313594,
        "iops_samples" : 2396
      },
      "write" : {
        "io_bytes" : 0,
        "io_kbytes" : 0,
        "bw_bytes" : 0,
        "bw" : 0,
        "iops" : 0.000000,
        "runtime" : 0,
        "total_ios" : 0,
        "short_ios" : 0,
        "drop_ios" : 0,
        "slat_ns" : {
          "min" : 0,
          "max" : 0,
          "mean" : 0.000000,
          "stddev" : 0.000000,
          "N" : 0
        },
        "clat_ns" : {
          "min" : 0,
          "max" : 0,
          "mean" : 0.000000,
          "stddev" : 0.000000,
          "N" : 0
        },
        "lat_ns" : {
          "min" : 0,
          "max" : 0,
          "mean" : 0.000000,
          "stddev" : 0.000000,
          "N" : 0
        },
        "bw_min" : 0,
        "bw_max" : 0,
        "bw_agg" : 0.000000,
        "bw_mean" : 0.000000,
        "bw_dev" : 0.000000,
        "bw_samples" : 0,
        "iops_min" : 0,
        "iops_max" : 0,
        "iops_mean" : 0.000000,
        "iops_stddev" : 0.000000,
        "iops_samples" : 0
      },
      "trim" : {
        "io_bytes" : 0,
        "io_kbytes" : 0,
        "bw_bytes" : 0,
        "bw" : 0,
        "iops" : 0.000000,
        "runtime" : 0,
        "total_ios" : 0,
        "short_ios" : 0,
        "drop_ios" : 0,
        "slat_ns" : {
          "min" : 0,
          "max" : 0,
          "mean" : 0.000000,
          "stddev" : 0.000000,
          "N" : 0
        },
        "clat_ns" : {
          "min" : 0,
          "max" : 0,
          "mean" : 0.000000,
          "stddev" : 0.000000,
          "N" : 0
        },
        "lat_ns" : {
          "min" : 0,
          "max" : 0,
          "mean" : 0.000000,
          "stddev" : 0.000000,
          "N" : 0
        },
        "bw_min" : 0,
        "bw_max" : 0,
        "bw_agg" : 0.000000,
        "bw_mean" : 0.000000,
        "bw_dev" : 0.000000,
        "bw_samples" : 0,
        "iops_min" : 0,
        "iops_max" : 0,
        "iops_mean" : 0.000000,
        "iops_stddev" : 0.000000,
        "iops_samples" : 0
      },
      "sync" : {
        "total_ios" : 0,
        "lat_ns" : {
          "min" : 0,
          "max" : 0,
          "mean" : 0.000000,
          "stddev" : 0.000000,
          "N" : 0
        }
      },
      "job_runtime" : 1200000,
      "usr_cpu" : 2.104833,
      "sys_cpu" : 13.754583,
      "ctx" : 1251004,
      "majf" : 0,
      "minf" : 1183,
      "iodepth_level" : {
        "1" : 0.100000,
        "2" : 0.100000,
        "4" : 0.100000,
        "8" : 0.100000,
        "16" : 0.100000,
        "32" : 0.100000,
        ">=64" : 99.979854
      },
      "iodepth_submit" : {
        "0" : 0.000000,
        "4" : 100.000000,
        "8" : 0.000000,
        "16" : 0.000000,
        "32" : 0.000000,
        "64" : 0.000000,
        ">=64" : 0.000000
      },
      "iodepth_complete" : {
        "0" : 0.000000,
        "4" : 99.999680,
        "8" : 0.000000,
        "16" : 0.000000,
        "32" : 0.000000,
        "64" : 0.000000,
        ">=64" : 0.100000
      },
      "latency_ns" : {
        "2" : 0.000000,
        "4" : 0.000000,
        "10" : 0.000000,
        "20" : 0.000000,
        "50" : 0.000000,
        "100" : 0.000000,
        "250" : 0.000000,
        "500" : 0.000000,
        "750" : 0.000000,
        "1000" : 0.000000
      },
      "latency_us" : {
        "2" : 0.000000,
        "4" : 0.000000,
        "10" : 0.000000,
        "20" : 0.010000,
        "50" : 0.010000,
        "100" : 0.000000,
        "250" : 0.000000,
        "500" : 0.000000,
        "750" : 0.010000,
        "1000" : 0.010000
      },
      "latency_ms" : {
        "2" : 0.010000,
        "4" : 0.010000,
        "10" : 0.010000,
        "20" : 0.010000,
        "50" : 0.012232,
        "100" : 0.016469,
        "250" : 66.655981,
        "500" : 33.306445,
        "750" : 0.000000,
        "1000" : 0.000000,
        "2000" : 0.000000,
        ">=2000" : 0.000000
      },
      "latency_depth" : 256,
      "latency_target" : 0,
      "latency_percentile" : 100.000000,
      "latency_window" : 0
    }
  ]
}
