{
  "fio version" : "fio-3.27",
  "timestamp" : 1627029449,
  "timestamp_ms" : 1627029449276,
  "time" : "Fri Jul 23 10:37:29 2021",
  "jobs" : [
    {
      "jobname" : "randrw",
      "groupid" : 0,
      "error" : 0,
      "eta" : 0,
      "elapsed" : 301,
      "job options" : {
        "bs" : "4K",
        "iodepth" : "256",
        "direct" : "0",
        "ioengine" : "libaio",
        "time_based" : "1",
        "runtime" : "300",
        "numjobs" : "4",
        "size" : "1g",
        "name" : "randrw",
        "rw" : "randrw",
        "directory" : "/scratch/snx2000/ccocha/randrw/150_node",
        "filename_format" : "$jobname.9.$jobnum.$filenum"
      },
      "read" : {
        "io_bytes" : 79089664,
        "io_kbytes" : 77236,
        "bw_bytes" : 263458,
        "bw" : 257,
        "iops" : 64.320882,
        "runtime" : 300198,
        "total_ios" : 19309,
        "short_ios" : 0,
        "drop_ios" : 0,
        "slat_ns" : {
          "min" : 504208,
          "max" : 34152040190,
          "mean" : 62009783.171164,
          "stddev" : 425607647.530401,
          "N" : 19309
        },
        "clat_ns" : {
          "min" : 13900,
          "max" : 51877758780,
          "mean" : 7798851673.737947,
          "stddev" : 7163036392.421466,
          "N" : 19309,
          "percentile" : {
            "1.000000" : 943718400,
            "5.000000" : 1044381696,
            "10.000000" : 1132462080,
            "20.000000" : 4278190080,
            "30.000000" : 6543114240,
            "40.000000" : 7281311744,
            "50.000000" : 7751073792,
            "60.000000" : 8220835840,
            "70.000000" : 8657043456,
            "80.000000" : 9193914368,
            "90.000000" : 9865003008,
            "95.000000" : 10938744832,
            "99.000000" : 17112760320,
            "99.500000" : 17112760320,
            "99.900000" : 17112760320,
            "99.950000" : 17112760320,
            "99.990000" : 17112760320
          }
        },
        "lat_ns" : {
          "min" : 10372749,
          "max" : 51888439423,
          "mean" : 7860864433.017147,
          "stddev" : 7189922190.749881,
          "N" : 19309
        },
        "bw_min" : 32,
        "bw_max" : 2376,
        "bw_agg" : 100.000000,
        "bw_mean" : 317.523972,
        "bw_dev" : 86.746600,
        "bw_samples" : 1891,
        "iops_min" : 8,
        "iops_max" : 594,
        "iops_mean" : 79.380993,
        "iops_stddev" : 21.686650,
        "iops_samples" : 1891
      },
      "write" : {
        "io_bytes" : 80969728,
        "io_kbytes" : 79072,
        "bw_bytes" : 269721,
        "bw" : 263,
        "iops" : 65.849872,
        "runtime" : 300198,
        "total_ios" : 19768,
        "short_ios" : 0,
        "drop_ios" : 0,
        "slat_ns" : {
          "min" : 75341,
          "max" : 1476841,
          "mean" : 113072.750455,
          "stddev" : 43673.521150,
          "N" : 19768
        },
        "clat_ns" : {
          "min" : 10384709,
          "max" : 51839411380,
          "mean" : 7838932028.478957,
          "stddev" : 7355994367.644875,
          "N" : 19768,
          "percentile" : {
            "1.000000" : 943718400,
            "5.000000" : 1044381696,
            "10.000000" : 1132462080,
            "20.000000" : 4043309056,
            "30.000000" : 6543114240,
            "40.000000" : 7281311744,
            "50.000000" : 7751073792,
            "60.000000" : 8287944704,
            "70.000000" : 8657043456,
            "80.000000" : 9193914368,
            "90.000000" : 9865003008,
            "95.000000" : 10938744832,
            "99.000000" : 17112760320,
            "99.500000" : 17112760320,
            "99.900000" : 17112760320,
            "99.950000" : 17112760320,
            "99.990000" : 17112760320
          }
        },
        "lat_ns" : {
          "min" : 10471200,
          "max" : 51839499111,
          "mean" : 7839046279.142810,
          "stddev" : 7355993766.689974,
          "N" : 19768
        },
        "bw_min" : 32,
        "bw_max" : 2256,
        "bw_agg" : 100.000000,
        "bw_mean" : 327.132037,
        "bw_dev" : 89.775290,
        "bw_samples" : 1882,
        "iops_min" : 8,
        "iops_max" : 564,
        "iops_mean" : 81.783009,
        "iops_stddev" : 22.443823,
        "iops_samples" : 1882
      },
      "trim" : {
        "io_bytes" : 0,
        "io_kbytes" : 0,
        "bw_bytes" : 0,
        "bw" : 0,
        "iops" : 0.000000,
        "runtime" : 0,
        "total_ios" : 0,
        "short_ios" : 0,
        "drop_ios" : 0,
        "slat_ns" : {
          "min" : 0,
          "max" : 0,
          "mean" : 0.000000,
          "stddev" : 0.000000,
          "N" : 0
        },
        "clat_ns" : {
          "min" : 0,
          "max" : 0,
          "mean" : 0.000000,
          "stddev" : 0.000000,
          "N" : 0
        },
        "lat_ns" : {
          "min" : 0,
          "max" : 0,
          "mean" : 0.000000,
          "stddev" : 0.000000,
          "N" : 0
        },
        "bw_min" : 0,
        "bw_max" : 0,
        "bw_agg" : 0.000000,
        "bw_mean" : 0.000000,
        "bw_dev" : 0.000000,
        "bw_samples" : 0,
        "iops_min" : 0,
        "iops_max" : 0,
        "iops_mean" : 0.000000,
        "iops_stddev" : 0.000000,
        "iops_samples" : 0
      },
      "sync" : {
        "total_ios" : 0,
        "lat_ns" : {
          "min" : 0,
          "max" : 0,
          "mean" : 0.000000,
          "stddev" : 0.000000,
          "N" : 0
        }
      },
      "job_runtime" : 1200281,
      "usr_cpu" : 0.066901,
      "sys_cpu" : 0.435981,
      "ctx" : 19339,
      "majf" : 0,
      "minf" : 172,
      "iodepth_level" : {
        "1" : 0.100000,
        "2" : 0.100000,
        "4" : 0.100000,
        "8" : 0.100000,
        "16" : 0.163779,
        "32" : 0.327558,
        ">=64" : 99.355119
      },
      "iodepth_submit" : {
        "0" : 0.000000,
        "4" : 100.000000,
        "8" : 0.000000,
        "16" : 0.000000,
        "32" : 0.000000,
        "64" : 0.000000,
        ">=64" : 0.000000
      },
      "iodepth_complete" : {
        "0" : 0.000000,
        "4" : 99.989491,
        "8" : 0.000000,
        "16" : 0.000000,
        "32" : 0.000000,
        "64" : 0.000000,
        ">=64" : 0.100000
      },
      "latency_ns" : {
        "2" : 0.000000,
        "4" : 0.000000,
        "10" : 0.000000,
        "20" : 0.000000,
        "50" : 0.000000,
        "100" : 0.000000,
        "250" : 0.000000,
        "500" : 0.000000,
        "750" : 0.000000,
        "1000" : 0.000000
      },
      "latency_us" : {
        "2" : 0.000000,
        "4" : 0.000000,
        "10" : 0.000000,
        "20" : 0.010000,
        "50" : 0.010000,
        "100" : 0.000000,
        "250" : 0.000000,
        "500" : 0.000000,
        "750" : 0.000000,
        "1000" : 0.000000
      },
      "latency_ms" : {
        "2" : 0.000000,
        "4" : 0.000000,
        "10" : 0.000000,
        "20" : 0.010000,
        "50" : 0.000000,
        "100" : 0.010000,
        "250" : 0.017913,
        "500" : 0.043504,
        "750" : 0.040945,
        "1000" : 2.924994,
        "2000" : 15.822607,
        ">=2000" : 81.129565
      },
      "latency_depth" : 256,
      "latency_target" : 0,
      "latency_percentile" : 100.000000,
      "latency_window" : 0
    }
  ]
}
