{
  "fio version" : "fio-3.27",
  "timestamp" : 1627427696,
  "timestamp_ms" : 1627427696577,
  "time" : "Wed Jul 28 01:14:56 2021",
  "jobs" : [
    {
      "jobname" : "seq-read",
      "groupid" : 0,
      "error" : 0,
      "eta" : 0,
      "elapsed" : 301,
      "job options" : {
        "bs" : "4K",
        "iodepth" : "256",
        "direct" : "1",
        "ioengine" : "libaio",
        "time_based" : "1",
        "runtime" : "300",
        "numjobs" : "16",
        "size" : "1g",
        "name" : "seq-read",
        "rw" : "read",
        "directory" : "/scratch/snx2000/ccocha/seqread/64_node/",
        "filename_format" : "$jobname.45.$jobnum.$filenum"
      },
      "read" : {
        "io_bytes" : 10603671552,
        "io_kbytes" : 10355148,
        "bw_bytes" : 35345218,
        "bw" : 34516,
        "iops" : 8629.203708,
        "runtime" : 300003,
        "total_ios" : 2588787,
        "short_ios" : 0,
        "drop_ios" : 0,
        "slat_ns" : {
          "min" : 438824,
          "max" : 207257600,
          "mean" : 1832981.238858,
          "stddev" : 945395.047911,
          "N" : 2588787
        },
        "clat_ns" : {
          "min" : 14020,
          "max" : 708782910,
          "mean" : 472549082.945266,
          "stddev" : 31142404.495631,
          "N" : 2588787,
          "percentile" : {
            "1.000000" : 408944640,
            "5.000000" : 429916160,
            "10.000000" : 438304768,
            "20.000000" : 450887680,
            "30.000000" : 459276288,
            "40.000000" : 463470592,
            "50.000000" : 471859200,
            "60.000000" : 476053504,
            "70.000000" : 484442112,
            "80.000000" : 492830720,
            "90.000000" : 509607936,
            "95.000000" : 522190848,
            "99.000000" : 549453824,
            "99.500000" : 557842432,
            "99.900000" : 591396864,
            "99.950000" : 608174080,
            "99.990000" : 658505728
          }
        },
        "lat_ns" : {
          "min" : 1317270,
          "max" : 710217431,
          "mean" : 474384870.876273,
          "stddev" : 31222782.696089,
          "N" : 2588787
        },
        "bw_min" : 18280,
        "bw_max" : 44320,
        "bw_agg" : 99.916521,
        "bw_mean" : 34488.373957,
        "bw_dev" : 132.310451,
        "bw_samples" : 9584,
        "iops_min" : 4570,
        "iops_max" : 11080,
        "iops_mean" : 8622.040067,
        "iops_stddev" : 33.084711,
        "iops_samples" : 9584
      },
      "write" : {
        "io_bytes" : 0,
        "io_kbytes" : 0,
        "bw_bytes" : 0,
        "bw" : 0,
        "iops" : 0.000000,
        "runtime" : 0,
        "total_ios" : 0,
        "short_ios" : 0,
        "drop_ios" : 0,
        "slat_ns" : {
          "min" : 0,
          "max" : 0,
          "mean" : 0.000000,
          "stddev" : 0.000000,
          "N" : 0
        },
        "clat_ns" : {
          "min" : 0,
          "max" : 0,
          "mean" : 0.000000,
          "stddev" : 0.000000,
          "N" : 0
        },
        "lat_ns" : {
          "min" : 0,
          "max" : 0,
          "mean" : 0.000000,
          "stddev" : 0.000000,
          "N" : 0
        },
        "bw_min" : 0,
        "bw_max" : 0,
        "bw_agg" : 0.000000,
        "bw_mean" : 0.000000,
        "bw_dev" : 0.000000,
        "bw_samples" : 0,
        "iops_min" : 0,
        "iops_max" : 0,
        "iops_mean" : 0.000000,
        "iops_stddev" : 0.000000,
        "iops_samples" : 0
      },
      "trim" : {
        "io_bytes" : 0,
        "io_kbytes" : 0,
        "bw_bytes" : 0,
        "bw" : 0,
        "iops" : 0.000000,
        "runtime" : 0,
        "total_ios" : 0,
        "short_ios" : 0,
        "drop_ios" : 0,
        "slat_ns" : {
          "min" : 0,
          "max" : 0,
          "mean" : 0.000000,
          "stddev" : 0.000000,
          "N" : 0
        },
        "clat_ns" : {
          "min" : 0,
          "max" : 0,
          "mean" : 0.000000,
          "stddev" : 0.000000,
          "N" : 0
        },
        "lat_ns" : {
          "min" : 0,
          "max" : 0,
          "mean" : 0.000000,
          "stddev" : 0.000000,
          "N" : 0
        },
        "bw_min" : 0,
        "bw_max" : 0,
        "bw_agg" : 0.000000,
        "bw_mean" : 0.000000,
        "bw_dev" : 0.000000,
        "bw_samples" : 0,
        "iops_min" : 0,
        "iops_max" : 0,
        "iops_mean" : 0.000000,
        "iops_stddev" : 0.000000,
        "iops_samples" : 0
      },
      "sync" : {
        "total_ios" : 0,
        "lat_ns" : {
          "min" : 0,
          "max" : 0,
          "mean" : 0.000000,
          "stddev" : 0.000000,
          "N" : 0
        }
      },
      "job_runtime" : 4800011,
      "usr_cpu" : 1.324247,
      "sys_cpu" : 8.366918,
      "ctx" : 2589159,
      "majf" : 0,
      "minf" : 4736,
      "iodepth_level" : {
        "1" : 0.100000,
        "2" : 0.100000,
        "4" : 0.100000,
        "8" : 0.100000,
        "16" : 0.100000,
        "32" : 0.100000,
        ">=64" : 99.961063
      },
      "iodepth_submit" : {
        "0" : 0.000000,
        "4" : 100.000000,
        "8" : 0.000000,
        "16" : 0.000000,
        "32" : 0.000000,
        "64" : 0.000000,
        ">=64" : 0.000000
      },
      "iodepth_complete" : {
        "0" : 0.000000,
        "4" : 99.999381,
        "8" : 0.000000,
        "16" : 0.000000,
        "32" : 0.000000,
        "64" : 0.000000,
        ">=64" : 0.100000
      },
      "latency_ns" : {
        "2" : 0.000000,
        "4" : 0.000000,
        "10" : 0.000000,
        "20" : 0.000000,
        "50" : 0.000000,
        "100" : 0.000000,
        "250" : 0.000000,
        "500" : 0.000000,
        "750" : 0.000000,
        "1000" : 0.000000
      },
      "latency_us" : {
        "2" : 0.000000,
        "4" : 0.000000,
        "10" : 0.000000,
        "20" : 0.010000,
        "50" : 0.010000,
        "100" : 0.010000,
        "250" : 0.000000,
        "500" : 0.000000,
        "750" : 0.000000,
        "1000" : 0.000000
      },
      "latency_ms" : {
        "2" : 0.010000,
        "4" : 0.010000,
        "10" : 0.010000,
        "20" : 0.010000,
        "50" : 0.010468,
        "100" : 0.017421,
        "250" : 0.062578,
        "500" : 84.265449,
        "750" : 15.636899,
        "1000" : 0.000000,
        "2000" : 0.000000,
        ">=2000" : 0.000000
      },
      "latency_depth" : 256,
      "latency_target" : 0,
      "latency_percentile" : 100.000000,
      "latency_window" : 0
    }
  ]
}
