{
  "fio version" : "fio-3.27",
  "timestamp" : 1627434921,
  "timestamp_ms" : 1627434921392,
  "time" : "Wed Jul 28 03:15:21 2021",
  "jobs" : [
    {
      "jobname" : "seq-read",
      "groupid" : 0,
      "error" : 0,
      "eta" : 0,
      "elapsed" : 301,
      "job options" : {
        "bs" : "4K",
        "iodepth" : "256",
        "direct" : "1",
        "ioengine" : "libaio",
        "time_based" : "1",
        "runtime" : "300",
        "numjobs" : "16",
        "size" : "1g",
        "name" : "seq-read",
        "rw" : "read",
        "directory" : "/scratch/snx2000/ccocha/seqread/128_node/",
        "filename_format" : "$jobname.60.$jobnum.$filenum"
      },
      "read" : {
        "io_bytes" : 5251723264,
        "io_kbytes" : 5128636,
        "bw_bytes" : 17505627,
        "bw" : 17095,
        "iops" : 4273.834841,
        "runtime" : 300002,
        "total_ios" : 1282159,
        "short_ios" : 0,
        "drop_ios" : 0,
        "slat_ns" : {
          "min" : 575348,
          "max" : 297922671,
          "mean" : 3721147.262807,
          "stddev" : 1587416.881035,
          "N" : 1282159
        },
        "clat_ns" : {
          "min" : 11940,
          "max" : 1731273685,
          "mean" : 953217870.823612,
          "stddev" : 72216012.514423,
          "N" : 1282159,
          "percentile" : {
            "1.000000" : 817889280,
            "5.000000" : 868220928,
            "10.000000" : 884998144,
            "20.000000" : 910163968,
            "30.000000" : 926941184,
            "40.000000" : 943718400,
            "50.000000" : 952107008,
            "60.000000" : 960495616,
            "70.000000" : 977272832,
            "80.000000" : 985661440,
            "90.000000" : 1010827264,
            "95.000000" : 1044381696,
            "99.000000" : 1182793728,
            "99.500000" : 1216348160,
            "99.900000" : 1367343104,
            "99.950000" : 1384120320,
            "99.990000" : 1635778560
          }
        },
        "lat_ns" : {
          "min" : 1435470,
          "max" : 1738852810,
          "mean" : 956942115.416440,
          "stddev" : 72405399.398424,
          "N" : 1282159
        },
        "bw_min" : 2552,
        "bw_max" : 20986,
        "bw_agg" : 99.834230,
        "bw_mean" : 17067.919732,
        "bw_dev" : 88.858310,
        "bw_samples" : 9568,
        "iops_min" : 638,
        "iops_max" : 5246,
        "iops_mean" : 4265.214047,
        "iops_stddev" : 22.203919,
        "iops_samples" : 9568
      },
      "write" : {
        "io_bytes" : 0,
        "io_kbytes" : 0,
        "bw_bytes" : 0,
        "bw" : 0,
        "iops" : 0.000000,
        "runtime" : 0,
        "total_ios" : 0,
        "short_ios" : 0,
        "drop_ios" : 0,
        "slat_ns" : {
          "min" : 0,
          "max" : 0,
          "mean" : 0.000000,
          "stddev" : 0.000000,
          "N" : 0
        },
        "clat_ns" : {
          "min" : 0,
          "max" : 0,
          "mean" : 0.000000,
          "stddev" : 0.000000,
          "N" : 0
        },
        "lat_ns" : {
          "min" : 0,
          "max" : 0,
          "mean" : 0.000000,
          "stddev" : 0.000000,
          "N" : 0
        },
        "bw_min" : 0,
        "bw_max" : 0,
        "bw_agg" : 0.000000,
        "bw_mean" : 0.000000,
        "bw_dev" : 0.000000,
        "bw_samples" : 0,
        "iops_min" : 0,
        "iops_max" : 0,
        "iops_mean" : 0.000000,
        "iops_stddev" : 0.000000,
        "iops_samples" : 0
      },
      "trim" : {
        "io_bytes" : 0,
        "io_kbytes" : 0,
        "bw_bytes" : 0,
        "bw" : 0,
        "iops" : 0.000000,
        "runtime" : 0,
        "total_ios" : 0,
        "short_ios" : 0,
        "drop_ios" : 0,
        "slat_ns" : {
          "min" : 0,
          "max" : 0,
          "mean" : 0.000000,
          "stddev" : 0.000000,
          "N" : 0
        },
        "clat_ns" : {
          "min" : 0,
          "max" : 0,
          "mean" : 0.000000,
          "stddev" : 0.000000,
          "N" : 0
        },
        "lat_ns" : {
          "min" : 0,
          "max" : 0,
          "mean" : 0.000000,
          "stddev" : 0.000000,
          "N" : 0
        },
        "bw_min" : 0,
        "bw_max" : 0,
        "bw_agg" : 0.000000,
        "bw_mean" : 0.000000,
        "bw_dev" : 0.000000,
        "bw_samples" : 0,
        "iops_min" : 0,
        "iops_max" : 0,
        "iops_mean" : 0.000000,
        "iops_stddev" : 0.000000,
        "iops_samples" : 0
      },
      "sync" : {
        "total_ios" : 0,
        "lat_ns" : {
          "min" : 0,
          "max" : 0,
          "mean" : 0.000000,
          "stddev" : 0.000000,
          "N" : 0
        }
      },
      "job_runtime" : 4800011,
      "usr_cpu" : 0.704561,
      "sys_cpu" : 4.425782,
      "ctx" : 1282380,
      "majf" : 0,
      "minf" : 4736,
      "iodepth_level" : {
        "1" : 0.100000,
        "2" : 0.100000,
        "4" : 0.100000,
        "8" : 0.100000,
        "16" : 0.100000,
        "32" : 0.100000,
        ">=64" : 99.921383
      },
      "iodepth_submit" : {
        "0" : 0.000000,
        "4" : 100.000000,
        "8" : 0.000000,
        "16" : 0.000000,
        "32" : 0.000000,
        "64" : 0.000000,
        ">=64" : 0.000000
      },
      "iodepth_complete" : {
        "0" : 0.000000,
        "4" : 99.998748,
        "8" : 0.000000,
        "16" : 0.000000,
        "32" : 0.000000,
        "64" : 0.000000,
        ">=64" : 0.100000
      },
      "latency_ns" : {
        "2" : 0.000000,
        "4" : 0.000000,
        "10" : 0.000000,
        "20" : 0.000000,
        "50" : 0.000000,
        "100" : 0.000000,
        "250" : 0.000000,
        "500" : 0.000000,
        "750" : 0.000000,
        "1000" : 0.000000
      },
      "latency_us" : {
        "2" : 0.000000,
        "4" : 0.000000,
        "10" : 0.000000,
        "20" : 0.010000,
        "50" : 0.010000,
        "100" : 0.000000,
        "250" : 0.000000,
        "500" : 0.000000,
        "750" : 0.000000,
        "1000" : 0.000000
      },
      "latency_ms" : {
        "2" : 0.010000,
        "4" : 0.010000,
        "10" : 0.010000,
        "20" : 0.010000,
        "50" : 0.023554,
        "100" : 0.030261,
        "250" : 0.073470,
        "500" : 0.093358,
        "750" : 0.094840,
        "1000" : 84.707201,
        "2000" : 14.959455,
        ">=2000" : 0.000000
      },
      "latency_depth" : 256,
      "latency_target" : 0,
      "latency_percentile" : 100.000000,
      "latency_window" : 0
    }
  ]
}
