{
  "fio version" : "fio-3.27",
  "timestamp" : 1627013992,
  "timestamp_ms" : 1627013992587,
  "time" : "Fri Jul 23 06:19:52 2021",
  "jobs" : [
    {
      "jobname" : "randrw",
      "groupid" : 0,
      "error" : 0,
      "eta" : 0,
      "elapsed" : 303,
      "job options" : {
        "bs" : "4K",
        "iodepth" : "256",
        "direct" : "0",
        "ioengine" : "libaio",
        "time_based" : "1",
        "runtime" : "300",
        "numjobs" : "64",
        "size" : "1g",
        "name" : "randrw",
        "rw" : "randrw",
        "directory" : "/scratch/snx2000/ccocha/randrw/16_node",
        "filename_format" : "$jobname.4.$jobnum.$filenum"
      },
      "read" : {
        "io_bytes" : 317509632,
        "io_kbytes" : 310068,
        "bw_bytes" : 1050740,
        "bw" : 1026,
        "iops" : 256.528458,
        "runtime" : 302177,
        "total_ios" : 77517,
        "short_ios" : 0,
        "drop_ios" : 0,
        "slat_ns" : {
          "min" : 495234,
          "max" : 60068126412,
          "mean" : 248141194.263491,
          "stddev" : 1277853441.855859,
          "N" : 77517
        },
        "clat_ns" : {
          "min" : 18680,
          "max" : 172283149056,
          "mean" : 31161553472.309372,
          "stddev" : 38807467282.638252,
          "N" : 77517,
          "percentile" : {
            "1.000000" : 935329792,
            "5.000000" : 1132462080,
            "10.000000" : 1266679808,
            "20.000000" : 2768240640,
            "30.000000" : 7683964928,
            "40.000000" : 12952010752,
            "50.000000" : 14696841216,
            "60.000000" : 16441671680,
            "70.000000" : 17112760320,
            "80.000000" : 17112760320,
            "90.000000" : 17112760320,
            "95.000000" : 17112760320,
            "99.000000" : 17112760320,
            "99.500000" : 17112760320,
            "99.900000" : 17112760320,
            "99.950000" : 17112760320,
            "99.990000" : 17112760320
          }
        },
        "lat_ns" : {
          "min" : 96420617,
          "max" : 174282860762,
          "mean" : 31409698238.528896,
          "stddev" : 39055965357.999352,
          "N" : 77517
        },
        "bw_min" : 512,
        "bw_max" : 16240,
        "bw_agg" : 100.000000,
        "bw_mean" : 1866.475982,
        "bw_dev" : 56.627926,
        "bw_samples" : 15089,
        "iops_min" : 128,
        "iops_max" : 4060,
        "iops_mean" : 466.618995,
        "iops_stddev" : 14.156982,
        "iops_samples" : 15089
      },
      "write" : {
        "io_bytes" : 318640128,
        "io_kbytes" : 311172,
        "bw_bytes" : 1054481,
        "bw" : 1029,
        "iops" : 257.441830,
        "runtime" : 302177,
        "total_ios" : 77793,
        "short_ios" : 0,
        "drop_ios" : 0,
        "slat_ns" : {
          "min" : 75401,
          "max" : 1346870167,
          "mean" : 196022.720168,
          "stddev" : 9619400.885031,
          "N" : 77793
        },
        "clat_ns" : {
          "min" : 210113983,
          "max" : 172372480629,
          "mean" : 31597785461.242561,
          "stddev" : 39126381311.064407,
          "N" : 77793,
          "percentile" : {
            "1.000000" : 943718400,
            "5.000000" : 1132462080,
            "10.000000" : 1266679808,
            "20.000000" : 2835349504,
            "30.000000" : 8220835840,
            "40.000000" : 13086228480,
            "50.000000" : 14831058944,
            "60.000000" : 16575889408,
            "70.000000" : 17112760320,
            "80.000000" : 17112760320,
            "90.000000" : 17112760320,
            "95.000000" : 17112760320,
            "99.000000" : 17112760320,
            "99.500000" : 17112760320,
            "99.900000" : 17112760320,
            "99.950000" : 17112760320,
            "99.990000" : 17112760320
          }
        },
        "lat_ns" : {
          "min" : 210208654,
          "max" : 172372592620,
          "mean" : 31597982831.844395,
          "stddev" : 39126430004.824127,
          "N" : 77793
        },
        "bw_min" : 512,
        "bw_max" : 16176,
        "bw_agg" : 100.000000,
        "bw_mean" : 1870.526117,
        "bw_dev" : 56.486937,
        "bw_samples" : 15120,
        "iops_min" : 128,
        "iops_max" : 4044,
        "iops_mean" : 467.631529,
        "iops_stddev" : 14.121734,
        "iops_samples" : 15120
      },
      "trim" : {
        "io_bytes" : 0,
        "io_kbytes" : 0,
        "bw_bytes" : 0,
        "bw" : 0,
        "iops" : 0.000000,
        "runtime" : 0,
        "total_ios" : 0,
        "short_ios" : 0,
        "drop_ios" : 0,
        "slat_ns" : {
          "min" : 0,
          "max" : 0,
          "mean" : 0.000000,
          "stddev" : 0.000000,
          "N" : 0
        },
        "clat_ns" : {
          "min" : 0,
          "max" : 0,
          "mean" : 0.000000,
          "stddev" : 0.000000,
          "N" : 0
        },
        "lat_ns" : {
          "min" : 0,
          "max" : 0,
          "mean" : 0.000000,
          "stddev" : 0.000000,
          "N" : 0
        },
        "bw_min" : 0,
        "bw_max" : 0,
        "bw_agg" : 0.000000,
        "bw_mean" : 0.000000,
        "bw_dev" : 0.000000,
        "bw_samples" : 0,
        "iops_min" : 0,
        "iops_max" : 0,
        "iops_mean" : 0.000000,
        "iops_stddev" : 0.000000,
        "iops_samples" : 0
      },
      "sync" : {
        "total_ios" : 0,
        "lat_ns" : {
          "min" : 0,
          "max" : 0,
          "mean" : 0.000000,
          "stddev" : 0.000000,
          "N" : 0
        }
      },
      "job_runtime" : 19253793,
      "usr_cpu" : 0.016978,
      "sys_cpu" : 0.121062,
      "ctx" : 78242,
      "majf" : 0,
      "minf" : 2612,
      "iodepth_level" : {
        "1" : 0.100000,
        "2" : 0.100000,
        "4" : 0.164832,
        "8" : 0.329663,
        "16" : 0.659327,
        "32" : 1.318653,
        ">=64" : 97.403902
      },
      "iodepth_submit" : {
        "0" : 0.000000,
        "4" : 100.000000,
        "8" : 0.000000,
        "16" : 0.000000,
        "32" : 0.000000,
        "64" : 0.000000,
        ">=64" : 0.000000
      },
      "iodepth_complete" : {
        "0" : 0.000000,
        "4" : 99.953975,
        "8" : 0.000000,
        "16" : 0.000000,
        "32" : 0.000000,
        "64" : 0.000000,
        ">=64" : 0.100000
      },
      "latency_ns" : {
        "2" : 0.000000,
        "4" : 0.000000,
        "10" : 0.000000,
        "20" : 0.000000,
        "50" : 0.000000,
        "100" : 0.000000,
        "250" : 0.000000,
        "500" : 0.000000,
        "750" : 0.000000,
        "1000" : 0.000000
      },
      "latency_us" : {
        "2" : 0.000000,
        "4" : 0.000000,
        "10" : 0.000000,
        "20" : 0.010000,
        "50" : 0.039920,
        "100" : 0.000000,
        "250" : 0.000000,
        "500" : 0.000000,
        "750" : 0.000000,
        "1000" : 0.000000
      },
      "latency_ms" : {
        "2" : 0.000000,
        "4" : 0.000000,
        "10" : 0.000000,
        "20" : 0.000000,
        "50" : 0.000000,
        "100" : 0.010000,
        "250" : 0.010000,
        "500" : 0.022536,
        "750" : 0.036057,
        "1000" : 1.851780,
        "2000" : 17.109652,
        ">=2000" : 80.934904
      },
      "latency_depth" : 256,
      "latency_target" : 0,
      "latency_percentile" : 100.000000,
      "latency_window" : 0
    }
  ]
}
