{
  "fio version" : "fio-3.27",
  "timestamp" : 1627433665,
  "timestamp_ms" : 1627433665886,
  "time" : "Wed Jul 28 02:54:25 2021",
  "jobs" : [
    {
      "jobname" : "seq-read",
      "groupid" : 0,
      "error" : 0,
      "eta" : 0,
      "elapsed" : 301,
      "job options" : {
        "bs" : "4K",
        "iodepth" : "256",
        "direct" : "1",
        "ioengine" : "libaio",
        "time_based" : "1",
        "runtime" : "300",
        "numjobs" : "2",
        "size" : "1g",
        "name" : "seq-read",
        "rw" : "read",
        "directory" : "/scratch/snx2000/ccocha/seqread/128_node/",
        "filename_format" : "$jobname.127.$jobnum.$filenum"
      },
      "read" : {
        "io_bytes" : 3494092800,
        "io_kbytes" : 3412200,
        "bw_bytes" : 11646937,
        "bw" : 11373,
        "iops" : 2843.490522,
        "runtime" : 300001,
        "total_ios" : 853050,
        "short_ios" : 0,
        "drop_ios" : 0,
        "slat_ns" : {
          "min" : 372613,
          "max" : 129184793,
          "mean" : 689445.774441,
          "stddev" : 1097534.799236,
          "N" : 853050
        },
        "clat_ns" : {
          "min" : 11970,
          "max" : 465331375,
          "mean" : 179279359.259889,
          "stddev" : 30552971.295648,
          "N" : 853050,
          "percentile" : {
            "1.000000" : 143654912,
            "5.000000" : 149946368,
            "10.000000" : 152043520,
            "20.000000" : 158334976,
            "30.000000" : 162529280,
            "40.000000" : 166723584,
            "50.000000" : 170917888,
            "60.000000" : 177209344,
            "70.000000" : 183500800,
            "80.000000" : 196083712,
            "90.000000" : 217055232,
            "95.000000" : 240123904,
            "99.000000" : 295698432,
            "99.500000" : 316669952,
            "99.900000" : 367001600,
            "99.950000" : 387973120,
            "99.990000" : 455081984
          }
        },
        "lat_ns" : {
          "min" : 587074,
          "max" : 465897858,
          "mean" : 179970544.697665,
          "stddev" : 30622656.034247,
          "N" : 853050
        },
        "bw_min" : 4920,
        "bw_max" : 13744,
        "bw_agg" : 99.973959,
        "bw_mean" : 11371.285476,
        "bw_dev" : 600.348688,
        "bw_samples" : 1198,
        "iops_min" : 1230,
        "iops_max" : 3436,
        "iops_mean" : 2842.821369,
        "iops_stddev" : 150.087172,
        "iops_samples" : 1198
      },
      "write" : {
        "io_bytes" : 0,
        "io_kbytes" : 0,
        "bw_bytes" : 0,
        "bw" : 0,
        "iops" : 0.000000,
        "runtime" : 0,
        "total_ios" : 0,
        "short_ios" : 0,
        "drop_ios" : 0,
        "slat_ns" : {
          "min" : 0,
          "max" : 0,
          "mean" : 0.000000,
          "stddev" : 0.000000,
          "N" : 0
        },
        "clat_ns" : {
          "min" : 0,
          "max" : 0,
          "mean" : 0.000000,
          "stddev" : 0.000000,
          "N" : 0
        },
        "lat_ns" : {
          "min" : 0,
          "max" : 0,
          "mean" : 0.000000,
          "stddev" : 0.000000,
          "N" : 0
        },
        "bw_min" : 0,
        "bw_max" : 0,
        "bw_agg" : 0.000000,
        "bw_mean" : 0.000000,
        "bw_dev" : 0.000000,
        "bw_samples" : 0,
        "iops_min" : 0,
        "iops_max" : 0,
        "iops_mean" : 0.000000,
        "iops_stddev" : 0.000000,
        "iops_samples" : 0
      },
      "trim" : {
        "io_bytes" : 0,
        "io_kbytes" : 0,
        "bw_bytes" : 0,
        "bw" : 0,
        "iops" : 0.000000,
        "runtime" : 0,
        "total_ios" : 0,
        "short_ios" : 0,
        "drop_ios" : 0,
        "slat_ns" : {
          "min" : 0,
          "max" : 0,
          "mean" : 0.000000,
          "stddev" : 0.000000,
          "N" : 0
        },
        "clat_ns" : {
          "min" : 0,
          "max" : 0,
          "mean" : 0.000000,
          "stddev" : 0.000000,
          "N" : 0
        },
        "lat_ns" : {
          "min" : 0,
          "max" : 0,
          "mean" : 0.000000,
          "stddev" : 0.000000,
          "N" : 0
        },
        "bw_min" : 0,
        "bw_max" : 0,
        "bw_agg" : 0.000000,
        "bw_mean" : 0.000000,
        "bw_dev" : 0.000000,
        "bw_samples" : 0,
        "iops_min" : 0,
        "iops_max" : 0,
        "iops_mean" : 0.000000,
        "iops_stddev" : 0.000000,
        "iops_samples" : 0
      },
      "sync" : {
        "total_ios" : 0,
        "lat_ns" : {
          "min" : 0,
          "max" : 0,
          "mean" : 0.000000,
          "stddev" : 0.000000,
          "N" : 0
        }
      },
      "job_runtime" : 600000,
      "usr_cpu" : 2.014333,
      "sys_cpu" : 15.560833,
      "ctx" : 853094,
      "majf" : 0,
      "minf" : 591,
      "iodepth_level" : {
        "1" : 0.100000,
        "2" : 0.100000,
        "4" : 0.100000,
        "8" : 0.100000,
        "16" : 0.100000,
        "32" : 0.100000,
        ">=64" : 99.985229
      },
      "iodepth_submit" : {
        "0" : 0.000000,
        "4" : 100.000000,
        "8" : 0.000000,
        "16" : 0.000000,
        "32" : 0.000000,
        "64" : 0.000000,
        ">=64" : 0.000000
      },
      "iodepth_complete" : {
        "0" : 0.000000,
        "4" : 99.999765,
        "8" : 0.000000,
        "16" : 0.000000,
        "32" : 0.000000,
        "64" : 0.000000,
        ">=64" : 0.100000
      },
      "latency_ns" : {
        "2" : 0.000000,
        "4" : 0.000000,
        "10" : 0.000000,
        "20" : 0.000000,
        "50" : 0.000000,
        "100" : 0.000000,
        "250" : 0.000000,
        "500" : 0.000000,
        "750" : 0.000000,
        "1000" : 0.000000
      },
      "latency_us" : {
        "2" : 0.000000,
        "4" : 0.000000,
        "10" : 0.000000,
        "20" : 0.010000,
        "50" : 0.000000,
        "100" : 0.000000,
        "250" : 0.000000,
        "500" : 0.000000,
        "750" : 0.010000,
        "1000" : 0.000000
      },
      "latency_ms" : {
        "2" : 0.010000,
        "4" : 0.010000,
        "10" : 0.010000,
        "20" : 0.010000,
        "50" : 0.013950,
        "100" : 0.016998,
        "250" : 96.149581,
        "500" : 3.809859,
        "750" : 0.000000,
        "1000" : 0.000000,
        "2000" : 0.000000,
        ">=2000" : 0.000000
      },
      "latency_depth" : 256,
      "latency_target" : 0,
      "latency_percentile" : 100.000000,
      "latency_window" : 0
    }
  ]
}
